tile,is_tumor,wagner_attn,vl_msi_minus_mss,vl_quality
0,False,6.317958e-05,-0.011022851,0.011469346
1,False,6.607595e-05,-0.01189801,-0.024846487
2,False,6.569119e-05,0.0017027771,0.007293814
3,False,6.6599256e-05,-0.0148428315,-0.025600888
4,False,6.422919e-05,-0.01765723,0.01335032
5,False,6.213778e-05,-0.039453663,0.014904326
6,False,5.797699e-05,-0.023494355,0.019988561
7,False,6.81897e-05,-0.044711187,-0.0055026747
8,False,6.674169e-05,0.00053267553,-0.020505495
9,False,6.393992e-05,0.0071703987,-0.016819805
10,False,6.793068e-05,-0.0008746274,-0.010096478
11,False,6.756502e-05,-0.02014158,0.013248357
12,False,6.487372e-05,-0.009796167,-0.0025762785
13,False,6.262656e-05,-0.033105455,0.01936732
14,False,6.1739054e-05,-0.008669761,0.0143606905
15,False,6.4205924e-05,-0.034037784,0.025785236
16,False,6.7119654e-05,-0.024905648,0.016556796
17,False,6.53422e-05,-0.0052257255,0.015890643
18,False,6.860758e-05,-0.02660315,0.0155361295
19,False,6.571409e-05,-0.011821631,0.012664834
20,False,6.5860164e-05,-0.011200152,0.011430615
21,False,6.5233966e-05,0.0016866513,-0.017071959
22,False,6.602062e-05,-0.01692485,-0.00901951
23,False,6.8514244e-05,-0.02625398,-0.0040320456
24,False,6.250362e-05,-0.028452791,-0.014601912
25,False,6.298716e-05,-0.013782222,-0.00056888163
26,False,6.017791e-05,0.0030536354,0.0028810091
27,False,6.047585e-05,-0.0017318344,-0.005598249
28,False,6.4746666e-05,-0.0383247,0.0102897305
29,False,6.864605e-05,-0.03345613,0.027020978
30,False,7.248332e-05,-0.018469816,0.012619026
31,False,6.668723e-05,-0.0009545344,0.028351553
32,False,6.753464e-05,-0.03679534,0.031433415
33,False,6.185834e-05,-0.013240876,-0.014524941
34,False,6.861033e-05,-0.03206682,0.009295283
35,False,6.568766e-05,-0.038179304,-0.01639577
36,False,6.314762e-05,-0.018371806,-0.043673042
37,False,6.182263e-05,-0.044282526,0.0006528646
38,False,6.309058e-05,-0.028323561,0.022007842
39,False,6.540413e-05,-0.010835756,0.011831541
40,False,6.678428e-05,-0.011355797,0.019320771
41,False,6.535214e-05,-0.03214082,-0.0015300596
42,False,6.233296e-05,-0.018596202,-0.019216787
43,False,6.741652e-05,-0.021971349,-0.00872675
44,False,6.5369044e-05,-0.020428482,-0.0070086457
45,False,6.5056025e-05,-0.04313728,-0.007814528
46,False,6.1333405e-05,-0.01622233,-0.022724915
47,False,6.475431e-05,-0.018624887,-0.0050523877
48,False,6.137989e-05,-0.015436055,0.0004207641
49,False,6.368321e-05,-0.033440594,-0.008960902
50,False,6.663711e-05,-0.020962007,0.013269395
51,False,7.256726e-05,-0.00014569238,0.015976492
52,False,6.510079e-05,-0.02277176,-0.008198482
53,False,6.433527e-05,-0.0147676915,-0.0058005564
54,False,6.049402e-05,-0.016641013,-0.004530189
55,False,6.225241e-05,-0.00507602,-0.0135879
56,False,6.474169e-05,-0.010525473,-0.011493873
57,False,6.547358e-05,-0.0078103244,-0.00090761296
58,False,6.0947146e-05,-0.017379355,0.01312063
59,False,6.891534e-05,-0.029019114,0.017203271
60,False,6.612784e-05,-0.020559179,0.024487384
61,False,6.701081e-05,-0.031766802,0.0101187425
62,False,6.092988e-05,-0.033367008,0.0042680074
63,False,6.061184e-05,-0.015049366,-0.009255334
64,False,6.0485658e-05,-0.0066185948,-0.009069867
65,False,6.307896e-05,-0.025783619,-0.020982116
66,False,6.549191e-05,-0.017081976,0.014357968
67,False,6.606351e-05,-0.01910232,0.0065257913
68,False,6.405994e-05,-0.018136563,-0.0037555955
69,False,6.4308064e-05,-0.015734617,-0.02223114
70,False,6.481547e-05,-0.014027748,0.0051670657
71,False,6.6217064e-05,-0.030636216,0.027572375
72,False,6.561769e-05,-0.014946983,0.012584532
73,False,6.4663756e-05,-0.011966161,0.005315123
74,False,6.287892e-05,-0.018492818,-0.011217479
75,False,6.232945e-05,-0.02717549,0.007528873
76,False,6.1011753e-05,-0.015476525,-0.009037651
77,False,6.0623144e-05,-0.02092594,-0.026784785
78,False,6.208805e-05,-0.011325042,-0.010825314
79,False,5.781239e-05,-0.04246473,-0.021352153
80,False,6.235091e-05,-0.008822713,-0.010574009
81,False,6.8042384e-05,-0.011245303,0.008435119
82,False,6.599712e-05,-0.015975855,-0.016658086
83,False,6.436581e-05,-0.015512306,-0.01585105
84,False,6.284548e-05,-0.014915369,-0.0032974118
85,False,6.4541e-05,-0.020402754,-0.004906198
86,False,6.1008643e-05,-0.018514182,0.003962365
87,False,6.6413275e-05,-0.01982648,0.00082595646
88,False,6.1306804e-05,-0.02125601,-0.022629708
89,False,6.1169216e-05,-0.01723396,-0.00035485718
90,False,5.8707563e-05,-0.027119618,0.0044162376
91,False,6.02377e-05,-0.015591836,-0.013799076
92,False,6.073356e-05,-0.006294972,-0.0037794355
93,False,6.232214e-05,-0.017251126,-0.01012899
94,False,6.728938e-05,-0.014933049,-2.7196482e-05
95,False,6.488347e-05,-0.025107484,-0.0052021937
96,False,6.4653585e-05,-0.017216263,-0.004488413
97,False,6.48051e-05,-0.029848224,-0.0023823045
98,False,6.5888795e-05,-0.016914776,-0.003982827
99,False,6.405886e-05,-0.018405935,0.026528947
100,False,6.2197265e-05,-0.024202783,0.010037491
101,False,6.073614e-05,-0.017923065,-0.009241883
102,False,6.644804e-05,-0.026233602,0.023585148
103,False,5.8514666e-05,-0.031109245,0.010885112
104,False,5.9355694e-05,-0.02143126,-0.0011259802
105,False,6.0115017e-05,-0.017711304,-0.007273333
106,False,6.370813e-05,-0.0061331554,-0.011670714
107,False,6.466397e-05,0.00055350503,-0.005903138
108,False,6.2749685e-05,-0.032447066,-0.014270462
109,False,6.321134e-05,-0.020245014,0.0040171035
110,False,6.640985e-05,-0.022735253,0.00053185923
111,False,6.368873e-05,-0.017809086,0.00604631
112,False,6.182809e-05,-0.020551953,-0.0036232648
113,False,6.675489e-05,-0.020133197,-0.011484662
114,False,6.120079e-05,0.0017023757,0.0016607083
115,False,5.8061505e-05,-0.024757735,0.020733133
116,False,6.039503e-05,-0.01843469,0.01129188
117,False,6.1911625e-05,-0.023392512,-0.01329031
118,False,6.335983e-05,-0.035074316,-0.009315442
119,False,6.473496e-05,-0.023841167,-0.0034017158
120,False,6.490381e-05,-0.01574081,-0.010387108
121,False,6.463767e-05,-0.009053725,0.0064464267
122,False,6.5002816e-05,-0.010852495,0.0030244282
123,False,6.3044514e-05,-0.017502524,-0.0092040375
124,False,6.194436e-05,-0.027400754,-0.011657844
125,False,6.135206e-05,-0.0082692,0.007917557
126,False,6.1054416e-05,-0.011206746,0.007494293
127,False,6.41002e-05,-0.014292001,0.0041077244
128,False,6.576803e-05,-0.0056456244,-0.007864739
129,False,6.214719e-05,-0.017220307,-0.011477226
130,False,6.476667e-05,-0.012322526,-0.0020416956
131,False,6.0462262e-05,-0.022202712,0.010347597
132,False,6.207262e-05,-0.0155676445,0.005503361
133,False,6.0710146e-05,-0.03147987,-0.011894409
134,False,6.0905808e-05,-0.016625809,0.0019253045
135,False,6.258083e-05,-0.009578342,-0.010044977
136,False,6.118332e-05,-0.01129568,-0.024812758
137,False,6.7366556e-05,-0.023688216,-0.0005395878
138,False,6.5161985e-05,-0.017693834,0.0012812931
139,False,6.239329e-05,-0.015488528,0.009465726
140,False,5.834623e-05,-0.019727703,-0.012106352
141,False,6.221343e-05,-0.012697223,0.016737951
142,False,6.0917362e-05,-0.0017889012,0.017411996
143,False,6.3733525e-05,-0.0069835046,-0.007663165
144,False,6.710475e-05,-0.017780341,-0.0076563526
145,False,6.760987e-05,-0.016337782,-0.009266291
146,False,6.27892e-05,-0.02530748,0.0014271867
147,False,6.0515988e-05,-0.016602028,-0.018077899
148,False,6.1961466e-05,-0.02208756,0.010205528
149,False,6.3564126e-05,-0.015092575,-0.0036803435
150,False,6.549177e-05,-0.032052018,-0.008186324
151,False,6.336029e-05,-0.022397874,-0.009353794
152,False,6.5067434e-05,-0.013045696,-0.021816868
153,False,6.0810253e-05,-0.008804817,0.0070319977
154,False,6.155459e-05,-0.012273644,0.0020266175
155,False,6.0366365e-05,-0.027149688,0.004200354
156,False,6.312038e-05,-0.010645833,0.0018512784
157,False,6.356232e-05,-0.021281008,0.0034354627
158,False,6.196422e-05,-0.021237504,0.00043845177
159,False,6.434955e-05,-0.020436808,0.008939168
160,False,6.342096e-05,-0.008950591,-0.0013932027
161,False,6.338273e-05,0.0005959263,-0.0143834045
162,False,6.066756e-05,-0.015156977,-0.0088760285
163,False,7.6701675e-05,-0.015660882,0.0043145497
164,False,7.361087e-05,-0.010361563,0.00032803603
165,False,6.9776324e-05,-0.004604075,0.020229276
166,False,6.952073e-05,-0.004590854,-0.0033473927
167,False,6.9412985e-05,-0.013216869,0.018207753
168,False,6.957569e-05,-0.0060962997,0.00035817083
169,False,6.983964e-05,-0.004775038,0.009461582
170,False,6.899757e-05,-0.025084212,-0.016102873
171,False,7.410776e-05,-0.014479501,0.016523812
172,False,6.856051e-05,-0.0072217453,0.007719444
173,False,6.9234055e-05,-0.0061996803,0.0038728695
174,False,6.9725764e-05,-0.013461474,0.016373238
175,False,6.90443e-05,-0.0026403228,0.002540134
176,False,6.909681e-05,-0.0066480855,0.009672757
177,False,6.96925e-05,-0.011780375,0.0015172511
178,False,6.8350404e-05,-0.005871839,-0.015133172
179,False,6.90875e-05,-0.011761032,0.0075318776
180,False,7.164937e-05,-0.018935032,0.008888248
181,False,6.5194625e-05,0.004287526,-0.014288627
182,False,6.891082e-05,-0.02397656,0.009905595
183,False,6.354318e-05,-0.025495365,-0.004885479
184,False,6.387311e-05,-0.0132564865,0.0029978175
185,False,6.433588e-05,-0.009018528,-0.013999992
186,False,6.184867e-05,-0.011494458,-0.013022203
187,False,6.0223956e-05,-0.033423197,-0.011795988
188,False,7.391715e-05,-0.020079244,0.016147641
189,False,7.135885e-05,0.0026008785,0.016355138
190,False,6.755418e-05,-0.0008318885,0.009690575
191,False,6.9650116e-05,0.0009626411,0.015542472
192,False,6.997162e-05,-0.009308025,0.012055427
193,False,7.105925e-05,-0.008065702,-0.00038422365
194,False,7.121199e-05,-0.0057986584,-0.0052894996
195,False,6.592046e-05,-0.004836552,0.00096649304
196,False,6.853213e-05,-0.00066806376,0.0025936514
197,False,7.008176e-05,-0.008925296,0.0042069964
198,False,7.11017e-05,0.0046168417,-0.0068814643
199,False,6.444535e-05,-0.005276691,0.005574694
200,True,6.4988686e-05,-0.012475876,0.010677391
201,True,6.458577e-05,-0.0015575914,0.0030682506
202,False,6.6057095e-05,-0.005623718,-0.011098426
203,True,6.590481e-05,-0.0017616814,-0.0061355773
204,True,6.496257e-05,0.007004737,-0.001002809
205,False,6.436195e-05,0.006708445,-0.002475828
206,False,6.30222e-05,0.002394014,-0.017432189
207,False,6.4700536e-05,0.0037391037,-0.0020482643
208,False,6.120202e-05,-0.0015551513,-0.016491685
209,False,5.729577e-05,-0.011057551,-0.02353168
210,True,5.9567483e-05,-0.004090404,-0.007694307
211,True,6.100111e-05,0.008668495,-0.004462667
212,False,5.9483762e-05,-0.017779097,0.007577084
213,False,6.124567e-05,-0.007379977,-0.0071624517
214,False,6.7013454e-05,0.006800686,-0.013686209
215,False,7.299513e-05,-0.01951706,0.0068339086
216,False,7.06737e-05,-0.009648047,0.008457888
217,False,7.385195e-05,-0.0043060947,0.003404698
218,False,6.953348e-05,0.0001614783,0.013239169
219,False,6.7752844e-05,0.0075117657,0.0073351315
220,False,7.151551e-05,0.0029807892,0.006484056
221,False,7.156149e-05,-0.0009115897,-0.0026468365
222,False,6.9966525e-05,0.005671186,0.009382298
223,True,6.674315e-05,0.018577928,-0.012627279
224,False,6.6684785e-05,0.009104999,0.021249194
225,False,6.741447e-05,-0.0014918465,0.005094555
226,True,6.4929074e-05,-0.0042582788,0.019242246
227,True,6.2281695e-05,0.003609554,0.00019288808
228,True,6.4764914e-05,0.0066003967,-0.009695257
229,True,6.213067e-05,0.016936671,-0.003793139
230,False,6.30561e-05,0.0004273313,-0.005252449
231,True,6.614496e-05,-0.0028298958,0.0052111307
232,False,6.273968e-05,0.005113654,-0.00095322356
233,False,6.436461e-05,-0.01456794,-0.016319957
234,False,6.3396765e-05,-0.010626292,-0.011925133
235,False,6.294485e-05,0.0112106325,-0.015114543
236,False,5.9353875e-05,-0.025423035,-0.0041405894
237,False,6.2160136e-05,-0.006805273,0.017043192
238,True,6.2419174e-05,-0.010419337,0.0044699144
239,False,5.796266e-05,-0.022355875,0.0037730932
240,False,6.111465e-05,-0.020567235,-0.0067915376
241,True,6.695074e-05,0.005861154,0.015058946
242,False,6.415543e-05,0.015926529,0.00051791593
243,True,6.282418e-05,0.01053915,0.015073001
244,False,6.9653826e-05,-0.021789432,0.003024745
245,False,7.430394e-05,-0.000947373,-0.006120993
246,False,7.1933304e-05,0.0025702417,0.010695223
247,False,7.26469e-05,-0.007594509,0.012156529
248,False,6.913865e-05,0.003340736,0.0032999534
249,False,6.9075635e-05,0.004650226,0.012182517
250,False,7.0434406e-05,0.005796306,0.003861297
251,False,6.535689e-05,0.0012884154,0.0050017545
252,False,6.0750834e-05,0.021206032,0.01136619
253,True,6.6240944e-05,0.0057535656,0.014600747
254,False,6.461514e-05,-7.9765916e-05,0.005527977
255,False,6.0673105e-05,0.00031845458,-0.009272007
256,False,6.585975e-05,0.0138116265,-0.011170849
257,False,6.560132e-05,0.00010953937,-0.005672235
258,True,6.0099475e-05,0.00917378,0.019068014
259,True,6.4048596e-05,0.022747759,0.025083942
260,True,6.3519015e-05,0.019510254,0.0130996
261,False,6.374636e-05,-0.0026761275,-0.0003475221
262,True,6.697926e-05,-0.005015176,-0.015206225
263,False,6.0906877e-05,-0.0033667088,0.020961823
264,True,6.202999e-05,0.00931434,0.025317423
265,True,6.148976e-05,-0.0037068012,0.026423318
266,False,5.9533762e-05,0.004083244,0.00062546134
267,True,5.8855163e-05,0.03215345,-0.0029764883
268,True,6.2688356e-05,-0.023573868,-0.0055503836
269,False,6.0027876e-05,-0.021997165,-0.005406942
270,True,5.917158e-05,0.0017221272,0.015537651
271,False,6.320197e-05,-0.0052098613,-0.0028375098
272,False,6.137452e-05,-0.014175855,-0.0034231897
273,False,6.239969e-05,-0.026356269,0.0061664684
274,False,6.134131e-05,-0.0024875458,0.009681576
275,False,6.5961736e-05,-0.0047746403,-0.0036119148
276,False,7.097195e-05,-0.004214179,-0.003190985
277,False,7.19154e-05,-0.010708509,0.005493358
278,False,7.2671945e-05,-0.0069101974,0.03100051
279,False,7.180919e-05,-0.0017001424,0.028689202
280,False,7.0993075e-05,-0.00507777,0.011697177
281,False,7.153507e-05,-0.001851466,0.0013469625
282,False,7.072517e-05,0.0099324025,0.01221444
283,False,6.974938e-05,0.011110678,-0.008480616
284,False,7.2878174e-05,0.004642725,0.003905138
285,True,6.762862e-05,0.018448962,-0.005042121
286,True,6.072494e-05,0.012352707,0.0028477348
287,True,6.516231e-05,0.018882468,0.005910486
288,False,6.5703134e-05,0.0001475364,-0.0032131146
289,True,6.5544395e-05,-0.004810031,-0.004786956
290,True,6.033765e-05,0.015473032,0.0011078957
291,False,6.421484e-05,0.0070829745,-0.006580351
292,True,6.466889e-05,0.0171445,0.010232048
293,True,6.0054852e-05,0.013424749,0.0015367642
294,True,6.375712e-05,0.016123736,0.028274974
295,False,6.194778e-05,0.0027944483,0.013332502
296,False,6.106894e-05,0.024828292,-0.0013750512
297,True,6.33687e-05,-0.0038881488,-0.01408603
298,True,6.555491e-05,0.009078582,0.023850301
299,False,6.453258e-05,-0.0032579321,0.010991607
300,True,5.7755406e-05,0.009445653,0.013474095
301,False,5.9796126e-05,-0.023839317,-0.004268203
302,True,6.071919e-05,0.0056095496,0.0079849865
303,True,6.349341e-05,0.005250694,0.007984398
304,False,6.1088176e-05,-0.0015265476,0.0011979807
305,False,6.147558e-05,0.0037025977,0.00013284665
306,True,6.356495e-05,-0.0026986226,-0.0032606497
307,False,6.297833e-05,-0.0026711114,-0.006456649
308,False,6.755984e-05,-0.0045835227,0.0061536543
309,True,6.238037e-05,0.00917124,-0.0053955987
310,False,6.298773e-05,0.001569197,-0.0016363822
311,False,6.462385e-05,-0.0034250803,-0.00973738
312,False,6.3691914e-05,0.011810709,0.030425321
313,True,6.038549e-05,0.015177753,0.015792854
314,False,6.699968e-05,-0.035791513,-0.011337858
315,False,6.9528614e-05,-0.0018307269,-0.00048472174
316,False,6.8805275e-05,-0.0009793071,-0.0023621824
317,False,6.999659e-05,-0.012595179,0.003102065
318,False,7.035519e-05,-0.001921881,-3.839284e-05
319,False,7.0669616e-05,0.0022577532,-0.0065169632
320,False,7.083571e-05,-0.005610522,0.00016359799
321,False,6.6769986e-05,0.019434247,0.009372926
322,True,6.398574e-05,0.027096037,-0.0012757676
323,True,6.095995e-05,0.018958919,0.021393407
324,True,6.249559e-05,0.010103402,0.012518758
325,True,6.40026e-05,-0.0069264947,-0.00085451826
326,True,6.236484e-05,0.012504106,0.008325867
327,True,6.02616e-05,0.01656571,-0.002183335
328,False,6.645132e-05,0.0036699353,-0.003043715
329,False,6.387773e-05,0.009010477,-0.0209172
330,True,6.192728e-05,0.011164072,0.010764066
331,True,6.736576e-05,-0.006109317,-0.0006760508
332,True,6.295783e-05,0.024530556,0.012702841
333,True,5.9578324e-05,0.0061320215,0.014834682
334,False,6.277917e-05,0.001477404,0.012335388
335,False,6.428095e-05,0.006468501,0.012515083
336,True,6.337925e-05,0.0058451653,-0.0073592328
337,True,6.131843e-05,0.014845561,0.0023808386
338,True,6.234999e-05,0.021736998,0.014295983
339,True,6.367191e-05,0.005450591,-0.013474295
340,True,6.1799554e-05,0.016762972,0.014150472
341,False,5.821708e-05,-0.006576091,0.019074567
342,True,6.246748e-05,0.012501895,0.01543981
343,False,6.118556e-05,0.0006388379,0.013546899
344,True,6.1095416e-05,-0.004221501,0.009812642
345,False,6.747599e-05,0.0025551794,0.00096643716
346,False,6.272505e-05,-0.002994082,-0.006287697
347,False,6.609326e-05,0.008577477,0.015110524
348,False,6.6881956e-05,-0.01197836,0.007365875
349,True,6.195714e-05,0.0072073266,0.010366052
350,False,6.5967724e-05,0.011771519,0.0057084057
351,False,6.416819e-05,0.0061843065,0.0019509345
352,False,6.472741e-05,0.0070811436,-0.00029449165
353,True,6.074827e-05,-0.008780766,0.0026736483
354,False,6.499159e-05,0.0073118946,-0.00097233243
355,False,6.437832e-05,-0.0073769307,0.01175273
356,False,6.1520164e-05,-0.009976089,-0.025435362
357,False,6.254882e-05,-0.025018008,0.002776362
358,False,6.927862e-05,-0.018077293,-0.010951511
359,False,6.5220665e-05,0.004655077,0.011184598
360,False,6.790303e-05,-0.00028132834,0.0014741626
361,False,6.854208e-05,-0.018332195,-0.0018967688
362,False,6.905653e-05,-0.008017843,0.010477569
363,False,6.881569e-05,0.0016614385,0.0057156445
364,False,7.159869e-05,-0.0032049194,3.4375116e-06
365,False,7.027296e-05,0.013431085,0.010062825
366,True,6.2512416e-05,0.018961329,0.013885912
367,True,6.2665924e-05,0.017187536,0.009537434
368,True,6.0067196e-05,0.008450887,0.014524622
369,True,6.302013e-05,0.039889272,-0.011920162
370,True,6.257874e-05,0.017377106,0.023584228
371,True,6.223114e-05,0.022406213,0.021672733
372,True,6.33671e-05,0.002010665,0.012497769
373,True,6.715346e-05,0.0010543838,-0.010205309
374,True,6.300006e-05,0.025719061,0.0025655162
375,True,6.505758e-05,-0.011889615,7.2307885e-05
376,True,6.384393e-05,0.00959906,-0.011584283
377,False,6.4519605e-05,0.022607151,0.0069278926
378,False,6.690658e-05,-0.008903401,0.0142710265
379,True,6.622308e-05,0.019793153,0.015497439
380,True,6.324263e-05,0.014218321,-0.005557157
381,True,6.150866e-05,0.025876239,-0.005489166
382,True,6.1669496e-05,0.0067981263,0.0095309
383,True,6.24519e-05,-0.020028666,-0.0036757514
384,True,5.7766556e-05,0.02374803,0.012711171
385,True,5.9641843e-05,0.008081116,0.018007815
386,True,5.9317263e-05,0.037648868,0.0024169236
387,True,5.813833e-05,0.006236503,-0.00024527404
388,True,6.070566e-05,0.017865282,0.0032411553
389,True,6.209618e-05,0.009172907,0.0025185947
390,False,6.583303e-05,-0.014970899,0.00796766
391,False,6.571143e-05,-0.021442477,0.008431081
392,False,6.42646e-05,-0.009128262,0.02434893
393,False,6.0256876e-05,-0.0053796675,0.012301117
394,False,6.357508e-05,0.009192359,0.022624837
395,False,6.548462e-05,-0.0032460392,-0.001537039
396,False,6.207327e-05,0.025812823,0.019198753
397,False,6.4352025e-05,-0.011059245,-0.0093742255
398,False,6.443113e-05,-0.026902836,-0.003446782
399,False,6.391927e-05,-0.0045698322,-0.0020134524
400,True,5.8534995e-05,-0.017872768,-0.002293067
401,False,6.0057017e-05,-0.005369587,-0.024154596
402,False,6.1584265e-05,-0.008849999,0.008134335
403,False,6.3331456e-05,-0.0059449673,0.030323215
404,False,7.184244e-05,-0.014457868,0.003632668
405,False,7.093001e-05,-0.003500985,0.012196694
406,False,6.916104e-05,-0.010047985,0.015047317
407,False,6.957897e-05,-0.014420044,-0.0066936603
408,False,6.957905e-05,-0.0048816465,0.0033995248
409,False,6.9315385e-05,0.0010224674,-0.00064723287
410,False,6.824603e-05,0.008417454,0.0045373198
411,False,7.263921e-05,-0.0017144568,-0.0017698538
412,True,6.293183e-05,0.03104589,0.004987832
413,True,6.377722e-05,0.026287789,0.01864052
414,True,6.22963e-05,0.011373564,0.006485693
415,True,6.245409e-05,0.029626887,-0.0032644533
416,False,6.680489e-05,0.008808767,0.010968471
417,True,6.424165e-05,0.014340066,-0.0065207444
418,True,6.0805403e-05,0.01717174,-0.017052464
419,False,6.379e-05,0.024973126,0.0050293207
420,False,6.867768e-05,-0.0043586716,0.0026104213
421,True,6.5601664e-05,0.009652267,0.006879417
422,False,6.408932e-05,-0.0033905553,-0.0015918128
423,True,6.6921355e-05,0.0051612984,0.00081324205
424,True,6.509682e-05,0.020125818,-0.013379033
425,True,6.3155116e-05,0.013561044,0.002589183
426,True,6.516493e-05,0.024789445,-0.0033968799
427,True,6.805138e-05,0.0038678506,-0.0063479748
428,True,6.6033994e-05,0.004771922,-0.024741951
429,False,6.4919775e-05,0.008299189,-0.0045185518
430,False,5.8786507e-05,-0.0077195643,0.016218549
431,True,5.8681348e-05,0.029247243,0.013583312
432,False,6.3032254e-05,-0.020099796,0.016145598
433,False,5.886234e-05,-0.028407857,-0.010101323
434,False,6.126189e-05,-0.012397416,-0.0029379502
435,True,5.7347268e-05,0.0021079555,0.010444982
436,False,5.8651538e-05,-0.011990183,-0.02543101
437,False,6.387382e-05,0.0017544944,0.007997932
438,False,6.0852395e-05,0.0043309955,0.012327673
439,False,6.103817e-05,-0.013786519,0.0066466928
440,False,6.436684e-05,0.0039741956,0.025985772
441,False,6.29267e-05,0.010268867,0.00024471432
442,False,6.4431966e-05,0.0013270145,-0.0028479341
443,False,6.778303e-05,0.0017983802,0.022836028
444,False,6.258766e-05,-0.0042980984,0.014996502
445,False,6.391941e-05,-0.024446277,-0.005162441
446,False,6.5335335e-05,-0.02500502,-0.0015006345
447,True,6.026305e-05,-0.018033408,0.0014311755
448,True,6.425194e-05,-0.0135229565,0.0017597708
449,False,6.7231e-05,-0.014254545,-0.008016954
450,False,6.508113e-05,-0.017798103,0.0111591965
451,False,6.4799504e-05,-0.012530042,0.009787509
452,False,6.5825174e-05,-0.018111795,0.0072543267
453,False,6.747191e-05,0.0003426969,0.008195091
454,False,6.776997e-05,-0.014208384,-0.0056748046
455,False,7.092057e-05,-0.011047583,0.01102031
456,False,6.883935e-05,-0.017004464,0.004685344
457,False,6.8837e-05,-0.011126693,9.712204e-05
458,False,6.7941146e-05,0.011059841,0.018746952
459,False,6.9073314e-05,0.009607442,0.018065274
460,False,7.0004295e-05,0.013886057,0.016864363
461,True,6.244684e-05,0.021354582,-0.013080979
462,True,6.0592614e-05,0.029400013,0.015877146
463,False,6.1992716e-05,0.0241132,0.011856522
464,True,5.8988844e-05,0.016819648,0.008187212
465,True,6.167191e-05,0.017036948,-0.008751187
466,True,6.255817e-05,0.023115639,0.0010264032
467,True,6.1242186e-05,0.018610004,0.015968818
468,True,6.716406e-05,0.010667672,0.027199555
469,True,6.476638e-05,-0.008347161,-0.010995085
470,False,6.546352e-05,-0.0013735043,-0.0024082328
471,True,6.3922394e-05,0.028993031,0.003669628
472,False,6.376215e-05,0.025994424,0.0029676706
473,True,6.630545e-05,-0.0011957879,-0.009564256
474,False,6.4040214e-05,-0.0067441138,0.003075147
475,True,6.408151e-05,-0.013679545,-0.008387391
476,True,6.32663e-05,0.009020301,0.0010335203
477,True,6.510736e-05,-0.006632101,-0.004706243
478,False,6.662625e-05,-0.00012048613,0.0031388812
479,False,6.36617e-05,0.0046672537,0.0072765565
480,False,6.1664745e-05,-0.022129986,0.0006272865
481,False,6.3872285e-05,-0.021469895,0.031604834
482,False,6.364484e-05,-0.008701994,-0.01342351
483,True,5.7976016e-05,0.0052642096,0.008206484
484,False,5.927809e-05,-0.027755324,-0.008340909
485,False,6.237064e-05,-0.0048986897,-0.012389626
486,False,6.819972e-05,0.012159274,0.013721863
487,False,6.344081e-05,-0.010867772,0.0052501373
488,False,6.402408e-05,-0.025901014,-0.0015329868
489,False,6.589716e-05,-0.020209938,-0.0037372531
490,False,6.347019e-05,-0.022595378,0.013432527
491,False,6.2572486e-05,-0.008199904,-0.0035929345
492,False,6.106423e-05,-0.009352233,0.0066864137
493,False,6.611379e-05,0.007882934,0.013954509
494,True,6.475375e-05,-0.013310298,-0.0051551675
495,False,6.1984625e-05,-0.01807642,-0.0023900429
496,True,6.15733e-05,-0.026424848,0.013645755
497,True,6.358089e-05,0.0011496209,0.0104024215
498,False,6.2627456e-05,0.0013390947,-0.0010433067
499,False,6.2039144e-05,-0.013033956,0.026879
500,False,6.2138985e-05,-0.012118038,0.023633432
501,False,7.370567e-05,-0.022133661,0.015450659
502,False,7.017644e-05,-0.011958297,0.018739505
503,False,6.866662e-05,-0.017662521,-0.012331776
504,False,7.40068e-05,-0.0028494354,0.010634602
505,False,6.916055e-05,-0.008195406,0.0062469766
506,False,6.7957626e-05,-0.000496814,0.0037950557
507,False,6.812597e-05,-0.009685768,0.00023119152
508,False,6.9977184e-05,-0.0017179437,0.015170766
509,False,6.553367e-05,0.02645529,0.0175922
510,False,6.338503e-05,-0.012782969,-0.0033554547
511,True,6.278891e-05,0.022173958,0.007014757
512,True,6.272908e-05,0.030952388,0.01712427
513,True,6.228161e-05,0.013313441,0.007383194
514,True,6.486917e-05,0.022804582,0.005423693
515,True,6.310529e-05,0.021146834,0.0117885005
516,False,6.79052e-05,0.0062160497,0.012060635
517,True,6.243985e-05,0.020484164,0.0033021057
518,True,6.253616e-05,0.01845785,0.018271059
519,False,6.579722e-05,-0.005581588,0.024137102
520,True,6.27507e-05,0.005739418,0.015051333
521,False,6.9289694e-05,-0.0288507,0.0021613054
522,True,6.612484e-05,0.0064149513,0.0021448391
523,True,6.451515e-05,0.007070232,-0.002957384
524,False,6.5412845e-05,0.010452697,-0.006569864
525,True,6.305979e-05,-0.013812827,0.014549406
526,True,6.435791e-05,0.0063071316,-0.0077520385
527,True,6.169926e-05,0.014387878,0.004842405
528,True,6.294887e-05,0.008194314,0.019512616
529,True,6.4509244e-05,0.001961316,0.0034363838
530,False,6.169668e-05,-0.017769951,0.023809507
531,False,6.4657e-05,-0.020979349,0.0072684744
532,True,6.5257715e-05,0.003555798,0.007299667
533,False,6.1554536e-05,-0.018547907,-0.008463196
534,False,6.3468615e-05,-0.0029380834,-0.0124781495
535,False,6.677446e-05,-0.023041178,-0.01928822
536,False,6.302665e-05,-0.0150565915,-0.014062614
537,False,6.461421e-05,-0.020332599,-0.007660173
538,False,6.5969805e-05,0.0022179028,-0.010384442
539,False,6.2931846e-05,-0.007853691,0.004121283
540,False,6.7817666e-05,0.0064633265,-0.0102338325
541,False,6.315776e-05,0.0049693882,0.009391457
542,False,6.510956e-05,-0.004100809,0.0132553205
543,True,6.288353e-05,0.0057697594,0.01817995
544,False,6.218452e-05,-0.0025985828,-0.0019556247
545,False,6.409002e-05,-0.019640205,-0.004898029
546,True,6.281703e-05,-0.00079244934,0.008120526
547,False,6.21626e-05,-0.0012286333,0.0027392078
548,False,6.714533e-05,-0.008305911,0.0096052755
549,False,6.0736686e-05,-0.009962974,0.012894247
550,False,6.299358e-05,-0.009581689,0.005885655
551,False,7.013512e-05,-0.03434842,-0.0044190995
552,False,7.1191505e-05,-0.005781956,0.023097219
553,False,6.8749396e-05,-0.0029651262,0.011254659
554,False,7.041073e-05,-0.006914148,-0.0064528435
555,False,6.7391346e-05,0.005019933,0.004211596
556,False,6.813886e-05,0.0051848125,0.0068678223
557,False,6.8339294e-05,0.0035803206,0.02189608
558,False,6.975884e-05,-0.005497087,0.003254678
559,True,6.347989e-05,0.0019387547,0.0010015145
560,False,6.601918e-05,-0.013920754,-0.024413351
561,False,6.107793e-05,0.008625863,0.0024909405
562,True,6.12162e-05,0.021124706,0.0027233474
563,True,6.237128e-05,0.014408333,-0.0034062117
564,True,6.155261e-05,0.018837871,0.01520799
565,False,5.8853853e-05,0.01175085,0.009958193
566,False,6.5088854e-05,0.031934973,0.0162076
567,True,6.498808e-05,0.005670117,0.014384899
568,True,6.1449806e-05,0.015130604,0.002341535
569,True,6.5634886e-05,-0.001366809,0.013434643
570,True,6.358547e-05,0.022590276,0.005697537
571,False,6.9411486e-05,-0.0019730814,0.0052141217
572,False,5.9926453e-05,-0.0054308996,0.0075870976
573,True,6.299919e-05,0.013159096,-0.0011337046
574,True,6.113529e-05,-0.0033416105,-0.0046724733
575,True,6.303008e-05,-0.0005369466,-0.02062489
576,True,6.1966755e-05,0.025576003,0.004618088
577,True,6.154272e-05,0.026390165,0.0032345168
578,False,6.797519e-05,0.024145707,0.0082734125
579,False,6.346786e-05,0.0038304236,0.03289789
580,False,6.979601e-05,-0.017735029,-0.0034312708
581,True,5.9597125e-05,-0.0090596005,0.006127581
582,False,6.318532e-05,-0.011498874,0.04040102
583,True,6.0003997e-05,-0.0025303,0.008737707
584,False,6.516633e-05,0.010607943,0.010523442
585,False,6.476762e-05,-0.011169481,-0.0017631315
586,False,6.275596e-05,-0.007407749,0.017666422
587,False,6.408308e-05,-0.004737961,-0.0047891857
588,False,6.293545e-05,-0.019925036,0.007568486
589,False,6.241967e-05,-0.02451551,-0.019942403
590,False,6.5820925e-05,-0.0048924796,-0.009717114
591,True,6.888806e-05,-0.015364554,0.023527227
592,False,6.215651e-05,-0.0009391769,0.0060500326
593,True,6.181585e-05,-0.024941072,-0.029572103
594,False,6.0270104e-05,-0.0008398751,0.012913948
595,False,6.424963e-05,0.0026254877,0.0076980963
596,False,6.3885025e-05,-0.006599596,0.0061635617
597,False,6.1912935e-05,-0.0028871372,0.016314622
598,False,6.350837e-05,-0.0212434,0.007569165
599,False,6.317482e-05,-0.035204127,0.014384665
600,False,7.1221606e-05,-0.012578946,-0.0024457136
601,False,7.384396e-05,-0.011361587,0.001709668
602,False,6.641811e-05,-0.017024698,0.0014150117
603,False,7.312842e-05,-0.0057730563,-0.002399914
604,False,7.038838e-05,-0.012901153,0.0045749582
605,False,6.830003e-05,-0.007061624,0.0020157825
606,False,6.807848e-05,-0.004018178,0.014749482
607,False,6.7083456e-05,0.0079148635,0.011197615
608,False,6.784504e-05,0.0045431834,0.018882984
609,False,6.454557e-05,-0.011850923,0.022437273
610,False,6.3684005e-05,-0.0022660512,0.013078097
611,False,5.996974e-05,0.0173533,0.020198837
612,True,6.000148e-05,0.03140512,-0.006451294
613,True,6.1527346e-05,0.007298298,0.015767924
614,True,6.199697e-05,0.02691404,0.011142857
615,True,6.238538e-05,0.028457977,0.009619724
616,True,6.65791e-05,0.0052975705,0.0023253113
617,True,6.685786e-05,0.021458812,0.014784215
618,True,6.521753e-05,0.017757732,0.015221283
619,True,6.087025e-05,0.014685892,0.011765055
620,True,6.562043e-05,-0.0049021207,0.0054217237
621,True,6.650657e-05,0.018207977,0.017753297
622,True,6.5245724e-05,-0.003286196,0.009044133
623,True,6.432511e-05,0.022405662,0.00018842891
624,True,6.369566e-05,0.009314304,0.003678511
625,True,6.4808424e-05,0.022271913,0.002787454
626,True,6.378442e-05,-0.001978794,0.023044314
627,True,5.9964783e-05,-0.00031501846,0.010223853
628,False,6.509193e-05,-0.00993943,0.0077027557
629,False,6.2135856e-05,0.00976731,0.007415792
630,False,6.6047796e-05,-0.025844933,0.0074504493
631,True,6.159474e-05,0.013332648,0.022284957
632,False,6.0930706e-05,-0.036392167,-0.0074609257
633,False,5.8492296e-05,-0.04524294,0.017111903
634,False,6.118382e-05,0.0070106685,0.010041514
635,False,6.333004e-05,0.015021982,1.4448538e-05
636,True,6.362769e-05,-0.0058766725,0.004419268
637,False,6.4807784e-05,-0.0065033063,-6.383844e-05
638,False,6.709988e-05,-0.0022961237,-0.009331191
639,False,6.434657e-05,-0.000565229,-0.010077743
640,False,6.7118286e-05,-0.008499458,-0.002664566
641,True,6.4819316e-05,-0.0033088047,0.004234179
642,False,6.465248e-05,0.009141244,0.0076179206
643,True,6.271944e-05,-0.004707068,0.006630577
644,False,6.4829e-05,0.004679745,0.008165233
645,True,6.241336e-05,-0.003352414,0.006658208
646,False,6.699502e-05,0.0026654648,-0.0087314
647,False,6.69234e-05,-0.012008369,0.0053788032
648,False,6.1672654e-05,-0.021723844,0.010692547
649,False,6.128811e-05,-0.018260669,0.011795964
650,False,6.094515e-05,-0.018236265,0.028207747
651,False,6.1391125e-05,0.004014261,0.01466478
652,False,7.751501e-05,-0.019101175,-0.005224552
653,False,6.9356654e-05,-0.0174856,-1.766719e-05
654,False,6.936442e-05,-0.0074904487,0.034809
655,False,7.0308844e-05,-0.009711161,0.01482327
656,False,6.816924e-05,-0.0058502927,0.01833428
657,False,6.7025874e-05,-0.0027213525,0.0264405
658,False,6.9334164e-05,-0.0031761671,0.0015970841
659,False,6.8739006e-05,-0.0051633706,0.023944907
660,False,6.808804e-05,0.00052480213,0.023996359
661,False,6.807143e-05,-0.0012639593,0.021379733
662,True,6.55509e-05,0.02293867,0.005424332
663,True,5.987326e-05,0.025971407,-0.0078673735
664,True,6.2880754e-05,0.019074947,0.0012673065
665,True,6.5819724e-05,0.007396452,0.0043708906
666,True,6.152852e-05,0.011017967,0.00030254014
667,True,6.0889346e-05,0.021090914,0.0075599663
668,False,6.510443e-05,-0.01098416,-0.0017567948
669,False,6.0486538e-05,-0.005487561,-0.018772472
670,True,6.338938e-05,-0.00027224142,0.0031251553
671,True,6.795814e-05,0.023069747,0.0069997907
672,True,6.274412e-05,0.014375426,0.0036057457
673,True,6.080433e-05,0.017134244,-0.012669203
674,True,6.563443e-05,0.022087201,-0.0011771396
675,True,6.4395266e-05,0.013332102,0.010985315
676,True,6.335432e-05,-0.00013529882,0.0035009943
677,True,6.293031e-05,0.010423776,-0.005250033
678,False,6.37523e-05,-0.016086744,-0.009187782
679,False,6.122426e-05,-0.0179465,-0.017723328
680,False,6.608529e-05,-0.021289397,-0.011827551
681,False,6.3285064e-05,-0.032266535,-0.013512
682,False,6.342351e-05,-0.015189283,-0.021916144
683,False,5.818772e-05,-0.036625624,0.014376624
684,False,5.7753954e-05,-0.030773323,-0.00536892
685,False,6.097935e-05,-0.0028695138,0.0045639984
686,True,6.343796e-05,-0.005834777,0.009341849
687,True,6.278707e-05,-0.010949252,0.007976947
688,True,6.092195e-05,-0.012435585,-0.01806731
689,True,6.133878e-05,-0.005640786,-0.0035819206
690,False,6.434688e-05,-0.0073039494,-0.004536316
691,False,6.510094e-05,-0.00017107278,-0.008759204
692,False,6.3751366e-05,0.0048990073,-0.0011859629
693,True,6.393418e-05,-0.009546196,-0.0076739816
694,False,6.101036e-05,0.004056487,0.0030759461
695,False,6.0428083e-05,-0.007943884,0.027489519
696,False,6.171391e-05,0.00045895576,-0.008985881
697,False,6.260214e-05,-0.0080123,0.0032529347
698,False,6.274275e-05,-0.0076906197,0.010044638
699,False,5.9767866e-05,-0.0133729875,0.019534793
700,False,6.272122e-05,-0.019221682,0.00030798465
701,True,6.385278e-05,0.00033352897,0.015010593
702,False,6.521378e-05,-0.026540471,-0.030892808
703,False,6.7014014e-05,-0.019004308,0.005239876
704,False,7.038741e-05,0.004491127,0.013647769
705,False,7.012434e-05,-0.01880999,-0.00022600312
706,False,6.704879e-05,-0.0036181798,0.013321653
707,False,7.098898e-05,-0.006041183,-0.00073901564
708,False,6.644706e-05,-0.020583302,0.006682936
709,False,6.736745e-05,-0.008333339,0.010701083
710,False,6.7840694e-05,-0.0014205212,0.0061650444
711,False,6.766935e-05,-0.0033937749,0.006386047
712,False,6.913856e-05,-0.0045339,0.013330484
713,False,6.8554466e-05,0.008270144,0.021344434
714,False,7.0277114e-05,-0.0033904426,0.023142373
715,True,6.3957625e-05,0.013494758,0.028215423
716,False,6.100978e-05,0.032015033,0.012588512
717,True,6.0118717e-05,0.0018147775,-0.014812266
718,True,6.245753e-05,0.0007741228,0.01146248
719,True,6.143573e-05,0.012956659,0.01613417
720,True,6.25595e-05,0.009766176,-0.001645606
721,False,6.3468964e-05,0.005108906,0.013412669
722,True,6.752044e-05,-0.0025413157,-0.012806833
723,False,6.660116e-05,0.0029711826,-0.005405033
724,False,6.4074375e-05,0.0051326137,-0.010722067
725,True,6.2975814e-05,6.160699e-05,0.0067391973
726,True,6.6288696e-05,-0.00040323194,-0.009174503
727,True,6.472622e-05,0.020544432,-0.022474881
728,True,6.263221e-05,0.022556446,0.0034773108
729,True,6.631837e-05,0.025706291,-0.001165472
730,True,6.637995e-05,0.013303571,0.011133196
731,True,6.0020684e-05,0.014688941,0.013511999
732,False,6.256709e-05,-0.003911415,-0.005216107
733,True,6.387199e-05,0.009742122,0.011722617
734,False,6.3608764e-05,-0.026775364,-0.004000623
735,False,6.0845705e-05,0.0045942347,0.0024879351
736,False,5.9282513e-05,0.0015846612,0.002863124
737,False,5.887809e-05,-0.028491933,-0.009071024
738,False,5.9154587e-05,-0.045606993,0.004840594
739,False,5.9897113e-05,-0.034409657,-0.0058376845
740,False,6.365896e-05,-0.00039024279,0.016325215
741,True,6.3199506e-05,-0.0016304143,0.011653911
742,False,6.501234e-05,-0.0041454323,-0.0042580096
743,False,6.33062e-05,-0.010209139,0.013180647
744,True,6.187252e-05,-0.0015499555,0.005446121
745,False,6.444387e-05,-0.006245762,0.016291702
746,False,6.357838e-05,-0.0011385176,0.0026426339
747,True,6.0997496e-05,-0.016954288,0.017057978
748,True,6.601379e-05,0.00404183,0.0062686577
749,True,6.412325e-05,-0.009260487,0.0022953302
750,True,6.638417e-05,-0.019915309,0.008622575
751,False,6.2073086e-05,0.0014929567,-0.0036422536
752,False,6.8381785e-05,-0.0034770584,-0.0046283267
753,False,6.289553e-05,-0.009046678,-0.008274663
754,False,5.635892e-05,-0.010279875,0.033109993
755,False,5.6270343e-05,-0.018607683,0.010960364
756,False,6.524519e-05,-0.013977269,0.013434837
757,False,6.396586e-05,-0.033130202,0.0017913012
758,False,6.583538e-05,-0.03262528,0.0058403974
759,False,7.608563e-05,-0.006259267,0.0012313537
760,False,7.179102e-05,-0.015161723,0.0040825643
761,False,6.9048736e-05,-0.017057547,0.007250717
762,False,6.757141e-05,-0.025485216,0.023083718
763,False,6.295148e-05,-0.0046678837,-0.0021465905
764,False,6.369378e-05,-0.023837276,0.010144573
765,False,6.822848e-05,0.0009242352,0.0045124795
766,False,6.816683e-05,-0.003955125,0.020614456
767,False,6.829132e-05,0.0067656236,0.022113495
768,False,6.714934e-05,-0.0057251183,0.02659528
769,False,6.9171045e-05,0.0034957882,0.0101527795
770,True,6.401811e-05,0.017335407,0.03438302
771,False,6.0848415e-05,0.024161533,0.024566926
772,True,6.1738945e-05,0.030428853,-0.00032654032
773,True,6.079841e-05,0.011292758,0.004862359
774,True,6.074091e-05,0.04080682,-0.013605289
775,True,6.1277104e-05,0.01154413,0.0010237992
776,True,6.1071696e-05,0.00089614745,-0.0067880526
777,True,6.225265e-05,-0.0069270553,0.011593269
778,False,6.322719e-05,-0.007148577,0.004263914
779,True,6.570348e-05,-0.010861471,-0.0029748175
780,True,6.626415e-05,0.0018592738,-0.0037544668
781,True,6.373295e-05,0.015412461,-0.0067882556
782,True,6.0847553e-05,-0.008370504,0.0030971617
783,True,6.377861e-05,-0.005845107,0.011699326
784,True,6.2376064e-05,0.0213943,0.007271575
785,True,6.1381405e-05,0.0007827692,-0.0018222285
786,True,6.419731e-05,0.0067816745,0.0063454453
787,True,5.9803253e-05,0.0027992576,-0.008501954
788,True,6.353684e-05,0.012400199,-0.0010074172
789,True,6.105322e-05,0.0027166056,0.0046661105
790,True,6.11051e-05,0.007021299,9.600888e-05
791,False,6.119683e-05,-0.0051255357,0.02056291
792,False,6.535193e-05,-0.008994052,-0.0011323532
793,False,5.7167512e-05,-0.03547023,0.004572424
794,False,6.137372e-05,-0.019139104,-0.0075140074
795,False,6.1307226e-05,-0.0016722269,0.0019064099
796,True,6.1122344e-05,-0.012737969,0.024692804
797,True,6.2256775e-05,-0.002970187,0.010947842
798,True,6.3162515e-05,0.004723659,0.004078865
799,False,6.2707455e-05,-0.009784527,0.00048319437
800,True,6.7306675e-05,0.0014265459,0.0030490886
801,False,6.5417036e-05,-0.006746362,0.012453072
802,False,6.24207e-05,-0.0006172024,0.017077655
803,True,6.0747447e-05,0.00974654,0.0016457271
804,True,6.219379e-05,0.0043824576,0.013111474
805,True,6.185898e-05,-0.013035614,0.002078495
806,False,6.456411e-05,0.00074838754,0.0041524535
807,True,6.014411e-05,0.009055633,0.009961108
808,False,6.571461e-05,-0.008072667,0.0038998676
809,False,5.6758225e-05,-0.017717052,0.023250235
810,False,5.8689693e-05,-0.01530911,0.03663176
811,False,6.348123e-05,4.3664128e-05,0.0027542282
812,False,6.346612e-05,-0.0012533274,0.020063616
813,False,6.659464e-05,-0.039024346,-0.02439993
814,False,6.5381944e-05,-0.030566929,0.0028484678
815,False,6.601403e-05,-0.017278472,-0.0032920465
816,False,6.514648e-05,-0.023487158,0.0009397352
817,False,7.2811206e-05,-0.023366056,-0.00415051
818,False,7.091349e-05,-0.039712645,0.004603751
819,False,6.732863e-05,-0.010890773,-0.012828429
820,False,6.510796e-05,-0.0098909475,0.010092345
821,False,6.540971e-05,-0.018115118,-0.0017235167
822,False,6.76508e-05,-0.0221674,0.01980817
823,False,6.9980786e-05,-0.024827644,-0.0035389215
824,False,6.8130386e-05,-0.0037030955,0.00200825
825,False,6.832451e-05,0.004180706,0.013621356
826,False,6.8355235e-05,0.0041116923,0.0014147386
827,False,6.81751e-05,0.0021347925,0.0056535406
828,True,6.189403e-05,0.01152219,0.022266168
829,True,6.0962273e-05,0.03563832,0.00077006314
830,True,5.9574166e-05,0.027404565,0.0014315983
831,True,6.292574e-05,0.029679678,0.012950361
832,True,6.323937e-05,0.022309642,-0.007736474
833,True,6.422385e-05,0.017079446,0.01229791
834,True,6.0658007e-05,0.017126668,-0.012168864
835,True,6.234824e-05,-0.0030669738,0.0011378909
836,False,6.1397564e-05,-0.008323012,-0.005957517
837,False,6.1570245e-05,0.00094806217,0.012579784
838,True,6.1385224e-05,-0.0015268372,0.004973799
839,True,6.664404e-05,-0.007279642,0.0021094223
840,True,6.3278516e-05,0.010018044,0.020522362
841,True,6.205024e-05,0.018040512,0.010258719
842,False,6.346488e-05,0.0095795235,-0.013374262
843,True,6.369092e-05,0.004106341,-0.004510395
844,True,6.14274e-05,0.008327965,0.0027204305
845,False,6.301776e-05,0.0048243646,0.0027393866
846,True,5.8830166e-05,-0.0009852247,-0.00088533945
847,True,5.9316175e-05,0.011366479,0.0046566054
848,False,6.18605e-05,-0.010499172,0.018690065
849,True,6.002016e-05,0.01367989,0.004951626
850,True,5.796989e-05,0.007687608,0.0034447229
851,False,5.7496334e-05,-0.011171894,-0.00027141813
852,False,5.611045e-05,-0.02146642,-0.011839118
853,True,6.2993815e-05,0.0019926927,0.016724208
854,False,6.368678e-05,0.00038520433,0.0024951166
855,False,6.242692e-05,-0.0039122263,0.0138287
856,True,6.234994e-05,0.0065917894,0.01906569
857,True,6.123584e-05,0.0025112666,0.017742265
858,True,6.5584965e-05,0.012947835,0.018917248
859,True,6.236062e-05,0.006820876,0.016482087
860,True,6.195783e-05,0.003536068,0.014502891
861,True,6.0240607e-05,0.013406573,0.0017265696
862,True,6.147901e-05,0.008440911,0.028291155
863,True,6.510116e-05,0.020538913,-0.0011566691
864,True,6.278564e-05,-0.00462108,0.009355813
865,False,6.63671e-05,-0.022435538,0.016132679
866,False,5.8812737e-05,-0.018275589,0.015449654
867,False,5.7475067e-05,-0.00826744,0.024711408
868,False,5.678548e-05,-0.012515217,0.0027261265
869,False,6.505852e-05,-0.03143227,-0.006332895
870,False,6.250164e-05,-0.028371975,-0.018308157
871,False,6.64571e-05,-0.015848657,-0.011721629
872,False,6.8302674e-05,-0.019180961,-0.015721649
873,False,6.767084e-05,-0.03300751,-0.01014372
874,False,6.606031e-05,-0.029115774,0.0009514368
875,False,6.749449e-05,-0.018942311,0.0028887345
876,False,6.600409e-05,-0.020765923,0.0031938665
877,False,6.6436995e-05,0.009901926,-0.029069113
878,False,7.271819e-05,-0.030611582,-0.0003474094
879,False,7.228031e-05,-0.019323625,-0.0018262677
880,False,7.013047e-05,0.0007663695,0.00413619
881,False,6.902577e-05,-0.013449166,0.0077319806
882,False,6.386304e-05,-0.027484689,-0.0036444012
883,False,6.71543e-05,-0.021708956,0.01982486
884,False,6.849856e-05,-0.018160295,0.0048437314
885,False,6.706209e-05,-0.018726528,0.010873906
886,False,6.7413195e-05,0.0010042991,0.011389261
887,False,6.56262e-05,-0.011885382,0.020560542
888,False,6.548147e-05,0.024168814,0.025815994
889,True,6.602627e-05,0.020719385,-0.0006480729
890,True,6.149213e-05,0.021444645,-0.006782517
891,True,6.30551e-05,0.01649709,0.010895758
892,True,6.072719e-05,0.024267875,0.014985984
893,True,6.205118e-05,0.026440281,-0.0013420843
894,True,6.712739e-05,0.011749935,-0.0036150562
895,True,6.480248e-05,0.0107345,-0.003939649
896,True,6.358212e-05,0.012293426,0.007897429
897,True,6.490193e-05,0.0130788395,-0.00041570887
898,True,5.5871133e-05,-0.009640876,-0.018963616
899,True,6.435923e-05,-0.0021042284,0.014060516
900,True,6.705786e-05,0.0077676363,0.0027089631
901,False,6.728443e-05,0.015535836,-0.005879757
902,True,6.296942e-05,0.010742686,-0.015544828
903,True,6.145504e-05,0.01134754,0.0021471344
904,False,6.396307e-05,0.0035239235,0.01448317
905,False,6.710148e-05,0.016085897,0.0024027508
906,True,6.1437655e-05,0.018337306,-0.004909154
907,False,6.121951e-05,0.01388444,-0.001669608
908,False,6.480027e-05,-0.0057821963,-0.004168369
909,True,6.2508065e-05,0.0060901865,-0.0072670225
910,True,6.065316e-05,0.014319377,-0.016043097
911,False,6.172083e-05,0.0060611423,0.0108464435
912,True,6.526295e-05,0.020285103,-0.009194342
913,True,6.4341286e-05,0.015470598,0.005315303
914,True,5.9542563e-05,-0.00020883325,-0.014815186
915,False,6.042333e-05,-0.045463633,-0.021253144
916,False,5.9399306e-05,-0.008933604,-0.00089497305
917,True,6.105035e-05,0.008608149,0.0073242467
918,True,6.177428e-05,0.014254227,0.009508062
919,True,6.168735e-05,0.010306185,0.013257189
920,False,6.3202366e-05,0.011147328,0.013593342
921,True,6.2863815e-05,0.016784105,-0.002950037
922,True,6.2278836e-05,-0.0073370133,-0.007881196
923,True,6.416378e-05,0.015102323,0.009174481
924,True,6.178069e-05,0.009425573,0.004665967
925,True,6.417992e-05,0.0010566348,0.013368819
926,True,6.1397375e-05,0.0061533023,-0.010883956
927,False,6.3139945e-05,0.004734613,0.009086877
928,False,6.4647924e-05,-0.013864821,0.012054798
929,False,6.0652037e-05,-0.02786653,0.008060597
930,False,5.6520694e-05,-0.030471757,0.01765731
931,False,5.6406712e-05,-0.004003411,0.011906856
932,False,6.211668e-05,-0.027351534,0.0130058415
933,False,6.0283426e-05,-0.024520837,-0.0017797751
934,False,6.487706e-05,-0.029445484,-0.0023707263
935,False,6.340774e-05,-0.031930026,-0.009142685
936,False,6.629514e-05,-0.026203912,-0.010683092
937,False,6.9318354e-05,-0.028998295,-0.010639186
938,False,6.357037e-05,0.0003827745,0.0068200417
939,False,6.641071e-05,-0.023574296,-0.0073195584
940,False,6.487309e-05,-0.00581152,-0.010842854
941,False,6.4969194e-05,-0.020529775,-0.0105346795
942,False,7.032998e-05,-0.027816739,0.007685393
943,False,6.6459936e-05,-0.034114227,-0.018670674
944,False,6.6234046e-05,-0.033419542,-0.016959324
945,False,6.7033216e-05,-0.045406733,-0.0106404405
946,False,6.204723e-05,-0.037819173,-0.0075444486
947,False,6.615792e-05,-0.008208251,0.0101456735
948,False,6.742167e-05,0.0072752144,0.012296043
949,False,6.612326e-05,0.02414798,-0.021624124
950,False,6.523624e-05,0.014246781,-0.011064435
951,False,6.573018e-05,-6.416626e-05,0.0019505918
952,False,6.411281e-05,-0.012270723,0.002610011
953,False,6.164836e-05,-0.007269348,-0.0030943025
954,False,6.282328e-05,-0.019386854,-0.02882572
955,False,7.467859e-05,-0.02284661,0.004782779
956,False,7.382718e-05,-0.013693783,0.002588422
957,False,7.4721036e-05,-0.0025159232,0.009948613
958,False,6.8429326e-05,-0.010879405,0.021276183
959,False,6.8983514e-05,-0.02079999,-0.0009568874
960,False,6.7679786e-05,-0.009290106,0.0008877609
961,False,7.060637e-05,-0.01932608,-0.0037439894
962,False,6.8105226e-05,-0.011456956,0.0024829619
963,False,6.865705e-05,0.0011465214,0.020475779
964,False,6.547721e-05,0.01619885,0.016942272
965,False,6.184011e-05,0.018247198,0.026484996
966,False,6.184648e-05,0.016698692,-0.011501387
967,True,6.406038e-05,0.02888795,0.009326085
968,True,6.131153e-05,0.012539938,0.019112516
969,True,6.124373e-05,0.023544207,-0.0066779796
970,True,6.210115e-05,0.028160157,-0.0040525906
971,False,6.1708735e-05,0.026636966,-0.0070242826
972,True,6.3552376e-05,0.019455096,0.0074289814
973,False,6.115417e-05,0.008081673,-0.014254825
974,True,5.8595633e-05,0.018101273,0.014571415
975,True,6.0370217e-05,0.0024915803,-0.020811884
976,False,6.287633e-05,0.0194654,0.004733078
977,True,6.303876e-05,0.003530628,0.00773585
978,True,6.657295e-05,0.017950643,0.016368492
979,True,6.759281e-05,0.0105533535,0.011500472
980,True,6.219877e-05,0.014143702,0.0025974996
981,True,6.368126e-05,0.023113605,0.0025867969
982,True,6.317164e-05,0.013461221,-0.011995156
983,True,6.073776e-05,0.011940157,-0.008478066
984,True,6.3191816e-05,-0.0032362416,0.006658202
985,False,6.606237e-05,0.014041081,-0.0061630607
986,True,6.133499e-05,-0.0050885007,-0.0058023427
987,True,6.101828e-05,0.00077214465,0.010515666
988,False,6.225017e-05,-0.020384286,0.010338995
989,True,6.330417e-05,-0.005042649,-0.0065530892
990,True,6.298532e-05,0.014923261,0.014843557
991,True,6.215618e-05,0.024003444,0.0049088188
992,True,5.804573e-05,0.010496224,-0.0099365115
993,False,6.121127e-05,-0.021000087,0.0044845566
994,False,6.063361e-05,-0.005392304,0.008251339
995,True,6.234215e-05,0.01891425,0.010576066
996,False,6.304994e-05,-0.005331857,0.01705677
997,False,6.1584775e-05,0.0021115486,0.025179222
998,False,6.778799e-05,-0.0078071104,0.0056812125
999,False,6.7090215e-05,-0.01691993,-0.0058190394
1000,False,6.451482e-05,-0.005607087,-0.0066115204
1001,False,6.556177e-05,0.00092860125,-0.003780719
1002,False,6.304989e-05,0.0027004716,-0.007410731
1003,False,6.117831e-05,0.015231412,0.01365215
1004,False,6.1616774e-05,0.004040249,0.0016581807
1005,False,6.266967e-05,-0.0108468365,0.0152386185
1006,False,6.0280257e-05,-0.008506529,0.022447983
1007,False,6.1017734e-05,-0.014147323,0.015548281
1008,False,5.643811e-05,-0.02100575,0.02927783
1009,False,6.054951e-05,-0.010317568,0.0041778106
1010,False,6.385335e-05,-0.02254847,0.0016548205
1011,False,6.249601e-05,-0.0473466,-0.004446958
1012,False,6.392046e-05,-0.03927541,0.0183933
1013,False,6.329082e-05,-0.037497506,0.0007814355
1014,False,6.512026e-05,-0.02706851,-0.009227665
1015,False,6.3459636e-05,-0.03066814,0.009312231
1016,False,6.6401924e-05,-0.022050073,-0.007478444
1017,False,6.446673e-05,-0.02509379,-0.005182027
1018,False,6.57945e-05,-0.029492624,-0.018983565
1019,False,6.7665685e-05,-0.03437741,-0.001713085
1020,False,6.7193236e-05,-0.04181408,-0.019268207
1021,False,6.675775e-05,-0.04345022,-0.010283509
1022,False,6.45633e-05,-0.046131045,0.0015076045
1023,False,6.537378e-05,-0.033157434,0.011687199
1024,False,6.154545e-05,-0.028047474,0.013098565
1025,False,5.992915e-05,-0.027039563,0.017726688
1026,False,6.370331e-05,-0.029071873,-0.0031978674
1027,False,6.692389e-05,-0.017454278,0.005199721
1028,False,6.0780287e-05,-0.0105691785,-0.013422448
1029,False,6.0317256e-05,-0.030352037,-0.01829929
1030,False,6.054358e-05,-0.03706205,0.004182853
1031,False,7.4995936e-05,-0.004755304,0.0017574076
1032,False,7.3683266e-05,-0.005995731,0.0061156508
1033,False,7.138119e-05,0.0051575024,0.008273581
1034,False,7.042771e-05,0.0028945312,0.006455237
1035,False,7.070885e-05,-0.012863523,-0.0037849154
1036,False,6.809288e-05,-0.0046129934,-0.026408909
1037,False,7.0113594e-05,-0.015777737,-0.004672352
1038,False,6.643649e-05,-0.005551979,0.010408884
1039,False,6.6995315e-05,0.014893837,0.022112463
1040,False,6.773539e-05,0.01242901,0.0328604
1041,False,6.486423e-05,0.014990354,0.009643605
1042,False,6.304119e-05,0.013303053,0.0069308747
1043,True,6.412688e-05,0.019187564,0.0072549377
1044,True,6.3437044e-05,0.023241488,0.020600304
1045,False,6.307829e-05,0.025885489,0.010905027
1046,False,6.284484e-05,0.0120128635,0.0005468428
1047,True,6.3402964e-05,0.005552396,-0.009802235
1048,True,6.0792783e-05,0.006813961,-0.0058462173
1049,True,6.4870736e-05,0.017429475,0.019301739
1050,True,6.459445e-05,0.029753067,-4.244782e-05
1051,True,6.169506e-05,0.006333731,0.009325245
1052,True,6.13727e-05,0.008862644,0.019401243
1053,True,6.140065e-05,0.010121455,0.02752389
1054,False,6.386522e-05,0.02433588,0.015219964
1055,True,6.496163e-05,0.01238895,0.01612432
1056,True,5.9815917e-05,0.010345804,0.013075507
1057,True,6.124723e-05,5.517993e-05,-0.0011055134
1058,False,6.508421e-05,-0.004821622,-0.0037302487
1059,True,6.198596e-05,0.006036477,0.010682866
1060,True,5.7803532e-05,-0.013315147,-0.004785645
1061,True,6.413843e-05,0.012451917,0.005019648
1062,True,6.708611e-05,0.013490379,-0.01637126
1063,True,6.136326e-05,0.0095889615,-0.001712448
1064,False,6.0895378e-05,-0.012432044,-0.006855987
1065,True,6.159739e-05,0.016101673,0.008548316
1066,True,6.183357e-05,0.010055514,0.013299447
1067,True,6.471858e-05,0.0068248417,-0.0041625574
1068,False,6.2607134e-05,0.005209204,-0.022359487
1069,True,6.0930855e-05,-0.014250786,0.007103022
1070,False,5.9436516e-05,-0.03319306,-0.013431869
1071,False,6.339577e-05,0.004254969,0.008185702
1072,True,6.2654086e-05,-9.328313e-05,0.009720077
1073,False,6.22247e-05,0.0012569986,0.016704
1074,True,6.6623405e-05,-0.011697307,0.010235745
1075,False,6.0616498e-05,-0.0028511677,0.008119576
1076,True,6.5064785e-05,0.0110853845,-0.011411369
1077,False,6.4224594e-05,0.013735666,0.011028678
1078,False,6.1953775e-05,-0.014337391,-0.007120466
1079,False,6.152427e-05,-0.021973995,-0.0014845431
1080,False,6.246423e-05,-0.022721749,0.01026963
1081,False,6.6536246e-05,-0.020814762,0.02729621
1082,False,6.3715444e-05,-0.019453976,0.017271057
1083,False,5.8718666e-05,-0.014830604,0.020201191
1084,False,6.266852e-05,-0.027954228,0.009565018
1085,False,6.2708335e-05,-0.01732235,0.004410472
1086,False,6.202445e-05,-0.034973707,0.007999398
1087,False,6.461798e-05,-0.036369395,0.01280674
1088,False,6.280782e-05,-0.03147585,0.01758813
1089,False,6.654616e-05,-0.032805324,0.011928101
1090,False,6.5464876e-05,-0.023930138,-0.0065456573
1091,False,6.7075875e-05,-0.031972457,-0.0024768692
1092,False,6.69972e-05,-0.03610743,0.00731268
1093,False,6.32278e-05,-0.020918889,0.005103208
1094,False,6.722923e-05,-0.040240046,0.002822427
1095,False,6.838728e-05,-0.046116333,-0.0007546693
1096,False,6.78003e-05,-0.037102178,-0.005254779
1097,False,6.42006e-05,-0.030013345,-0.018066784
1098,False,6.116777e-05,-0.035104394,0.0027207378
1099,False,6.516843e-05,-0.03617757,0.007161243
1100,False,6.478323e-05,-0.046929732,-0.015251238
1101,False,6.174038e-05,-0.043380417,0.0022507682
1102,False,6.1372084e-05,-0.028241718,0.0014274083
1103,False,6.357321e-05,-0.03528305,0.01378076
1104,False,6.485075e-05,-0.03308121,0.006809598
1105,False,6.074426e-05,-0.029025879,-0.019732108
1106,False,5.891153e-05,-0.019285716,-0.011039496
1107,False,6.660848e-05,-0.0310875,-0.009201223
1108,False,6.548946e-05,-0.014026303,0.022517767
1109,False,6.704067e-05,-0.009583435,-0.0066678515
1110,False,7.663152e-05,-0.019828945,0.002963461
1111,False,7.5475175e-05,-0.02399833,-0.0006255815
1112,False,6.977026e-05,-0.014923092,0.0034229513
1113,False,7.126542e-05,-0.025845192,0.0020999722
1114,False,7.122989e-05,-0.014565123,-0.0040458776
1115,False,7.1189206e-05,-0.0047759856,-0.012727151
1116,False,7.248101e-05,-0.02370802,-0.013938782
1117,False,7.074648e-05,-0.016385343,-0.008182209
1118,False,6.991125e-05,-0.008922603,0.015800614
1119,False,6.840117e-05,-0.009283191,0.0043644942
1120,False,6.758228e-05,0.012288182,0.01201576
1121,False,6.47058e-05,0.0020850115,0.01327729
1122,False,6.373819e-05,0.0046181455,0.018974215
1123,False,6.106677e-05,0.00038217334,0.02152055
1124,True,6.01476e-05,0.022345945,0.012317583
1125,True,5.9885497e-05,-0.008011587,0.02311528
1126,True,6.0963193e-05,0.005376422,0.0027526543
1127,True,5.996935e-05,0.022386916,0.0029344745
1128,True,6.126797e-05,-0.011517113,-0.0028753914
1129,True,5.9860617e-05,0.0014241477,-0.015798109
1130,True,6.2079744e-05,0.012851737,0.015866578
1131,False,6.225061e-05,-0.00031695887,-0.0033564586
1132,True,6.235226e-05,0.020669535,0.0161971
1133,True,6.0904895e-05,0.017023759,0.012377394
1134,True,6.192334e-05,0.021154258,0.023978574
1135,False,6.2521096e-05,0.030715525,0.020800026
1136,True,6.4267464e-05,0.00678966,0.011036627
1137,True,5.839175e-05,0.009446937,-0.0019436907
1138,True,5.8516653e-05,0.005041196,0.015012816
1139,True,6.0748014e-05,0.010822157,0.0102062095
1140,False,5.9764723e-05,-0.0008642636,0.00031401776
1141,True,5.6695764e-05,-0.009747731,-0.008750062
1142,True,5.893028e-05,0.008334175,-0.011472717
1143,True,5.9094218e-05,-0.020460118,0.0010546315
1144,False,6.021869e-05,-0.010543054,0.026695557
1145,True,6.436927e-05,0.01876041,0.007416061
1146,True,6.201076e-05,0.026295748,0.012091979
1147,False,5.8814672e-05,-0.012801897,0.012595783
1148,False,6.1108505e-05,0.006694669,0.011812997
1149,True,6.0690723e-05,0.008447511,-0.015035196
1150,True,6.304154e-05,-0.005889243,-0.008119433
1151,False,6.2818086e-05,-0.026716419,-0.006599851
1152,False,6.347916e-05,-0.015517795,-0.018201476
1153,True,6.2433064e-05,-0.003236941,0.009753896
1154,True,6.213683e-05,0.0023727142,0.010125041
1155,False,6.605681e-05,0.008663824,0.005740961
1156,True,6.238316e-05,0.002046816,0.013794458
1157,False,6.556317e-05,0.0014420971,0.028414536
1158,True,6.2510335e-05,0.002611251,-0.00030456856
1159,True,6.3338484e-05,0.014626281,0.022931974
1160,False,6.407925e-05,-0.0035299095,0.0042231893
1161,False,6.543245e-05,-0.009780828,0.008118704
1162,False,6.451697e-05,-0.0060745897,0.03172029
1163,False,6.0723967e-05,-0.017485315,0.024169868
1164,False,6.283015e-05,-0.03285225,0.009830636
1165,False,5.899371e-05,-0.01504297,0.014791174
1166,False,6.283251e-05,-0.03926954,-0.0044951085
1167,False,6.401335e-05,-0.027771488,0.019741207
1168,False,6.116078e-05,-0.025780413,0.020863898
1169,False,6.7461035e-05,-0.03340812,0.023376917
1170,False,6.51715e-05,-0.023242455,0.00945225
1171,False,6.8015615e-05,-0.03142567,0.0046134153
1172,False,6.567868e-05,-0.019187355,0.022368563
1173,False,6.6813955e-05,-0.023758592,0.006923753
1174,False,6.276385e-05,-0.019992203,0.012912413
1175,False,6.611719e-05,-0.027851935,0.0027664732
1176,False,6.614606e-05,-0.02450535,-0.012754913
1177,False,6.89738e-05,-0.03670451,0.001499489
1178,False,6.877563e-05,-0.040594496,-0.022645079
1179,False,6.85623e-05,-0.030272443,0.001621089
1180,False,6.234788e-05,-0.03412086,-0.014802585
1181,False,6.261288e-05,-0.037402805,-0.0034031402
1182,False,6.776059e-05,-0.036326423,0.008142695
1183,False,6.927769e-05,-0.036895975,0.0028338842
1184,False,6.353855e-05,-0.030149098,0.007480706
1185,False,6.72993e-05,-0.041725814,0.0044419654
1186,False,6.6878456e-05,-0.017644566,0.022595383
1187,False,6.405652e-05,-0.03068164,-0.0067817587
1188,False,6.3174215e-05,-0.018163532,-0.012311408
1189,False,6.859212e-05,-0.039234493,0.014024364
1190,False,6.837665e-05,-0.01086387,0.00039514527
1191,False,6.679102e-05,0.013736421,-0.0073459637
1192,False,7.563907e-05,-0.024023468,-0.0119982585
1193,False,7.419226e-05,-0.022919545,-0.002758734
1194,False,6.989259e-05,-0.027420878,-0.007108636
1195,False,6.989083e-05,-0.016175807,-0.010356136
1196,False,7.1775845e-05,-0.010716533,-0.010176985
1197,False,7.073313e-05,-0.037756346,-0.011888454
1198,False,7.143609e-05,-0.01898419,-0.02022279
1199,False,6.9832924e-05,-0.014040258,-0.009574238
1200,False,6.9290625e-05,-0.010205214,0.021734647
1201,False,6.855634e-05,0.0031193993,0.0060489196
1202,False,6.868031e-05,0.011147228,0.017926406
1203,False,6.5083834e-05,-0.009488527,0.03095537
1204,True,6.007405e-05,0.009091269,0.009365391
1205,False,6.3235246e-05,0.018889975,0.016711622
1206,False,6.185837e-05,0.020630188,0.014807351
1207,True,6.0894792e-05,0.014643308,0.0081153065
1208,True,6.008284e-05,0.01989293,0.016590917
1209,False,5.8607806e-05,-0.008721359,-0.00882743
1210,False,5.824255e-05,-0.0013808403,0.0013419217
1211,True,5.8851856e-05,0.0109042665,0.01969212
1212,True,6.076374e-05,0.014731409,0.02113538
1213,True,6.73663e-05,0.005023934,0.0022403784
1214,False,6.459456e-05,0.021064755,0.012346258
1215,True,6.1845014e-05,0.023929723,0.014870203
1216,True,6.0894174e-05,0.011521885,0.015523978
1217,True,6.227165e-05,0.010384748,0.0059892535
1218,True,6.281141e-05,0.017388042,0.002092041
1219,True,6.22005e-05,0.00627755,0.014110545
1220,False,6.448364e-05,0.0035506748,-0.01419068
1221,False,6.159541e-05,0.0049275924,-0.0075816372
1222,True,6.1475854e-05,0.0016566748,0.008235286
1223,False,6.3614105e-05,0.017250434,0.006659638
1224,False,6.240311e-05,0.004829186,0.0027012024
1225,False,6.0359285e-05,-0.015318388,-0.007764837
1226,False,6.0877745e-05,-0.012553414,0.03433372
1227,True,5.8194262e-05,-0.0034112735,0.017746858
1228,False,6.261302e-05,0.010743986,-0.004342799
1229,False,5.8604295e-05,-0.0003449712,-0.012026753
1230,False,5.9898044e-05,-0.0068239383,0.024091093
1231,False,6.0000406e-05,0.0013605058,0.0036317892
1232,False,6.249292e-05,0.0029340293,-0.0121460445
1233,False,6.0508653e-05,-0.021412104,-0.007417045
1234,False,6.0035054e-05,-0.022582758,-0.022613723
1235,False,6.288231e-05,-0.03426529,-0.009840116
1236,False,6.4723376e-05,-0.01735901,-0.005282716
1237,False,5.8385434e-05,-0.0007315837,0.015161961
1238,False,6.2481005e-05,0.021246038,0.019478958
1239,True,6.4755885e-05,0.014588479,0.028861707
1240,True,6.314897e-05,0.005557254,-0.0058994275
1241,False,6.462383e-05,-0.008228657,0.008520957
1242,False,6.644593e-05,0.0015723389,0.002368967
1243,False,6.146141e-05,-0.009406778,-0.014289718
1244,False,6.716324e-05,-0.012162443,0.0060621127
1245,False,6.0689654e-05,-0.012266679,0.02649694
1246,False,6.3030944e-05,-0.019860346,0.020680908
1247,False,5.774577e-05,-0.026047524,-0.00040010735
1248,False,6.025915e-05,-0.038358662,0.018399019
1249,False,6.51776e-05,-0.025742061,0.0072394256
1250,False,6.271793e-05,-0.02990815,0.023433907
1251,False,6.328891e-05,-0.035302524,0.026461367
1252,False,6.820789e-05,-0.02291362,0.024193296
1253,False,6.385085e-05,-0.024742156,-0.01747184
1254,False,6.7722e-05,-0.02986725,0.009239076
1255,False,6.4305255e-05,-0.02615175,-0.0024212366
1256,False,6.6168024e-05,-0.02441906,0.0019916398
1257,False,6.652668e-05,-0.029931758,0.0012155478
1258,False,6.644139e-05,-0.021768369,0.0061857523
1259,False,6.726879e-05,-0.013433572,0.017743183
1260,False,6.8044326e-05,-0.036512323,-0.031865336
1261,False,6.947027e-05,-0.027178114,-0.0017442694
1262,False,6.986433e-05,-0.027021721,0.023723945
1263,False,6.605009e-05,-0.03223888,0.00835751
1264,False,6.906798e-05,-0.036885515,0.0070616035
1265,False,6.612188e-05,-0.031210523,0.019318016
1266,False,6.895782e-05,-0.03842366,0.013413221
1267,False,6.62551e-05,-0.033012457,0.031048289
1268,False,6.387624e-05,-0.03094232,0.0049896464
1269,False,6.155942e-05,-0.021500751,0.0011413489
1270,False,6.443234e-05,-0.027397938,-0.011999112
1271,False,6.816065e-05,-0.013301494,0.0110818
1272,False,6.731245e-05,-0.031925805,0.018631049
1273,False,6.288118e-05,-0.012863187,-0.002400457
1274,False,6.333419e-05,-0.02770064,-0.0033567287
1275,False,6.333437e-05,-0.009210962,-0.0045951614
1276,False,7.5931006e-05,-0.020278495,0.01849772
1277,False,7.22476e-05,-0.03015105,0.0032940581
1278,False,7.01726e-05,-0.017371975,-0.00095899403
1279,False,7.264722e-05,-0.018863527,-0.010607385
1280,False,7.203001e-05,-0.014987441,-0.005735224
1281,False,6.848293e-05,-0.025409264,-0.011057781
1282,False,6.769564e-05,-0.014789204,-0.0049483823
1283,False,6.802358e-05,-0.0065639345,-0.01183467
1284,False,6.821177e-05,-0.015347508,0.02119703
1285,False,6.802315e-05,-0.017724255,0.027454078
1286,False,6.617999e-05,-0.004502654,0.013757054
1287,False,6.45599e-05,-0.0045042695,0.009374216
1288,False,6.423437e-05,0.00477512,-0.009864071
1289,True,6.0269667e-05,-0.006643433,0.010644864
1290,False,5.9784586e-05,0.0012736395,0.017315837
1291,True,5.9193684e-05,0.011312608,0.010414243
1292,True,6.42756e-05,0.018433325,0.004158331
1293,True,6.158504e-05,0.01924384,-0.0017496943
1294,False,5.7628444e-05,-0.0072740745,0.018726815
1295,True,5.7685345e-05,0.0013972577,0.006043479
1296,True,6.575456e-05,0.004221419,-0.0063709477
1297,True,6.584138e-05,0.014354035,0.013946977
1298,False,6.0948667e-05,0.017368494,0.0032092389
1299,True,6.14352e-05,0.016748233,-0.00056906696
1300,True,6.441862e-05,0.0062701805,-0.011485659
1301,False,6.292377e-05,0.0017041182,-0.0010488778
1302,False,6.0248716e-05,-0.00027998164,-0.0018292554
1303,False,6.2251704e-05,0.0011906195,-0.0026394883
1304,False,6.43759e-05,-0.004911447,-0.0064741094
1305,False,6.2906765e-05,-0.015953138,-0.0086455755
1306,False,6.131849e-05,0.0052819652,-0.005288152
1307,False,6.223886e-05,-0.00885635,-0.0021555293
1308,True,5.957984e-05,0.0035183243,-0.0041446555
1309,False,5.716418e-05,-0.009673361,0.031599924
1310,True,6.00617e-05,0.003788935,0.0013076141
1311,True,5.8280355e-05,0.014737662,0.012667533
1312,False,6.027358e-05,-0.0029785763,0.0047991537
1313,True,5.6438286e-05,0.010383335,0.016970625
1314,True,6.0832335e-05,0.00642344,0.006756041
1315,True,6.189733e-05,0.0152045265,0.0006591603
1316,False,6.06554e-05,-0.012776386,-0.010080107
1317,False,6.0758626e-05,-0.017661361,-0.028475571
1318,False,5.7739948e-05,-0.03651957,0.00064346567
1319,False,6.150143e-05,-0.024045287,-0.003276674
1320,False,6.0539554e-05,-0.031464603,-0.017528944
1321,False,6.2854364e-05,-0.024090912,-0.02962811
1322,False,6.645788e-05,-0.023282934,-0.0072640292
1323,True,6.8284186e-05,-0.0016286466,0.005779458
1324,True,6.3127656e-05,0.005594326,0.016575556
1325,True,6.64224e-05,0.014087497,-0.0040402357
1326,True,6.66585e-05,0.01172103,0.0072280634
1327,False,6.456976e-05,0.018003613,-0.0058338037
1328,False,6.623665e-05,0.008987653,-0.00655926
1329,False,6.868307e-05,-0.0021657562,0.010655692
1330,False,6.103307e-05,-0.019032668,0.012670141
1331,False,6.0408667e-05,-0.020293899,0.039987095
1332,False,6.2612795e-05,-0.040552385,0.010163205
1333,False,6.374184e-05,-0.029252365,0.012915051
1334,False,6.3293366e-05,-0.03973393,-0.0036604553
1335,False,6.3314714e-05,-0.03706827,0.015573364
1336,False,6.709408e-05,-0.04221853,0.0036261715
1337,False,6.63261e-05,-0.0406283,-0.019680992
1338,False,6.503957e-05,-0.034360513,-0.029889569
1339,False,6.611536e-05,-0.026030647,-0.026339194
1340,False,6.7455636e-05,-0.026709579,0.0039905496
1341,False,6.482825e-05,-0.010844633,0.0037144227
1342,False,6.777215e-05,-0.03611307,0.00012710597
1343,False,6.679865e-05,-0.007505233,0.00033035688
1344,False,6.648232e-05,-0.02149696,0.015283817
1345,False,6.852069e-05,-0.03053008,-0.017728876
1346,False,6.944223e-05,-0.046315443,-0.018451817
1347,False,6.652349e-05,-0.045940746,-0.023537833
1348,False,6.623447e-05,-0.050332442,-0.021509523
1349,False,6.664618e-05,-0.04000292,0.011949223
1350,False,6.6889625e-05,-0.047443323,-0.0035209805
1351,False,6.6150686e-05,-0.03228487,0.014307076
1352,False,6.682623e-05,-0.023232868,0.0061680228
1353,False,6.583057e-05,-0.027997378,-0.0028160587
1354,False,6.2538194e-05,-0.045132335,0.0035301037
1355,False,6.696642e-05,-0.02773933,0.006499177
1356,False,6.765437e-05,-0.030136794,0.012990784
1357,False,6.595758e-05,-0.028609756,0.0055301916
1358,False,6.3824555e-05,-0.027975582,0.019988518
1359,False,6.41242e-05,-0.020013839,-0.00019747578
1360,False,6.7225796e-05,-0.011276593,0.004380135
1361,False,6.823501e-05,-0.010636617,-0.0011525787
1362,False,6.869764e-05,-0.015339068,0.010199565
1363,False,7.3131036e-05,-0.012029454,0.030704722
1364,False,7.315524e-05,-0.024527919,0.009297304
1365,False,7.086241e-05,-0.012082434,-0.0029692044
1366,False,7.37395e-05,-0.014535988,-0.007093098
1367,False,7.029737e-05,-0.013026099,-0.008781809
1368,False,7.316296e-05,-0.013318263,-0.016752038
1369,False,6.956171e-05,-0.008617266,-0.009414086
1370,False,6.876852e-05,0.0024255216,-0.0018644063
1371,False,6.908163e-05,-0.015475389,0.0161235
1372,False,6.9626825e-05,-0.010412166,0.01099683
1373,False,6.822175e-05,-0.0035505174,0.0070738997
1374,False,6.692186e-05,-0.0015405435,-0.009371281
1375,False,6.54162e-05,-0.010655817,-0.0022156704
1376,True,6.065318e-05,0.012064502,-0.019177392
1377,False,6.056941e-05,-0.010227419,0.0048463847
1378,False,5.9624308e-05,0.0067244163,0.01828741
1379,True,6.383495e-05,0.00412298,0.016066642
1380,True,6.2084924e-05,0.0054092286,0.011256179
1381,False,5.8366582e-05,0.0029371097,0.0019924175
1382,True,6.128486e-05,0.0007341886,-0.009113425
1383,True,6.0238108e-05,0.0033222213,0.011652481
1384,True,5.8610785e-05,0.016358579,-0.001860192
1385,True,6.0785136e-05,0.027214576,-0.0048798798
1386,True,6.263563e-05,0.01993224,-0.00488713
1387,True,6.1636e-05,-0.006684892,-0.00215571
1388,True,6.0390827e-05,0.0056978753,-0.0069350703
1389,False,6.044349e-05,0.010851808,0.013320586
1390,True,6.5066815e-05,-0.022272006,-0.010699264
1391,False,5.926374e-05,-0.012633333,-0.016546426
1392,False,5.683704e-05,-0.017964741,-0.004570392
1393,True,5.8085614e-05,-0.007559766,-0.0004660748
1394,True,5.9715527e-05,0.00031149853,-0.017397683
1395,True,5.6283825e-05,-0.004295262,0.0060983533
1396,False,6.037216e-05,-0.0042592804,-0.0057774475
1397,True,6.2918065e-05,0.003315663,-0.0017373217
1398,True,5.9980797e-05,0.0073791705,-0.008263445
1399,True,5.937793e-05,0.022279842,0.007214915
1400,True,6.1080704e-05,0.0076445136,0.014358514
1401,True,5.8198886e-05,0.0045979284,-0.003408894
1402,True,6.219296e-05,0.010961562,0.0035825279
1403,False,6.305167e-05,-0.011330586,0.00595621
1404,False,6.193822e-05,-0.022833139,0.0041185096
1405,False,5.753298e-05,-0.004382532,0.015303329
1406,False,5.9975995e-05,-0.0061691944,0.0028454047
1407,False,6.189091e-05,-0.04284229,-0.019894918
1408,False,5.9830196e-05,-0.017864648,-0.016568739
1409,False,6.270177e-05,-0.036419056,-0.02778752
1410,False,6.322138e-05,-0.009540435,0.015934698
1411,True,6.0547878e-05,0.0041344976,0.015592676
1412,True,6.304868e-05,0.008096859,0.014164481
1413,True,6.4802065e-05,0.008449059,0.009643575
1414,False,6.315813e-05,0.020751314,0.01037967
1415,False,6.800529e-05,0.00048009492,-0.0051330226
1416,False,6.613656e-05,-0.015714344,0.020545933
1417,False,6.133646e-05,-0.026610427,0.027687615
1418,False,5.9714246e-05,-0.0127184335,0.023533324
1419,False,6.617647e-05,-0.030339373,0.014970094
1420,False,6.3576284e-05,-0.046803527,0.024799537
1421,False,6.558279e-05,-0.03260488,0.0014535896
1422,False,6.776259e-05,-0.044445932,0.004499845
1423,False,6.787095e-05,-0.045546465,-0.0046798475
1424,False,6.830695e-05,-0.043639045,-0.01791398
1425,False,6.855603e-05,-0.0345722,-0.025807848
1426,False,6.4562766e-05,-0.034424305,-0.013205757
1427,False,6.420463e-05,-0.02161435,0.00021695718
1428,False,6.645198e-05,-0.029930998,-0.008858002
1429,False,6.413771e-05,-0.022926187,0.001911643
1430,False,6.4467604e-05,-0.0187839,0.015429679
1431,False,6.751482e-05,-0.036473513,-0.009039737
1432,False,6.864139e-05,-0.051033247,-0.013235934
1433,False,7.051066e-05,-0.05387957,-0.015140548
1434,False,6.9590125e-05,-0.043350123,-0.03269019
1435,False,6.685169e-05,-0.042188704,-0.0052005723
1436,False,6.6562374e-05,-0.041710466,-0.01382095
1437,False,6.5591834e-05,-0.032245167,-0.00075420365
1438,False,6.0998536e-05,-0.034829468,0.013795054
1439,False,6.5132976e-05,-0.025662702,0.00011894107
1440,False,6.454578e-05,-0.02357664,-0.014198225
1441,False,6.810144e-05,-0.020318296,-0.0056009535
1442,False,6.712378e-05,-0.027231757,-0.0012257546
1443,False,6.526576e-05,-0.009692569,-0.0030615255
1444,False,6.646324e-05,-0.027059335,0.013405487
1445,False,6.228405e-05,-0.030718338,0.009049168
1446,False,6.599847e-05,-0.03895938,-0.0036641983
1447,False,7.1660936e-05,-0.025990903,0.014970619
1448,False,6.362416e-05,-0.013319688,0.0064694462
1449,False,6.908974e-05,-0.035124697,0.023319604
1450,False,6.8679816e-05,-0.028600767,0.03812986
1451,False,6.950723e-05,-0.031444974,0.026071914
1452,False,6.829881e-05,-0.032875672,0.0400716
1453,False,6.988254e-05,-0.026593486,0.025595224
1454,False,6.9084505e-05,-0.018003305,0.020765454
1455,False,6.93231e-05,-0.018547356,0.025834085
1456,False,7.029062e-05,-0.01308758,0.020056888
1457,False,7.110842e-05,-0.015332743,0.024948956
1458,False,7.5309385e-05,-0.009674754,0.012099266
1459,False,7.315423e-05,-0.022523899,-0.0073240167
1460,False,6.961641e-05,-0.02173563,0.0062346663
1461,False,6.80375e-05,-0.01996316,-0.003851045
1462,False,6.931656e-05,-0.022989837,0.00055614766
1463,False,6.974361e-05,-0.006199583,-0.008378829
1464,False,6.946976e-05,-0.00023852289,-0.0018061055
1465,False,6.919081e-05,-0.014999043,-0.0021404624
1466,False,6.88348e-05,-0.01460494,0.0037298594
1467,False,6.916922e-05,-0.008617992,0.00936006
1468,False,6.782223e-05,0.006507311,0.004570162
1469,False,6.643642e-05,-0.0037559727,0.0072836466
1470,False,6.492016e-05,0.0057445196,-0.0022095144
1471,True,6.647809e-05,-0.013455138,0.022356875
1472,True,6.238867e-05,0.024779215,-0.0016024299
1473,False,6.254677e-05,0.022786036,0.014511226
1474,True,6.3122825e-05,0.014314188,0.024422787
1475,True,6.180794e-05,0.01957712,0.031571355
1476,True,6.1696526e-05,0.0015593334,0.013370049
1477,True,6.197547e-05,-0.0056770537,0.010128934
1478,False,6.355642e-05,-0.026497766,0.0007159319
1479,True,6.066504e-05,-0.006511544,0.0014801463
1480,True,6.137966e-05,0.022838173,0.0011107512
1481,True,5.81764e-05,0.015805742,-0.017702049
1482,False,6.125903e-05,0.00933937,-0.014678279
1483,True,6.239259e-05,0.009692948,-0.0006397432
1484,False,6.358349e-05,0.0149545595,0.012950845
1485,False,6.17159e-05,-0.004650876,-0.0034896303
1486,False,6.29014e-05,-0.008408084,-0.0069001745
1487,False,6.329974e-05,-0.0014450513,-0.03350456
1488,True,6.0218666e-05,0.008319253,-0.0041850526
1489,True,6.0360493e-05,0.023915924,0.014186708
1490,True,6.5453765e-05,0.020566296,0.0033517117
1491,False,6.353977e-05,0.004731875,0.017936379
1492,False,6.773813e-05,-0.006823648,0.008644848
1493,True,6.2783045e-05,0.016810251,-0.004051747
1494,False,6.271167e-05,0.012429623,-0.007562775
1495,False,6.21533e-05,-0.008586373,-0.0060313866
1496,False,5.97206e-05,-0.0038379123,0.010654544
1497,False,6.1746e-05,0.007698328,0.015505727
1498,False,6.227906e-05,0.0037526116,-0.0011936966
1499,False,6.129294e-05,-0.025770072,0.009883605
1500,False,6.1770545e-05,-0.023619264,-0.010702782
1501,False,6.126065e-05,-0.032158136,-0.013788364
1502,False,6.430433e-05,-0.03093141,-0.019328177
1503,False,6.11451e-05,-0.018054005,-0.026628176
1504,False,5.9098944e-05,-0.009801302,-0.0076890634
1505,False,6.138186e-05,-0.006812211,0.017234579
1506,False,6.0714097e-05,0.0003697835,-0.0044697663
1507,False,6.376684e-05,-0.011981707,-0.008119471
1508,False,6.1417144e-05,-0.0004496593,-0.0032754298
1509,False,6.433504e-05,0.012658343,-0.0038095247
1510,False,6.655839e-05,-0.007100255,0.013943031
1511,False,6.393101e-05,-0.03187075,0.01870815
1512,False,5.8376903e-05,-0.015692662,0.033018902
1513,False,6.0665025e-05,-0.03319613,0.011172116
1514,False,6.47229e-05,-0.032332584,0.022904899
1515,False,6.57895e-05,-0.026054204,0.0076114275
1516,False,6.877416e-05,-0.045444798,-0.0050191134
1517,False,6.465049e-05,-0.030101102,-0.0040061763
1518,False,6.218578e-05,-0.03960287,-0.016160041
1519,False,6.625092e-05,-0.04374688,-0.02543505
1520,False,6.515454e-05,-0.030012684,-0.008671338
1521,False,6.4081076e-05,-0.004345962,-0.017822001
1522,False,6.668e-05,-0.03100773,-0.0026181834
1523,False,6.388998e-05,-0.020942802,0.0036078608
1524,False,6.518013e-05,-0.027703393,0.0004385952
1525,False,6.6520646e-05,-0.040782265,-0.02548983
1526,False,6.866413e-05,-0.03826458,-0.019536102
1527,False,6.484772e-05,-0.039409105,-0.00033790758
1528,False,6.6948734e-05,-0.033365626,0.016515661
1529,False,6.761642e-05,-0.034752324,-0.0039599687
1530,False,6.592479e-05,-0.038604777,0.013946893
1531,False,6.2223204e-05,-0.029661868,0.022727454
1532,False,6.5566215e-05,-0.016354585,-0.0065939184
1533,False,6.1387065e-05,-0.03265408,-0.012814779
1534,False,6.9249756e-05,-0.01080401,-0.016977023
1535,False,6.821517e-05,-0.013113669,-0.016742371
1536,False,6.648776e-05,-0.012042211,0.0036127623
1537,False,6.616293e-05,-0.014291465,-0.014026439
1538,False,6.647446e-05,-0.0018222444,0.0033382783
1539,False,6.570031e-05,-0.038275503,-0.004110476
1540,False,6.7893474e-05,-0.015582961,-0.0019130968
1541,False,6.443373e-05,-0.0068085035,0.008464689
1542,False,6.990118e-05,-0.04499945,0.039962344
1543,False,7.444323e-05,-0.033876885,0.026294239
1544,False,6.895521e-05,-0.02069528,0.026964383
1545,False,6.9439724e-05,-0.01436615,0.02579539
1546,False,6.910542e-05,-0.019725844,0.027912986
1547,False,6.8857815e-05,-0.015689617,0.018963953
1548,False,6.912399e-05,-0.0136648975,0.02168434
1549,False,6.980897e-05,-0.028364442,0.015202776
1550,False,7.021028e-05,-0.024113122,0.033387896
1551,False,6.9340414e-05,-0.03194718,0.043894604
1552,False,6.5801905e-05,-0.019842945,0.011477398
1553,False,6.9581205e-05,-0.031694382,0.004628498
1554,False,7.442431e-05,-0.034628697,-0.0020480081
1555,False,7.190162e-05,-0.030820485,0.00016889162
1556,False,7.0829534e-05,-0.019862387,-0.013685202
1557,False,7.129868e-05,-0.019308299,-0.0019964464
1558,False,7.1463786e-05,-0.012846841,-0.008456776
1559,False,6.929826e-05,-0.02418673,-0.0014729984
1560,False,6.897666e-05,-0.0027857143,-0.0006385967
1561,False,6.8743095e-05,-0.00909272,0.007196989
1562,False,6.8939895e-05,-0.008496188,-0.0023616068
1563,False,6.931119e-05,-0.0034778425,0.024086632
1564,False,6.797895e-05,-0.00510253,0.0010189395
1565,False,6.604608e-05,-0.0010350901,-0.008053999
1566,False,6.591997e-05,-0.006174775,0.0059799273
1567,True,6.764899e-05,-0.0044983095,0.022145264
1568,True,6.3834304e-05,0.012820364,0.006250739
1569,True,6.0065213e-05,0.0050608134,0.019121746
1570,True,5.950388e-05,-0.0012276694,-0.0007107314
1571,True,6.391179e-05,0.0057358705,0.016519584
1572,True,6.482417e-05,0.015674666,0.004284478
1573,False,6.193561e-05,-0.0010526106,0.00093155727
1574,False,6.250969e-05,-0.031889845,-0.0144593315
1575,False,6.0283928e-05,-0.023377676,0.00023786724
1576,False,6.0497085e-05,0.0017409683,-0.005544279
1577,True,5.9524635e-05,0.0052158497,0.009462715
1578,True,6.2717416e-05,0.0069400966,-0.0025614798
1579,False,5.8619502e-05,0.02126382,-0.0072730593
1580,False,6.273026e-05,0.013317896,-0.0029311283
1581,False,6.349072e-05,0.0064264387,-0.0039555216
1582,False,6.2495215e-05,0.005367447,-0.014286688
1583,True,5.9926937e-05,0.014601976,-0.003786074
1584,True,6.13339e-05,0.01273255,0.019775227
1585,True,6.224468e-05,0.013353124,0.009022301
1586,True,6.109181e-05,0.0197949,0.02397054
1587,True,6.6823704e-05,0.016313491,0.0052082613
1588,True,6.3834814e-05,0.02238107,0.017627422
1589,False,6.314557e-05,0.007880162,-0.009645041
1590,False,6.065733e-05,-0.000846046,0.0007008072
1591,False,6.0392875e-05,0.0055772634,-0.00716014
1592,True,6.0853992e-05,0.010176484,0.011026472
1593,True,5.933921e-05,0.015094719,0.016358508
1594,True,5.949748e-05,-0.00067211594,0.02615422
1595,False,6.128261e-05,0.020665742,0.007057539
1596,False,6.2785395e-05,0.023219822,0.019229278
1597,False,5.8982376e-05,0.006183124,0.020729858
1598,True,5.7300378e-05,-0.001860975,0.007451372
1599,False,6.067641e-05,-0.01953734,0.0064592
1600,False,6.477452e-05,-0.018870719,-0.008901589
1601,False,6.176798e-05,-0.01023626,-0.012670925
1602,False,6.5678076e-05,-0.009651987,0.016485993
1603,False,6.2057254e-05,-0.0014703544,0.0006350335
1604,False,6.192822e-05,-0.004705945,-0.030955002
1605,False,5.561646e-05,-0.014492676,-0.009854697
1606,False,6.4341155e-05,-0.008062218,0.024171524
1607,False,6.4498374e-05,0.004806308,-0.0023122411
1608,False,6.7356894e-05,-0.021312796,0.016652884
1609,False,6.788756e-05,-0.0245636,0.028344307
1610,False,6.108855e-05,-0.023390103,0.036778983
1611,False,6.139604e-05,-0.025227554,0.02693242
1612,False,6.288656e-05,-0.022206284,0.012639573
1613,False,6.696114e-05,-0.041971445,0.013674069
1614,False,6.5605615e-05,-0.032949343,-0.01562818
1615,False,6.394341e-05,-0.026508888,0.0011053365
1616,False,6.519858e-05,-0.032120332,-0.026135132
1617,False,6.4509564e-05,-0.021227784,-0.0070665292
1618,False,6.600158e-05,-0.0023864303,0.0039889105
1619,False,6.5023785e-05,-0.020737924,0.0010983758
1620,False,6.675388e-05,-0.025586596,0.0030032862
1621,False,6.6992376e-05,-0.030650556,0.010240521
1622,False,6.780642e-05,-0.01761138,0.014729373
1623,False,6.470787e-05,-0.027363177,-0.01670912
1624,False,6.374077e-05,-0.026015254,0.012896536
1625,False,7.088539e-05,-0.043734577,-0.020989869
1626,False,6.6564266e-05,-0.04654296,-0.02380849
1627,False,6.677596e-05,-0.038217723,-0.001220624
1628,False,6.3349944e-05,-0.030535482,2.3510307e-05
1629,False,6.300411e-05,-0.03459792,0.013862768
1630,False,6.2545434e-05,-0.030045645,0.026958218
1631,False,6.3301864e-05,-0.012262114,0.00027166493
1632,False,6.171994e-05,-0.014788998,0.0062347073
1633,False,6.757196e-05,-0.01607398,0.0027382355
1634,False,6.946519e-05,-0.011738913,0.0013833232
1635,False,6.609441e-05,-0.021756968,0.029524023
1636,False,7.093548e-05,-0.013390236,-0.0021823682
1637,False,6.741936e-05,-0.013237463,-0.016560536
1638,False,6.6738496e-05,-0.0046420936,-0.017922752
1639,False,6.540672e-05,-0.024080325,-0.0070877178
1640,False,6.57396e-05,-0.008610008,0.010754693
1641,False,7.307759e-05,-0.03176782,0.03055655
1642,False,6.989165e-05,-0.009152919,0.036787156
1643,False,6.872359e-05,-0.023171745,0.027114766
1644,False,6.798233e-05,-0.021657944,0.028626468
1645,False,6.843989e-05,-0.0355267,0.033702582
1646,False,6.855155e-05,-0.015851881,0.033787936
1647,False,6.932587e-05,-0.017807733,0.022328228
1648,False,7.0669914e-05,-0.012932437,0.041192554
1649,False,6.970246e-05,-0.019103765,0.04565637
1650,False,7.115594e-05,-0.030045975,0.033328637
1651,False,6.524298e-05,-0.041785717,0.0053702593
1652,False,6.658307e-05,-0.022090591,0.014604058
1653,False,6.541109e-05,-0.010136185,0.002234798
1654,False,6.261049e-05,-0.025279645,0.010314763
1655,False,6.4526816e-05,-0.010376025,0.021982495
1656,False,6.587318e-05,-0.03041103,-0.016987663
1657,False,7.1881535e-05,-0.024944743,-0.007692109
1658,False,7.2460425e-05,-0.015909642,-0.0011734786
1659,False,6.821393e-05,-0.023819974,-0.012605503
1660,False,6.829774e-05,-0.010601068,-0.007832322
1661,False,7.136954e-05,-0.01697336,-0.016755616
1662,False,7.068269e-05,-0.014985029,-0.0042987876
1663,False,7.1001574e-05,-0.01177416,0.010444529
1664,False,7.1060975e-05,-0.008286906,0.007192308
1665,False,7.0641145e-05,-0.0062345956,-0.001122497
1666,False,6.807573e-05,-0.012779567,0.009081405
1667,False,6.8318375e-05,-0.0044592675,-0.003499072
1668,False,6.653405e-05,0.0055614524,-0.008043755
1669,False,6.537999e-05,0.0007175617,0.0014962871
1670,True,6.5179986e-05,0.019803088,0.0075956834
1671,True,6.600214e-05,0.024129525,0.017412001
1672,True,6.3151914e-05,0.009717947,0.022575969
1673,True,6.013127e-05,0.01807348,0.02160246
1674,True,6.327427e-05,0.02117101,0.027725637
1675,True,6.643579e-05,0.015917683,0.01051002
1676,True,5.9704464e-05,0.008165644,-0.0057912236
1677,False,6.37425e-05,0.005348405,-0.0049384795
1678,False,6.4336986e-05,-0.0059495624,0.0042329663
1679,True,5.732366e-05,0.009153513,-0.005212337
1680,False,5.9904378e-05,0.004361662,0.0027573407
1681,True,6.108195e-05,0.017766494,0.010110516
1682,False,6.196217e-05,0.011656456,-0.0016692653
1683,False,6.471214e-05,0.017698318,-0.009588249
1684,False,6.344141e-05,0.0021389453,-0.007858399
1685,True,6.3537176e-05,0.018420706,0.0019175243
1686,True,6.0770642e-05,0.009232219,0.013255272
1687,True,6.256501e-05,0.027676677,0.01960088
1688,True,6.523561e-05,0.011050223,0.019262837
1689,True,6.5962195e-05,0.0123410085,0.012398833
1690,True,6.095551e-05,0.02036767,-0.004566565
1691,False,6.318731e-05,0.016261155,-0.013478737
1692,False,6.325731e-05,-0.007893067,0.00017161854
1693,True,5.972617e-05,0.013950209,0.001384899
1694,False,6.021392e-05,0.012282626,0.0020614527
1695,True,6.306037e-05,-0.00452435,0.006891407
1696,True,5.8250895e-05,-0.0061707217,0.008475222
1697,False,6.1593026e-05,0.0016628262,0.013783352
1698,False,6.458233e-05,0.016506217,0.013529874
1699,False,6.253704e-05,-0.011187859,0.008823495
1700,False,6.105713e-05,-0.0029030293,0.011632683
1701,False,6.319689e-05,0.021243019,-0.00031806156
1702,True,6.0625294e-05,0.011658687,0.0038430765
1703,False,5.884032e-05,-0.031644203,-0.019286968
1704,False,6.1606566e-05,-0.005607064,-0.024491966
1705,False,5.995489e-05,-0.0048412494,-0.0027353251
1706,False,6.635516e-05,0.011452622,0.0034354646
1707,False,6.486668e-05,-0.03762293,0.004058115
1708,False,6.407278e-05,-0.015789479,0.0036306102
1709,False,6.339455e-05,-0.02383846,-0.0019273516
1710,False,6.799322e-05,-0.03657794,0.0110737495
1711,False,6.401646e-05,-0.048086256,0.008456018
1712,False,7.054157e-05,-0.029658746,0.02273878
1713,False,6.7284614e-05,-0.020144304,0.030214852
1714,False,5.8389152e-05,-0.007134695,0.013133444
1715,False,6.586223e-05,-0.038694628,0.001358673
1716,False,6.174175e-05,-0.03540744,-0.002937004
1717,False,6.879002e-05,-0.034747966,0.0148426015
1718,False,6.633007e-05,-0.04528077,-0.016187366
1719,False,6.2838066e-05,-0.04371324,0.006087158
1720,False,6.4625645e-05,-0.0316529,0.012233976
1721,False,6.8336296e-05,-0.047436867,-0.0036496613
1722,False,6.8049805e-05,-0.02178431,0.005487893
1723,False,6.586493e-05,-0.0374842,-0.01592679
1724,False,6.5666354e-05,-0.042262837,0.002292594
1725,False,6.4735716e-05,-0.024053542,0.009576834
1726,False,6.7388035e-05,-0.012024168,0.0037250938
1727,False,6.49526e-05,-0.023429016,-0.004518767
1728,False,6.540989e-05,-0.03400601,-0.015558541
1729,False,6.8754794e-05,-0.0453077,-0.0093180835
1730,False,6.8997026e-05,-0.031248514,0.0045147967
1731,False,6.450724e-05,-0.041651435,0.010073305
1732,False,6.458296e-05,-0.021606196,0.029530946
1733,False,6.1711144e-05,-0.02741225,0.00021422282
1734,False,6.3086576e-05,-0.046276197,-0.01796832
1735,False,6.146478e-05,-0.034673702,0.014200198
1736,False,6.770965e-05,-0.0070710946,-0.024686676
1737,False,6.5806504e-05,-0.014735542,0.00590547
1738,False,6.792195e-05,-0.011746047,-0.0039989613
1739,False,6.7818335e-05,-0.0035392083,-0.018164366
1740,False,6.765642e-05,-0.016518598,-0.0014930731
1741,False,6.6469926e-05,-0.024302905,0.022114545
1742,False,6.6949775e-05,-0.046026893,0.003205143
1743,False,6.936544e-05,-0.026575433,0.042181734
1744,False,7.2123476e-05,-0.022159925,0.035229057
1745,False,6.8051755e-05,-0.018947612,0.025105527
1746,False,6.994506e-05,-0.02195189,0.02931026
1747,False,6.935373e-05,-0.010227634,0.031077567
1748,False,6.833511e-05,-0.016175121,0.03860335
1749,False,6.9701564e-05,-0.024288498,0.028847998
1750,False,6.9390815e-05,-0.016581956,0.022884276
1751,False,6.939973e-05,-0.023564983,0.027031166
1752,False,7.177424e-05,-0.029410474,0.031751666
1753,False,6.3560095e-05,-0.037628017,0.021280263
1754,False,6.513336e-05,-0.027958378,0.0022337371
1755,False,6.553614e-05,-0.021217775,0.009643143
1756,False,6.376561e-05,-0.020166881,-2.6222318e-05
1757,False,6.175756e-05,-0.032555267,0.0050705895
1758,False,6.72456e-05,-0.016493708,0.0021994878
1759,False,6.668401e-05,-0.01023585,-0.019042142
1760,False,6.801004e-05,-0.02133917,-0.0005793795
1761,False,6.968016e-05,-0.026286177,-0.007828908
1762,False,6.980648e-05,-0.015503969,0.001940215
1763,False,7.1824215e-05,-0.021024244,0.01391189
1764,False,7.07017e-05,-0.013561638,0.0011108834
1765,False,7.109711e-05,-0.0021395385,0.014809891
1766,False,7.2723145e-05,-0.0024462827,0.0024959259
1767,False,6.961809e-05,-0.014733179,0.0067349523
1768,False,6.9636735e-05,0.007799904,0.0028660381
1769,False,6.9130714e-05,0.0026007206,-0.002688217
1770,False,6.805401e-05,-0.0019158144,0.002933044
1771,False,6.7546e-05,-0.0018829512,0.0040462166
1772,False,6.734093e-05,0.0061467728,0.010060458
1773,False,6.412034e-05,0.007878248,0.0041865697
1774,True,6.387292e-05,0.0017383862,0.019502081
1775,True,6.232303e-05,0.0020211227,0.01545562
1776,True,6.117858e-05,0.014544509,0.010040451
1777,False,5.9255777e-05,0.0070959744,0.02199651
1778,True,6.03012e-05,0.010823743,0.013657771
1779,True,6.5198336e-05,0.021726849,0.0067469645
1780,True,6.1793784e-05,0.010608509,-0.007958442
1781,True,6.2297084e-05,0.001618132,-0.0022678971
1782,False,6.156613e-05,-0.02440436,-0.015455522
1783,False,6.440697e-05,-0.033190653,0.0034074225
1784,False,6.0911007e-05,-0.02937919,0.011988029
1785,False,6.0380702e-05,-0.0082016885,-0.0073380237
1786,True,6.432344e-05,0.0151601955,-0.0048028706
1787,True,6.5312604e-05,0.016011702,-0.008135157
1788,True,6.221265e-05,0.0042205756,0.0029835897
1789,True,6.19524e-05,-0.0011266898,0.010525133
1790,False,5.9763926e-05,-0.0035116533,0.01539742
1791,True,6.08266e-05,0.005137206,0.013132494
1792,False,5.8613463e-05,-0.009305463,0.0077342913
1793,True,5.9895803e-05,0.0012730015,-0.005345555
1794,False,5.9393384e-05,-0.029059168,-0.014935486
1795,True,6.023761e-05,-0.009192076,-0.01426631
1796,False,6.0212777e-05,0.0015344489,0.016891042
1797,False,6.088297e-05,0.0025915783,0.017823692
1798,True,6.1369334e-05,-0.0025415323,0.0052001663
1799,False,6.464841e-05,0.007888041,0.012121422
1800,False,5.903912e-05,0.0037142634,0.014523183
1801,False,6.294971e-05,0.0145143485,0.014851384
1802,False,5.9495847e-05,0.002247627,0.016262345
1803,False,6.043442e-05,0.014253175,-8.910894e-06
1804,False,6.1441686e-05,-0.021545555,-0.0019052885
1805,False,6.1701016e-05,0.0072583184,0.0013356879
1806,False,6.242718e-05,0.012294446,0.008413469
1807,True,6.0856e-05,7.107854e-06,0.00507183
1808,False,6.240978e-05,0.01809847,-0.0049298517
1809,True,6.28636e-05,0.018557593,-0.002673884
1810,False,6.202852e-05,-0.0058218176,0.015381858
1811,False,6.3663036e-05,-0.0134115,-0.018463302
1812,False,6.6836714e-05,-0.018112235,-0.0010199416
1813,False,6.5243825e-05,-0.03697414,0.007326113
1814,False,6.475708e-05,-0.036765832,-0.0060695354
1815,False,6.696648e-05,-0.0327413,0.0064659063
1816,False,6.0415434e-05,-0.0076912856,-0.00039529428
1817,False,6.773039e-05,-0.02555541,0.0037389025
1818,False,6.0595852e-05,-0.024540497,0.023431951
1819,False,6.483949e-05,-0.024121806,0.017257107
1820,False,6.0339407e-05,-0.027453804,0.010404823
1821,False,6.432631e-05,-0.053091727,0.0046034157
1822,False,6.555772e-05,-0.044101696,-0.0121278465
1823,False,6.828858e-05,-0.04467168,-0.025125585
1824,False,6.86321e-05,-0.038711667,-0.035826687
1825,False,6.9246336e-05,-0.03850273,-0.023721177
1826,False,6.744155e-05,-0.033725142,-0.0037124231
1827,False,6.9811605e-05,-0.040939227,-0.010425041
1828,False,6.698505e-05,-0.057439536,-0.025186324
1829,False,6.692541e-05,-0.034809723,0.0094641205
1830,False,6.371993e-05,-0.027465148,-0.0096166
1831,False,6.356739e-05,-0.01103453,-0.019523997
1832,False,6.617906e-05,-0.01630157,-0.013411003
1833,False,7.041203e-05,-0.030291567,-0.005048087
1834,False,6.56874e-05,-0.029619616,-0.008400595
1835,False,6.807646e-05,-0.0063215513,0.021645239
1836,False,6.2777806e-05,-0.015655853,0.01062806
1837,False,6.351589e-05,-0.016965916,0.017964762
1838,False,6.304087e-05,-0.015095282,-0.013142519
1839,False,6.473564e-05,0.0021404997,0.00029198825
1840,False,6.705475e-05,-0.019862926,0.006987892
1841,False,6.6913286e-05,-0.024003323,0.03033394
1842,False,7.045605e-05,-0.0144548975,0.0069793034
1843,False,6.957679e-05,-0.021527063,-1.3353303e-05
1844,False,6.917696e-05,-0.010951828,0.023562508
1845,False,6.5753964e-05,-0.024153888,0.0051457714
1846,False,6.470905e-05,0.0026096264,0.008091975
1847,False,6.680012e-05,-0.025900789,0.008267768
1848,False,6.673206e-05,-0.045366075,0.029432036
1849,False,7.268473e-05,-0.016053313,0.036767088
1850,False,7.0752096e-05,-0.015849985,0.019621132
1851,False,7.0486e-05,-0.022095852,0.011771437
1852,False,6.922823e-05,-0.012851017,0.03471931
1853,False,7.086963e-05,-0.014355745,0.030700177
1854,False,6.999376e-05,-0.02162447,0.027540326
1855,False,6.964601e-05,-0.01372694,0.03837259
1856,False,7.038857e-05,-0.015925817,0.026995456
1857,False,6.979067e-05,-0.03505266,0.0327347
1858,False,6.7427754e-05,-0.027626552,0.016254837
1859,False,6.335205e-05,-0.009528717,-0.014207538
1860,False,6.5202956e-05,-0.012553281,-0.002449222
1861,False,6.538316e-05,-0.0285199,-0.0047738403
1862,False,6.5051056e-05,-0.023230305,-0.011581441
1863,False,6.8782465e-05,-0.025932552,0.003948329
1864,False,6.515467e-05,-0.026035327,-0.0019917097
1865,False,6.173766e-05,-0.025616007,-0.012912575
1866,False,6.671426e-05,-0.008517393,-0.0076806108
1867,False,7.155349e-05,-0.030274045,0.007585465
1868,False,7.2541e-05,-0.025746899,-0.009028734
1869,False,6.798624e-05,-0.02412783,-0.005723803
1870,False,7.1422815e-05,-0.024171155,-0.0043241493
1871,False,7.106844e-05,0.001433731,-0.0023157895
1872,False,7.030949e-05,-0.00044584274,0.0014124699
1873,False,6.927242e-05,-0.009195351,0.0013972726
1874,False,6.8329915e-05,-0.0033229487,0.006536171
1875,False,6.757951e-05,0.004622738,0.0017684139
1876,False,6.786375e-05,-0.0014834348,0.011190578
1877,False,6.8236055e-05,-0.005281658,-0.0035252161
1878,False,6.508485e-05,0.010310236,0.015387833
1879,False,6.447469e-05,0.011118893,0.008981891
1880,False,6.360711e-05,-0.0044955183,0.033215627
1881,False,6.3939464e-05,-0.01430952,-0.000786704
1882,True,5.933053e-05,0.013256554,0.013337873
1883,False,6.11983e-05,0.0034299884,0.008493549
1884,True,6.105047e-05,0.007558344,0.022545584
1885,True,6.2471605e-05,0.030033408,0.014300451
1886,True,6.1337785e-05,0.037705135,0.012221502
1887,True,6.320568e-05,0.014615336,0.02082262
1888,False,6.412362e-05,-0.01670615,-0.017423362
1889,False,6.507367e-05,-0.012911113,-0.0036598668
1890,False,6.54511e-05,-0.021684702,-0.022881906
1891,False,6.280356e-05,-0.022806842,-0.011318013
1892,False,6.199789e-05,-0.02878335,-0.0107474625
1893,False,6.038792e-05,-0.02018722,-0.015200556
1894,False,6.220234e-05,-0.001409925,-0.0005753599
1895,False,6.547596e-05,-0.01600568,0.0037020855
1896,False,6.626199e-05,0.00394392,0.009861758
1897,False,6.0424838e-05,0.010821438,-0.0042329123
1898,True,6.0823288e-05,0.012696511,0.0015330277
1899,True,6.384327e-05,0.009024188,0.01874945
1900,False,6.165854e-05,0.0085015595,-0.0063600475
1901,False,6.062827e-05,-0.015665842,-0.006306546
1902,False,6.018024e-05,-0.024633564,-0.01668083
1903,False,5.9142687e-05,-0.014266372,0.0014666207
1904,True,5.948963e-05,0.003884716,-0.0016017482
1905,False,6.1455336e-05,0.009604637,0.009053903
1906,True,5.976717e-05,0.008416547,0.015177631
1907,True,6.0855225e-05,-0.0018062573,0.0010290295
1908,False,6.1364495e-05,-0.028316468,-0.004294173
1909,False,6.100067e-05,-0.0016242452,0.001840015
1910,True,6.0639155e-05,-0.006970249,0.019647876
1911,False,6.044134e-05,0.0070232376,-0.0037681982
1912,False,6.1849365e-05,0.0017329026,0.01564129
1913,False,5.7831727e-05,-0.00523791,-0.009180689
1914,False,6.0612416e-05,0.018251646,0.013964367
1915,True,6.100009e-05,0.005253883,0.0034684446
1916,True,6.1317565e-05,0.010460888,0.008479243
1917,False,6.0859158e-05,-0.024022268,0.011960965
1918,False,6.346283e-05,-0.022618657,-0.012639135
1919,False,6.1039704e-05,-0.024527641,-0.0054951245
1920,False,6.480871e-05,-0.02790225,-0.017905021
1921,False,6.329344e-05,-0.045022026,-0.022939831
1922,False,6.23362e-05,-0.022073297,0.0013755895
1923,False,6.3027124e-05,-0.019984579,0.008382717
1924,False,6.4028696e-05,-0.026111403,0.02008615
1925,False,6.32859e-05,-0.027916253,0.02080597
1926,False,6.229804e-05,-0.026629973,0.020870445
1927,False,6.142594e-05,-0.029490702,0.0049869027
1928,False,6.492341e-05,-0.053783007,-0.0029812418
1929,False,6.7206514e-05,-0.048121683,-0.01736446
1930,False,6.5822045e-05,-0.037539918,-0.0049244985
1931,False,6.5093634e-05,-0.04083451,0.0021237507
1932,False,6.415109e-05,-0.054682598,-0.020148791
1933,False,6.897467e-05,-0.046554517,-0.017877001
1934,False,6.55683e-05,-0.022542497,-0.031378962
1935,False,6.571793e-05,-0.0061170068,-0.024675697
1936,False,6.629353e-05,0.0138376895,-0.021165114
1937,False,6.547692e-05,0.019341944,-0.010127072
1938,False,6.5140644e-05,0.001147635,-0.007651725
1939,False,6.3674765e-05,0.036629423,-0.015416584
1940,False,6.5625914e-05,0.00746134,-0.0051589664
1941,False,6.84049e-05,-0.016481915,0.013816949
1942,False,6.246889e-05,0.00047781877,-0.0021828376
1943,False,6.555154e-05,-0.006599933,-0.010653
1944,False,6.501709e-05,-0.03231464,0.0062243473
1945,False,6.46483e-05,-0.0067276703,-0.0022331476
1946,False,6.7210276e-05,-0.02410779,0.016478337
1947,False,6.7087916e-05,-0.02526661,0.014013093
1948,False,6.402915e-05,-0.035457447,-0.00854416
1949,False,6.90548e-05,0.00038094912,-0.0036310721
1950,False,6.715941e-05,-0.0119917905,0.003542047
1951,False,6.6343055e-05,-0.0085062515,0.011187056
1952,False,6.639566e-05,-0.017050743,0.011817971
1953,False,6.852977e-05,-0.02658877,0.016405512
1954,False,7.3403215e-05,-0.03749752,0.031317376
1955,False,7.0020134e-05,-0.03691285,0.026176495
1956,False,6.8261405e-05,-0.01402227,0.02545636
1957,False,6.969459e-05,-0.034421083,0.02981676
1958,False,6.9774964e-05,-0.016608458,0.034612488
1959,False,7.150391e-05,-0.025755607,0.033678126
1960,False,6.865408e-05,-0.011806159,0.03756438
1961,False,7.005727e-05,-0.010292686,0.02530037
1962,False,6.9484944e-05,-0.04132673,0.035449047
1963,False,6.475903e-05,-0.025769811,0.011148497
1964,False,6.464281e-05,-0.014395632,-0.0051023234
1965,False,6.815212e-05,-0.03304524,0.023074253
1966,False,6.5976106e-05,-0.028468322,-0.010107277
1967,False,6.72856e-05,-0.027919035,0.007819839
1968,False,6.8623456e-05,-0.023530977,-0.0016341228
1969,False,6.53215e-05,-0.013268025,-0.007618337
1970,False,6.405355e-05,-0.02433338,0.00014027022
1971,False,6.307706e-05,-0.023112414,0.006494906
1972,False,7.269506e-05,-0.02164777,0.01192056
1973,False,6.759316e-05,-0.012485891,0.018470854
1974,False,7.1149996e-05,-0.032256365,-0.010179386
1975,False,7.09776e-05,-0.030253313,0.0063341074
1976,False,7.039096e-05,-0.006952351,0.0035249055
1977,False,7.129852e-05,-0.00079799024,-0.0145918
1978,False,6.97096e-05,-0.011956699,0.0038147233
1979,False,6.885013e-05,-0.0039671306,-0.00068912096
1980,False,6.97624e-05,-0.013645472,0.0039451905
1981,False,6.749077e-05,-0.002242905,0.011555225
1982,False,6.716985e-05,-0.009917583,0.007292103
1983,False,6.848404e-05,0.0055867936,-0.0031894296
1984,False,6.5829365e-05,0.014687307,0.0038551874
1985,False,6.3871536e-05,0.019966891,0.013808947
1986,False,6.26238e-05,-0.00071672164,0.007533036
1987,False,5.9655897e-05,0.00036555622,0.010229904
1988,True,6.422161e-05,0.006518569,-0.0002612006
1989,True,6.145677e-05,-0.0013487339,-0.0029859552
1990,True,5.7697434e-05,0.005428907,0.0073054563
1991,True,6.3218e-05,-0.0010838364,0.015020482
1992,True,6.1022638e-05,0.008600218,0.01768446
1993,True,6.054541e-05,0.020720985,0.013449013
1994,False,6.212509e-05,-0.0049312455,0.012327401
1995,False,6.28493e-05,-0.031636152,-0.03145589
1996,False,6.325946e-05,0.012294002,0.012850143
1997,False,6.5917055e-05,-0.0016393466,0.009335101
1998,False,6.23685e-05,0.006831335,0.0031542666
1999,False,6.523737e-05,-0.012019068,-0.02366922
2000,False,6.166718e-05,-0.024028074,0.0018242002
2001,True,6.581768e-05,0.0077152075,0.010562291
2002,True,6.5720786e-05,0.0150740845,0.020488253
2003,True,6.369759e-05,0.014026024,0.0074988455
2004,True,6.243156e-05,0.0030052736,0.02570881
2005,True,6.153765e-05,0.019779256,0.0078307465
2006,True,6.327614e-05,-0.0017937571,0.009536004
2007,True,6.118299e-05,0.010048879,0.009024831
2008,False,6.26124e-05,0.0012468267,0.005006615
2009,True,6.131597e-05,-0.014782789,0.009169158
2010,True,6.135566e-05,0.00044585392,9.538606e-05
2011,True,6.24202e-05,-0.010605706,0.0026640724
2012,True,6.0925897e-05,-0.0068642776,-0.015225227
2013,True,6.201913e-05,0.013743595,0.0063519143
2014,False,6.120061e-05,0.0067412443,-0.01033579
2015,False,6.0862985e-05,-0.032427102,-0.0107344985
2016,False,6.394602e-05,-0.020237051,0.022029912
2017,False,6.3986205e-05,0.0008489322,0.022676507
2018,False,6.0069968e-05,0.013709038,0.011579797
2019,False,5.871145e-05,-0.012219518,0.0070381984
2020,False,6.154739e-05,0.0018045586,0.023264864
2021,False,6.406126e-05,0.0048168562,0.03139881
2022,False,6.429807e-05,0.016421638,0.021436926
2023,False,6.1958235e-05,-0.01588729,-5.6028366e-05
2024,False,5.8549285e-05,0.0008299188,-0.002315687
2025,False,6.00501e-05,-0.014786481,0.0018089712
2026,False,6.398359e-05,-0.028401058,0.0028312989
2027,False,5.8910504e-05,-0.029724812,-0.0097522605
2028,False,6.456926e-05,-0.015689505,-0.00031150016
2029,False,6.4371045e-05,-0.005813347,-0.0033258768
2030,False,6.495248e-05,-0.028692655,0.002120467
2031,False,6.212136e-05,-0.025314594,0.009264864
2032,False,6.235345e-05,0.0020343727,-0.005875798
2033,False,6.291666e-05,-0.031054568,0.008216396
2034,False,6.5078464e-05,-0.038100705,0.0055780597
2035,False,6.687947e-05,-0.04791849,-0.0057061035
2036,False,6.357236e-05,-0.039709464,0.013583101
2037,False,6.662734e-05,-0.039219923,0.0087045785
2038,False,6.70522e-05,-0.038332105,0.003079746
2039,False,6.594881e-05,-0.0434599,0.0015692785
2040,False,6.577905e-05,-0.0530089,0.00095999613
2041,False,6.835698e-05,-0.03320686,0.0069521256
2042,False,6.6149696e-05,-0.017164636,-0.022169884
2043,False,6.4036016e-05,0.01322684,-0.011144357
2044,False,6.603633e-05,0.014297979,-0.02221828
2045,False,6.437817e-05,0.01495923,-0.01916464
2046,False,6.580095e-05,0.023559824,-0.020399645
2047,False,6.547864e-05,0.02637419,-0.006774555
2048,False,6.5615444e-05,0.01888336,-0.015097697
2049,False,6.466279e-05,-0.014457262,0.013570324
2050,False,6.375586e-05,-0.0099721085,-0.006842416
2051,False,6.280211e-05,-0.031641945,0.009401243
2052,False,6.375117e-05,-0.008424878,0.0037132706
2053,False,6.816197e-05,-0.02307368,0.022717407
2054,False,6.632494e-05,-0.025481462,0.009464946
2055,False,6.52226e-05,-0.0013205968,0.014324252
2056,False,6.4669075e-05,-0.012067864,0.011514669
2057,False,6.8529924e-05,-0.014133941,0.0067185834
2058,False,6.696595e-05,0.0029209815,-0.016612684
2059,False,6.696891e-05,-0.012266435,0.010943461
2060,False,6.6023356e-05,-0.033939265,0.01373866
2061,False,7.212679e-05,-0.031196065,0.028615752
2062,False,7.101891e-05,-0.0193214,0.030028343
2063,False,7.047177e-05,-0.0149531,0.02376671
2064,False,6.977285e-05,-0.032967977,0.033450335
2065,False,7.008334e-05,-0.016337276,0.03046614
2066,False,6.963755e-05,-0.024317639,0.0365128
2067,False,7.032584e-05,-0.018615346,0.03496225
2068,False,6.87894e-05,-0.014912757,0.028919978
2069,False,7.080848e-05,-0.018598732,0.02071668
2070,False,6.784835e-05,-0.021947661,0.03172253
2071,False,6.521704e-05,-0.011942534,0.029277323
2072,False,6.466306e-05,-0.03169365,0.011754229
2073,False,6.161545e-05,-0.031064443,-0.0036124932
2074,False,6.649124e-05,-0.018565577,-0.017967377
2075,False,6.518395e-05,-0.020509513,-0.011576593
2076,False,6.790334e-05,-0.03130409,-0.014536096
2077,False,6.777045e-05,-0.027419835,0.0050781593
2078,False,7.08601e-05,-0.027586853,0.004974352
2079,False,7.591708e-05,-0.025040742,0.00085900817
2080,False,7.213993e-05,-0.010455862,0.007664182
2081,False,7.017773e-05,-0.011019833,-0.016380258
2082,False,6.998016e-05,-0.0047260225,-0.018504499
2083,False,6.930791e-05,-0.00029178057,0.0042392714
2084,False,7.051281e-05,-0.0155736,0.003941478
2085,False,6.8211055e-05,-0.0046025636,0.0045231916
2086,False,6.790411e-05,-0.009860894,0.009757165
2087,False,6.816802e-05,-0.01178531,0.006708123
2088,False,6.796483e-05,-0.00875104,0.003115965
2089,False,6.618161e-05,0.0049852217,0.013469625
2090,False,6.420941e-05,0.0014811838,0.009831287
2091,False,6.39008e-05,0.0013320595,0.002913693
2092,False,6.284954e-05,0.013881858,0.011656888
2093,False,5.8186673e-05,0.0007768106,0.020765891
2094,True,6.0427617e-05,0.014439433,0.03478889
2095,True,6.419901e-05,0.033855826,0.004985582
2096,False,5.7313602e-05,-0.026460897,0.0017940123
2097,False,6.0791517e-05,-0.006405579,-0.001095728
2098,True,6.077093e-05,-0.005803339,0.016026847
2099,False,6.181568e-05,0.012894688,0.018185116
2100,False,5.957027e-05,-0.015022304,-0.008506227
2101,False,6.2580446e-05,-0.0021160431,0.010261029
2102,False,6.478034e-05,-0.00040667597,0.010754046
2103,False,6.25344e-05,-0.001677936,0.02485737
2104,False,6.22213e-05,-1.8814579e-05,-0.002307985
2105,True,6.268364e-05,-0.0015731677,0.008739274
2106,False,6.2493826e-05,-0.019945111,-0.00068197027
2107,False,6.365432e-05,-0.021676827,0.0028558783
2108,True,6.276335e-05,-0.015849404,0.017586656
2109,True,6.127187e-05,0.0072684977,0.022096127
2110,True,6.545351e-05,0.0148048755,0.01639032
2111,True,6.0323877e-05,0.0034609623,0.010329006
2112,True,6.136683e-05,0.011266109,0.003526587
2113,True,6.194777e-05,0.00093520526,0.008535342
2114,True,6.201888e-05,0.004982181,0.011973624
2115,True,6.366022e-05,0.012106147,0.004568696
2116,True,6.17506e-05,0.002651961,0.0022882735
2117,True,6.2986095e-05,0.009894976,0.016001618
2118,True,5.9189257e-05,-0.0038832296,0.0090896785
2119,True,6.178023e-05,-0.0074374434,0.01316528
2120,True,6.384132e-05,-0.007985573,0.0070266034
2121,False,6.243348e-05,0.013403922,0.013776269
2122,False,5.7572473e-05,0.0013956488,0.035472788
2123,False,6.253896e-05,-0.03088735,-0.006964188
2124,False,6.0131202e-05,0.010756962,0.0083283875
2125,False,6.330856e-05,0.015302209,0.009090375
2126,False,6.0204013e-05,-0.0009099459,0.022772573
2127,False,6.0684877e-05,-0.008034052,0.010935048
2128,False,6.2437335e-05,-0.005757628,-0.019473968
2129,False,6.2512496e-05,0.0021990314,-0.002190195
2130,False,6.209302e-05,0.0013134768,0.02481467
2131,False,6.216067e-05,-0.004525274,-0.004427596
2132,False,6.5307955e-05,-0.012305782,0.010858504
2133,False,6.1286155e-05,-0.018112073,0.010654403
2134,False,6.0661303e-05,-0.034612767,0.0019040592
2135,False,6.533885e-05,-0.02684012,-0.0077475775
2136,False,6.267128e-05,-0.0054913536,-0.001153145
2137,False,6.289358e-05,-0.027793188,0.0130870715
2138,False,6.5631095e-05,-0.025734698,-0.0024663308
2139,False,6.142175e-05,-0.0377443,-0.012256207
2140,False,6.388698e-05,-0.017659694,0.0009152591
2141,False,6.499268e-05,-0.01748847,0.004151293
2142,False,6.586328e-05,-0.027141368,0.01360029
2143,False,5.988723e-05,-0.03146749,0.027888475
2144,False,6.449449e-05,-0.039697144,0.011061855
2145,False,6.52584e-05,-0.032140236,-0.0008956529
2146,False,5.885299e-05,-0.015204096,0.007314272
2147,False,6.39768e-05,-0.02901442,0.033461813
2148,False,6.6732995e-05,-0.022802416,0.029060826
2149,False,6.582992e-05,-0.00043276884,-0.01303139
2150,False,6.566422e-05,0.009210545,-0.019079225
2151,False,6.797003e-05,0.013149409,-0.018369272
2152,False,6.904275e-05,-0.003207507,-0.014535556
2153,False,6.90521e-05,0.00865415,-0.010184333
2154,False,6.683636e-05,0.027901083,-0.006621819
2155,False,6.536577e-05,-0.0127775455,0.010245128
2156,False,6.1696264e-05,-0.017103579,-0.00024384074
2157,False,6.348623e-05,-0.014960455,0.0018397588
2158,False,6.405615e-05,-0.011336272,-0.00884222
2159,False,6.37121e-05,-0.029720228,0.027871262
2160,False,6.795414e-05,-0.0027386686,-0.011080451
2161,False,6.7043344e-05,-0.021825602,-0.0012639966
2162,False,6.443675e-05,-0.003132971,0.030503212
2163,False,6.367506e-05,-0.02726804,0.017019426
2164,False,6.2493e-05,0.007963865,0.0057424232
2165,False,6.5412634e-05,0.0007052156,-0.00020516105
2166,False,6.591185e-05,0.0065284884,-0.01650648
2167,False,6.569357e-05,-0.013279179,0.012576882
2168,False,7.266941e-05,-0.040982835,0.03747857
2169,False,7.141462e-05,-0.014180016,0.037417755
2170,False,6.851157e-05,-0.023703542,0.039270803
2171,False,6.902523e-05,-0.018654037,0.03534162
2172,False,6.880127e-05,-0.015820906,0.032268688
2173,False,6.991048e-05,-0.037829384,0.03811205
2174,False,6.8830406e-05,-0.023614544,0.02761975
2175,False,7.109319e-05,-0.028119704,0.014511038
2176,False,6.884683e-05,-0.024340257,0.026268594
2177,False,6.597324e-05,-0.018195165,0.013911448
2178,False,6.621405e-05,-0.023037514,0.021822408
2179,False,6.5552944e-05,-0.0104998965,0.0056471303
2180,False,6.222256e-05,-0.022336496,-0.022861606
2181,False,6.2560146e-05,-0.018262595,-0.006564768
2182,False,6.651789e-05,-0.020769106,-0.010052169
2183,False,6.473125e-05,-0.011594722,-0.0040967874
2184,False,6.518023e-05,-0.020388562,-0.003910059
2185,False,6.4304e-05,-0.021759667,-0.0075547425
2186,False,7.359536e-05,-0.026204217,0.025352089
2187,False,7.01924e-05,-0.015986193,0.0003771223
2188,False,6.9874484e-05,-0.007064351,-0.008401792
2189,False,7.118523e-05,-0.0030091666,-0.021856844
2190,False,6.930654e-05,-0.0034764432,-0.013846081
2191,False,6.832755e-05,-0.0066873897,-0.0011916105
2192,False,6.733406e-05,-0.01720015,0.0009840708
2193,False,6.756369e-05,0.0008112341,-0.0040884987
2194,False,6.7643596e-05,-0.012345626,0.009854434
2195,False,6.608876e-05,-0.00049256114,-0.0009464277
2196,False,6.580558e-05,-0.0063046087,-0.0028246902
2197,False,6.525715e-05,-0.0025476422,0.014670031
2198,False,6.658156e-05,-0.0045853816,-0.008743949
2199,False,6.062683e-05,-0.0010369532,0.005288114
2200,False,6.1007948e-05,-0.0025165603,-0.004337268
2201,False,6.279972e-05,0.012585058,0.010920886
2202,True,5.821943e-05,-0.0007424392,0.0057604443
2203,True,6.51031e-05,0.0050219055,0.015325757
2204,True,6.162599e-05,0.010957411,0.015592376
2205,False,6.327874e-05,-0.022975342,0.009181127
2206,True,6.228966e-05,0.0024303747,-0.025510201
2207,True,6.3099775e-05,0.011509936,-0.00080472976
2208,False,6.501706e-05,0.0015719272,0.0074650645
2209,True,6.312838e-05,-0.021475557,0.0028617997
2210,True,6.0195314e-05,-0.0092537105,-0.008118205
2211,True,6.0960192e-05,0.009727616,-0.0040605124
2212,False,6.588944e-05,-0.0067727305,-0.007469885
2213,False,6.545101e-05,-0.0025243545,0.013561435
2214,False,6.1028084e-05,0.0023227297,0.011687921
2215,True,6.2232604e-05,0.0046299696,0.01998319
2216,True,6.080312e-05,0.010268905,0.005854005
2217,True,6.113651e-05,0.0141936485,0.018158887
2218,True,6.306653e-05,0.0029322617,0.0060768276
2219,True,6.0550094e-05,0.01518115,-0.008161221
2220,False,6.3567095e-05,0.0048330156,0.01459468
2221,False,6.388977e-05,0.005420033,-0.0060986094
2222,True,6.602488e-05,0.0051899105,0.016124887
2223,True,6.252363e-05,0.008292489,0.004500849
2224,False,6.419549e-05,0.0065188296,0.016686376
2225,False,6.2155596e-05,-0.0036551151,-0.0073284125
2226,True,6.272047e-05,-0.0077853166,-0.0019143736
2227,False,6.216224e-05,-0.010412196,-0.00075565465
2228,False,6.0280938e-05,-0.007272185,0.01649051
2229,True,6.165208e-05,-0.0039140508,-0.0011581862
2230,False,6.0626193e-05,0.0015215538,0.0148621835
2231,False,5.9114856e-05,-0.015073337,-0.02235484
2232,False,6.286125e-05,-0.035315793,-0.0051612407
2233,False,6.218474e-05,-0.0096212765,-0.006330748
2234,False,6.280332e-05,0.007937904,0.0071639493
2235,False,6.168076e-05,0.0039028013,-0.010139266
2236,False,6.482372e-05,-0.017900912,-0.003239788
2237,True,6.4285145e-05,0.01927055,0.0067492574
2238,False,6.2643434e-05,0.0063214917,0.012953663
2239,False,6.3151216e-05,-0.032868605,0.034609396
2240,False,6.261388e-05,-0.0035861405,0.015141267
2241,False,6.649464e-05,-0.019133462,0.009019309
2242,False,5.8736376e-05,0.0011632405,-0.00962726
2243,False,6.243266e-05,-0.016451921,-0.0013563707
2244,False,6.084554e-05,-0.033056214,-0.002495965
2245,False,6.18239e-05,-0.024686206,-0.0026867539
2246,False,6.432493e-05,-0.00791562,-0.010523528
2247,False,6.793403e-05,-0.016014477,-0.022469211
2248,False,6.6928435e-05,-0.030972643,0.004876565
2249,False,6.4379776e-05,-0.028631628,-0.016038284
2250,False,6.278905e-05,-0.037380002,-0.017761093
2251,False,6.631673e-05,-0.020080077,-0.0129597075
2252,False,6.4522625e-05,-0.023687527,0.0112459175
2253,False,6.6354136e-05,-0.036701713,0.013866041
2254,False,6.570979e-05,-0.02661624,0.0088681355
2255,False,6.946257e-05,-0.033571783,0.026698919
2256,False,6.7957684e-05,-0.01826989,-0.00014378875
2257,False,6.704531e-05,0.0024015997,-0.01601734
2258,False,6.666545e-05,0.009947601,0.011207852
2259,False,6.848662e-05,0.011561413,-0.011330136
2260,False,6.636143e-05,0.007244719,-0.004872868
2261,False,6.443851e-05,-0.012903785,0.002454158
2262,False,6.396677e-05,-0.034514423,-0.03430564
2263,False,6.271616e-05,-0.016309014,-0.029327162
2264,False,6.386654e-05,-0.013879631,-0.0038874988
2265,False,6.379966e-05,-0.012130417,-0.011359282
2266,False,6.861244e-05,-0.016429031,0.015320359
2267,False,6.5915214e-05,-0.04053457,0.0060778037
2268,False,6.8014e-05,-0.009476796,-0.012401925
2269,False,6.822088e-05,-0.0018834737,0.0019338764
2270,False,6.718567e-05,-0.029382436,-0.003052527
2271,False,6.2003324e-05,-0.020817518,-0.012434131
2272,False,6.618715e-05,-0.03969848,0.010807391
2273,False,6.8250156e-05,-0.0051917396,0.014035214
2274,False,6.565959e-05,-0.025852028,-0.0039248187
2275,False,6.363199e-05,-0.018181756,-0.0040731765
2276,False,7.280143e-05,-0.03348856,0.03481579
2277,False,7.496967e-05,-0.024167374,0.040489495
2278,False,7.0101654e-05,-0.022150036,0.031807274
2279,False,6.959557e-05,-0.026697036,0.024074605
2280,False,6.985614e-05,-0.017678382,0.023038466
2281,False,7.004544e-05,-0.015061558,0.01898432
2282,False,6.822688e-05,-0.023156196,0.03240791
2283,False,7.056105e-05,-0.015722495,0.024596013
2284,False,7.134211e-05,-0.03406602,0.009315005
2285,False,6.6239874e-05,-0.029834032,-0.003386952
2286,False,6.3820306e-05,-0.026037952,0.022006413
2287,False,6.853976e-05,-0.036751572,0.0055443384
2288,False,6.491759e-05,-0.024053715,-0.02012946
2289,False,6.396286e-05,-0.024784435,0.0180761
2290,False,6.728852e-05,-0.009285839,0.005657682
2291,False,6.373519e-05,-0.022676822,0.0022706576
2292,False,6.645518e-05,-0.0004608035,-0.004159822
2293,False,6.3889165e-05,-0.016858077,-0.005863514
2294,False,6.6402325e-05,-0.030945912,-0.015677275
2295,False,7.271329e-05,-0.027596006,0.009040926
2296,False,6.827374e-05,-0.020045355,0.0058451686
2297,False,6.674443e-05,-0.014636271,0.0015552277
2298,False,6.535254e-05,-0.005305672,-0.017964173
2299,False,6.8921996e-05,-0.008166777,-0.002461847
2300,False,6.65132e-05,-0.0029347409,-0.0111780055
2301,False,6.809263e-05,0.0023373477,-0.0023023812
2302,False,6.727917e-05,0.0021207426,0.0023077633
2303,False,6.843196e-05,0.001201354,-0.005917744
2304,False,6.804215e-05,-0.0010159835,0.0044827163
2305,False,6.5537075e-05,-0.0046049953,-0.005486723
2306,False,6.4793705e-05,0.015806906,0.0076050013
2307,False,6.315816e-05,0.012283964,0.013578201
2308,False,6.4781845e-05,-0.012104496,-0.0031169485
2309,False,5.9676306e-05,-0.008393788,-0.01947639
2310,False,6.203023e-05,-0.0059190616,-0.0052897874
2311,False,5.8336835e-05,-0.0022318256,0.017783575
2312,True,6.0021175e-05,0.0068446426,-0.003735207
2313,True,6.325048e-05,0.0025701905,0.00647733
2314,True,6.190686e-05,0.0018325299,0.017872255
2315,False,5.7734454e-05,-0.003098853,-0.0052078012
2316,False,6.363596e-05,0.0029622428,-0.012579611
2317,False,6.080859e-05,-0.014024146,-0.00081027485
2318,False,6.307326e-05,0.012718249,0.004296777
2319,False,6.099956e-05,-0.0068715177,0.0038595758
2320,True,6.168619e-05,-0.0028892606,0.0012155045
2321,True,6.140668e-05,0.003774386,0.018534556
2322,True,6.561228e-05,0.010264636,0.034453064
2323,False,6.141592e-05,0.008809214,0.013182219
2324,True,6.419008e-05,0.008976404,0.0133507345
2325,True,6.334308e-05,0.026756143,0.013952125
2326,True,6.0909762e-05,0.027939208,0.013851814
2327,True,6.311676e-05,0.007362996,0.009177145
2328,True,6.369379e-05,0.005535276,0.011569609
2329,True,6.234133e-05,0.0115904445,0.022581777
2330,True,6.2456806e-05,0.009228682,0.011080295
2331,True,6.414242e-05,0.011007218,0.005073877
2332,True,6.312593e-05,0.010306409,0.0011157598
2333,True,6.394453e-05,0.014347338,0.019662974
2334,True,6.4219385e-05,0.015481062,-0.0019319877
2335,True,5.8651844e-05,-0.0015744334,-0.015378846
2336,True,6.3600164e-05,0.004875743,0.006813867
2337,True,6.452936e-05,-0.003491832,0.008945086
2338,True,6.785378e-05,0.005630143,0.016235843
2339,True,6.5858425e-05,-0.0008214391,0.016718267
2340,False,6.2331914e-05,-0.0021358822,0.012787504
2341,True,6.423554e-05,0.007753893,0.009433668
2342,False,5.955662e-05,-0.003877623,-0.0027670935
2343,False,6.0502127e-05,-0.03375432,-0.010175027
2344,False,6.0004208e-05,-0.015462045,-0.00891678
2345,False,6.375251e-05,-0.016565945,0.017879855
2346,False,6.35743e-05,0.018295456,-0.0016174279
2347,True,6.354762e-05,0.008475214,0.005303121
2348,True,6.067466e-05,0.0070034172,0.006118845
2349,False,6.3078856e-05,-0.012081269,-0.010282497
2350,False,6.185408e-05,-0.02515981,0.014643481
2351,False,6.0867842e-05,0.01886839,0.0056196535
2352,False,6.232915e-05,0.02480598,0.0020962367
2353,False,6.073614e-05,-0.013606859,0.013574049
2354,False,6.3071355e-05,-0.019095995,0.0032175407
2355,False,6.237726e-05,-0.011507295,-0.0061897505
2356,False,6.560211e-05,-0.016819466,0.0044084117
2357,False,7.0831346e-05,-0.027435403,-0.0026308773
2358,False,6.491882e-05,-0.03620901,0.0063387007
2359,False,6.662731e-05,-0.01414958,-0.02042405
2360,False,6.6753695e-05,-0.021927355,-0.0082250275
2361,False,6.476078e-05,-0.024447512,-0.011108577
2362,False,6.39908e-05,-0.019462118,-0.0028667757
2363,False,6.458007e-05,-0.02156876,-0.0066940486
2364,False,6.3123276e-05,-0.032511488,-0.015963651
2365,False,6.482321e-05,-0.03468451,-0.0074152052
2366,False,6.140706e-05,-0.025528587,-0.008930305
2367,False,6.171767e-05,-0.021793751,-0.003135359
2368,False,6.348732e-05,-0.010974644,-0.009982481
2369,False,6.308992e-05,-0.019012174,-0.0021012626
2370,False,6.456853e-05,-0.031933658,-0.022449896
2371,False,6.139614e-05,-0.025183266,-0.0071744137
2372,False,6.3409134e-05,-0.024814965,-0.0015814863
2373,False,6.887979e-05,-0.023912571,-0.0017700484
2374,False,6.296536e-05,-0.034779444,0.00268526
2375,False,6.4643194e-05,0.0022400357,-0.0026200013
2376,False,6.6618784e-05,-0.013612536,0.011816321
2377,False,6.872575e-05,-0.01440582,-0.01202194
2378,False,6.661351e-05,-0.02509129,0.015678223
2379,False,7.1662114e-05,-0.0030445568,-0.0019275798
2380,False,6.815669e-05,-0.009011614,-0.005079938
2381,False,6.996967e-05,-0.0027504452,-0.014872037
2382,False,6.556598e-05,-0.021868084,0.018593132
2383,False,6.353187e-05,-0.012711479,-0.013833201
2384,False,6.543176e-05,-0.038625002,0.015767504
2385,False,6.592448e-05,-0.02599836,0.009531848
2386,False,7.5667376e-05,-0.036156848,0.031499356
2387,False,7.061669e-05,-0.020809237,0.018442575
2388,False,7.083361e-05,-0.02531407,0.030433722
2389,False,6.962868e-05,-0.012258639,0.03735336
2390,False,7.07282e-05,-0.024958244,0.026569566
2391,False,7.010729e-05,-0.017656475,0.020526428
2392,False,6.7640736e-05,-0.01876924,0.03685101
2393,False,6.926313e-05,-0.011624534,0.02377021
2394,False,7.123355e-05,-0.026142027,0.022615034
2395,False,6.651952e-05,-0.037607297,0.017151766
2396,False,6.453229e-05,-0.013709025,0.014015248
2397,False,6.4045424e-05,-0.02965321,-0.004638997
2398,False,6.545689e-05,-0.017926272,0.016883899
2399,False,6.4764514e-05,-0.020223804,-0.008049142
2400,False,6.19545e-05,-0.015562162,0.008260984
2401,False,6.292289e-05,-0.029854428,0.0041630035
2402,False,6.689344e-05,-0.015765708,-0.006376963
2403,False,6.616602e-05,-0.017959828,-0.005296452
2404,False,6.5873704e-05,-0.008250166,-0.0019183261
2405,False,7.088653e-05,-0.023053262,0.010989743
2406,False,7.036897e-05,-0.0024956856,0.010473543
2407,False,6.562094e-05,0.0060071386,0.000757467
2408,False,6.361224e-05,-0.0011040568,-0.0036193859
2409,False,6.155081e-05,0.003976047,-0.017273962
2410,False,6.491282e-05,-0.0030027628,-0.0196751
2411,False,6.5209555e-05,0.004263006,-0.0042718193
2412,False,6.7529865e-05,-0.0065419935,-0.00015239976
2413,False,6.616092e-05,-0.0023082662,0.011127427
2414,False,6.800443e-05,0.0015146174,0.0005447427
2415,False,6.667585e-05,0.01870416,0.0017784629
2416,False,6.601157e-05,-0.012363577,0.0031057168
2417,False,6.52138e-05,0.0026894994,0.012876306
2418,False,6.278264e-05,-0.005414337,0.02143709
2419,False,6.218854e-05,0.0018218793,0.03302788
2420,True,5.929812e-05,0.009298727,-0.0038092695
2421,True,5.9831236e-05,0.018362438,-0.0074779764
2422,True,5.817444e-05,0.009440414,0.008799965
2423,True,6.006132e-05,0.006833162,0.017387792
2424,False,6.155169e-05,-0.018140586,0.021923339
2425,True,6.220917e-05,0.010902178,0.018611293
2426,False,5.7776655e-05,-0.015016395,0.0031425115
2427,False,6.266566e-05,-0.026498869,-0.008331221
2428,False,6.082245e-05,-0.016735602,-0.0090062115
2429,True,6.200146e-05,0.01926347,0.017257363
2430,True,6.0384747e-05,0.002971271,0.0041417405
2431,True,6.212971e-05,0.004462734,-0.008334847
2432,True,5.819432e-05,0.00059673283,0.021195639
2433,True,6.151189e-05,-0.0095836455,0.00085709617
2434,False,6.212208e-05,-0.0096425,0.010392236
2435,False,6.188127e-05,0.016247988,0.021792836
2436,True,6.191922e-05,0.015393344,0.012653191
2437,True,6.3603125e-05,0.015960917,0.004975207
2438,False,6.145563e-05,0.012631883,0.0064722
2439,True,6.385653e-05,0.011344831,0.025365261
2440,True,6.293463e-05,0.014832061,0.00260886
2441,True,6.0372502e-05,0.018950421,0.017500551
2442,False,6.367431e-05,0.032565,0.000876382
2443,True,6.095557e-05,-0.006786428,0.022409134
2444,True,6.431172e-05,0.014045752,0.006142378
2445,True,6.379368e-05,0.0029582027,0.021054167
2446,False,6.6665074e-05,0.012698856,0.017074876
2447,True,6.393755e-05,0.005225545,0.003950607
2448,True,6.300802e-05,0.005237978,0.0033729263
2449,True,6.068701e-05,-0.012122324,0.0034408942
2450,True,6.2960826e-05,-0.005283531,0.007195398
2451,False,6.4454754e-05,0.003758883,0.0121834595
2452,False,6.481849e-05,-0.0033342838,0.0013247188
2453,True,6.177112e-05,0.0046868036,0.010021979
2454,False,6.07221e-05,0.0036958044,0.0027928762
2455,False,5.7111112e-05,0.0027029524,0.0134049645
2456,False,6.172904e-05,0.00019700825,-0.0039328663
2457,False,6.5174914e-05,0.00016156118,0.0020482708
2458,True,6.23664e-05,0.008649343,0.025634682
2459,False,6.4893626e-05,0.016983284,-0.0016920008
2460,False,6.498681e-05,0.0056183487,0.008686131
2461,False,6.166086e-05,-0.02087635,-0.0072250757
2462,False,6.005226e-05,0.011793066,0.012845958
2463,False,6.219581e-05,0.006592259,0.0012660883
2464,False,6.168769e-05,0.012052903,0.0100483
2465,False,5.9983275e-05,-0.014029242,0.01687585
2466,False,6.2832034e-05,-0.015387327,-0.0052100457
2467,False,6.551726e-05,-0.014864084,-0.0023212843
2468,False,6.326181e-05,-0.035151303,0.015032547
2469,False,6.348118e-05,-0.009330519,-0.0024516732
2470,False,6.297725e-05,-0.0058221687,-0.007867698
2471,False,6.224723e-05,-0.02653916,-0.010835502
2472,False,6.703655e-05,-0.013908867,0.0029703472
2473,False,6.28529e-05,-0.021544095,-0.025453815
2474,False,6.420286e-05,-0.021528369,-0.00847218
2475,False,6.654259e-05,-0.017088603,-0.0038944744
2476,False,6.3953e-05,-0.020823162,-0.00133086
2477,False,6.230557e-05,-0.02851322,-0.0068758456
2478,False,6.460712e-05,-0.030015245,0.010132914
2479,False,6.463386e-05,-0.011590268,-0.011485111
2480,False,6.667395e-05,-0.016781945,-0.0049569234
2481,False,6.4716056e-05,-0.001437135,-0.019781422
2482,False,6.784329e-05,-0.01706973,-0.002635385
2483,False,6.775431e-05,-0.01886973,0.0023599304
2484,False,7.004061e-05,-0.020500787,-0.005336119
2485,False,6.561482e-05,-0.043300916,0.016459437
2486,False,6.6375826e-05,-0.019973058,0.0028269067
2487,False,6.8267596e-05,-0.014619507,-0.00804886
2488,False,6.688139e-05,-0.02601601,0.0056182593
2489,False,6.845526e-05,-0.019644383,0.0071606524
2490,False,6.713248e-05,-0.02956344,0.012116915
2491,False,6.791375e-05,-0.0051474483,-0.008548946
2492,False,6.915044e-05,-0.012915912,0.011937442
2493,False,6.539761e-05,-0.016451292,-0.0044980645
2494,False,6.702105e-05,-0.008208875,-0.02312154
2495,False,6.503895e-05,-0.02015054,0.025471311
2496,False,6.937597e-05,-0.033585913,0.03453861
2497,False,7.2160365e-05,-0.05014035,0.035994165
2498,False,6.771316e-05,-0.010465732,0.021031694
2499,False,6.851685e-05,-0.023453094,0.029076908
2500,False,6.868653e-05,-0.023380954,0.028135419
2501,False,6.965533e-05,-0.026351705,0.026315164
2502,False,6.982007e-05,-0.021880426,0.03579659
2503,False,6.891844e-05,-0.015595725,0.025109502
2504,False,7.0512324e-05,-0.016140502,0.02430422
2505,False,7.070798e-05,-0.044892654,0.012987472
2506,False,7.0198024e-05,-0.025799494,0.009612951
2507,False,6.754571e-05,-0.011821122,-0.003262084
2508,False,6.8850146e-05,-0.025843937,0.021027097
2509,False,6.4327534e-05,-0.026156243,0.016904593
2510,False,6.417904e-05,-0.023911858,-0.005408358
2511,False,6.346416e-05,-0.020210985,0.0046680123
2512,False,6.472931e-05,-0.024760876,0.010313271
2513,False,6.261474e-05,-0.01962312,0.0008666422
2514,False,6.426904e-05,-0.015412945,-0.0034926124
2515,False,6.526412e-05,-0.020399623,-0.004453145
2516,False,7.336527e-05,-0.0013753949,0.009248864
2517,False,6.6714994e-05,-0.0005360618,0.006090965
2518,False,6.40708e-05,0.00423536,-0.002291765
2519,False,6.428937e-05,0.0043345215,0.0018468946
2520,False,6.778367e-05,-0.007972581,-0.005194025
2521,False,6.617535e-05,-0.011510667,-0.020844318
2522,False,6.668282e-05,-0.011306012,-0.0044287853
2523,False,6.798019e-05,-0.001663195,-0.012802314
2524,False,6.650203e-05,-0.0035528373,0.009066566
2525,False,6.582022e-05,0.004038669,0.0142147625
2526,False,6.312412e-05,0.0160067,0.00469956
2527,False,6.0973984e-05,0.014368143,0.02152326
2528,False,6.474302e-05,0.0014951127,0.0076729357
2529,False,6.514234e-05,0.003685318,0.022013146
2530,False,6.273626e-05,-0.007442655,0.0002527358
2531,False,5.9653976e-05,0.0078043565,-0.0045735408
2532,True,6.0545008e-05,0.0013386896,0.0018443912
2533,False,5.8373742e-05,0.004661252,0.008668864
2534,False,5.9837676e-05,-0.0045369165,0.02052899
2535,False,6.321559e-05,-0.008743703,0.021002058
2536,False,6.0560324e-05,0.005984593,0.014752978
2537,False,5.9998376e-05,-0.008256704,0.010539077
2538,False,5.827313e-05,-0.008781288,0.008731391
2539,False,5.7993177e-05,0.00042937696,0.012808571
2540,True,5.8972677e-05,-0.005440924,0.008274935
2541,True,6.300842e-05,0.0019040685,0.0054671355
2542,True,6.252673e-05,0.004787136,0.006603742
2543,True,6.126086e-05,0.017179055,0.018838609
2544,True,6.0701008e-05,-0.012755234,-0.00030300487
2545,False,6.1862396e-05,0.0019174786,-0.022683349
2546,False,5.8444853e-05,0.031680346,0.0065924544
2547,True,6.331585e-05,0.00562953,0.0026726779
2548,True,5.8765196e-05,-0.009291653,0.021727176
2549,False,6.0845447e-05,0.019255025,0.009730112
2550,True,6.640691e-05,0.016294844,0.016349874
2551,True,6.7117886e-05,0.02671008,0.017404946
2552,False,6.2258325e-05,0.0052218568,0.020038683
2553,False,6.496454e-05,0.012634774,0.014603816
2554,False,6.3279964e-05,0.008609196,-0.0060747676
2555,False,6.156423e-05,-0.005010086,0.004123643
2556,False,6.695167e-05,0.009714146,0.009459831
2557,True,6.1597835e-05,0.008095043,0.013349076
2558,True,6.3960884e-05,-0.0011808593,0.006546639
2559,True,5.992981e-05,-0.0045015663,0.0048118774
2560,True,6.003772e-05,0.0047729965,0.00324958
2561,True,6.585604e-05,-0.010885982,0.018483479
2562,False,6.446936e-05,-0.0015319902,0.020254783
2563,True,5.9324404e-05,0.005722087,0.026733896
2564,True,6.070116e-05,0.01355511,0.0061436817
2565,False,6.29798e-05,-0.0021987539,0.007804768
2566,True,5.946694e-05,-0.0043764487,0.02061634
2567,False,6.198582e-05,-0.015290391,-0.010903791
2568,False,6.121236e-05,-0.0063674534,0.014321203
2569,True,6.1542814e-05,0.014836652,0.0019996688
2570,False,6.394556e-05,0.00571608,-0.005060579
2571,False,6.441322e-05,-0.002493022,0.018129557
2572,False,6.106368e-05,-0.0137484,0.0077992827
2573,False,5.827688e-05,-0.007219095,0.0045616105
2574,False,6.404147e-05,0.00013912469,-0.0060226815
2575,True,6.191646e-05,0.020049632,0.021855142
2576,False,6.231965e-05,0.005468186,0.0124021545
2577,False,6.513115e-05,-0.02248805,0.012383886
2578,False,6.5166096e-05,-0.023417626,-0.0006256867
2579,False,6.0073922e-05,-0.03639422,-0.007029403
2580,False,6.572763e-05,-0.02797486,0.008271113
2581,False,6.414406e-05,-0.03866636,0.0137001015
2582,False,6.106894e-05,-0.035220884,-0.012256943
2583,False,6.38678e-05,-0.036399428,-0.0112612415
2584,False,6.134743e-05,-0.034366287,-0.0020507723
2585,False,6.177915e-05,-0.02088984,-0.01070348
2586,False,6.932779e-05,-0.008709302,0.010779167
2587,False,6.676285e-05,-0.018183704,0.0012409687
2588,False,6.1526225e-05,-0.009175681,0.0023971498
2589,False,6.920564e-05,-0.021234388,-0.03472989
2590,False,6.813033e-05,-0.0036606155,-0.019970264
2591,False,6.432736e-05,0.0115471,-0.0027293116
2592,False,6.694384e-05,-0.015817918,0.0021109814
2593,False,6.718049e-05,-0.018378489,-0.006817637
2594,False,6.940834e-05,-0.013394151,-0.010676365
2595,False,6.594195e-05,0.010781627,-0.017659262
2596,False,6.316347e-05,-0.009746981,0.00979789
2597,False,6.804894e-05,-0.016283095,0.012588743
2598,False,7.123951e-05,-0.005802746,0.0019891309
2599,False,6.553821e-05,-0.016298998,0.021519553
2600,False,6.794415e-05,-0.025677443,0.008086167
2601,False,6.734138e-05,-0.03225371,0.013504751
2602,False,6.372995e-05,-0.010609536,0.0028422717
2603,False,6.769406e-05,0.0020841043,-0.013119641
2604,False,6.523043e-05,-0.014778199,0.0037499908
2605,False,6.336484e-05,-0.032254778,0.023727544
2606,False,7.008517e-05,-0.027129173,0.023249265
2607,False,7.2778785e-05,-0.026765488,0.03514993
2608,False,7.04166e-05,-0.039298937,0.028437197
2609,False,7.279526e-05,-0.023158623,0.031221755
2610,False,7.17212e-05,-0.024302328,0.036900803
2611,False,6.954782e-05,-0.025119603,0.035696447
2612,False,6.8891284e-05,-0.020267265,0.025981326
2613,False,7.095513e-05,-0.0071643405,0.033124574
2614,False,6.714976e-05,-0.0037448062,0.015245656
2615,False,6.917476e-05,-0.005695602,0.02569636
2616,False,7.012107e-05,-0.031863965,0.02951904
2617,False,6.394858e-05,-0.021116277,0.010345258
2618,False,6.708224e-05,-0.029053403,0.014495453
2619,False,6.8626425e-05,-0.022851208,0.012149705
2620,False,6.6584726e-05,-0.029628698,-0.0032521477
2621,False,6.341809e-05,-0.023871018,0.011587879
2622,False,6.2200685e-05,-0.015911464,0.0007735342
2623,False,6.31904e-05,-0.02036597,0.00092316326
2624,False,6.4202344e-05,-0.018559732,0.00802712
2625,False,6.3933396e-05,-0.012373662,-0.0032440275
2626,False,6.25671e-05,-0.021381186,-0.010069242
2627,False,6.846524e-05,-0.011796111,0.016259061
2628,False,6.650617e-05,-0.0014266428,0.00026683137
2629,False,6.523143e-05,-0.0009210706,0.0118758865
2630,False,6.5146465e-05,-0.0012694807,-0.0009801276
2631,False,6.513306e-05,-0.009708689,0.014185602
2632,False,6.99279e-05,-0.015486685,-0.0062681343
2633,False,6.7070614e-05,-8.3575025e-05,-0.004866085
2634,False,6.652458e-05,0.004337346,0.009194471
2635,False,6.769192e-05,-0.014007287,0.016980175
2636,False,6.449203e-05,-0.0033589723,0.0006785374
2637,False,6.387984e-05,-0.0004998101,0.014243539
2638,False,6.212644e-05,0.0105816,0.014624828
2639,False,6.4983724e-05,0.008128561,0.022868898
2640,False,6.494544e-05,0.00410242,-0.005467836
2641,False,6.462626e-05,-0.018070968,0.019754864
2642,True,5.8419948e-05,-0.0007478902,0.023320092
2643,True,6.3133986e-05,0.0012321295,0.024453554
2644,False,6.125635e-05,-0.0045013735,0.0076726153
2645,False,6.2514184e-05,-0.006102508,0.00546271
2646,False,5.970246e-05,-0.0022568423,-0.011485882
2647,False,6.145682e-05,-0.011970343,-0.01203087
2648,False,5.9532023e-05,-0.022955447,-0.0005470887
2649,False,5.8815018e-05,-0.021375969,0.0022622235
2650,False,5.900795e-05,-0.021588882,0.010446083
2651,True,5.8073147e-05,0.009521799,-0.01584714
2652,False,6.3736574e-05,-0.01884041,-0.008187624
2653,False,6.438298e-05,-0.02195291,0.005865425
2654,True,6.2208135e-05,-0.018777305,-0.011853259
2655,True,5.7387504e-05,-0.009402748,0.011792641
2656,True,6.1278275e-05,-0.0040129796,-0.0055833273
2657,True,6.0590417e-05,-0.0019188747,-0.0030492088
2658,False,6.274961e-05,-8.733012e-05,0.0062459186
2659,False,5.9418708e-05,-0.030510377,-0.0118708685
2660,False,6.564667e-05,0.0021367855,-0.022895012
2661,False,6.180852e-05,-0.026117947,-0.018033892
2662,False,6.407237e-05,0.0071568126,-0.0101991175
2663,True,6.343132e-05,0.0194933,0.002731625
2664,True,6.133188e-05,0.020140905,0.0031352155
2665,True,6.2434185e-05,0.010723827,0.00093510374
2666,True,6.2055726e-05,0.0066226386,0.014320714
2667,True,6.383769e-05,0.0100245895,0.013984993
2668,True,6.025892e-05,0.015503289,0.012484768
2669,True,6.398913e-05,0.0038052676,-0.005978469
2670,True,6.2856016e-05,0.00018649921,0.014761923
2671,True,6.125248e-05,0.007203663,0.0039144717
2672,False,6.5180495e-05,0.016131263,0.0043943617
2673,True,6.145287e-05,0.026509676,0.004926633
2674,True,6.2834704e-05,0.021285456,0.0012801103
2675,False,6.3006635e-05,0.005037697,0.012876744
2676,False,6.3371976e-05,0.022826541,0.015315276
2677,False,6.158972e-05,0.0008600652,0.015487269
2678,True,6.0170772e-05,0.00441981,0.009455239
2679,False,6.3874584e-05,0.0061745318,-0.005869407
2680,False,5.9153244e-05,-0.022942951,-0.003730923
2681,True,6.0316514e-05,-0.018252928,0.011062432
2682,False,5.8623846e-05,0.008897275,-0.002584368
2683,False,6.246515e-05,0.014512923,0.01029465
2684,False,6.163343e-05,-0.013706919,0.011799836
2685,False,5.947595e-05,-0.012685989,0.0036874963
2686,False,6.464457e-05,-0.0034331903,0.0062818406
2687,False,6.371986e-05,-0.009634602,0.0066598505
2688,False,5.9923772e-05,-0.04227586,0.0140409805
2689,False,6.2467494e-05,-0.029094378,-0.0068309475
2690,False,5.8858255e-05,-0.018961996,-0.0074926596
2691,False,6.310108e-05,-0.022506492,-0.0048576966
2692,False,6.50792e-05,-0.008366644,-0.013594229
2693,False,6.4239546e-05,0.002201423,-0.015276288
2694,False,6.4436215e-05,-0.017255398,0.0006995695
2695,False,6.356823e-05,-0.026969936,0.0037239157
2696,False,6.6808054e-05,-0.01988611,-0.015728367
2697,False,6.903787e-05,-0.0062816367,0.0051225647
2698,False,6.6087654e-05,0.0028048,-0.014117263
2699,False,6.417861e-05,-0.0058381925,-0.013778167
2700,False,6.7698405e-05,0.003648308,-0.020471355
2701,False,6.767465e-05,-0.027176723,-0.0145554785
2702,False,6.9551534e-05,-0.0012719985,-0.010152558
2703,False,6.714163e-05,-0.0003749989,-0.00806817
2704,False,6.995189e-05,-0.021727998,-0.017311346
2705,False,6.9084315e-05,-0.006468041,-0.013453012
2706,False,6.7855304e-05,-0.02931567,0.008305073
2707,False,7.103456e-05,-0.002654673,0.0019578561
2708,False,6.626935e-05,-0.022365537,-0.004489774
2709,False,6.6962595e-05,-0.016472396,0.004503336
2710,False,6.477324e-05,-0.021974385,0.0071749166
2711,False,6.471846e-05,-0.004711911,-0.009155918
2712,False,6.7574634e-05,-0.015282551,0.01069246
2713,False,6.626433e-05,0.005886539,-0.019943956
2714,False,6.5953594e-05,-0.020075308,0.0029368605
2715,False,6.4067455e-05,-0.025438145,0.011411448
2716,False,7.371622e-05,-0.029326547,0.02200057
2717,False,7.233611e-05,-0.010733345,0.029434381
2718,False,6.991036e-05,-0.017620338,0.017164312
2719,False,7.020361e-05,-0.015633516,0.025087347
2720,False,7.009588e-05,-0.0019008722,0.0345269
2721,False,6.869655e-05,-0.027881794,0.041700084
2722,False,7.047401e-05,-0.030448813,0.02859798
2723,False,6.937986e-05,-0.017642941,0.028889032
2724,False,6.9910915e-05,-0.01664939,0.014844719
2725,False,6.909647e-05,-0.026017215,0.01974099
2726,False,6.829485e-05,-0.026091568,0.019621108
2727,False,6.941717e-05,-0.022375513,0.021326736
2728,False,6.371327e-05,-0.013010626,0.0077510104
2729,False,6.756729e-05,-0.018440263,0.008449672
2730,False,6.31647e-05,-0.02970652,0.02454933
2731,False,6.13372e-05,-0.030004513,0.0097122155
2732,False,6.211377e-05,-0.017988091,-0.013012063
2733,False,6.3484666e-05,-0.020551227,-0.0006745728
2734,False,6.484051e-05,-0.01446625,-0.0117921475
2735,False,5.9737024e-05,-0.0272149,0.015911544
2736,False,6.3844374e-05,-0.019287432,-0.009347027
2737,False,7.3011266e-05,-0.013037857,0.004168775
2738,False,6.862437e-05,-0.023063991,0.028926147
2739,False,6.928024e-05,-0.013387529,0.013571423
2740,False,6.687098e-05,-0.01711307,0.010955985
2741,False,6.814643e-05,-0.009641583,0.0016826419
2742,False,6.7784335e-05,-0.0016829837,0.01434942
2743,False,6.733092e-05,-0.0014222283,0.002395642
2744,False,6.681414e-05,0.004813267,-0.001401294
2745,False,6.5566775e-05,-0.0015822751,-0.00910164
2746,False,6.561543e-05,-0.0072963024,-0.0043737553
2747,False,6.548121e-05,0.0019993363,0.00065581314
2748,False,6.3730105e-05,-0.0037680287,-0.019550411
2749,False,6.508438e-05,-0.0067309258,0.0066947583
2750,False,6.464269e-05,0.0034898072,-0.002022393
2751,False,6.562271e-05,0.0044093,0.020070389
2752,False,5.776777e-05,-0.006004395,0.01888398
2753,False,6.2154664e-05,0.010425314,0.027310124
2754,True,6.34673e-05,-0.007692892,0.01798991
2755,True,6.398182e-05,0.021687714,0.0061958972
2756,False,6.257342e-05,0.0055699237,0.013852362
2757,False,6.0912924e-05,-0.011823496,0.009764793
2758,False,6.15052e-05,-0.013787945,-0.005581975
2759,False,6.0519713e-05,-0.01790902,-0.009308126
2760,True,6.1786326e-05,-0.0037233904,-0.016559966
2761,False,6.085957e-05,0.004255878,0.00024302024
2762,True,5.9141166e-05,-0.013192703,-0.0054972246
2763,False,6.3159016e-05,-0.021486564,0.0010606162
2764,False,6.418963e-05,-0.012510747,0.021974474
2765,True,6.374047e-05,0.004567284,-0.013011495
2766,False,6.395208e-05,-0.016266864,-0.0038817208
2767,False,5.9874565e-05,-0.030784141,-0.0101407
2768,False,6.196986e-05,-0.022052797,-0.02942516
2769,False,5.9827566e-05,-0.028461937,-0.011419835
2770,False,6.1394654e-05,-0.009507546,-0.014745709
2771,False,6.3210166e-05,-0.013636399,-0.0039090756
2772,False,6.267877e-05,-0.022307556,0.0028444082
2773,True,6.552097e-05,0.013207525,0.018753279
2774,True,6.4669184e-05,0.00904147,0.01931605
2775,True,6.1381455e-05,0.030396156,0.018099243
2776,True,6.369103e-05,0.015507133,0.03310123
2777,True,6.6888504e-05,0.0033270027,0.00814194
2778,True,6.451056e-05,0.0059510637,0.0049898624
2779,True,6.0755785e-05,-0.009632098,-0.04102336
2780,True,6.155569e-05,0.012636377,0.026295647
2781,True,6.3170744e-05,-0.0005972604,0.014681391
2782,True,6.0478575e-05,-0.025065916,0.0016790349
2783,False,6.2695195e-05,-0.0021764096,0.010943444
2784,True,6.364644e-05,0.00840744,0.0056193043
2785,False,6.2994135e-05,0.01801539,0.013406612
2786,True,6.318161e-05,0.014099438,0.0062040817
2787,False,6.125268e-05,-0.002143622,-0.008188525
2788,True,6.367081e-05,0.0030341651,0.022902835
2789,False,6.3475025e-05,0.019467436,0.009272998
2790,False,5.9017595e-05,-0.027444629,-0.004028905
2791,False,5.923483e-05,-0.0025931671,-0.030107211
2792,True,5.7943827e-05,0.0037413891,-0.004355721
2793,False,6.1162216e-05,-0.0031046649,0.018385943
2794,False,6.211017e-05,0.016567271,0.0005911179
2795,False,6.363889e-05,-0.0033371234,0.01739661
2796,False,6.3214575e-05,-0.019704796,0.008861074
2797,False,6.279546e-05,-0.022206217,-0.009778033
2798,False,6.344279e-05,-0.03836771,0.009100037
2799,False,6.151783e-05,-0.04139352,0.0032305066
2800,False,6.185408e-05,-0.029057473,0.0055148173
2801,False,6.0218925e-05,-0.032478303,0.0040223673
2802,False,6.624728e-05,-0.007152684,-0.010963943
2803,False,6.5877575e-05,0.011111875,-0.006736762
2804,False,6.3376654e-05,-0.009175549,-0.003910236
2805,False,6.121409e-05,-0.034585543,0.008795068
2806,False,6.73949e-05,-0.028353438,0.018538935
2807,False,6.88675e-05,-0.018669903,-0.007789649
2808,False,7.027011e-05,-0.004364793,0.0035856375
2809,False,6.618119e-05,-0.021080414,-0.00695177
2810,False,6.900568e-05,-0.019422337,-0.011644136
2811,False,7.053081e-05,-0.005997712,-0.009772122
2812,False,6.958006e-05,0.0064362995,0.0006300807
2813,False,6.8695874e-05,-0.008230744,-0.023122853
2814,False,7.075666e-05,-0.004604863,-0.010806248
2815,False,7.115761e-05,0.0060340744,-0.017706817
2816,False,6.821188e-05,0.0016196687,-0.01268033
2817,False,7.0226975e-05,-0.026060132,-0.0054961257
2818,False,7.033273e-05,-0.018335257,-0.005089741
2819,False,6.915742e-05,-0.009778636,-0.0063076764
2820,False,6.8348185e-05,-0.0009430137,-0.00822915
2821,False,6.9429276e-05,-0.002911143,-0.015577453
2822,False,6.6557535e-05,-0.01544829,-0.0010780711
2823,False,6.559145e-05,-0.027914045,0.015420515
2824,False,6.371055e-05,-0.019331738,-0.00025949627
2825,False,6.31802e-05,-0.02824598,0.023802057
2826,False,6.625121e-05,-0.039504565,0.01500844
2827,False,7.210007e-05,-0.020197287,0.030707534
2828,False,6.9764734e-05,-0.020313997,0.03153447
2829,False,6.703759e-05,-0.007236854,0.030923815
2830,False,6.7835506e-05,-0.0130324,0.021199085
2831,False,6.982772e-05,-0.0060187546,0.023739036
2832,False,6.964293e-05,-0.012790027,0.02408345
2833,False,6.673168e-05,-0.028745174,0.019285865
2834,False,6.8246e-05,-0.024466787,0.020402621
2835,False,6.868929e-05,-0.024134539,0.010883892
2836,False,7.043302e-05,-0.03298475,0.009129006
2837,False,6.669513e-05,-0.04266348,0.008229006
2838,False,6.689729e-05,-0.02379238,0.0061443243
2839,False,7.175325e-05,-0.035730485,-0.016893528
2840,False,7.1746916e-05,-0.036595866,-0.0022400022
2841,False,6.481982e-05,-0.026346365,-0.01779109
2842,False,6.582499e-05,-0.023789886,-0.010511836
2843,False,6.325716e-05,-0.02163984,-0.01382694
2844,False,6.0481078e-05,-0.03205262,-0.01583345
2845,False,6.3513224e-05,-0.022130182,-0.008056346
2846,False,6.459357e-05,-0.017256714,-0.030891657
2847,False,6.5336506e-05,-0.018141158,-0.0007528849
2848,False,6.288552e-05,-0.02573405,-0.019655636
2849,False,6.272214e-05,-0.030738197,-0.011493504
2850,False,6.923199e-05,-0.021152683,0.023469038
2851,False,7.260336e-05,-0.008341072,0.011977586
2852,False,6.964923e-05,-0.016368045,0.0054475805
2853,False,6.7989225e-05,0.005237031,0.004235709
2854,False,6.692539e-05,-0.0047350125,0.011881935
2855,False,6.5083485e-05,-0.0039027296,-0.01016886
2856,False,6.500598e-05,-0.006750766,-0.015874583
2857,False,6.6089764e-05,0.007360963,-0.02057283
2858,False,6.544131e-05,-0.0057833493,-0.017641641
2859,False,6.560245e-05,-0.0033992003,-0.017958045
2860,False,6.6570414e-05,0.00018601166,-0.010439841
2861,False,6.410703e-05,0.0065029673,-0.0006818762
2862,False,6.606873e-05,0.007162925,9.663589e-05
2863,False,6.401897e-05,0.00040644594,0.017490052
2864,False,6.251076e-05,-0.010209054,0.014958005
2865,False,6.0317117e-05,-0.015899412,0.014897313
2866,True,6.017154e-05,0.0015141107,0.019252341
2867,False,6.0791586e-05,0.0012458186,0.028184298
2868,False,6.440926e-05,0.026607214,0.015697513
2869,True,6.168489e-05,0.023177344,0.019494403
2870,True,5.9795297e-05,-0.018860308,0.010015631
2871,False,6.260924e-05,-0.012367714,-0.008732244
2872,False,6.167398e-05,-0.017365627,0.013264136
2873,True,6.178712e-05,0.009621667,0.008943737
2874,True,6.0516017e-05,-0.015925398,-0.011476211
2875,True,6.478911e-05,0.0027711848,0.008195996
2876,True,6.301238e-05,0.008173603,0.0024371883
2877,True,6.1665065e-05,0.0059177894,-0.0020324178
2878,False,6.4315194e-05,0.0042663794,0.005903762
2879,True,6.1336505e-05,0.015505258,0.00720904
2880,False,5.8429992e-05,-0.012173327,-0.007573453
2881,False,6.1852326e-05,-0.018426884,-0.017060734
2882,False,6.176584e-05,-0.023747128,-0.02207604
2883,False,6.224328e-05,-0.02045639,-0.0029955339
2884,False,6.106968e-05,-0.03834041,-0.0066192993
2885,False,6.149778e-05,0.0058156773,0.016849585
2886,False,6.022685e-05,0.018572364,0.0074851923
2887,True,6.042239e-05,0.024065098,0.021633884
2888,True,6.275931e-05,0.01645955,0.011611916
2889,False,6.204509e-05,0.019315882,0.0092061125
2890,False,6.4676315e-05,-0.007527422,-0.021506775
2891,True,6.098524e-05,0.008850126,0.0014244188
2892,False,6.1905295e-05,0.0026890738,0.019206518
2893,True,6.516396e-05,0.013224211,0.010836068
2894,True,6.1325445e-05,0.005534958,0.002398437
2895,True,6.387632e-05,0.024906388,0.02213439
2896,True,6.182303e-05,0.008456986,0.027290318
2897,True,6.221992e-05,0.0211914,0.008432802
2898,False,6.2453095e-05,0.016578354,0.012386277
2899,True,6.185664e-05,0.005337159,0.017657967
2900,False,5.8584214e-05,0.0031823842,0.0034853555
2901,True,6.3213214e-05,0.009330436,0.011520181
2902,False,5.985256e-05,-9.082537e-05,0.017215274
2903,False,5.838793e-05,-0.012467839,3.094133e-05
2904,False,5.653237e-05,0.005323762,0.0244435
2905,False,6.305825e-05,0.0027043773,0.005779867
2906,False,6.1857376e-05,0.012402263,0.014025897
2907,False,6.173645e-05,-0.0098577,0.014060238
2908,False,6.243047e-05,-0.0037789997,0.014057079
2909,False,5.9365357e-05,-0.03806849,-0.007086776
2910,False,6.491828e-05,-0.027066454,0.01914395
2911,False,6.541476e-05,-0.022392847,0.017639285
2912,False,6.170007e-05,-0.029508203,0.008486789
2913,False,6.5439635e-05,-0.03501814,0.0010223575
2914,False,6.229966e-05,-0.005121095,0.007302493
2915,False,6.728892e-05,-0.007349029,-0.013008355
2916,False,6.59638e-05,0.0055630477,-0.001190952
2917,False,6.122487e-05,-0.024222376,0.016873868
2918,False,6.523514e-05,-0.0291517,0.007560022
2919,False,6.764492e-05,-0.013946764,0.017171837
2920,False,6.8572626e-05,-0.01251984,0.0020755604
2921,False,6.9881666e-05,-0.014183761,0.006872222
2922,False,6.750714e-05,0.0012759473,-0.0035706833
2923,False,6.796161e-05,-0.0051465966,-0.009864166
2924,False,7.139556e-05,-0.004792651,0.0005995035
2925,False,6.740406e-05,-0.0077119335,0.00027971715
2926,False,6.9995214e-05,0.006968459,0.0051924083
2927,False,7.1681854e-05,-0.0022474676,0.00798537
2928,False,6.9798385e-05,0.01911093,-0.0008245241
2929,False,7.136168e-05,-0.0062175286,0.008503485
2930,False,6.5260676e-05,-0.024414372,0.028346982
2931,False,6.674783e-05,-0.008999421,-0.01064511
2932,False,6.7794834e-05,-0.010304688,0.0046144985
2933,False,6.65348e-05,-0.0024030842,-0.003738027
2934,False,6.762113e-05,-0.023501597,0.0012538545
2935,False,6.7659086e-05,-0.02979453,0.005078135
2936,False,6.425581e-05,-0.012348119,0.011300318
2937,False,6.4744825e-05,-0.014616636,0.011998573
2938,False,6.5947446e-05,-0.042638525,0.01972248
2939,False,7.164469e-05,-0.037991684,0.021347053
2940,False,7.013153e-05,-0.011238383,0.040463284
2941,False,6.8409456e-05,-0.028548334,0.035389826
2942,False,6.827951e-05,-0.018894624,0.039561216
2943,False,6.847346e-05,-0.015989799,0.036494255
2944,False,6.8930334e-05,-0.012757078,0.022093393
2945,False,6.649494e-05,-0.030925073,0.020539597
2946,False,7.0018534e-05,-0.024690105,0.019124543
2947,False,6.974438e-05,-0.03804507,0.018132094
2948,False,6.96851e-05,-0.03300948,-0.0061165057
2949,False,6.752607e-05,-0.04155767,0.012677113
2950,False,6.7399094e-05,-0.023230173,-0.010824079
2951,False,6.4176296e-05,-0.027031817,-0.008963181
2952,False,6.613439e-05,-0.037534267,0.017522348
2953,False,6.7077875e-05,-0.033977546,0.0006153658
2954,False,6.3321255e-05,-0.01665746,-0.006260544
2955,False,6.3901774e-05,-0.024324335,0.006163126
2956,False,6.3947635e-05,-0.016997997,-0.0053001866
2957,False,6.4193664e-05,-0.017286878,-0.008429832
2958,False,6.2722334e-05,-0.018501144,0.0055168346
2959,False,6.503998e-05,-0.017066812,0.0022137975
2960,False,6.494159e-05,-0.028873324,0.006805185
2961,False,6.2278894e-05,-0.021042142,-0.0147415735
2962,False,6.4548614e-05,-0.014265917,-0.016949888
2963,False,6.93258e-05,-0.024951246,0.00089503825
2964,False,6.7308596e-05,-0.015850147,0.021347651
2965,False,6.742016e-05,0.0009809509,-0.0058165863
2966,False,6.8376365e-05,0.00039445702,0.005378928
2967,False,6.577839e-05,-0.0059389025,0.005843414
2968,False,6.239797e-05,-0.00975877,0.0038639158
2969,False,6.460499e-05,-0.004839884,-0.0064362967
2970,False,6.565975e-05,-0.0009966074,-0.021277545
2971,False,6.619316e-05,0.0032147039,-0.019381091
2972,False,6.640713e-05,-0.0025655404,-0.015193386
2973,False,6.568853e-05,0.002708608,-0.010716931
2974,False,6.599568e-05,0.0024512666,-0.021077039
2975,False,6.5202206e-05,-0.0016355561,0.004884514
2976,False,6.418598e-05,0.003215935,0.017239612
2977,False,6.740276e-05,0.007807822,0.011779824
2978,False,6.3957355e-05,-0.008852975,0.029050617
2979,False,6.186913e-05,-0.00022669416,0.025869401
2980,True,6.110448e-05,-0.0076738205,0.03136657
2981,True,6.271762e-05,0.023679953,0.03009523
2982,True,5.827567e-05,-0.00097222347,0.0025966335
2983,True,5.9946608e-05,0.0015284866,0.015962537
2984,True,6.0957776e-05,-0.008651499,-0.010279794
2985,False,6.4591695e-05,0.0024099033,-0.0051784087
2986,False,5.926994e-05,-0.02733897,0.0120491255
2987,False,6.4618645e-05,-0.00077911187,0.011757771
2988,True,6.2304454e-05,0.0013696682,0.00844655
2989,True,6.109697e-05,-0.0010742778,0.009517234
2990,False,6.188155e-05,0.00901983,-0.009192717
2991,True,6.331579e-05,0.032035906,-0.00092583895
2992,True,6.583508e-05,0.021492448,0.0108771585
2993,True,6.272285e-05,0.012228005,0.004778102
2994,False,5.974842e-05,-0.015500364,-0.0032183994
2995,False,5.9442806e-05,-0.026890827,-0.004023358
2996,False,6.128271e-05,-0.023534661,-0.000571589
2997,False,6.3191495e-05,-0.026563782,-0.01195807
2998,False,6.331235e-05,-0.014130039,-0.0019969335
2999,True,6.15575e-05,0.010037571,0.021470651
3000,True,6.0822946e-05,0.019832792,0.025668675
3001,True,6.061091e-05,0.028086647,0.016812045
3002,True,6.185969e-05,0.012371514,0.022362437
3003,True,6.467479e-05,0.004676625,0.008562602
3004,True,6.190584e-05,0.013777949,0.007008346
3005,True,6.0759645e-05,-0.001849697,0.018041052
3006,False,6.735173e-05,0.013749128,0.004995942
3007,False,6.438838e-05,-0.0045500025,-0.0010011438
3008,True,5.9116588e-05,0.009062447,0.009867192
3009,True,5.962392e-05,0.011596325,0.008900857
3010,True,6.194544e-05,0.005653754,0.020828547
3011,True,6.33922e-05,0.009637117,0.010151561
3012,True,6.332212e-05,0.008025151,0.02103672
3013,False,6.06368e-05,0.008678891,0.015621973
3014,False,6.403082e-05,0.014448828,0.001194749
3015,False,6.577317e-05,0.024599584,0.010522405
3016,False,5.6510948e-05,-0.004025529,0.020582646
3017,True,6.123064e-05,-0.0009834319,0.0011210646
3018,True,5.988054e-05,0.021555137,0.012247808
3019,False,6.398095e-05,0.013684964,-0.0011592451
3020,False,6.1312996e-05,-0.010042407,-0.008663835
3021,False,5.9566682e-05,-0.02290364,-0.014520049
3022,False,6.289188e-05,-0.013114234,-0.014260981
3023,False,6.3370506e-05,-0.031698238,-0.01733734
3024,False,6.213805e-05,-0.028149555,0.006098576
3025,False,6.513204e-05,-0.026020812,-0.011642088
3026,False,6.523105e-05,-0.014965109,-0.003175592
3027,False,6.42799e-05,-0.026107501,0.007163845
3028,False,6.322276e-05,-0.0050319172,-0.0022682268
3029,False,6.2625404e-05,-0.037441667,0.024501793
3030,False,6.3959305e-05,-0.02546218,0.02613371
3031,False,6.115557e-05,-0.018657275,0.0073724296
3032,False,6.187844e-05,-0.028960777,0.0070564523
3033,False,6.4104956e-05,-0.02815234,0.013243731
3034,False,7.1374234e-05,-0.014721481,0.010538407
3035,False,6.5378525e-05,-0.012552009,0.0030280966
3036,False,6.715902e-05,-0.012820363,-0.008796316
3037,False,6.787575e-05,-0.025744695,0.0046539474
3038,False,6.945186e-05,-0.0023517888,-0.0017879866
3039,False,6.96953e-05,-0.024220493,0.014088349
3040,False,7.075824e-05,-0.008498402,0.0050634188
3041,False,7.008055e-05,-0.0031013992,-0.009966896
3042,False,7.0053255e-05,-0.016240962,0.010181818
3043,False,6.640084e-05,-0.001307969,-0.02401281
3044,False,6.551789e-05,-0.01905338,-0.005575467
3045,False,6.792312e-05,-0.0027478957,0.00069972686
3046,False,6.949012e-05,-0.024375169,0.00755533
3047,False,6.740618e-05,-0.029657923,-0.00035694055
3048,False,6.047076e-05,-0.029052489,0.015557095
3049,False,6.48977e-05,-0.016837541,-0.0059658326
3050,False,6.166796e-05,-0.030239873,0.012344092
3051,False,6.943654e-05,-0.023070555,0.025893629
3052,False,7.353433e-05,-0.02140695,0.026562508
3053,False,6.899505e-05,-0.018453576,0.044096142
3054,False,6.751182e-05,-0.020066679,0.031599343
3055,False,6.816663e-05,-0.03296649,0.032196064
3056,False,6.853738e-05,-0.020431675,0.02227727
3057,False,6.7142704e-05,-0.015426784,0.019045427
3058,False,6.796575e-05,-0.03740547,0.027280265
3059,False,6.744965e-05,-0.019021463,0.014482393
3060,False,6.9521e-05,-0.039139766,0.029974695
3061,False,6.712047e-05,-0.03482759,0.0017332695
3062,False,6.165294e-05,-0.011398024,-0.001670558
3063,False,6.6116074e-05,-0.028518636,0.005011577
3064,False,6.617023e-05,-0.031414673,-0.015162717
3065,False,6.658437e-05,-0.032789532,-0.005886089
3066,False,6.469405e-05,-0.031649623,0.012281995
3067,False,6.80877e-05,-0.010025324,-0.0064962003
3068,False,6.166718e-05,-0.013487043,0.0020268634
3069,False,6.1314946e-05,-0.027678901,0.0039227977
3070,False,6.679444e-05,-0.025564384,0.006179668
3071,False,6.4308086e-05,-0.03619749,0.00870664
3072,False,5.8578164e-05,-0.032677222,-0.019295294
3073,False,6.371772e-05,-0.031807855,-0.01073829
3074,False,6.304994e-05,-0.018535877,0.0015011765
3075,False,6.441258e-05,-0.029143706,-0.009740649
3076,False,6.843182e-05,-0.018362708,0.00021256693
3077,False,6.804071e-05,0.0011276472,0.0078017116
3078,False,6.552807e-05,-0.0022564437,-0.0060775317
3079,False,6.5332235e-05,-0.013919083,0.01375369
3080,False,6.539491e-05,-0.010548634,0.017245095
3081,False,6.4905886e-05,-0.018424587,0.0072833654
3082,False,6.44743e-05,-0.0067146695,-0.012676952
3083,False,6.4688735e-05,-0.0033476772,-0.012108199
3084,False,6.58144e-05,-0.0019641677,-0.017834086
3085,False,6.742835e-05,0.00015900657,-0.0007398948
3086,False,6.6849105e-05,0.0048314235,-0.012850911
3087,False,6.87375e-05,0.002659318,-0.014623855
3088,False,6.6442575e-05,-0.0039085085,0.007322062
3089,False,6.522127e-05,0.007164132,0.01524399
3090,False,6.688731e-05,0.0082723405,0.0035137217
3091,False,6.690234e-05,0.0055909,0.0166306
3092,False,6.6523586e-05,-0.016512044,0.004057262
3093,True,6.018763e-05,0.009332515,0.009111071
3094,False,6.091983e-05,-0.0060433047,0.029708205
3095,False,6.0053942e-05,0.00031932164,0.035561632
3096,False,5.934752e-05,-0.0067705214,0.008883033
3097,True,6.218044e-05,0.013763743,0.0014143288
3098,False,6.35077e-05,-0.004714623,-0.0042409496
3099,False,6.0348237e-05,-0.02303249,0.0027465373
3100,False,5.9483173e-05,-0.022548642,-0.016156636
3101,False,6.050559e-05,-0.00226996,0.009007029
3102,False,6.107144e-05,0.006442546,-0.0008007353
3103,False,6.1354796e-05,0.023658961,-0.012751447
3104,True,6.4401305e-05,0.017485421,0.013344495
3105,True,6.117212e-05,0.020391151,0.009062476
3106,True,6.450767e-05,0.013986168,0.021276422
3107,True,6.186768e-05,-0.0029332268,0.02456344
3108,False,6.5057e-05,-0.010556977,-0.0053420747
3109,False,6.161301e-05,0.0053212456,-0.013142688
3110,False,6.66758e-05,-0.016278397,0.0005079387
3111,False,6.731775e-05,-0.014455049,0.005683534
3112,False,6.407074e-05,-0.0041953884,0.013259199
3113,True,6.0542938e-05,0.0250079,0.0137085
3114,True,6.227516e-05,0.0104388995,0.027747257
3115,True,6.123823e-05,-0.009116628,0.0051960843
3116,False,6.0415463e-05,0.013341906,0.0017674863
3117,True,6.257687e-05,0.019982502,0.011519112
3118,False,6.310608e-05,-0.001490227,0.0045776516
3119,False,6.173968e-05,0.0016402788,0.01854928
3120,True,6.1108854e-05,0.01967933,0.012147894
3121,True,5.881989e-05,0.016238403,0.015841834
3122,True,5.954901e-05,0.0022464078,0.004158836
3123,True,6.431823e-05,0.0012981044,-0.0030419528
3124,True,5.9298985e-05,0.008892351,0.0038660374
3125,True,6.0664723e-05,0.009736639,0.01508775
3126,False,6.1954e-05,-0.0062536187,0.011589875
3127,False,5.9912076e-05,-0.008363225,0.009014031
3128,False,6.484547e-05,0.010951187,0.009931991
3129,False,6.0200186e-05,-0.005397401,0.014684627
3130,False,6.459148e-05,0.010020941,0.01386917
3131,False,6.603908e-05,-0.017510073,0.0003838269
3132,True,6.0376806e-05,0.010847496,0.0059799543
3133,True,6.237822e-05,0.00585106,0.014495939
3134,False,6.165348e-05,-0.00380301,0.0052230693
3135,False,6.3923704e-05,-0.023577007,-0.021566486
3136,False,6.376587e-05,-0.036674343,-0.017235698
3137,False,6.374089e-05,-0.029025577,-0.019073311
3138,False,6.0816077e-05,0.001743149,0.009047161
3139,False,6.2748404e-05,-0.032352265,0.0075712167
3140,False,6.867172e-05,-0.04353163,0.009046262
3141,False,6.0665934e-05,-0.018614314,-0.0179162
3142,False,5.855352e-05,-0.034590878,0.006901633
3143,False,6.754462e-05,-0.02612484,0.024956662
3144,False,6.674908e-05,-0.020208623,0.0052299136
3145,False,6.567613e-05,-0.031188114,-0.00093084574
3146,False,6.1443905e-05,-0.029358933,-0.01029712
3147,False,6.494602e-05,-0.019040123,0.0064466223
3148,False,6.342554e-05,-0.023524228,0.004938474
3149,False,6.8302e-05,-0.0159906,0.0012789909
3150,False,7.131236e-05,-0.006359201,-0.0030932017
3151,False,6.841222e-05,-0.020380294,0.011219649
3152,False,6.970393e-05,-0.004494982,0.006871946
3153,False,6.837411e-05,-0.0025567329,-0.004319422
3154,False,6.97605e-05,-0.02195723,0.006778259
3155,False,6.6111395e-05,-0.024329372,-0.015928406
3156,False,6.434587e-05,-0.0139342565,0.0051469784
3157,False,6.667604e-05,0.008087035,0.009577889
3158,False,6.6546425e-05,-0.029383732,0.011406224
3159,False,6.5490254e-05,-0.023389643,0.03674624
3160,False,6.337781e-05,-0.012118796,0.0075235963
3161,False,6.299487e-05,-0.012231439,-0.011855813
3162,False,6.2748426e-05,-0.027186137,0.005232184
3163,False,6.5464934e-05,-0.044475194,0.016882265
3164,False,7.106781e-05,-0.009188576,0.013943383
3165,False,7.0622176e-05,-0.001165648,0.029427834
3166,False,6.8630245e-05,-0.029712398,0.036555342
3167,False,6.852475e-05,-0.026255101,0.034967944
3168,False,6.935905e-05,-0.023423862,0.028410591
3169,False,6.781327e-05,-0.01429129,0.024813652
3170,False,6.964722e-05,-0.02519349,0.033396438
3171,False,6.718117e-05,-0.023483377,0.032762654
3172,False,6.6950284e-05,-0.02949666,0.022932509
3173,False,6.625977e-05,-0.023571556,0.012932932
3174,False,6.457719e-05,-0.027634228,0.021609876
3175,False,6.82454e-05,-0.021471452,-0.014700675
3176,False,6.724103e-05,-0.015966775,0.00014715269
3177,False,6.3788255e-05,-0.032641493,-0.0019141268
3178,False,6.2239014e-05,-0.017285181,0.0036285445
3179,False,6.636433e-05,-0.02596258,-0.011298407
3180,False,6.571742e-05,-0.030668488,0.0014197435
3181,False,6.356698e-05,-0.028400548,0.005405795
3182,False,6.21263e-05,-0.027429383,0.006017592
3183,False,6.634813e-05,-0.03877993,-0.0012489632
3184,False,6.386644e-05,-0.021284385,-0.011221793
3185,False,6.1669474e-05,-0.021222979,0.0044843107
3186,False,6.706219e-05,-0.015232554,0.006995611
3187,False,6.705205e-05,-0.0070074163,-0.020312084
3188,False,6.311264e-05,-0.01699911,-0.0051300605
3189,False,6.807948e-05,-0.026725793,0.014958762
3190,False,6.500493e-05,-0.01078162,-0.004845919
3191,False,6.476452e-05,-0.0030626105,-0.010525786
3192,False,6.345544e-05,-0.0017046798,0.010246924
3193,False,5.9719834e-05,-0.015095548,0.0039682686
3194,False,6.4618805e-05,-0.005712946,-0.005896055
3195,False,6.4579865e-05,-0.019790797,-0.0009660609
3196,False,6.560887e-05,-0.0032616518,-0.010762217
3197,False,6.605995e-05,-0.007647574,-0.0076632276
3198,False,6.6398585e-05,-0.012988789,-0.014763009
3199,False,6.613977e-05,-0.0010057231,0.0025102347
3200,False,6.592053e-05,-0.005385819,-0.002073097
3201,False,6.6723056e-05,0.0006465409,0.019102717
3202,False,6.584002e-05,-0.008883791,0.017676324
3203,False,6.650534e-05,-0.002034651,0.0039985804
3204,False,6.753833e-05,0.0012059715,-0.007544372
3205,False,6.733879e-05,-0.0037202556,-0.0037725158
3206,False,6.460525e-05,-0.004869355,0.00839936
3207,False,6.207009e-05,0.004753139,-0.00017377362
3208,False,6.448487e-05,-0.010822085,0.009474624
3209,True,6.264917e-05,0.0014578409,0.009620909
3210,False,6.269137e-05,0.019773647,-0.015213276
3211,False,6.15082e-05,-0.016076222,-0.0074913763
3212,False,5.8428486e-05,-0.004900392,0.02134178
3213,False,5.8627782e-05,-0.020877168,0.00019413605
3214,True,6.131163e-05,-0.014271871,0.010845646
3215,True,6.1413244e-05,0.0056509413,0.005902838
3216,True,6.566688e-05,0.025283044,0.015240131
3217,True,6.565849e-05,0.017624121,0.012409812
3218,False,6.342537e-05,0.008774653,0.010105016
3219,True,6.480297e-05,0.02256646,0.022076607
3220,True,6.447073e-05,0.013741799,0.010846328
3221,True,6.195587e-05,0.019732397,0.009839691
3222,True,6.503394e-05,0.00046602264,-0.005929409
3223,False,6.316316e-05,-0.029220458,0.0052624214
3224,False,6.3355335e-05,-0.025428897,0.002971774
3225,False,6.174962e-05,-0.015027054,-0.008495094
3226,False,6.463283e-05,0.0024962323,0.012780288
3227,False,6.0237864e-05,-0.018660216,0.0055489363
3228,True,6.201515e-05,0.0019895204,0.013953408
3229,False,6.124822e-05,-0.0021942267,-0.0041887397
3230,True,6.150151e-05,-0.009760933,0.01787978
3231,False,6.329538e-05,-0.015280641,0.004756093
3232,True,6.0980954e-05,-0.003814211,0.0019364934
3233,True,6.5127e-05,-0.00062927883,0.01385352
3234,False,6.153853e-05,0.010596954,0.009138074
3235,True,6.226756e-05,0.01350872,-4.798267e-05
3236,False,6.3267915e-05,0.0022190018,0.008364445
3237,True,6.068557e-05,0.006366213,-0.0066603757
3238,True,6.262582e-05,-0.0014770143,0.0049720127
3239,False,6.401132e-05,-0.012748897,-0.0026722495
3240,False,6.345956e-05,-0.00978337,0.003044406
3241,False,6.148797e-05,0.0017631929,-0.014532547
3242,False,6.1322055e-05,-0.0031221667,0.018863201
3243,False,6.234148e-05,0.002797395,0.014786807
3244,False,6.420959e-05,-0.019047461,-0.022630421
3245,False,6.601925e-05,-0.02708022,-0.011238219
3246,False,5.7192658e-05,-0.018152105,0.0008115582
3247,False,5.926687e-05,0.0028217677,0.013244508
3248,False,6.3694584e-05,0.002018271,-0.0012679757
3249,False,5.846013e-05,-0.0068330932,0.010538656
3250,False,6.336774e-05,0.0008117743,0.013582427
3251,False,6.0670794e-05,-0.0032234155,0.00846182
3252,False,6.126194e-05,-0.03467802,0.0032306015
3253,False,6.455731e-05,-0.027648866,-0.006480545
3254,False,6.444399e-05,-0.023682268,0.005810502
3255,False,5.902117e-05,-0.0434345,0.022773977
3256,False,5.7308414e-05,-0.030764997,0.0036044624
3257,False,6.258334e-05,-0.038256858,0.020928046
3258,False,6.3565945e-05,-0.02651123,-0.0055966936
3259,False,6.6147244e-05,-0.029765215,0.005770948
3260,False,5.748352e-05,-0.03108861,-0.0050255693
3261,False,5.998884e-05,-0.014073639,-0.007025864
3262,False,6.4100605e-05,-0.01607453,-0.010406261
3263,False,6.137452e-05,-0.022411497,0.0049419366
3264,False,6.529526e-05,-0.017187083,0.006925096
3265,False,6.9715374e-05,-0.020754497,-0.01047945
3266,False,6.808506e-05,-0.023744239,0.005290728
3267,False,6.447579e-05,-0.03664819,-0.013852943
3268,False,6.2459476e-05,-0.038861834,0.005815724
3269,False,7.030048e-05,-0.023800459,0.010112975
3270,False,6.5715845e-05,-0.0069635436,-0.0063369703
3271,False,6.3376465e-05,-0.015858369,6.139837e-05
3272,False,6.509634e-05,-0.025009803,0.0075204726
3273,False,6.55841e-05,-0.018964035,0.0021090582
3274,False,6.479072e-05,-0.017741818,-0.0011326261
3275,False,6.977569e-05,-0.030664276,0.023156384
3276,False,6.9547896e-05,-0.01667615,0.03417528
3277,False,7.320275e-05,-0.022679633,0.021844048
3278,False,6.895106e-05,-0.029959368,0.030182019
3279,False,6.883476e-05,-0.036526684,0.02994161
3280,False,6.919242e-05,-0.016696744,0.021176595
3281,False,6.739304e-05,-0.03335093,0.012058897
3282,False,6.612955e-05,-0.011506935,0.026538212
3283,False,6.723676e-05,-0.038205143,0.012992568
3284,False,6.968649e-05,-0.026187522,0.018732741
3285,False,6.811986e-05,-0.018711979,0.009290304
3286,False,6.7469e-05,-0.023152538,-0.00399353
3287,False,6.370365e-05,-0.018380098,-0.012993016
3288,False,6.8398156e-05,-0.02959387,0.009823553
3289,False,6.450362e-05,-0.03410425,0.012711192
3290,False,6.3592335e-05,-0.034473997,6.9729984e-05
3291,False,6.21159e-05,-0.032734625,0.0072934926
3292,False,6.771475e-05,-0.007835712,-0.0006049536
3293,False,6.61478e-05,-0.025651779,-0.009001866
3294,False,6.589629e-05,-0.008509728,-0.004448641
3295,False,6.0724684e-05,-0.01043843,-0.010823052
3296,False,6.556192e-05,-0.01284151,-0.0074017495
3297,False,6.654462e-05,-0.012951702,-0.0011424646
3298,False,6.505209e-05,-0.02325644,-0.009910703
3299,False,6.4118525e-05,-0.012999919,-0.0059721693
3300,False,6.323776e-05,-0.033578303,-0.014463015
3301,False,7.194185e-05,-0.023674354,-0.0089841895
3302,False,6.507372e-05,0.0003849268,-0.0045691766
3303,False,6.435269e-05,-0.0050347485,-0.0014000358
3304,False,6.334204e-05,-0.0038455594,-0.0035053715
3305,False,6.260073e-05,-0.0038458635,0.0062636035
3306,False,6.5717904e-05,0.0065796487,0.00166889
3307,False,6.5505825e-05,0.0007161759,-0.008372337
3308,False,6.6363e-05,-0.003135858,-0.008983327
3309,False,6.748216e-05,-0.0049030157,-0.0055447854
3310,False,6.605516e-05,0.01114498,0.00549372
3311,False,6.647505e-05,-0.005717896,0.00017908588
3312,False,6.76061e-05,-0.008765434,-0.0027861688
3313,False,6.693392e-05,-0.0036909096,0.017452985
3314,False,6.4757754e-05,0.0015630713,0.01037283
3315,False,6.4790496e-05,-0.00876512,-0.0014511812
3316,False,6.658981e-05,-0.014076725,0.002732955
3317,False,6.630386e-05,-0.01957678,-0.0012442358
3318,False,6.5636516e-05,-0.005382375,-0.007079225
3319,False,6.1667364e-05,0.0010247789,0.0061857384
3320,False,6.079379e-05,-0.0093294475,0.003535863
3321,True,6.045668e-05,-0.0031606164,0.013665542
3322,False,6.1784696e-05,0.0139576495,0.0002595354
3323,False,6.0419698e-05,-0.0064951517,-0.001464677
3324,False,6.2246436e-05,-0.026105575,-0.012171261
3325,False,5.9820955e-05,-0.008614508,0.008112045
3326,False,6.0554914e-05,-0.014645049,-0.003754396
3327,False,5.8847323e-05,-0.009130349,-0.0023825448
3328,False,6.1904066e-05,-0.009602354,-0.020020228
3329,False,6.491857e-05,-0.017991798,0.0066867727
3330,False,6.417975e-05,0.0038309451,-0.012454029
3331,False,6.430877e-05,0.019428935,0.022343919
3332,True,6.132868e-05,0.025894629,0.007170055
3333,True,6.228384e-05,0.028532945,0.0084887445
3334,True,6.281878e-05,0.013852194,0.015769858
3335,True,6.6532484e-05,0.013988428,-0.0099483915
3336,False,6.4498796e-05,0.013846603,0.00011411123
3337,True,6.361126e-05,-0.0062144324,0.009771375
3338,False,6.104286e-05,-0.0017024158,0.009934157
3339,True,6.2424006e-05,0.0123398695,0.009576913
3340,True,6.40319e-05,0.007838935,-0.0030515864
3341,True,6.0640472e-05,-0.010790534,0.014119251
3342,True,6.037557e-05,-0.0060222223,0.016932895
3343,True,6.179783e-05,0.0019015614,0.029360006
3344,True,6.278833e-05,-0.003045775,-0.0034324303
3345,True,6.0919007e-05,0.0058005378,0.0047912747
3346,True,6.234138e-05,-0.0053192936,0.01167972
3347,True,6.0538037e-05,-0.0008321386,0.020960746
3348,True,6.174094e-05,0.015135243,-0.002711909
3349,True,6.1873485e-05,0.00073997676,0.014389506
3350,False,6.315131e-05,-0.006738752,-0.0061004404
3351,False,6.3914e-05,-0.013823301,0.012693778
3352,True,6.210069e-05,0.0031733392,0.00088119134
3353,True,6.1140076e-05,0.005096798,0.014169985
3354,True,6.102027e-05,0.0016496712,0.0064033717
3355,False,5.9451533e-05,0.012134196,0.0048269834
3356,False,6.1841194e-05,0.015524339,0.008107007
3357,False,6.259689e-05,0.0083448365,0.005237458
3358,False,6.0633643e-05,-0.0048034973,-0.027451787
3359,False,6.463658e-05,-0.018725157,0.020254932
3360,False,6.198047e-05,-0.014792229,0.0008352008
3361,False,6.2886946e-05,-0.025224071,0.022380909
3362,False,6.285759e-05,0.007593029,0.010974899
3363,False,6.426094e-05,-0.0011072028,-0.0039840667
3364,False,6.378885e-05,-0.0018391684,-0.009975307
3365,False,6.144413e-05,-0.017229121,0.023566509
3366,False,6.462847e-05,-0.019505579,-0.0021384656
3367,False,6.942153e-05,-0.022909343,-0.0009260215
3368,False,6.42683e-05,-0.03013947,-0.0034535024
3369,False,6.569016e-05,-0.040911958,0.006871408
3370,False,6.704355e-05,-0.026945472,0.0022920752
3371,False,6.49998e-05,-0.019722424,0.0009866571
3372,False,6.635824e-05,-0.03160693,-3.8959086e-05
3373,False,6.78376e-05,-0.021551032,0.0047086515
3374,False,6.656005e-05,-0.022084706,0.0041138604
3375,False,6.811374e-05,-0.023513185,0.0037800688
3376,False,6.121354e-05,-0.026919317,-0.0033438448
3377,False,6.0902214e-05,-0.027236851,-0.021763649
3378,False,5.949553e-05,-0.01921631,-0.026747927
3379,False,6.4600485e-05,-0.030973895,-0.00091881305
3380,False,6.538262e-05,-0.031266443,0.025073158
3381,False,6.512326e-05,-0.01997749,0.014019771
3382,False,6.5020584e-05,-0.02385581,0.002879898
3383,False,6.162061e-05,-0.029826496,0.0015859026
3384,False,6.666523e-05,-0.029177664,0.01398089
3385,False,6.346929e-05,-0.023476727,0.010366982
3386,False,7.038068e-05,-0.042947166,0.03709338
3387,False,7.243209e-05,-0.03560657,0.036240526
3388,False,6.891423e-05,-0.029376954,0.022747798
3389,False,6.8053785e-05,-0.022507794,0.024427328
3390,False,6.98611e-05,-0.034993574,0.026246827
3391,False,6.348619e-05,-0.032351628,0.03307545
3392,False,6.8429945e-05,-0.0110363355,0.022543222
3393,False,6.546194e-05,-0.025245182,0.03174797
3394,False,6.445375e-05,-0.020672755,0.002558574
3395,False,6.3822205e-05,-0.036402628,0.011329528
3396,False,6.632067e-05,-0.031545572,0.018809296
3397,False,6.742562e-05,-0.041463733,0.01110409
3398,False,6.326459e-05,-0.01221195,0.010936711
3399,False,6.476864e-05,-0.02846925,-0.013479229
3400,False,6.5888154e-05,-0.013255249,0.0062979944
3401,False,6.7021705e-05,-0.028881542,0.016931852
3402,False,6.771738e-05,-0.026623901,0.024651539
3403,False,6.280432e-05,-0.032110833,0.014344562
3404,False,6.355593e-05,-0.014109651,-0.015523214
3405,False,6.125655e-05,-0.012502318,-0.003707569
3406,False,6.313025e-05,-0.016230535,0.010224404
3407,False,6.366051e-05,-0.037948247,0.031591438
3408,False,6.4618114e-05,-0.024348788,0.009512659
3409,False,6.378122e-05,-0.03457865,-0.0080611035
3410,False,6.439957e-05,-0.025959302,0.0069014826
3411,False,6.644846e-05,-0.02980932,-0.004897004
3412,False,6.6165296e-05,-0.009960875,-0.017767683
3413,False,6.676339e-05,-0.026832042,-0.005558056
3414,False,6.305051e-05,-0.025028918,-0.0058902754
3415,False,6.805772e-05,-0.030489072,0.020589782
3416,False,6.6298875e-05,-0.008000195,0.003569738
3417,False,6.409717e-05,0.0014803149,0.014341604
3418,False,6.626252e-05,0.011231685,0.0071778307
3419,False,6.570638e-05,-0.011890812,-0.0028799232
3420,False,6.75123e-05,0.008806769,0.009361904
3421,False,6.838452e-05,0.013238758,-0.011084539
3422,False,6.834115e-05,-0.0057767616,-0.0019736746
3423,False,6.768136e-05,-0.0040252544,0.004783584
3424,False,6.679182e-05,-0.00026806537,-0.0021398887
3425,False,6.642681e-05,-0.000742889,0.0025083148
3426,False,6.779643e-05,0.00088441325,0.008672036
3427,False,6.651565e-05,-0.0018935632,0.019946653
3428,False,6.309705e-05,-0.006714317,0.022958703
3429,False,6.327392e-05,-0.019862518,-0.0022835657
3430,False,6.372138e-05,-0.01475718,-0.0020452216
3431,False,6.804884e-05,-0.017736241,0.022115804
3432,False,6.670396e-05,0.0060994513,0.015198147
3433,False,6.2888386e-05,0.0013957962,0.016502608
3434,False,6.887759e-05,-0.0005644113,0.0013043825
3435,False,6.500925e-05,-0.007645241,0.020287123
3436,True,6.199182e-05,0.0070508644,0.0077922298
3437,True,6.292886e-05,0.002920941,0.01168585
3438,False,6.447247e-05,-0.017025132,0.0036589764
3439,False,6.445099e-05,-0.016337225,-0.009001516
3440,False,5.8789075e-05,-0.011806354,0.0027662786
3441,False,5.9732425e-05,-0.01631432,0.006690858
3442,False,6.185107e-05,-0.02918563,0.0017047282
3443,False,6.266779e-05,-0.011832941,-0.0039428435
3444,False,5.9759546e-05,0.013662819,0.013780158
3445,True,6.0309936e-05,0.02008069,0.020172622
3446,True,6.314777e-05,0.018817369,0.011959409
3447,True,6.322413e-05,0.007853204,-0.0071899267
3448,True,6.2310086e-05,0.020402052,0.017511658
3449,True,6.22306e-05,0.010174387,0.018073477
3450,True,6.241582e-05,0.011554759,0.014441375
3451,True,6.228787e-05,0.014032029,-0.0022901278
3452,False,6.0854054e-05,0.01295861,0.022521444
3453,True,5.948841e-05,0.009223616,0.019887317
3454,False,6.2189196e-05,-0.0037144274,0.011764731
3455,True,6.14099e-05,-0.00014504604,0.01887579
3456,True,6.205812e-05,-0.006410487,0.010580629
3457,True,6.2967185e-05,0.007280289,0.029487764
3458,True,5.856329e-05,0.003618497,0.018420568
3459,False,6.0451654e-05,0.018881546,0.010410344
3460,True,5.9396607e-05,0.0037169815,0.010859814
3461,True,6.109231e-05,0.0022115167,0.019278187
3462,False,6.201454e-05,-0.00023133494,0.00014714524
3463,False,6.530947e-05,-0.02516111,0.0051074065
3464,False,6.4301894e-05,-0.024862975,0.015893674
3465,False,6.2651656e-05,-0.033131637,-0.008880785
3466,True,6.19325e-05,-0.0036316426,0.019938719
3467,False,6.1849154e-05,0.00286703,-0.010440648
3468,False,6.0965947e-05,-0.01365487,-0.0147270635
3469,False,6.300371e-05,-0.018267881,-0.01859767
3470,False,6.1788516e-05,-0.02887388,-0.0031366488
3471,False,6.404751e-05,-0.01552463,0.025780132
3472,False,6.624e-05,-0.013942122,0.011301717
3473,False,6.209971e-05,0.009077787,0.0046135886
3474,False,6.2903586e-05,-0.01563004,0.013030418
3475,False,6.335177e-05,-0.025893537,0.010106442
3476,False,6.661642e-05,-0.013693048,0.016687246
3477,False,6.226846e-05,-0.0009832177,-0.01342003
3478,False,6.206173e-05,-0.013128431,0.029656274
3479,False,6.576921e-05,-0.010680912,0.012128845
3480,False,6.7128814e-05,-0.028571837,0.00991503
3481,False,6.660353e-05,-0.021820398,0.007982035
3482,False,6.376874e-05,-0.032211218,-0.012015993
3483,False,6.292449e-05,-0.016426383,0.01950968
3484,False,6.3768115e-05,-0.010791548,0.0026302263
3485,False,6.745585e-05,-0.021977607,0.0013144687
3486,False,6.467558e-05,-0.018575214,-0.0026208991
3487,False,6.39169e-05,-0.018224452,0.017216928
3488,False,6.5705666e-05,0.00022385176,0.02413318
3489,False,6.3593965e-05,-0.021511583,0.007929143
3490,False,6.304053e-05,-0.038081255,-0.0014863238
3491,False,6.111876e-05,-0.012489675,0.009176961
3492,False,6.742477e-05,-0.01942208,0.006575239
3493,False,6.3908155e-05,-0.022714715,0.010710821
3494,False,6.512114e-05,-0.022708341,0.0066234134
3495,False,6.5979104e-05,-0.014358724,0.002288646
3496,False,6.47623e-05,-0.010244019,-0.00025552697
3497,False,6.485208e-05,-0.024226353,0.01582188
3498,False,6.732778e-05,-0.028752372,0.014190946
3499,False,6.7460816e-05,-0.03151854,0.019993894
3500,False,7.181634e-05,-0.01765019,0.027904086
3501,False,6.651433e-05,-0.033960644,0.014242761
3502,False,6.319342e-05,-0.030599006,0.026880756
3503,False,6.2777835e-05,-0.020839848,0.027378095
3504,False,6.420004e-05,-0.023329867,0.02297021
3505,False,6.632257e-05,-0.021661658,0.032285735
3506,False,6.813053e-05,-0.02894739,0.015231665
3507,False,6.699235e-05,-0.035752542,0.027297096
3508,False,6.414992e-05,-0.02695098,0.010029204
3509,False,6.3983374e-05,-0.031127814,0.021433938
3510,False,6.553913e-05,-0.024955468,0.014744576
3511,False,6.461564e-05,-0.011676613,0.0103964545
3512,False,6.0731025e-05,-0.039069276,0.00029459037
3513,False,6.0366117e-05,-0.010699543,0.00875118
3514,False,6.567032e-05,-0.007417309,0.015690237
3515,False,6.9216585e-05,-0.030527594,0.0438269
3516,False,6.188647e-05,-0.03643665,0.015277438
3517,False,6.292451e-05,-0.025086688,-0.002940163
3518,False,6.203989e-05,-0.0061277,0.0015818886
3519,False,6.5241395e-05,-0.017988317,0.013996912
3520,False,6.278903e-05,-0.01798173,0.0012733643
3521,False,6.214269e-05,-0.032389916,0.0021568127
3522,False,6.756191e-05,-0.027788904,0.012382586
3523,False,6.501658e-05,-0.032250393,0.007092908
3524,False,6.5337845e-05,-0.021113465,-0.0053277984
3525,False,6.51608e-05,-0.022256691,-0.0038320404
3526,False,6.543626e-05,-0.025791228,-0.021128502
3527,False,6.201129e-05,-0.025242772,0.009210121
3528,False,6.4867476e-05,-0.021730244,0.0019587614
3529,False,6.363879e-05,-0.016509864,0.0067960704
3530,False,6.331043e-05,0.004372604,-0.0045780092
3531,False,6.76996e-05,0.008135468,-0.0006862208
3532,False,6.4851105e-05,0.015542753,-0.0018568048
3533,False,6.436756e-05,0.007324746,-0.003208506
3534,False,6.643091e-05,0.010875024,-0.0098613165
3535,False,6.546171e-05,-0.017152335,-0.01334608
3536,False,6.668322e-05,-0.010995561,-0.010617721
3537,False,6.694995e-05,-0.0059182253,-0.0023126556
3538,False,6.61524e-05,0.0013003168,0.010015035
3539,False,6.7664194e-05,-0.004119237,0.0031868797
3540,False,6.7519315e-05,-0.0041958503,0.023222832
3541,False,6.321262e-05,0.0042112116,0.0027515218
3542,False,6.4117e-05,-0.0006226357,-0.0002599135
3543,False,6.395161e-05,-0.011190656,0.009812135
3544,False,6.4689186e-05,-0.028519424,0.008932993
3545,False,6.4661006e-05,-0.027354687,0.009874396
3546,False,6.594499e-05,-0.0067313025,-0.0036063725
3547,False,6.153458e-05,-0.003247785,0.0076260213
3548,False,6.5507615e-05,0.0067636734,0.0049562017
3549,False,6.767248e-05,0.0027325246,0.020195665
3550,False,6.583228e-05,0.017611,0.017299943
3551,False,6.3285246e-05,-0.0057380795,0.00847274
3552,False,6.271869e-05,-0.010930844,-0.0029102731
3553,False,6.0893974e-05,-0.00962439,-0.0024863016
3554,False,5.9196067e-05,-0.022082437,-0.007863753
3555,False,5.582888e-05,-0.016561238,0.004971357
3556,False,6.286181e-05,-0.0076367855,0.0076777376
3557,True,6.1288534e-05,0.033241007,0.018478055
3558,True,6.294166e-05,0.034149818,0.0086432565
3559,True,5.9923124e-05,0.024557674,0.017010927
3560,True,6.484733e-05,0.023994725,0.0154634155
3561,True,6.5399356e-05,0.019017199,0.0010062233
3562,True,6.187153e-05,0.021508113,0.018598067
3563,True,6.3569794e-05,0.023977563,0.013781294
3564,True,6.3804546e-05,0.013137064,0.0044110725
3565,True,6.149677e-05,0.009132669,0.015936252
3566,True,6.079781e-05,0.0016245246,0.0061673075
3567,True,6.1216175e-05,0.017089162,0.004649671
3568,True,6.2272666e-05,0.008347625,0.01189031
3569,True,6.154921e-05,0.009378472,0.0083558215
3570,False,6.127595e-05,-0.00923457,0.0030662538
3571,True,5.789859e-05,-0.0010570488,0.0017312933
3572,False,5.9007183e-05,-0.009184774,-0.0008660797
3573,False,6.0333343e-05,0.0018727994,0.021803154
3574,True,5.9053582e-05,0.007644046,0.0016916655
3575,True,6.2720996e-05,0.013938227,0.003830336
3576,False,6.5746426e-05,-0.012021546,0.01694078
3577,False,6.6099754e-05,-0.008152278,-0.0035483623
3578,False,6.532766e-05,-0.006125951,0.015251718
3579,False,6.155082e-05,-0.009944268,-0.011979079
3580,False,6.154443e-05,-0.004695194,-0.039141268
3581,False,5.9118032e-05,-0.023103502,0.0049572308
3582,False,6.341426e-05,-0.0306922,-0.0076788208
3583,False,6.0050632e-05,-0.030741066,0.0072465353
3584,False,6.4488384e-05,-0.024017567,-0.019688377
3585,False,6.077661e-05,0.013862497,0.014630423
3586,False,6.1065184e-05,0.022826426,-0.0011357013
3587,False,6.1981256e-05,-0.0028615268,0.008054135
3588,False,6.2979554e-05,-0.031296503,-0.011290163
3589,False,6.079249e-05,-0.011339865,0.0119693875
3590,False,6.4754146e-05,-0.03318718,-0.005226027
3591,True,6.291438e-05,0.0045924103,0.010200292
3592,False,6.2691724e-05,0.036793172,-0.017859247
3593,False,6.047906e-05,-0.0052759387,0.0042695245
3594,False,6.57059e-05,-0.0132877445,-0.0028984947
3595,False,6.58125e-05,-0.029776573,0.012204014
3596,False,6.32376e-05,-0.022996888,-0.00048675667
3597,False,5.867927e-05,-0.012977388,-0.00092841126
3598,False,6.5716624e-05,-0.01676828,0.013493409
3599,False,6.546392e-05,-0.011522029,-0.006645145
3600,False,6.514569e-05,-0.022075446,-0.027278475
3601,False,6.8325375e-05,-0.021098206,0.008649262
3602,False,6.7540954e-05,-0.016841352,0.021669589
3603,False,6.988283e-05,-0.026358884,-0.00022227783
3604,False,6.301557e-05,-0.025333818,0.0028684754
3605,False,6.368673e-05,-0.03249121,0.012290087
3606,False,6.778415e-05,-0.01821519,0.00030708127
3607,False,6.5348504e-05,-0.0159037,-0.014347715
3608,False,6.7127105e-05,-0.035098203,-0.003027629
3609,False,6.645056e-05,-0.016773107,0.013804014
3610,False,6.462419e-05,-0.01596155,0.001155179
3611,False,6.369342e-05,-0.031744972,0.006990468
3612,False,6.9457805e-05,-0.022590254,0.023914315
3613,False,7.166419e-05,-0.0143741,0.020076552
3614,False,6.6511435e-05,-0.03787505,0.030189194
3615,False,6.2094354e-05,-0.031262722,0.0067639537
3616,False,6.592236e-05,-0.04025156,0.03738433
3617,False,6.2615574e-05,-0.0149499,0.019407865
3618,False,6.377281e-05,-0.02692852,0.016285334
3619,False,6.424191e-05,-0.029786034,0.0269491
3620,False,6.4731146e-05,-0.03475119,0.018336603
3621,False,6.73923e-05,-0.023515925,0.02201436
3622,False,6.586075e-05,-0.024881475,0.01624294
3623,False,6.4381384e-05,-0.023995537,0.014284033
3624,False,6.783737e-05,-0.030952176,0.01047927
3625,False,6.208573e-05,-0.029149879,0.015166558
3626,False,6.0173435e-05,-0.014739101,0.0032415614
3627,False,6.7979396e-05,-0.015317243,0.012716629
3628,False,6.817729e-05,-0.027902333,0.008719819
3629,False,6.180265e-05,-0.052907787,0.0008427687
3630,False,6.5363776e-05,-0.029360265,-0.008100772
3631,False,6.465204e-05,-0.017591333,0.011376928
3632,False,6.545133e-05,-0.014884052,-0.008654417
3633,False,6.191586e-05,-0.024308778,-0.004589021
3634,False,6.6532186e-05,-0.016469557,0.00027979538
3635,False,6.778845e-05,-0.018989235,-0.005469544
3636,False,6.4761305e-05,-0.017760258,0.009439236
3637,False,6.26694e-05,-0.03336691,0.013375906
3638,False,6.418152e-05,-0.018339686,-0.014000878
3639,False,6.2890875e-05,-0.022567976,0.003128821
3640,False,6.4200576e-05,-0.006623624,0.0014622933
3641,False,6.5475775e-05,-0.02189101,-0.015673285
3642,False,6.569631e-05,-0.027497709,-0.0013778955
3643,False,6.4539505e-05,0.005029496,-0.0083561875
3644,False,6.299432e-05,0.009354789,0.0016783662
3645,False,6.435476e-05,-0.008401987,-0.010597523
3646,False,6.667281e-05,0.009871744,0.0027041733
3647,False,6.584091e-05,-0.0005161576,-0.009893783
3648,False,6.753723e-05,-0.024675244,0.0091077015
3649,False,6.623592e-05,-0.01792931,-0.009003822
3650,False,6.6594366e-05,-0.0038244366,0.002053216
3651,False,6.69138e-05,-0.010404697,0.0027268054
3652,False,6.8139634e-05,-0.0155489,0.034802694
3653,False,6.809572e-05,-0.015887093,0.025296815
3654,False,6.4912885e-05,-0.0051694494,0.0059124604
3655,False,6.276907e-05,-0.0061873235,0.012776982
3656,False,6.371078e-05,-0.0045373878,0.012865428
3657,False,6.470606e-05,-0.022938538,-4.3980777e-05
3658,False,6.368987e-05,-0.016643604,0.0056853816
3659,False,6.604321e-05,-0.021913677,0.0067502297
3660,False,6.6560984e-05,-0.020723503,0.01029123
3661,False,6.648946e-05,-0.0045799054,-0.003814456
3662,False,6.541581e-05,0.009431431,0.0012577251
3663,False,6.6776396e-05,0.00014426839,0.00053037517
3664,True,6.436214e-05,-0.002965089,0.0211351
3665,False,6.2594154e-05,0.008036807,0.01054124
3666,True,6.231012e-05,-0.0021338183,0.023924608
3667,False,5.9980954e-05,-0.00774548,0.011144934
3668,False,5.855463e-05,-0.023406602,-0.008687779
3669,False,6.445585e-05,-0.0073495377,0.0026129428
3670,False,5.9836788e-05,0.0026348485,0.014382839
3671,True,6.344657e-05,0.021486193,-0.012896674
3672,True,6.0341714e-05,0.01709131,0.0054143444
3673,False,6.320339e-05,0.012574351,0.011224808
3674,True,5.8688063e-05,0.012123477,-0.0020649955
3675,True,6.3069914e-05,0.023191096,0.0013510585
3676,True,6.264416e-05,0.004900709,0.011349027
3677,True,6.3069725e-05,0.009765727,0.007874163
3678,True,6.476288e-05,0.0089892475,0.0077353343
3679,True,6.3153355e-05,0.017621495,-0.010311506
3680,True,5.9051763e-05,0.0175321,0.00874803
3681,False,6.681021e-05,0.0031819455,0.010057773
3682,False,6.1049024e-05,0.009624337,0.011734651
3683,False,6.3992265e-05,0.005131427,0.0030794367
3684,False,6.109682e-05,0.011343306,0.009195704
3685,False,6.220392e-05,-0.016359668,0.0068677757
3686,False,5.981396e-05,-0.024910327,-0.011521906
3687,False,6.167377e-05,-0.013548494,-0.00054768287
3688,False,6.336878e-05,0.009013185,-0.003598636
3689,False,6.268191e-05,-0.0033794474,-0.011137387
3690,False,6.114894e-05,-0.020015158,-0.026765728
3691,False,6.448136e-05,-0.023855615,-0.014657706
3692,False,6.0285773e-05,-0.0017363988,-0.0020082444
3693,False,6.195186e-05,-0.0070178825,-0.027228374
3694,True,6.112764e-05,0.005507076,-0.007005236
3695,False,6.151522e-05,-0.013394249,0.013994606
3696,False,5.8233683e-05,-0.011153577,-0.00068744086
3697,False,6.329533e-05,-0.03386814,0.001469586
3698,False,6.548465e-05,-0.014632413,0.0031290734
3699,False,6.4089974e-05,-0.0075974027,0.0011318303
3700,False,6.066992e-05,0.012727431,0.023065003
3701,False,6.57129e-05,0.012161865,0.013458634
3702,False,6.1189865e-05,0.005747645,-0.00063424
3703,False,6.826573e-05,-0.027395152,-0.009051505
3704,False,6.166625e-05,-0.0049627665,0.01229581
3705,False,6.184107e-05,-0.008482401,0.0026726532
3706,False,6.0794704e-05,0.012159549,0.0119487485
3707,False,6.312762e-05,-0.02763006,0.008267213
3708,False,6.3098305e-05,-0.013409901,-0.0068027116
3709,False,6.9179616e-05,-0.02707045,0.008160852
3710,False,6.9107715e-05,-0.024944222,0.0016835248
3711,False,6.4421925e-05,0.008256163,-0.0016609691
3712,False,6.524474e-05,-0.012372726,0.005870264
3713,False,6.803789e-05,0.0070536863,-0.013622167
3714,False,6.3822416e-05,-0.034916386,0.0050603375
3715,False,6.347718e-05,-0.0123158675,-0.009143531
3716,False,6.6923334e-05,-0.022990052,-0.008589871
3717,False,6.0008257e-05,-0.030697603,-0.001756791
3718,False,6.322229e-05,-0.027783483,-0.00080427155
3719,False,6.228292e-05,-0.02626647,-0.016349973
3720,False,6.125555e-05,-0.0264189,-0.0037183985
3721,False,6.425367e-05,-0.020206539,-0.0011678077
3722,False,6.0151102e-05,-0.039944686,0.009655256
3723,False,7.049737e-05,-0.019602114,0.00980489
3724,False,7.0117705e-05,-0.018376935,0.022513062
3725,False,6.800944e-05,-0.01492521,0.020734567
3726,False,6.8524714e-05,-0.03445384,0.019254405
3727,False,6.693119e-05,-0.024919659,0.008747945
3728,False,6.577908e-05,-0.026579225,0.019095192
3729,False,6.470278e-05,-0.031382266,0.014762994
3730,False,6.726289e-05,-0.023422582,0.011523934
3731,False,6.6030254e-05,-0.026145067,0.010816712
3732,False,6.48183e-05,-0.006816293,0.00031520426
3733,False,6.696356e-05,-0.033560798,0.0039153863
3734,False,6.256666e-05,-0.0061474377,0.0036196485
3735,False,6.6569795e-05,-0.027504513,0.02682563
3736,False,6.579125e-05,-0.041360132,0.0004920196
3737,False,6.395937e-05,-0.03635668,-0.007912518
3738,False,6.5183514e-05,-0.034934226,0.008543588
3739,False,6.544794e-05,-0.04332108,0.0206014
3740,False,6.115854e-05,-0.04452218,0.014226306
3741,False,6.4895576e-05,-0.033857957,0.016025744
3742,False,6.287025e-05,-0.045054063,0.0068828017
3743,False,6.501681e-05,-0.019571627,0.00575334
3744,False,5.9869795e-05,-0.03336,0.009995477
3745,False,6.4466716e-05,-0.031051539,0.0050170943
3746,False,6.507291e-05,-0.04631197,0.0062464066
3747,False,6.695881e-05,-0.020450212,-0.024275849
3748,False,6.540769e-05,-0.01779911,-0.009246111
3749,False,6.492179e-05,-0.02952225,-0.003928017
3750,False,6.508611e-05,-0.007612773,-0.028596442
3751,False,6.524768e-05,-0.01644364,-0.024436284
3752,False,6.20182e-05,-0.019813638,-0.025239483
3753,False,6.731226e-05,-0.015530979,0.012368279
3754,False,6.568754e-05,0.0028072018,-0.003796706
3755,False,6.577215e-05,0.007487029,-0.01120628
3756,False,6.4658176e-05,0.0122076385,-0.00084897876
3757,False,6.659001e-05,0.004918184,-0.0031827851
3758,False,6.619683e-05,0.009881521,-0.0054132026
3759,False,6.530255e-05,-0.011293728,-0.0063629644
3760,False,6.7086876e-05,-0.0008960217,0.0125016365
3761,False,6.655927e-05,-0.015246907,0.008064877
3762,False,6.600673e-05,-0.010274658,0.0073872376
3763,False,6.719158e-05,-0.0006129998,-0.001235906
3764,False,6.75717e-05,-0.005074436,0.008426363
3765,False,6.396826e-05,-0.013882607,0.011789862
3766,False,6.450889e-05,-0.009363735,0.0071256347
3767,False,6.4614374e-05,-0.01668977,0.011294723
3768,False,6.451955e-05,-0.016945494,-0.0003974326
3769,False,6.3131534e-05,-0.014663578,0.011311341
3770,False,6.4929845e-05,-0.0067903604,0.015190876
3771,False,6.555261e-05,-0.015997048,-0.0058501028
3772,False,6.4783075e-05,-0.00032818224,-0.0027089417
3773,False,6.5408625e-05,-0.013196513,0.0055079646
3774,True,6.2107276e-05,0.016704137,0.013379633
3775,True,6.357397e-05,0.018671833,0.008878225
3776,True,6.134703e-05,0.006529613,0.01272024
3777,False,5.9946273e-05,0.00857852,0.00035199244
3778,True,6.258787e-05,0.010512159,0.0074080806
3779,True,6.0058246e-05,-0.020176087,0.0012238878
3780,False,5.9760176e-05,-0.015428717,0.000343645
3781,False,6.321451e-05,-0.021321727,0.00042142905
3782,False,6.400673e-05,-0.007875746,-0.0019893479
3783,False,6.350853e-05,0.0045485627,-0.0033919308
3784,False,6.3157255e-05,-0.0046340283,-0.020607209
3785,False,5.8958845e-05,0.008617959,0.010316022
3786,False,6.1679384e-05,0.020291446,0.008766513
3787,True,6.0484286e-05,0.012909949,0.006866671
3788,False,6.1600935e-05,0.013314376,0.009117212
3789,True,6.0216113e-05,0.0017611105,-0.0044743977
3790,False,6.3434854e-05,0.0036210543,0.0012129154
3791,True,6.1044986e-05,0.012428183,0.023065848
3792,False,6.473056e-05,-0.001981073,0.0019037453
3793,False,6.364485e-05,-0.0031245123,0.011076182
3794,False,6.127809e-05,0.0017116293,-0.0037727673
3795,False,6.198643e-05,0.0015700478,-0.0039730547
3796,False,6.207132e-05,-0.0029797852,-0.0023986055
3797,False,6.3009196e-05,-0.006205296,-0.021292575
3798,False,6.3272804e-05,-0.03804164,-0.010610665
3799,False,6.4231266e-05,-0.008905962,-0.0048631635
3800,False,6.151289e-05,-0.012475988,0.003949782
3801,False,6.36717e-05,-0.0038028648,-0.016746216
3802,False,6.0084196e-05,-0.014980463,-0.0015048906
3803,False,5.7675432e-05,-0.020491255,-0.012118108
3804,False,6.158287e-05,-0.028500188,0.00854085
3805,False,5.9922244e-05,-0.0008274717,0.0023848806
3806,False,6.764365e-05,-0.005966749,-0.0046767313
3807,False,6.0300736e-05,0.00017726049,0.014188256
3808,False,6.171964e-05,-0.016879573,-0.0054182876
3809,False,6.145144e-05,-0.021913245,-0.0032001976
3810,False,6.266461e-05,-0.010383963,-0.018625494
3811,False,6.680815e-05,-0.016513536,-0.008654846
3812,False,6.347732e-05,-0.01168192,0.004727114
3813,False,6.319449e-05,-0.022246368,0.0039939135
3814,False,6.258291e-05,-0.013959098,0.0011123661
3815,False,6.298409e-05,-0.011019089,-0.019074563
3816,False,6.3975225e-05,-0.014988049,-0.00011068396
3817,False,6.1524726e-05,-0.003046319,-0.0036013946
3818,False,6.199651e-05,-0.022048498,-0.024750005
3819,False,6.320537e-05,-0.025513876,-0.006469914
3820,False,6.2230654e-05,-0.038890935,-0.00027090684
3821,False,6.068052e-05,-0.04352604,-0.009095879
3822,False,6.888822e-05,-0.026049491,-0.0063831434
3823,False,6.8576526e-05,-0.022080861,0.0157382
3824,False,6.598059e-05,-0.01944562,-0.0013309978
3825,False,6.57407e-05,-0.019099785,-0.01188305
3826,False,6.669698e-05,-0.024422532,-0.0095010465
3827,False,6.719337e-05,-0.015143118,-0.019046295
3828,False,6.616097e-05,-0.027116954,-0.0029995292
3829,False,6.266429e-05,-0.01857977,-0.0032799318
3830,False,6.3718e-05,-0.011734782,-0.021353409
3831,False,6.0711278e-05,-0.03237805,-0.00052150246
3832,False,6.49128e-05,-0.035883706,-0.001311548
3833,False,6.0420356e-05,-0.044169445,0.01830414
3834,False,6.869176e-05,-0.028371055,0.021168612
3835,False,6.934794e-05,-0.021527298,0.030237531
3836,False,6.430611e-05,-0.011823388,0.0071348976
3837,False,6.124133e-05,-0.02520869,0.0034361184
3838,False,6.411621e-05,-0.027803857,0.020246414
3839,False,6.6336375e-05,-0.022270117,0.028070368
3840,False,6.192897e-05,-0.04232239,0.014386479
3841,False,6.3970074e-05,0.015352006,0.009950198
3842,False,6.434044e-05,-0.034873605,0.022900412
3843,False,6.379141e-05,-0.02289167,0.008307319
3844,False,6.4069915e-05,-0.020397736,0.0075241867
3845,False,6.398942e-05,-0.02603624,0.0139655825
3846,False,6.609412e-05,-0.019527044,0.0054727644
3847,False,6.2461564e-05,-0.023844652,-0.00864514
3848,False,6.6263055e-05,-0.01903414,-0.015670922
3849,False,6.672504e-05,-0.051205955,0.009505216
3850,False,6.71663e-05,-0.037355393,0.0044398587
3851,False,6.417434e-05,-0.039305482,0.014484433
3852,False,6.482962e-05,-0.021129897,-0.010751495
3853,False,6.534166e-05,-0.034356467,0.009411275
3854,False,6.382684e-05,-0.03523566,0.0042778235
3855,False,6.300481e-05,-0.030886568,-0.00077809766
3856,False,6.290363e-05,-0.028172074,0.00042635016
3857,False,6.43703e-05,-0.011052184,0.018281167
3858,False,6.341303e-05,-0.030456398,-0.0032636188
3859,False,6.441603e-05,-0.01811251,-0.001663236
3860,False,6.2610525e-05,-0.025462743,-0.0051478953
3861,False,6.317921e-05,-0.018444119,-0.003146437
3862,False,6.412268e-05,-0.017801018,-0.013444738
3863,False,6.6682755e-05,-0.013519907,-0.010720565
3864,False,6.624964e-05,-0.02367654,-0.009289599
3865,False,6.550924e-05,-0.008444548,0.0014899969
3866,False,6.607833e-05,-0.003478622,0.007314278
3867,False,6.719337e-05,-0.0051939525,-0.017440794
3868,False,6.9714275e-05,0.002413122,0.004173645
3869,False,6.89653e-05,0.0054810047,-0.0074750986
3870,False,6.846457e-05,-0.004060455,-0.006200657
3871,False,7.114836e-05,-0.011821618,0.008118444
3872,False,6.962462e-05,-0.01959056,-0.007308449
3873,False,6.617181e-05,-0.010372596,0.011078214
3874,False,6.6185705e-05,-0.00073989667,-0.002095351
3875,False,6.6636974e-05,-0.0055161174,-0.006251795
3876,False,6.4180465e-05,-0.0121550085,-0.002311593
3877,False,6.427687e-05,-0.013824125,-0.0030086152
3878,False,6.5389155e-05,-0.0075624343,-0.003249824
3879,False,6.578674e-05,-0.008922912,-0.0067614894
3880,False,6.5511405e-05,-0.009405877,0.009070843
3881,False,6.61031e-05,-0.0028186524,-0.015026849
3882,False,6.708906e-05,-0.006259277,0.0035413979
3883,False,6.516544e-05,0.017710084,0.01796306
3884,False,6.47787e-05,-0.0017857151,0.0045858063
3885,True,6.0447932e-05,0.022662062,0.018972894
3886,True,6.2433624e-05,0.014619305,0.024613831
3887,True,6.180692e-05,0.0056686373,0.019491762
3888,False,6.134902e-05,-0.00022169948,-0.0051566605
3889,False,6.254599e-05,0.008308006,-0.0055784583
3890,False,6.108421e-05,-0.0023822784,0.0019235918
3891,True,6.1306026e-05,0.012586048,0.0038564866
3892,True,6.152411e-05,0.0024696477,-0.0008732863
3893,False,6.139947e-05,-0.0011546826,-0.0037705554
3894,False,6.265313e-05,0.009103175,0.0040760385
3895,True,6.180464e-05,0.005359173,0.0010932572
3896,True,6.024087e-05,-0.0010629203,-0.01030721
3897,False,5.9435748e-05,-0.010481916,0.0044550607
3898,False,6.0541344e-05,-0.022134356,0.007399207
3899,False,6.316694e-05,-0.012534693,-0.0038105613
3900,False,6.1925966e-05,-0.010937806,-0.0006323643
3901,False,6.117897e-05,-0.0063014524,0.0021305382
3902,False,6.3121595e-05,-0.01943434,-0.029203203
3903,False,6.428835e-05,-0.022793572,-0.010934752
3904,False,6.131944e-05,-0.03615297,-0.0242284
3905,False,6.398516e-05,-0.0051897094,-0.016340043
3906,False,6.3813415e-05,0.0064650504,0.00786428
3907,False,6.2574145e-05,0.0035564397,-0.008822548
3908,False,6.1728424e-05,-0.019529827,-0.014332483
3909,False,5.8571837e-05,-0.03693532,-0.0045805164
3910,False,6.211665e-05,-0.020918522,0.0029734783
3911,False,6.14401e-05,-0.0084733125,-0.016551178
3912,False,6.612333e-05,0.007555833,-0.0055448334
3913,False,5.995901e-05,-0.02081607,-0.013147954
3914,False,5.58595e-05,-0.009356242,0.00065629743
3915,False,6.120504e-05,-0.029582007,-0.0068546385
3916,False,6.4868436e-05,-0.025331484,0.0062398333
3917,False,6.9341244e-05,-0.010800526,0.0034699868
3918,False,6.534951e-05,-0.0011897739,0.005224582
3919,False,6.27929e-05,-0.017698027,0.0117214965
3920,False,6.0708273e-05,-0.011182155,-0.020981468
3921,False,6.155336e-05,-0.026742559,-0.01669274
3922,False,6.68377e-05,-0.015552778,-0.028003
3923,False,6.338151e-05,-0.013094261,0.014885811
3924,False,6.8024405e-05,-0.0067716725,-0.009720471
3925,False,6.278162e-05,-0.00053063873,0.0013767341
3926,False,6.208511e-05,0.0006336225,-0.0089743845
3927,False,6.020659e-05,-0.008609264,0.0025303662
3928,False,6.195991e-05,-0.035290256,0.004636095
3929,False,6.111652e-05,-0.022208078,-0.025990175
3930,False,6.0010272e-05,-0.016663536,-0.0016105324
3931,False,6.255305e-05,-0.037003655,-0.016286384
3932,False,6.567272e-05,-0.041439347,-0.012325384
3933,False,6.202356e-05,-0.019383125,0.024974275
3934,False,6.247006e-05,-0.025167737,0.019940635
3935,False,6.432133e-05,-0.027271189,0.0053815823
3936,False,6.3471e-05,-0.025067221,-0.010312283
3937,False,6.72528e-05,-0.018055879,-0.0054645836
3938,False,6.461827e-05,-0.03539229,0.0022092182
3939,False,6.721174e-05,-0.025791042,-0.004934732
3940,False,6.5217544e-05,-0.039170966,0.015770976
3941,False,6.2976345e-05,-0.040311076,0.014791433
3942,False,6.397069e-05,-0.031070083,0.014060818
3943,False,5.9245114e-05,-0.04008975,-0.0056145154
3944,False,6.051097e-05,-0.03302384,-0.0025544446
3945,False,5.767871e-05,-0.035147518,0.01052909
3946,False,6.2222985e-05,-0.045459036,0.0043355636
3947,False,5.8716352e-05,-0.05474527,0.019512951
3948,False,6.720049e-05,-0.047003493,0.032578237
3949,False,6.842377e-05,-0.020629365,0.024232525
3950,False,6.459346e-05,-0.019182688,0.019391363
3951,False,6.4275555e-05,-0.008468217,0.017915498
3952,False,6.295866e-05,-0.01103827,0.013241984
3953,False,5.9601734e-05,-0.015328938,0.024157226
3954,False,6.432046e-05,-0.022984648,0.0013466552
3955,False,6.31782e-05,-0.021871403,0.01026364
3956,False,6.5269116e-05,-0.034065813,0.02301239
3957,False,6.463802e-05,-0.031842455,0.012302972
3958,False,6.2579435e-05,-0.02111902,0.018201305
3959,False,6.685738e-05,-0.016847689,0.0022844076
3960,False,6.261527e-05,-0.021803336,-0.0014811382
3961,False,6.6199114e-05,-0.039442815,0.020417213
3962,False,6.750177e-05,-0.015718149,0.0056119673
3963,False,6.692919e-05,-0.038643323,0.004219327
3964,False,6.6602086e-05,-0.038050197,0.019407785
3965,False,6.2411695e-05,-0.034630343,-0.0027545728
3966,False,6.427904e-05,-0.020899247,-0.008614205
3967,False,6.402983e-05,-0.031694777,0.005003765
3968,False,6.6589164e-05,-0.022189666,-0.0037641767
3969,False,6.16242e-05,-0.029454034,0.001183847
3970,False,6.6053406e-05,-0.032519687,-0.009525308
3971,False,6.149936e-05,-0.023204405,-0.0028889924
3972,False,6.557132e-05,-0.022844518,0.0019426867
3973,False,6.124439e-05,-0.009888751,-0.019158702
3974,False,6.551414e-05,-0.021585353,0.00023623183
3975,False,6.268994e-05,-0.037181567,-0.01551944
3976,False,6.375201e-05,-0.027985968,-0.010391602
3977,False,6.5271e-05,-0.023187004,-0.0049446193
3978,False,6.486862e-05,-0.0054386845,0.005561255
3979,False,6.593986e-05,0.00017398316,-0.0003299527
3980,False,6.6883804e-05,-0.015235589,0.01099777
3981,False,6.818747e-05,0.0009655189,-0.010681038
3982,False,6.948383e-05,0.00014512241,-0.0055063684
3983,False,6.84343e-05,-0.011437054,0.00010762643
3984,False,6.819124e-05,-0.012845915,0.00054671615
3985,False,6.706544e-05,-0.017906027,0.016890243
3986,False,6.665348e-05,-0.0031986432,0.012272954
3987,False,6.685498e-05,-0.00976429,0.0037504416
3988,False,6.50588e-05,-0.022730235,0.0011491366
3989,False,6.26924e-05,-0.018166628,0.0055787154
3990,False,6.465889e-05,-0.00895958,-0.0054352228
3991,False,6.7041394e-05,-0.011204625,0.015190987
3992,False,6.6040746e-05,-0.011232726,0.013473341
3993,False,6.646099e-05,-0.015723253,0.0009189714
3994,False,6.712555e-05,0.004723423,0.00678326
3995,False,6.758137e-05,-0.0012600031,0.00028370507
3996,False,6.753718e-05,0.024588099,0.018558953
3997,True,6.0869246e-05,0.026983473,0.021324612
3998,True,6.159423e-05,0.01869857,0.02433319
3999,False,6.0834296e-05,0.020622438,0.0066588894
4000,True,6.105511e-05,0.0169487,-0.00368586
4001,True,6.429819e-05,0.015136521,-0.017462144
4002,True,6.2853454e-05,-0.008500861,0.013307711
4003,True,6.228636e-05,0.005505165,0.00877855
4004,False,5.880322e-05,0.012070195,0.007305933
4005,True,6.270726e-05,-0.006981522,-0.017788481
4006,False,6.31679e-05,-0.0086517185,-0.0023680031
4007,True,6.22998e-05,0.01620192,0.01851731
4008,True,6.24349e-05,0.011884653,0.028815934
4009,True,5.885032e-05,0.019498233,0.016652057
4010,True,6.0872444e-05,0.016733464,0.014694283
4011,False,6.283042e-05,0.0069770645,0.003672827
4012,False,5.9466824e-05,-0.023024302,0.0037909504
4013,False,6.23817e-05,-0.029041938,0.00046898425
4014,False,6.154393e-05,-0.023748852,-0.00339536
4015,False,6.5656626e-05,-0.030524489,-0.011613773
4016,False,6.273437e-05,-0.014769774,-0.0068676714
4017,False,6.20153e-05,-0.017185472,-0.016247567
4018,False,6.3920794e-05,-0.01898769,-0.027326012
4019,False,6.438091e-05,0.012673283,0.0016860664
4020,False,6.537465e-05,-0.017198548,-0.011731405
4021,False,5.9446313e-05,-0.028132996,0.0040308163
4022,False,6.148654e-05,-0.020694979,0.009462139
4023,False,6.434204e-05,-0.031503983,0.0045275977
4024,False,6.1572166e-05,-0.017647022,-0.022743046
4025,False,6.382738e-05,-0.01635356,-0.014211176
4026,False,6.596101e-05,-0.025340928,-0.01724823
4027,False,5.8735153e-05,-0.008680806,0.0033817533
4028,False,5.9447262e-05,0.0003849417,-0.005535002
4029,False,6.556185e-05,-0.022702891,-0.0073084906
4030,False,6.143781e-05,-0.021463778,-0.01125508
4031,False,6.38327e-05,-0.013798062,-0.009909967
4032,False,6.1091116e-05,-0.0066026226,0.008003743
4033,False,6.5672386e-05,-0.017337978,0.014883885
4034,False,6.2698025e-05,-0.013620979,-0.009600784
4035,True,6.107675e-05,-0.009731047,0.016590906
4036,False,5.9217626e-05,0.021106182,-0.006081037
4037,False,6.175274e-05,0.0026074545,0.008816486
4038,False,6.402616e-05,-0.008376578,0.0006455071
4039,False,6.4176944e-05,-0.0065050786,4.7774985e-05
4040,False,6.091576e-05,-0.038040966,0.005297616
4041,False,6.327666e-05,-0.025906216,0.0024542287
4042,False,6.240089e-05,-0.0006341804,-0.016282504
4043,False,6.186661e-05,-0.009836824,-0.006787274
4044,False,6.2187406e-05,-0.052677866,0.003410941
4045,False,6.150058e-05,-0.026700413,0.005161655
4046,False,6.2267565e-05,-0.012097797,-0.009199642
4047,False,6.269422e-05,-0.0465853,0.006473002
4048,False,6.315624e-05,-0.036736622,0.004655853
4049,False,6.545806e-05,-0.010838263,-0.002447323
4050,False,6.398068e-05,-0.048579976,0.01093838
4051,False,6.5161796e-05,-0.04255078,0.022277148
4052,False,6.6396635e-05,-0.017382946,-0.006990349
4053,False,6.376395e-05,-0.033777907,-0.0055247284
4054,False,6.166939e-05,-0.045779966,0.009112023
4055,False,5.9022695e-05,-0.04513268,0.005406227
4056,False,5.819088e-05,-0.023843765,0.013462517
4057,False,5.6493813e-05,-0.036264047,0.0001969263
4058,False,5.889211e-05,-0.040270682,0.010648746
4059,False,5.9900314e-05,-0.0370435,0.0034203306
4060,False,5.90897e-05,-0.026346117,0.012453351
4061,False,6.153596e-05,-0.036182936,-0.0039484277
4062,False,5.9729256e-05,-0.04748447,0.020986434
4063,False,6.517491e-05,-0.017428447,0.027331311
4064,False,6.803371e-05,-0.026795212,0.023737513
4065,False,6.727864e-05,-0.021351025,0.02611728
4066,False,6.676276e-05,-0.016531501,0.012185528
4067,False,6.574577e-05,-0.026163625,0.020432008
4068,False,6.503113e-05,-0.010917202,0.006957369
4069,False,6.432212e-05,-0.023214865,0.02164753
4070,False,6.313741e-05,-0.022839762,0.030205676
4071,False,6.4244414e-05,-0.016982514,-0.0019846484
4072,False,6.499708e-05,-0.045261424,0.0094528105
4073,False,6.168861e-05,-0.041711543,0.0028851628
4074,False,6.782748e-05,-0.0484078,0.012490584
4075,False,6.564783e-05,-0.04368306,0.01964455
4076,False,6.39708e-05,-0.027694829,0.009891838
4077,False,6.717217e-05,-0.0182879,-0.0039381366
4078,False,6.400561e-05,-0.019297762,-0.0118723735
4079,False,6.3523505e-05,-0.03749459,0.015309311
4080,False,6.3615524e-05,-0.020179767,-0.0071961544
4081,False,5.88249e-05,-0.02792748,-0.0011456069
4082,False,6.359459e-05,-0.030461892,0.009881551
4083,False,6.0599516e-05,-0.03052665,0.0073855547
4084,False,6.587381e-05,-0.017056778,-0.004105093
4085,False,6.320569e-05,-0.027110133,-0.01219418
4086,False,6.643759e-05,-0.0127190435,-0.019623863
4087,False,6.089085e-05,-0.012121441,-0.015351638
4088,False,6.231966e-05,-0.023880549,-0.008170599
4089,False,7.0511895e-05,-0.019462254,-0.0026249895
4090,False,6.722581e-05,-0.020191032,-0.005136599
4091,False,6.543306e-05,-0.00018787198,0.011034942
4092,False,6.74073e-05,-0.005350109,-0.006745409
4093,False,6.7386485e-05,-0.000984,-0.00058235973
4094,False,6.813939e-05,-0.0022943616,-0.008817532
4095,False,6.726429e-05,-0.010717257,-0.009401057
4096,False,6.6491295e-05,-0.0051493524,-0.0044998736
4097,False,6.65551e-05,-0.004665442,0.015998714
4098,False,6.913244e-05,-0.009887825,0.010421315
4099,False,6.50647e-05,-0.007462941,0.007938206
4100,False,6.597745e-05,-0.008352715,-0.0043799747
4101,False,6.597254e-05,-0.017122887,0.0022832192
4102,False,6.550081e-05,-0.010489747,0.02481784
4103,False,6.699789e-05,-0.0066040177,0.01301237
4104,False,6.674202e-05,-0.008365324,0.006568948
4105,False,6.744725e-05,-0.0025160871,0.0042932965
4106,False,6.6528e-05,0.0031502107,0.016786195
4107,True,6.757495e-05,0.009494227,0.016672324
4108,True,6.339214e-05,0.0296294,0.020654868
4109,True,6.289502e-05,0.016479984,0.021628466
4110,True,5.845256e-05,0.028449971,0.01978726
4111,True,5.9441656e-05,0.009254685,0.012616934
4112,True,6.4528285e-05,0.014507167,-0.008406407
4113,True,6.1413375e-05,0.0055841245,-0.0012517902
4114,True,6.069194e-05,7.351674e-05,0.009122531
4115,True,6.24551e-05,0.013590366,0.007008869
4116,True,6.302772e-05,0.010987527,0.00964206
4117,False,6.3564046e-05,0.0070939614,0.002764547
4118,False,6.2952626e-05,-0.011848748,0.00737499
4119,True,5.9055918e-05,0.02147758,0.025206726
4120,True,5.882258e-05,0.023464274,0.024297345
4121,True,6.0215767e-05,0.020462953,0.019213215
4122,True,6.26791e-05,0.01970899,0.013486123
4123,True,6.199325e-05,0.013472258,0.010341249
4124,False,6.1400075e-05,-0.0036755558,0.007586697
4125,False,5.9153877e-05,-0.024994764,-0.016576115
4126,False,6.3267915e-05,-0.012281478,-0.013081232
4127,False,6.1384046e-05,-0.013605829,0.025290376
4128,False,6.421679e-05,-0.026017927,-0.018733079
4129,False,6.420601e-05,-0.018264076,0.0017577726
4130,True,6.1575476e-05,0.0034153853,0.0075909765
4131,True,6.375019e-05,0.0067031034,0.00063677225
4132,True,6.126631e-05,0.0019497853,0.01395924
4133,True,6.0333656e-05,-0.0034675626,-0.0023119487
4134,False,6.16897e-05,-0.008624665,0.011263613
4135,False,6.017396e-05,-0.034391508,-0.0025631115
4136,False,6.145742e-05,-0.033778038,-0.016840069
4137,False,6.0013994e-05,-0.00799552,-0.011976372
4138,False,6.0350434e-05,0.0066560544,-0.015409667
4139,False,6.492965e-05,-0.0037911907,-0.024526889
4140,False,6.269655e-05,-0.028192502,-0.008585295
4141,False,5.870338e-05,0.00454822,-0.010095013
4142,False,6.056962e-05,0.0033074357,-0.006542679
4143,False,6.2924046e-05,-0.021268059,-0.021040736
4144,False,6.435584e-05,-0.024780063,-0.024408525
4145,False,6.177752e-05,-0.0005331654,-0.010932621
4146,False,6.397442e-05,0.0024201367,-0.029599363
4147,False,6.1380946e-05,0.0019422416,-0.013130333
4148,False,5.944923e-05,0.0019454062,-0.00017593615
4149,False,6.222107e-05,-0.0004583085,0.0044434816
4150,False,6.466101e-05,-0.024017561,-0.026987076
4151,False,6.494123e-05,-0.016712733,-0.009362396
4152,False,5.7334928e-05,-0.013275113,0.0043165414
4153,False,6.168759e-05,-0.0134410225,-0.006391134
4154,False,6.20512e-05,-0.030121999,-0.001360029
4155,False,6.620421e-05,-0.028889772,-0.029899444
4156,False,6.556133e-05,-0.027062675,-0.033217486
4157,False,5.9115533e-05,-0.047738753,0.007715933
4158,False,6.390795e-05,-0.036168814,0.00032563508
4159,False,5.841246e-05,-0.027312983,0.013678968
4160,False,5.9569033e-05,-0.03674093,0.0051032268
4161,False,5.829164e-05,-0.037975177,0.00778291
4162,False,6.072095e-05,-0.03127046,0.0058265105
4163,False,6.280773e-05,-0.032994904,-0.010790434
4164,False,6.32697e-05,-0.030957129,0.00808592
4165,False,6.135546e-05,-0.01477201,-0.009775545
4166,False,6.23759e-05,-0.019975368,0.0065527875
4167,False,5.908503e-05,-0.006151136,-0.012387289
4168,False,6.3187814e-05,-0.03181306,-0.0029591434
4169,False,6.325505e-05,-0.030683689,0.015108382
4170,False,6.407133e-05,-0.036345668,0.016461063
4171,False,6.2623636e-05,-0.021694418,0.001855447
4172,False,6.30401e-05,-0.021225698,0.011525966
4173,False,5.9105805e-05,-0.04330639,0.013961922
4174,False,5.9049664e-05,-0.036044404,0.0055514984
4175,False,6.0691233e-05,-0.024200574,0.007978357
4176,False,5.9444126e-05,-0.03408633,0.022826876
4177,False,6.4509644e-05,-0.017689468,0.026705174
4178,False,6.6497094e-05,-0.010643316,0.019067273
4179,False,6.715334e-05,-0.040506512,0.033780277
4180,False,6.660042e-05,-0.020983336,0.020956459
4181,False,6.62535e-05,-0.023317043,0.014097781
4182,False,6.617799e-05,-0.03170542,0.0125790015
4183,False,6.407146e-05,-0.01993463,0.021741793
4184,False,6.3775355e-05,-0.041166745,0.016041838
4185,False,6.27883e-05,-0.039856028,0.0101328585
4186,False,6.057695e-05,-0.028913192,0.00010753516
4187,False,5.9266407e-05,-0.028299619,0.009494726
4188,False,6.368864e-05,-0.032610066,-0.007131528
4189,False,6.305629e-05,-0.03367066,-0.00070884824
4190,False,6.265819e-05,-0.006694557,-0.010977758
4191,False,6.0765287e-05,-0.011452297,-0.023049321
4192,False,6.0500617e-05,-0.021376984,-0.0052920384
4193,False,6.209065e-05,-0.025628773,-0.012945825
4194,False,6.23235e-05,-0.014841087,-0.0050662905
4195,False,6.3837164e-05,-0.0069144964,-0.007605934
4196,False,6.429662e-05,-0.011924325,-0.010614569
4197,False,6.590785e-05,0.008668309,-0.016783107
4198,False,6.542494e-05,-0.022287492,0.004305844
4199,False,6.503559e-05,-0.0145837115,-0.0046075936
4200,False,6.596343e-05,0.002169013,-0.016869085
4201,False,7.1429604e-05,-0.021403663,0.008538039
4202,False,6.3959444e-05,-0.029598951,-0.008641087
4203,False,6.5582186e-05,-0.008079676,-0.0071278177
4204,False,6.523236e-05,-0.004210539,-0.009469615
4205,False,6.707226e-05,-0.009325884,-0.012992979
4206,False,6.7376735e-05,-0.007936398,-0.0027623465
4207,False,6.778614e-05,-0.01735187,-0.011313999
4208,False,6.795566e-05,-0.01921514,0.007185042
4209,False,6.8285924e-05,-0.009702363,-0.004758574
4210,False,6.579109e-05,-0.0070708813,0.017190386
4211,False,6.613055e-05,-0.013785597,0.008099308
4212,False,6.638428e-05,-0.017249053,0.006444905
4213,False,6.871273e-05,-0.0010788161,-0.0060971733
4214,False,6.6372275e-05,-0.0035809893,0.010481581
4215,False,6.729085e-05,0.00029762276,-0.010857925
4216,False,6.94056e-05,-0.015741326,0.010721715
4217,False,6.7290166e-05,0.019778276,0.024056843
4218,True,6.3073734e-05,0.017016154,0.0057935044
4219,True,6.1470964e-05,0.026509698,0.0056739375
4220,True,6.0049068e-05,0.008703597,0.0052871555
4221,True,6.0321712e-05,0.008544997,0.0073972475
4222,True,6.283411e-05,-0.00030262768,0.007927731
4223,False,6.694739e-05,-0.0027912427,0.007977457
4224,False,6.281608e-05,-0.0040681995,0.0013434719
4225,True,6.396062e-05,-0.00011187978,-0.009020125
4226,False,6.181056e-05,-0.00048709288,-0.0028751297
4227,False,6.352752e-05,-0.035685573,-0.0022451496
4228,False,6.148496e-05,-0.02094767,-0.023397177
4229,False,6.0332597e-05,-0.0013179593,0.009459214
4230,False,6.139381e-05,0.0050682444,0.014790055
4231,False,6.221509e-05,0.0051410682,0.012740891
4232,True,6.0283328e-05,0.007258784,0.0011672499
4233,True,6.1388695e-05,0.002668322,-0.0056299604
4234,True,5.960356e-05,-0.005591374,-0.0001910273
4235,True,6.226154e-05,-0.021106888,-0.0023400597
4236,False,6.13714e-05,-0.029146194,-0.009041186
4237,False,6.309793e-05,-0.013878743,-0.011259667
4238,True,6.186538e-05,-0.0055754595,0.015221629
4239,True,6.6045184e-05,-0.0026376005,-0.01115295
4240,False,6.317567e-05,-0.00097401626,0.019704416
4241,False,6.266172e-05,0.010015589,0.007406149
4242,False,6.342692e-05,-0.0074895816,0.0013132496
4243,True,5.94312e-05,-0.008293929,0.004638169
4244,False,5.9245554e-05,-0.013212604,-0.0031135604
4245,True,5.896314e-05,-0.0025301436,0.0038511269
4246,False,6.3299245e-05,-0.008360805,0.0074440753
4247,False,6.125391e-05,-0.00068376586,-0.024437409
4248,False,6.0069615e-05,-0.0008630324,-0.008989107
4249,False,5.9097365e-05,-0.018343793,-0.007458007
4250,False,6.255914e-05,-0.023883294,-0.009026175
4251,False,6.2719395e-05,-0.013454549,-0.011511989
4252,False,6.034658e-05,-0.010238795,-0.027095173
4253,False,5.983805e-05,-0.0016252473,-0.011358717
4254,False,6.7101275e-05,-0.006336976,0.005742971
4255,False,6.127819e-05,0.00495373,0.013874411
4256,False,6.229409e-05,-0.010629885,-0.016364297
4257,False,6.240003e-05,-0.034171987,-0.028798774
4258,False,6.555839e-05,-0.027199544,-0.000875785
4259,False,6.602368e-05,-0.028372223,-0.0017995071
4260,False,6.251077e-05,0.0037512667,-0.00086134905
4261,False,6.550481e-05,-0.023629412,-0.011166181
4262,False,6.207965e-05,-0.017179327,0.0024740081
4263,False,5.7639012e-05,-0.021763243,0.0032297717
4264,False,6.671859e-05,-0.040484108,0.008773164
4265,False,6.2755455e-05,-0.042356968,0.0014918167
4266,False,6.563929e-05,-0.029189292,0.004516132
4267,False,6.4430744e-05,-0.013829501,-0.019318452
4268,False,6.2199346e-05,-0.037319016,0.011167355
4269,False,5.6776902e-05,-0.035887185,0.00055178814
4270,False,6.0264563e-05,-0.036141634,0.0028976481
4271,False,6.446925e-05,-0.038867347,0.007854167
4272,False,6.2168256e-05,-0.038231242,-0.0010925289
4273,False,5.7060268e-05,-0.035194814,-0.0018433258
4274,False,5.9814825e-05,-0.02885862,0.0079155285
4275,False,6.860843e-05,-0.043127775,0.015817579
4276,False,6.7622874e-05,-0.033296045,0.010307994
4277,False,6.5255546e-05,-0.030571774,0.012921112
4278,False,6.72077e-05,-0.026599718,0.014119457
4279,False,6.6200446e-05,-0.035194755,0.010320753
4280,False,6.833905e-05,-0.033125132,0.0122874435
4281,False,6.6227774e-05,-0.040535133,-0.0047700386
4282,False,6.7781424e-05,-0.043327898,0.02464248
4283,False,6.313058e-05,-0.011579314,0.024575407
4284,False,6.3859596e-05,-0.03430575,0.022789653
4285,False,6.670655e-05,-0.03019768,0.021190343
4286,False,6.397701e-05,-0.04722988,0.017550943
4287,False,6.5317894e-05,-0.032899905,0.024434427
4288,False,6.353819e-05,-0.030215546,0.020566223
4289,False,6.381802e-05,-0.039263412,0.030982057
4290,False,5.9614566e-05,-0.047622934,-0.01362904
4291,False,6.1818595e-05,-0.048384525,0.022871396
4292,False,6.200357e-05,-0.05542332,-0.0035473388
4293,False,6.319323e-05,-0.024979234,0.015723754
4294,False,6.464687e-05,-0.0421061,0.015491711
4295,False,6.7301524e-05,-0.01885939,0.0055187736
4296,False,6.78934e-05,-0.03617587,0.0022181235
4297,False,6.678109e-05,-0.026107982,0.007231524
4298,False,6.6347835e-05,-0.017706439,0.015400335
4299,False,6.2381514e-05,-0.03446615,0.0140244365
4300,False,6.0960516e-05,-0.034278877,0.01656555
4301,False,6.294412e-05,-0.015164886,-0.023852209
4302,False,6.2959916e-05,-0.007615069,-0.023972854
4303,False,6.645609e-05,-0.031844616,-0.00035430677
4304,False,6.4509324e-05,-0.032928176,0.0023633577
4305,False,6.437769e-05,-0.0059952517,-0.007955203
4306,False,6.581213e-05,-0.0011446401,-0.009229232
4307,False,6.821871e-05,-0.028151624,0.0045966487
4308,False,6.54577e-05,-0.026236113,-0.006180998
4309,False,6.3310545e-05,-0.016096234,0.009294331
4310,False,6.651411e-05,-0.002633703,-0.013201356
4311,False,6.362024e-05,-0.008499569,-0.0033005718
4312,False,6.570371e-05,-0.026497044,0.011841362
4313,False,7.244842e-05,-0.027755423,0.01740865
4314,False,6.560303e-05,-0.00947636,-0.009751193
4315,False,6.658779e-05,-0.007327291,-0.0069697388
4316,False,6.657565e-05,-0.018561736,-0.0021846863
4317,False,6.589746e-05,-0.012536251,0.013018791
4318,False,6.7942834e-05,-0.0058199763,-0.006483238
4319,False,6.828907e-05,-0.009587825,-0.010636104
4320,False,6.829363e-05,-0.0064283013,0.007915056
4321,False,6.82311e-05,-0.009787227,0.01322613
4322,False,6.5936554e-05,-0.00027019996,-0.0032531768
4323,False,6.6859924e-05,-0.014782529,0.021849051
4324,False,6.700915e-05,-0.00071772374,0.015037162
4325,False,6.909035e-05,-0.007120548,0.011638807
4326,False,6.85542e-05,0.0009847526,0.010059526
4327,False,6.7487286e-05,-0.00014642999,0.0086032115
4328,False,6.8003515e-05,-0.0022059623,0.0036640875
4329,True,6.394611e-05,0.014156614,0.0244556
4330,True,6.4147156e-05,0.0021556178,-0.0077134855
4331,True,6.486609e-05,0.014015275,0.012421787
4332,True,6.2663756e-05,0.023459084,0.0065480247
4333,True,6.0599526e-05,0.00396965,0.01690234
4334,True,6.553621e-05,0.008403044,0.002728967
4335,False,6.4224536e-05,-0.0009783185,0.018893763
4336,False,6.3194624e-05,0.0016700542,0.014220517
4337,False,6.151992e-05,0.0013522841,-0.010825984
4338,False,6.1195526e-05,-0.015304512,0.022097396
4339,True,6.040205e-05,0.0015388113,0.019568328
4340,True,6.2282146e-05,0.027416173,0.008142945
4341,True,5.8633763e-05,0.0024308655,0.025175657
4342,True,5.9268106e-05,-0.007142508,0.0003486434
4343,True,6.149946e-05,-0.012496212,-0.0072802957
4344,False,6.0476126e-05,-0.017259782,-0.0027018879
4345,True,6.237479e-05,0.0104291,0.00013650581
4346,False,6.1748535e-05,0.011379451,-0.008477596
4347,True,6.0690716e-05,-0.012810753,-0.011609875
4348,False,6.022705e-05,-0.020308804,0.0016023926
4349,False,6.3793304e-05,-0.0032787807,0.00066011306
4350,False,6.180799e-05,0.011167519,-0.010217069
4351,False,6.1007304e-05,0.004952017,-0.0026198607
4352,True,5.969031e-05,0.010258039,0.011090333
4353,True,6.50197e-05,-0.0026155468,0.008505902
4354,False,6.380362e-05,-0.022109628,0.01907382
4355,False,6.1644816e-05,-0.03075878,-0.025214015
4356,False,6.207331e-05,-0.021465875,0.01871221
4357,False,6.0801434e-05,-0.0005343696,0.014147408
4358,False,5.89766e-05,-0.012970785,0.0039905887
4359,False,6.0797625e-05,0.0009837411,0.00022437889
4360,False,6.289569e-05,0.014881063,0.0139181465
4361,False,6.284294e-05,0.005545646,0.019628411
4362,False,5.959224e-05,-0.0050565763,-0.0063248817
4363,False,6.2466264e-05,-0.023709293,0.010037053
4364,False,5.8482183e-05,-0.034094773,-0.020169044
4365,False,6.595641e-05,-0.01139065,-0.017064642
4366,False,6.250028e-05,-0.015660979,-0.011920877
4367,False,6.0456732e-05,-0.008605899,-0.011900103
4368,False,6.0522958e-05,-0.018293861,0.014674041
4369,False,6.2783605e-05,-0.017109238,0.009602116
4370,False,6.333262e-05,-0.02041274,-0.020619262
4371,False,6.391786e-05,-0.024004124,-0.019095348
4372,False,6.072791e-05,-0.018836882,-0.004219301
4373,False,6.0172384e-05,-0.022895401,-0.0035898937
4374,False,6.179569e-05,-0.014515027,0.005484121
4375,False,6.117014e-05,-0.0017293952,-0.009702353
4376,False,6.232449e-05,-0.016290173,-0.010557631
4377,False,6.4102416e-05,0.00092383474,-0.004871659
4378,False,6.301644e-05,-0.021081578,0.008888012
4379,False,6.434423e-05,0.0033739274,-0.0058191977
4380,False,6.0943512e-05,-0.03923225,0.005057879
4381,False,6.0264298e-05,-0.049719896,0.01335487
4382,False,6.0560076e-05,-0.036797464,0.009006295
4383,False,6.445294e-05,-0.03829667,0.02435225
4384,False,6.444585e-05,-0.033435725,-0.010145653
4385,False,6.5629945e-05,-0.04441744,-0.00024231896
4386,False,6.6788976e-05,-0.035017557,0.014933456
4387,False,6.630498e-05,-0.030993912,0.0075173723
4388,False,6.677088e-05,-0.032642,-0.009482166
4389,False,6.548584e-05,-0.04312179,0.010331574
4390,False,6.541768e-05,-0.037410818,0.027357541
4391,False,6.6063236e-05,-0.027243916,0.014398776
4392,False,6.732584e-05,-0.039915275,-0.00018724613
4393,False,6.669633e-05,-0.014968421,0.02309693
4394,False,6.7145826e-05,-0.023753095,0.014418617
4395,False,6.425541e-05,-0.036793865,0.012231691
4396,False,6.731603e-05,-0.036486425,0.020270322
4397,False,6.6352986e-05,-0.033274442,0.018951183
4398,False,6.801789e-05,-0.028457798,0.007910812
4399,False,6.6574925e-05,-0.024337323,0.020591192
4400,False,6.7791065e-05,-0.026584327,0.022366006
4401,False,6.589767e-05,-0.037093632,0.03407865
4402,False,6.16285e-05,-0.026575603,0.024480313
4403,False,6.262643e-05,-0.022177506,0.020536764
4404,False,6.115368e-05,-0.04725374,0.011989471
4405,False,6.608995e-05,-0.005230766,0.009954958
4406,False,6.674779e-05,-0.03478788,0.010083141
4407,False,6.733346e-05,-0.022510026,0.004301087
4408,False,6.697154e-05,-0.020917766,0.014357204
4409,False,6.6379944e-05,-0.026763916,0.02602849
4410,False,6.239071e-05,-0.012131289,-0.00955006
4411,False,6.0352035e-05,-0.029277708,0.0001631137
4412,False,6.014666e-05,-0.023463054,0.014491959
4413,False,6.0976803e-05,-0.02520794,0.016496262
4414,False,6.5453096e-05,-0.013730001,-0.002227556
4415,False,6.415265e-05,-0.01795825,-0.009060312
4416,False,6.326011e-05,-0.025399415,-0.0038908888
4417,False,6.342218e-05,-0.021136822,0.0073735826
4418,False,6.6646346e-05,-0.021047596,-0.0179639
4419,False,6.492063e-05,-0.015985845,-0.016809274
4420,False,6.613298e-05,-0.011687705,-0.016547814
4421,False,6.676512e-05,-0.015282967,6.147381e-05
4422,False,6.503109e-05,-7.332396e-05,-0.0067275
4423,False,5.9330672e-05,-0.01743498,-0.015478395
4424,False,5.791067e-05,-0.0109337885,-0.025154825
4425,False,6.378439e-05,-0.014505928,-0.032495156
4426,False,6.407277e-05,-0.010611923,-0.01496103
4427,False,6.28618e-05,-0.01381803,-0.024103409
4428,False,6.472346e-05,-0.019021533,-0.009007428
4429,False,6.411392e-05,-0.025403459,0.006339972
4430,False,6.247979e-05,-0.019518698,-0.0012408439
4431,False,6.294773e-05,-0.017940436,-0.0043513495
4432,False,6.11534e-05,-0.0125116985,-0.0029134452
4433,False,6.2207524e-05,-0.027511273,-0.0027203616
4434,False,6.219535e-05,-0.011596428,-0.020324914
4435,False,5.8831505e-05,-0.008764252,-0.024703026
4436,False,6.580096e-05,-0.009745679,-0.014356779
4437,False,6.1651655e-05,-0.00794059,-0.010361459
4438,False,5.92837e-05,-0.016678747,-0.026869942
4439,False,5.7956626e-05,-0.0075752214,-0.040867977
4440,False,7.24352e-05,-0.03364518,0.0068192594
4441,False,6.783195e-05,-0.013902734,0.0010202965
4442,False,6.7549554e-05,-0.018841408,0.0017179325
4443,False,6.774789e-05,-0.024351276,-0.0034206351
4444,False,6.611277e-05,-0.019451428,0.00092484057
4445,False,6.847859e-05,-0.0148629155,0.006231906
4446,False,6.829739e-05,-0.02293785,-0.011517145
4447,False,7.099207e-05,-0.020139113,-0.0066438336
4448,False,6.8529305e-05,-0.0036062924,-0.0023712507
4449,False,6.7803005e-05,0.0002288362,0.0041386522
4450,False,6.770761e-05,-0.0011716913,0.007896107
4451,False,6.757866e-05,-0.00082839094,0.0068879873
4452,False,6.6932764e-05,-0.013037884,-0.0097598545
4453,False,6.783898e-05,-0.0062315688,0.0061785635
4454,False,6.8379646e-05,-0.002839284,-0.0040593054
4455,False,6.7836976e-05,-0.0031043626,-0.004863059
4456,False,6.490542e-05,0.0029146085,0.013394575
4457,False,6.272902e-05,-0.001971988,0.018282596
4458,True,6.4175896e-05,0.023918536,0.0032331645
4459,True,6.0414426e-05,0.021441394,0.012412015
4460,True,6.3821266e-05,0.02047675,0.0040550753
4461,True,6.226912e-05,0.0017858427,0.008737988
4462,True,6.132864e-05,0.008137018,0.022641014
4463,False,6.3541986e-05,-0.0010045441,-0.004456142
4464,False,6.348133e-05,0.0043014567,-0.0056725238
4465,True,6.5196946e-05,0.0024633445,0.011252496
4466,True,5.9893384e-05,-0.003015495,-0.0030013025
4467,True,6.3601095e-05,0.011293184,0.041772634
4468,True,6.535345e-05,0.016535146,0.030128395
4469,True,6.2602856e-05,0.013525394,0.0018838439
4470,True,6.293356e-05,-0.006180025,-0.0014545359
4471,False,6.2840874e-05,0.014061786,0.019635122
4472,True,6.121427e-05,0.009256069,0.0091432175
4473,True,6.0950257e-05,-0.008575637,-0.0031217393
4474,False,6.308518e-05,-0.021648325,-0.024003603
4475,False,6.153879e-05,6.897189e-05,-0.0035404507
4476,False,6.420505e-05,0.015775682,0.00260357
4477,True,6.381773e-05,0.02201581,-0.008953005
4478,False,6.505494e-05,0.013162129,-0.00787922
4479,True,6.306752e-05,-0.0049818535,0.0054797307
4480,True,6.16851e-05,0.013372854,0.00417035
4481,True,6.291511e-05,0.0129002705,-0.007957894
4482,True,5.9819053e-05,0.005229799,0.012374017
4483,False,6.151222e-05,0.0033151424,0.0038260035
4484,False,6.2863306e-05,0.0045612575,0.015076632
4485,True,6.219217e-05,-0.0041141063,0.0016423534
4486,False,6.565266e-05,-0.010157053,0.02392527
4487,False,6.313551e-05,0.008644965,0.015230155
4488,False,6.217751e-05,-0.012145814,-0.0032173786
4489,False,6.616543e-05,-0.021669704,-0.011359827
4490,False,6.177898e-05,-0.014400121,-0.017910043
4491,False,6.137509e-05,-0.01395232,0.0084514655
4492,False,5.9757353e-05,0.0055090003,0.010800596
4493,False,6.067143e-05,0.011559808,0.021449137
4494,False,6.192062e-05,-0.023133788,-0.016053423
4495,False,6.251538e-05,-0.041606206,-0.028365446
4496,False,6.340264e-05,-0.019949988,-0.015926704
4497,False,6.351334e-05,-0.024143636,-0.019251443
4498,False,5.729802e-05,-0.010757192,0.0042715585
4499,False,6.34021e-05,0.011666497,-0.0089009665
4500,False,6.295432e-05,0.005147192,0.010442551
4501,False,6.0859205e-05,-0.027658049,0.013163997
4502,False,6.256827e-05,-0.017985743,-0.013697524
4503,False,6.751521e-05,-0.03468361,-0.0024048705
4504,False,6.2878324e-05,-0.014817674,-0.0023130048
4505,False,6.4103944e-05,-0.008728027,-0.010703575
4506,False,6.5371394e-05,-0.02504883,0.00374569
4507,False,6.3645435e-05,-0.023896974,-0.022984497
4508,False,6.2202875e-05,-0.041354235,0.008749781
4509,False,6.179835e-05,-0.055252284,0.008842092
4510,False,6.663834e-05,-0.045002952,0.0067873467
4511,False,6.409253e-05,-0.0307484,0.010716744
4512,False,6.858996e-05,-0.025903754,0.003505474
4513,False,6.654829e-05,-0.021548618,-0.007600979
4514,False,6.1677005e-05,-0.043169305,0.003517475
4515,False,6.717844e-05,-0.035186708,0.02225434
4516,False,6.617803e-05,-0.050008573,0.009499732
4517,False,6.4027605e-05,-0.04380507,0.0071024047
4518,False,6.374276e-05,-0.03779771,-0.009561535
4519,False,6.493858e-05,-0.043985233,0.0154744815
4520,False,6.792333e-05,-0.04593558,-0.007394282
4521,False,6.690483e-05,-0.04003106,0.0058378344
4522,False,6.559474e-05,-0.03368313,0.021484695
4523,False,6.469638e-05,-0.03316064,0.015756743
4524,False,6.689004e-05,-0.040292393,-0.008934148
4525,False,6.645048e-05,-0.050410334,0.0011871736
4526,False,6.4844346e-05,-0.03649924,0.01987894
4527,False,6.4230706e-05,-0.030424107,0.005534716
4528,False,6.717961e-05,-0.020363983,0.01972095
4529,False,6.606641e-05,-0.0357361,0.0067431964
4530,False,6.643671e-05,-0.040608123,0.025622869
4531,False,6.184868e-05,-0.037814092,0.0074860677
4532,False,6.0699283e-05,-0.028537586,-0.0028929804
4533,False,6.836225e-05,-0.028763698,0.02170162
4534,False,6.19409e-05,-0.03964484,0.027771411
4535,False,6.2318875e-05,-0.03307703,-0.0017301887
4536,False,6.410853e-05,-0.031677514,0.018248266
4537,False,6.987647e-05,-0.028173983,0.023858948
4538,False,6.0272712e-05,-0.010271652,-0.0036394596
4539,False,6.42667e-05,-0.027384372,0.0053268895
4540,False,6.283268e-05,-0.038261544,0.014839814
4541,False,6.525219e-05,-0.031979762,0.005961567
4542,False,6.491592e-05,-0.011571705,-0.005784492
4543,False,6.285494e-05,-0.013592068,-0.015173124
4544,False,6.4357024e-05,-0.019552458,-0.003175144
4545,False,6.625947e-05,-0.022173665,-0.007368233
4546,False,6.34627e-05,-0.011827139,-0.014770389
4547,False,6.4245665e-05,-0.010036679,-0.031207167
4548,False,6.875074e-05,-0.0060357302,-0.03035605
4549,False,6.808975e-05,-0.004098015,-0.020981692
4550,False,6.360512e-05,-0.012053846,-0.0065945815
4551,False,6.323053e-05,-0.017305456,-0.022586301
4552,False,6.0277853e-05,-0.01563627,-0.020680862
4553,False,5.8335652e-05,-0.03157041,-0.01092173
4554,False,6.104036e-05,-0.009916227,-0.015059385
4555,False,6.37566e-05,-0.0017098282,-0.019178608
4556,False,6.720337e-05,-0.015065366,-0.0022749985
4557,False,6.115975e-05,-0.020005118,0.0054665096
4558,False,6.231463e-05,-0.010811482,-0.014243791
4559,False,6.1655664e-05,-0.019438175,-0.0132246055
4560,False,6.448035e-05,-0.02038051,-0.01825783
4561,False,6.2759624e-05,-0.013495643,0.0031766444
4562,False,6.235649e-05,0.0007524984,-0.008451794
4563,False,6.2235486e-05,-0.0068768263,-0.024908494
4564,False,6.044031e-05,-0.023673205,-0.029311687
4565,False,6.3286076e-05,-0.027120361,-0.01648892
4566,False,6.238224e-05,-0.023309935,-0.00640689
4567,False,6.98456e-05,-0.022045562,0.006567292
4568,False,7.05565e-05,-0.014698356,0.0052824263
4569,False,7.0747956e-05,-0.01954054,0.0023043975
4570,False,6.6314875e-05,-0.009961583,0.014781596
4571,False,6.8064335e-05,-0.015340181,-0.0036031753
4572,False,6.970819e-05,-0.009636364,-0.0060420935
4573,False,6.975994e-05,-0.01505965,-0.017464159
4574,False,6.924492e-05,-0.010200146,-0.0017068484
4575,False,6.845239e-05,-0.009546898,-0.008395408
4576,False,6.982246e-05,-0.0011781435,0.0004399456
4577,False,6.921281e-05,0.012668029,0.006727067
4578,False,6.7423025e-05,0.00072497176,0.0036453772
4579,False,6.824685e-05,0.0064596394,0.0064886212
4580,False,6.7941284e-05,-0.016389042,0.005466383
4581,False,6.729421e-05,0.0010909531,-0.010465453
4582,False,6.626919e-05,0.0061876643,-0.011319976
4583,False,6.777267e-05,0.0019016434,0.0052783526
4584,False,6.629864e-05,-0.0056038927,-0.007960169
4585,True,6.7907684e-05,0.0075163096,0.017869879
4586,True,6.614415e-05,0.017129749,0.015517986
4587,True,6.588794e-05,0.01582959,0.023733296
4588,True,6.3120766e-05,-0.0025563575,0.016759844
4589,False,6.827576e-05,-0.00679041,0.0018880256
4590,False,6.7805624e-05,0.006376881,0.0115102455
4591,False,6.486657e-05,-0.017908784,0.019992094
4592,True,6.0194896e-05,0.026010862,0.024836618
4593,True,5.8320566e-05,0.023316305,0.026605174
4594,True,6.0739443e-05,0.0070911134,0.011082759
4595,True,6.191281e-05,0.00012750551,0.022427065
4596,True,6.2895786e-05,0.001211144,0.006461667
4597,True,6.247062e-05,0.00946825,0.0040453
4598,True,6.0348873e-05,0.0153560005,0.01813662
4599,True,6.260737e-05,-0.006162312,0.0073648468
4600,True,6.201147e-05,-0.0046990216,0.013353194
4601,True,6.247402e-05,0.014045229,0.01404038
4602,True,6.156035e-05,0.012199129,0.02712704
4603,True,6.358493e-05,0.0039162897,0.020065643
4604,True,6.5189815e-05,-0.0079305405,-0.00035462994
4605,False,6.4028e-05,-0.004660476,0.030469406
4606,False,6.367483e-05,0.010877696,0.01189436
4607,True,6.573449e-05,0.014293047,0.005623552
4608,True,6.411577e-05,0.01268211,0.009422406
4609,False,6.155717e-05,-0.007858141,0.015391324
4610,False,6.4506785e-05,0.0049067168,0.020220138
4611,True,6.141359e-05,0.00033035874,0.029787878
4612,True,5.9361973e-05,0.014250938,0.019357553
4613,False,6.326702e-05,0.01792087,0.022598062
4614,False,6.357929e-05,0.007891364,0.007498013
4615,False,6.228974e-05,-0.015783316,0.011116386
4616,False,5.8209258e-05,-0.027171306,0.004569154
4617,False,6.010166e-05,-0.013916701,-0.0060289605
4618,False,6.412804e-05,-0.032647476,-0.0050238892
4619,False,6.13913e-05,-0.028458744,0.002693966
4620,False,5.947293e-05,0.017290566,-0.0028936025
4621,False,6.2264626e-05,0.018272042,0.030239854
4622,False,5.9482732e-05,-0.006017899,-0.023449957
4623,False,6.0360988e-05,-0.009126559,-0.00023233145
4624,False,5.9666163e-05,-0.031201348,-0.0021480806
4625,False,6.090262e-05,0.010910984,-0.003714338
4626,False,5.9247657e-05,0.009035481,0.014353284
4627,False,6.2010586e-05,-0.0074966,0.012570502
4628,False,6.201268e-05,-0.004693033,0.018687248
4629,False,6.14011e-05,-0.020360615,0.010747045
4630,False,6.626739e-05,-0.029020905,0.011525694
4631,False,6.609129e-05,-0.008750245,-0.007909633
4632,False,6.112114e-05,-0.0127213085,0.01900962
4633,False,6.438359e-05,-0.0050607864,0.0028493702
4634,False,6.297865e-05,-0.021794671,0.008190174
4635,False,6.291271e-05,-0.009905845,0.0028578965
4636,False,6.050159e-05,-0.04044901,0.0010572374
4637,False,6.37099e-05,-0.03763773,0.014716772
4638,False,6.659682e-05,-0.03361088,0.008651359
4639,False,6.626899e-05,-0.031096913,0.0200894
4640,False,6.2774816e-05,-0.026100632,0.010411747
4641,False,6.453767e-05,-0.033487312,0.021074373
4642,False,6.73165e-05,-0.03091248,0.010874953
4643,False,6.479146e-05,-0.019034434,0.00053280033
4644,False,6.708762e-05,-0.043397274,0.011094508
4645,False,6.68148e-05,-0.047587067,-0.0035575125
4646,False,6.336692e-05,-0.040680557,0.008293359
4647,False,6.474508e-05,-0.042288348,0.013686736
4648,False,6.782459e-05,-0.039274476,0.020088024
4649,False,6.543591e-05,-0.041486345,0.010840455
4650,False,6.390219e-05,-0.03305713,0.0056005754
4651,False,6.578244e-05,-0.027756799,0.023874365
4652,False,6.635854e-05,-0.038627647,0.006067803
4653,False,6.484028e-05,-0.026302889,0.0030239485
4654,False,6.124441e-05,-0.043207612,0.009238824
4655,False,6.469647e-05,-0.030698929,0.0018884894
4656,False,6.430835e-05,-0.034618214,0.011713822
4657,False,6.600957e-05,-0.010875562,0.021093637
4658,False,6.395164e-05,-0.04821388,0.00974329
4659,False,6.383842e-05,-0.027573928,0.012686273
4660,False,6.4793516e-05,-0.038474977,0.017920846
4661,False,6.141978e-05,-0.03557794,0.010101574
4662,False,6.3853535e-05,-0.029793035,0.022213051
4663,False,6.690882e-05,-0.02361061,0.020783728
4664,False,6.482465e-05,-0.020719474,-0.0085917255
4665,False,5.8983605e-05,-0.027202308,-0.0066007003
4666,False,6.399399e-05,-0.006297786,-0.02376316
4667,False,5.9737784e-05,-0.037786387,0.0037108203
4668,False,6.160046e-05,-0.017424636,-0.04160686
4669,False,6.499331e-05,-0.017105382,0.015999775
4670,False,6.55832e-05,-0.025634892,0.0037581548
4671,False,6.553144e-05,-0.012754099,0.0059646275
4672,False,6.4094245e-05,-0.006542515,-0.017968614
4673,False,6.351641e-05,-0.0124445055,0.0016429201
4674,False,6.264593e-05,-0.002005849,-0.012789872
4675,False,6.528701e-05,-0.008478184,-0.011114206
4676,False,6.3674415e-05,0.009882897,-0.0025810152
4677,False,6.5589324e-05,-0.030427923,0.01078435
4678,False,6.388091e-05,-0.002186127,-0.019012155
4679,False,6.31122e-05,-0.010635795,-0.0031288043
4680,False,6.323434e-05,0.00089961104,-0.009903491
4681,False,6.252631e-05,-0.0031726211,-0.00849371
4682,False,6.1905e-05,-0.004361148,-0.007646907
4683,False,6.1014507e-05,-0.018225394,-0.004900176
4684,False,6.150396e-05,-0.018991966,0.0029869378
4685,False,5.9853734e-05,-0.021310149,-0.015410483
4686,False,6.1778905e-05,-0.0075577535,-0.020705251
4687,False,5.6860794e-05,-0.02262179,-0.016922418
4688,False,5.782502e-05,-0.0273691,-0.0067209024
4689,False,6.191841e-05,-0.004741469,-0.0031752684
4690,False,6.575511e-05,-0.00095098466,0.004345199
4691,False,6.508912e-05,-0.009517178,-0.00527272
4692,False,5.9042566e-05,-0.02197421,-0.016229592
4693,False,6.075109e-05,-0.021208707,0.005380083
4694,False,6.2028616e-05,-0.020585384,0.016119838
4695,False,6.123235e-05,-0.02204156,-0.00019012764
4696,False,7.1222414e-05,-0.036125425,0.00024120323
4697,False,7.2513656e-05,-0.021805093,-0.014527346
4698,False,7.139179e-05,-0.020858398,0.004885367
4699,False,6.981971e-05,-0.02622483,-0.005419843
4700,False,6.927258e-05,-0.01847915,-0.015897658
4701,False,6.880429e-05,-0.014679866,-0.012187885
4702,False,7.008595e-05,-0.013981252,-0.0060632247
4703,False,7.139153e-05,-0.008224472,-0.007272993
4704,False,7.0748785e-05,-0.010126368,-0.0018658768
4705,False,6.963131e-05,-0.0032797153,0.006500975
4706,False,7.0059934e-05,0.005971117,-0.0014228215
4707,False,6.987558e-05,-0.005011501,-0.0011425391
4708,False,6.693728e-05,-0.0033781175,-0.0017367341
4709,False,6.717913e-05,-0.010042606,0.006782202
4710,False,6.966221e-05,0.009308187,0.0038397647
4711,True,6.404766e-05,0.027233152,-0.00085006095
4712,True,6.0210852e-05,0.022023771,0.0019415654
4713,True,6.4617954e-05,0.032553688,0.0027120467
4714,True,6.1797895e-05,0.023047056,0.0075912364
4715,True,6.427852e-05,0.022494495,0.006666189
4716,True,5.9826518e-05,0.028478505,0.019078959
4717,True,6.295544e-05,0.00701084,0.016091567
4718,False,6.549857e-05,0.0008834116,-0.0038464041
4719,False,6.619419e-05,-0.02290386,0.0015929043
4720,False,6.326991e-05,0.016435642,-0.0034677675
4721,True,5.9954e-05,0.012016926,0.014266311
4722,True,6.069314e-05,0.020464689,0.018685399
4723,True,6.191087e-05,0.026772344,0.004728822
4724,True,6.5916356e-05,0.018730054,0.015584644
4725,True,6.4749656e-05,0.0027054697,0.016136099
4726,True,6.1527426e-05,-0.005069499,-0.013096664
4727,False,5.865058e-05,-0.016690344,-0.007804663
4728,False,6.170254e-05,-0.0033457633,0.013050378
4729,True,6.222706e-05,0.015221944,0.0043709483
4730,True,6.422563e-05,-0.0032111784,0.003463788
4731,True,6.435125e-05,-0.012702353,0.0056927893
4732,True,6.241625e-05,0.0096447915,-0.0022677137
4733,False,6.876339e-05,-0.00013453886,-0.011560222
4734,False,6.393433e-05,0.0071217213,-0.0043189246
4735,True,6.229182e-05,-0.0073223524,0.008036617
4736,True,6.3412735e-05,0.0074168397,0.0023821406
4737,False,6.0955103e-05,0.0069534304,-0.00018003397
4738,False,6.287212e-05,-0.0014270013,-0.0018196087
4739,False,6.237446e-05,-0.0012998413,0.004999988
4740,False,6.1852494e-05,0.01777247,-0.0017584376
4741,False,6.0989176e-05,-0.00068831816,0.012643084
4742,True,5.9756192e-05,0.007490674,0.02996962
4743,False,6.101855e-05,0.02699342,-0.0023037922
4744,False,6.237332e-05,0.019681431,0.00032882392
4745,False,6.3455685e-05,0.0030546784,-0.001457965
4746,False,6.241764e-05,0.008729493,-0.015419741
4747,False,6.563002e-05,-0.012552366,-0.0075233392
4748,False,6.255588e-05,-0.02777741,-0.0037948545
4749,False,6.245431e-05,-0.013383809,-0.0047739367
4750,False,6.19101e-05,-0.006686274,0.00031215232
4751,False,6.154736e-05,-0.002578267,-0.023217298
4752,False,6.459113e-05,-0.016184477,-0.027016172
4753,False,6.1422026e-05,-0.02423259,-0.0015130211
4754,False,6.109223e-05,-0.04023931,-0.00085792504
4755,False,5.7332836e-05,0.001610551,-0.036725502
4756,False,6.1346414e-05,-0.0293302,0.008428366
4757,False,6.368388e-05,-0.023882058,0.00407896
4758,False,6.8578775e-05,-0.01953343,0.014739635
4759,False,6.199677e-05,-0.018609945,-0.007891124
4760,False,6.192183e-05,0.00050301244,-0.0047518983
4761,False,6.491539e-05,-0.018639708,0.002435401
4762,False,6.453076e-05,-0.023022298,0.01861205
4763,False,6.699734e-05,-0.02981165,0.010709405
4764,False,6.3574604e-05,-0.018671423,0.019572526
4765,False,6.2896106e-05,-0.038152628,0.015881808
4766,False,6.772234e-05,-0.030458381,-0.0008970853
4767,False,6.4207794e-05,-0.033766672,-0.004616007
4768,False,6.389349e-05,-0.031189596,0.005333377
4769,False,6.415399e-05,-0.036144532,-0.0038235737
4770,False,6.716037e-05,-0.03463575,0.014676752
4771,False,6.21597e-05,-0.044729732,0.019791827
4772,False,6.6251436e-05,-0.04327504,-0.007511791
4773,False,6.5771135e-05,-0.03866219,-0.0024051573
4774,False,6.402647e-05,-0.03966193,0.005762309
4775,False,6.623171e-05,-0.03714814,-0.001296577
4776,False,6.3032705e-05,-0.04880815,0.007975502
4777,False,6.263441e-05,-0.0490195,0.00665305
4778,False,6.655183e-05,-0.035932004,0.005217951
4779,False,6.5465596e-05,-0.029414438,0.022720035
4780,False,6.562411e-05,-0.03719108,0.0023080893
4781,False,6.68601e-05,-0.03348634,0.013945406
4782,False,6.454564e-05,-0.036712345,0.019650415
4783,False,6.42636e-05,-0.033785254,0.012528028
4784,False,6.527938e-05,-0.029398974,-0.011683912
4785,False,6.520703e-05,-0.042063545,0.015221754
4786,False,6.579312e-05,-0.03057854,0.009984244
4787,False,6.32431e-05,-0.026382087,-0.019814111
4788,False,6.619046e-05,-0.024292972,-0.012674391
4789,False,6.421125e-05,-0.022504713,0.0070711616
4790,False,6.262084e-05,-0.03262169,-0.0017133895
4791,False,6.466757e-05,-0.03626625,0.026294136
4792,False,6.726808e-05,-0.015917256,-0.0027389042
4793,False,5.974885e-05,-0.035864808,-0.009693643
4794,False,6.3505555e-05,-0.016203756,-0.02393059
4795,False,6.433636e-05,-0.029549237,-0.01629617
4796,False,6.426715e-05,-0.016527556,-0.009593062
4797,False,6.2501385e-05,-0.01915053,-0.005108691
4798,False,6.4272026e-05,-0.029029544,-0.0075527504
4799,False,6.599214e-05,-0.010337464,-0.013733768
4800,False,6.450431e-05,-0.009618044,-0.014321528
4801,False,6.384344e-05,-0.01005759,-0.021040397
4802,False,6.60341e-05,-0.019143673,-0.021481685
4803,False,6.410283e-05,-0.021514665,-0.010818592
4804,False,6.469401e-05,-0.010178439,-0.016855463
4805,False,6.1166655e-05,-0.025181105,0.0002725236
4806,False,5.951636e-05,-0.019207498,-0.008937571
4807,False,6.423692e-05,-0.026712265,-0.015511457
4808,False,5.9871352e-05,-0.02453755,-0.0143416915
4809,False,6.222518e-05,-0.015049761,-0.0070895106
4810,False,6.357324e-05,-0.012236131,-0.008541167
4811,False,6.181154e-05,-0.012866133,-0.0036322102
4812,False,5.9798913e-05,-0.022973053,-0.033122916
4813,False,5.9757087e-05,-0.01960266,-0.012332967
4814,False,6.296811e-05,-0.0046445327,-0.0112409685
4815,False,6.173424e-05,-0.011351589,-0.00033682212
4816,False,6.1985695e-05,-0.00359774,-0.015815984
4817,False,6.398357e-05,-0.02222546,-0.02648963
4818,False,6.0542912e-05,-0.028378762,-0.014733421
4819,False,6.1568666e-05,-0.021354564,-0.00048437342
4820,False,6.207837e-05,-0.007511392,-0.01622009
4821,False,6.38588e-05,-0.02025048,0.011933245
4822,False,7.104789e-05,-0.020959008,0.009201247
4823,False,7.253671e-05,-0.02877535,-0.01116605
4824,False,7.211615e-05,-0.01996122,-0.016554626
4825,False,7.140358e-05,-0.025047146,0.003206512
4826,False,6.8962894e-05,-0.0030145524,-0.019588314
4827,False,7.001424e-05,-0.009063,-0.025454078
4828,False,7.0073074e-05,-0.011174651,-0.0038585346
4829,False,6.945985e-05,0.00089144893,-0.00056951237
4830,False,6.907511e-05,-0.010265217,0.0025102617
4831,False,6.650612e-05,-0.0055611217,-0.004494397
4832,False,6.806082e-05,-0.009382873,-0.00047614845
4833,False,6.754558e-05,-0.014789174,0.0011741817
4834,False,6.8862144e-05,-0.00679807,0.0020956323
4835,False,6.712153e-05,0.0012255218,0.014145775
4836,False,6.616017e-05,0.02056539,0.00554204
4837,True,6.2142164e-05,0.015012751,0.0014657322
4838,True,6.481597e-05,0.015920024,0.014097504
4839,True,6.4407344e-05,0.012687089,0.02079638
4840,True,6.521538e-05,0.028769866,0.014636725
4841,True,6.1955616e-05,0.017208587,0.016729442
4842,True,6.66221e-05,0.0042600017,0.024940848
4843,False,6.887113e-05,-0.0024316348,0.0076760803
4844,False,6.5170076e-05,-0.0076046954,0.002485849
4845,False,6.872667e-05,-0.0011644559,-0.008435773
4846,False,5.984089e-05,-0.0003575792,0.028745933
4847,True,6.454358e-05,0.019599218,0.0024993531
4848,True,6.139954e-05,0.016653934,0.007884834
4849,True,6.28618e-05,0.015643109,0.00200551
4850,True,6.357442e-05,0.01813824,0.015677985
4851,True,6.313548e-05,0.0069777817,0.010270014
4852,False,5.9445905e-05,0.009771981,0.017007748
4853,False,5.978739e-05,0.010427426,0.03274812
4854,True,6.293103e-05,0.022236705,0.018222086
4855,True,6.0919858e-05,0.015507072,0.010815309
4856,True,6.647901e-05,0.019119184,0.010387029
4857,True,6.453419e-05,0.017391177,0.023295341
4858,True,6.162659e-05,-0.008952681,-0.008708935
4859,True,6.174837e-05,0.009087232,0.0058310255
4860,True,6.389903e-05,0.00044238288,0.015037516
4861,True,6.437623e-05,-0.0025038323,0.008258225
4862,False,6.12534e-05,-0.005111769,-0.009600183
4863,False,6.251609e-05,-0.02471263,-0.02178144
4864,False,6.310309e-05,-0.016369913,0.0045966282
4865,False,6.0504117e-05,-0.0074296556,0.017674012
4866,False,6.336156e-05,-0.009343393,0.003149978
4867,False,5.743988e-05,0.0007652035,-0.008651316
4868,False,6.073067e-05,0.0023909044,-0.009909822
4869,False,5.9680842e-05,-0.0020214375,0.010682918
4870,False,6.330769e-05,-0.002379979,0.0051812287
4871,False,6.3341526e-05,-0.028741663,-0.006010087
4872,False,6.3022904e-05,-0.040682133,-0.008219635
4873,False,6.2214865e-05,-0.018771145,-0.004288502
4874,False,6.484096e-05,0.0038054865,-0.005572973
4875,False,6.3287065e-05,-0.005628971,0.003882913
4876,False,6.5017586e-05,-0.014552933,-0.014267506
4877,False,6.103576e-05,-0.024211757,0.0033239303
4878,False,6.320166e-05,-0.012631628,0.003885095
4879,False,6.176189e-05,-0.014391765,0.014828086
4880,False,5.99259e-05,0.0021829791,0.0044334214
4881,False,6.0123235e-05,-0.020597927,0.01816583
4882,False,6.185887e-05,-0.01517402,0.0058820536
4883,False,6.4051055e-05,-0.027042838,-0.012180362
4884,False,6.2708496e-05,-0.03468805,-0.010761315
4885,False,6.4030275e-05,-0.025298085,-0.009252749
4886,False,6.321128e-05,-0.009384753,-0.017148128
4887,False,6.55393e-05,-0.025727343,-0.008835393
4888,False,6.646854e-05,-0.02876347,-0.016943052
4889,False,6.542974e-05,-0.04037096,-0.022694912
4890,False,6.3912135e-05,-0.03814224,-0.03251907
4891,False,6.418572e-05,-0.034377694,-0.010505574
4892,False,6.45668e-05,-0.041133735,-0.0024301168
4893,False,6.3310086e-05,-0.029451694,-0.010778481
4894,False,6.318294e-05,-0.030006086,-0.00012167171
4895,False,6.278165e-05,-0.044988945,0.009288222
4896,False,6.271044e-05,-0.040178414,0.0016459487
4897,False,6.354108e-05,-0.038710408,-0.00068364665
4898,False,6.135997e-05,-0.044877287,-0.005328497
4899,False,6.426591e-05,-0.020826899,0.017782606
4900,False,6.413888e-05,-0.025241133,-0.013483781
4901,False,6.529722e-05,-0.03966023,0.007319048
4902,False,6.296339e-05,-0.04103043,-0.0070718396
4903,False,6.40337e-05,-0.044278458,0.0055809617
4904,False,6.6800174e-05,-0.043924764,0.009356685
4905,False,6.4726395e-05,-0.033322237,0.012621522
4906,False,6.5413704e-05,-0.033263724,0.00915527
4907,False,6.373833e-05,-0.04438118,-0.002138745
4908,False,6.397984e-05,-0.03224291,0.0053818836
4909,False,6.2849125e-05,-0.039881233,0.0015101582
4910,False,6.5877444e-05,-0.031247752,0.01958824
4911,False,6.6397006e-05,-0.030157842,0.015596338
4912,False,6.190285e-05,-0.04448404,-0.011154119
4913,False,6.117113e-05,-0.041685484,0.00010451302
4914,False,6.156509e-05,-0.02667521,0.017629022
4915,False,6.397716e-05,-0.0056978874,0.008178912
4916,False,6.025572e-05,-0.043729987,0.010630851
4917,False,5.810155e-05,-0.041013416,-0.012244523
4918,False,6.488665e-05,-0.036350705,0.0026502088
4919,False,6.308089e-05,-0.030999113,-0.009830188
4920,False,6.4517546e-05,-0.035340883,-0.021400288
4921,False,6.13157e-05,-0.03586123,-0.0047776084
4922,False,6.152137e-05,-0.020841073,-0.010469524
4923,False,6.466363e-05,-0.00109642,-0.011286988
4924,False,6.3090556e-05,0.0014197603,-0.01332893
4925,False,6.317665e-05,-0.016627882,-0.007552501
4926,False,6.540763e-05,-0.019165061,-0.020942878
4927,False,6.398834e-05,-0.024857927,-0.0057648923
4928,False,6.3970256e-05,-0.01837748,-0.00931597
4929,False,6.541677e-05,-0.01885181,-0.02054206
4930,False,6.364586e-05,-0.0111422315,-0.036207847
4931,False,6.359044e-05,-0.009613866,-0.022014584
4932,False,6.916984e-05,-0.015859565,-0.0056125806
4933,False,6.163189e-05,-0.042673282,0.006604025
4934,False,6.816367e-05,-0.022635829,-0.0013835132
4935,False,6.591318e-05,0.00257828,-0.019668289
4936,False,6.768411e-05,-0.021018641,-0.0034713745
4937,False,6.7557594e-05,-0.018645694,-0.022208681
4938,False,6.487457e-05,-0.008685009,-0.018701129
4939,False,6.3274936e-05,-0.023053383,-0.014839901
4940,False,6.4203516e-05,-0.012385516,-0.01403477
4941,False,5.851919e-05,-0.022854278,-0.001521524
4942,False,6.0597155e-05,-0.014636245,-0.019948583
4943,False,6.336241e-05,-0.023406599,0.0058738627
4944,False,6.367678e-05,-0.0095212115,-0.019619215
4945,False,6.427014e-05,-0.0009347447,-0.013104161
4946,False,6.2702056e-05,-0.028330348,-0.021593764
4947,False,6.33152e-05,-0.009205006,-0.010338981
4948,False,6.223047e-05,-0.01559549,-0.020760518
4949,False,6.0940547e-05,-0.04758275,-0.0058022346
4950,False,6.368311e-05,-0.0037887655,-0.0062372293
4951,False,6.1548264e-05,-0.031587996,0.006412143
4952,False,6.200374e-05,-0.020729464,-0.012814545
4953,False,6.187553e-05,-0.027648795,-0.009034134
4954,False,6.217988e-05,-0.013464516,-0.007355083
4955,False,6.4623004e-05,-0.008835854,-0.036252223
4956,False,6.5111795e-05,-0.012309543,-0.029339256
4957,False,7.255655e-05,-0.035752334,0.008595093
4958,False,7.4526564e-05,-0.023043485,-0.0029553007
4959,False,6.863333e-05,-0.017192088,-0.011086535
4960,False,6.6080735e-05,-0.011333945,-0.0025304696
4961,False,6.6248336e-05,-0.013356931,-0.00085811224
4962,False,6.9173424e-05,-0.009857496,-0.0071061533
4963,False,6.907203e-05,-0.0128642935,-0.0003735423
4964,False,7.022212e-05,-0.0071830256,0.0045904163
4965,False,6.874832e-05,0.00055268407,-0.005039302
4966,False,7.004603e-05,-0.005028149,0.0042052893
4967,False,7.029468e-05,-0.017187502,0.0072401296
4968,False,6.751385e-05,-0.010487201,0.008846065
4969,False,6.913892e-05,-0.014291779,0.006338708
4970,True,6.779115e-05,0.006900154,-0.018111303
4971,True,6.282792e-05,0.027608925,0.012637816
4972,True,6.241034e-05,0.024119932,0.0071535297
4973,True,6.6540866e-05,0.01838,0.013859447
4974,True,6.426677e-05,0.013250278,0.0020746514
4975,True,6.2143634e-05,0.011322791,0.013277091
4976,True,6.3798696e-05,0.022586567,0.03559271
4977,True,6.68963e-05,0.017429914,0.033706725
4978,False,6.420542e-05,0.0014933096,0.017316232
4979,False,6.611689e-05,-0.038615108,0.031654
4980,False,6.2333325e-05,-0.02206997,0.020305084
4981,True,6.113028e-05,0.0052438304,0.021491848
4982,True,6.358264e-05,0.014379262,-0.006184657
4983,True,5.8037123e-05,0.010384746,0.005256011
4984,True,5.967243e-05,0.014151482,0.0073910896
4985,True,5.8308517e-05,0.020898364,0.010366445
4986,False,6.256738e-05,0.016334567,0.02007766
4987,False,6.2943094e-05,0.005190436,0.038088173
4988,True,6.536765e-05,0.031852715,0.02044921
4989,True,6.394283e-05,0.01641,0.009935907
4990,True,6.496251e-05,0.017813817,0.020141933
4991,True,6.3181236e-05,0.027272725,0.019012785
4992,True,6.266678e-05,0.019249622,0.014559979
4993,True,6.583137e-05,0.014841557,0.009284504
4994,False,6.5914806e-05,-0.0027917307,0.004990707
4995,False,6.177539e-05,0.0012462521,0.0073575564
4996,True,5.8877977e-05,-0.001922626,0.0031790556
4997,True,6.486334e-05,0.0088223405,0.01650265
4998,True,6.4103966e-05,-0.006653037,-0.007464515
4999,True,6.5709e-05,-0.016186325,0.013588871
5000,False,6.0256432e-05,0.010179222,0.010717664
5001,True,6.1695675e-05,-0.0016556634,-0.01703231
5002,True,6.198691e-05,-0.0073622884,-0.00065569393
5003,False,6.340163e-05,0.004749473,0.0031803753
5004,True,6.1433624e-05,-0.006623394,-0.003279969
5005,False,5.9084556e-05,-0.0019233455,-0.0048234444
5006,False,5.7824498e-05,-0.013402177,-0.01519008
5007,True,5.9129554e-05,-0.0019892324,0.004978258
5008,False,6.0718492e-05,0.0054972135,-0.0052844863
5009,True,5.7977348e-05,0.010030585,0.0009513367
5010,False,5.941013e-05,-0.0005462179,0.006826233
5011,False,6.158449e-05,-0.0067003127,0.008413009
5012,False,6.249987e-05,0.010861474,0.016226012
5013,False,6.36278e-05,0.01748072,-0.014279947
5014,False,6.351571e-05,0.009993236,0.010546757
5015,False,6.5822096e-05,0.022232573,0.013579758
5016,False,6.11423e-05,0.0134572815,0.012675022
5017,False,5.8564106e-05,-0.022437848,0.0049447063
5018,False,6.265932e-05,-0.011093615,-0.010263335
5019,False,6.064058e-05,-0.009549995,0.011337147
5020,False,6.105201e-05,-0.01821319,0.003477849
5021,False,6.010316e-05,-0.0028054137,0.00961886
5022,False,6.040075e-05,-0.00082797837,0.0050287824
5023,False,6.300898e-05,-0.014784143,-0.015581307
5024,False,6.288854e-05,-0.04057632,-0.01387706
5025,False,5.9830374e-05,-0.033764098,-0.010502681
5026,False,5.979069e-05,-0.021148432,-0.008047592
5027,False,6.142273e-05,-0.020395193,-0.011874564
5028,False,6.0125458e-05,-0.025867734,-0.026803043
5029,False,6.168635e-05,-0.028753262,-0.019335562
5030,False,6.224601e-05,-0.033439767,-0.017395452
5031,False,6.418214e-05,-0.034972783,0.0015189387
5032,False,6.2982195e-05,-0.028941873,-0.0014836453
5033,False,6.174859e-05,-0.03901785,-0.02645718
5034,False,6.393838e-05,-0.024239786,0.0020944662
5035,False,6.430356e-05,-0.03814812,0.010733179
5036,False,6.187878e-05,-0.023487845,0.009402711
5037,False,6.511852e-05,-0.027488118,0.0029468965
5038,False,6.607508e-05,-0.048226006,0.0018753838
5039,False,6.840144e-05,-0.04446858,0.0056334566
5040,False,6.409079e-05,-0.040504377,0.0018517934
5041,False,6.4565786e-05,-0.034587488,0.009638386
5042,False,6.5589964e-05,-0.03695849,0.0074488707
5043,False,6.265704e-05,-0.046451055,0.0017129742
5044,False,6.357004e-05,-0.035341524,-0.017991187
5045,False,6.337551e-05,-0.044065468,0.011577126
5046,False,6.456828e-05,-0.03178365,0.001152724
5047,False,6.384959e-05,-0.03367103,-0.0010619983
5048,False,6.324534e-05,-0.03366111,0.019406885
5049,False,6.411747e-05,-0.031060081,0.012210313
5050,False,6.145293e-05,-0.013143071,0.01432416
5051,False,6.3891726e-05,-0.03728211,0.0036318228
5052,False,6.154454e-05,-0.0391725,0.0052600615
5053,False,6.383933e-05,-0.03498511,0.020283667
5054,False,6.4258566e-05,-0.028449345,0.0018762872
5055,False,6.413254e-05,-0.03360584,-0.012580581
5056,False,6.133177e-05,-0.02912868,-0.004603924
5057,False,6.033522e-05,-0.039141826,0.002218632
5058,False,6.289325e-05,-0.0074752425,-0.018595275
5059,False,6.4625376e-05,-0.026696034,-0.024767218
5060,False,6.382459e-05,-0.004055327,-0.007945379
5061,False,6.2518426e-05,-0.011150237,0.0029958151
5062,False,6.1957595e-05,-0.02702107,-0.0033948272
5063,False,6.132335e-05,-0.016264664,0.0072462913
5064,False,6.059894e-05,-0.017974958,-0.0029342324
5065,False,6.4373795e-05,-0.027774185,-0.014813945
5066,False,6.860081e-05,-0.026284928,-0.013045646
5067,False,6.419172e-05,-0.013008356,-0.015893713
5068,False,6.637134e-05,-0.04209186,0.0003602989
5069,False,6.816243e-05,-0.0035123166,-0.015348777
5070,False,6.692942e-05,0.0015574396,-0.009434005
5071,False,6.367257e-05,-0.0031564096,-0.005402278
5072,False,6.4408814e-05,-0.014861654,-0.037882984
5073,False,6.47089e-05,-0.024195727,-0.0023920964
5074,False,6.449898e-05,-0.027879138,0.008960956
5075,False,6.5971726e-05,-0.019604933,-0.014568673
5076,False,6.168825e-05,-0.01642181,0.0011056848
5077,False,6.002773e-05,-0.015508965,-0.0038442425
5078,False,6.581487e-05,-0.036784895,-0.0032939836
5079,False,6.642321e-05,-0.020468613,-0.003997268
5080,False,6.316111e-05,-0.024601683,0.00020071119
5081,False,6.4036125e-05,-0.021426436,-0.027285364
5082,False,6.2719366e-05,-0.007048283,-0.0158076
5083,False,6.3933745e-05,-0.012591489,0.004562596
5084,False,5.9988633e-05,-0.02045104,-0.012607408
5085,False,6.2089086e-05,-0.020902997,-0.014402432
5086,False,6.282092e-05,-0.009177893,-0.003919905
5087,False,6.312801e-05,-0.003157623,-7.37831e-05
5088,False,6.733116e-05,-0.0067979814,0.008319729
5089,False,6.554675e-05,-0.016084295,-0.021246947
5090,False,7.3093564e-05,-0.035973616,-0.005746862
5091,False,7.4184536e-05,-0.01644367,0.0028353073
5092,False,6.849958e-05,-0.021473527,0.019762542
5093,False,6.204283e-05,-0.019419134,-0.0016765543
5094,False,6.735443e-05,-0.014539864,0.0052383495
5095,False,6.957637e-05,-0.008320352,0.016849969
5096,False,6.89818e-05,-0.019499298,0.004262395
5097,False,6.848668e-05,-0.0044866083,0.022368414
5098,False,6.982303e-05,-0.015338846,0.0043396503
5099,False,6.839054e-05,-0.0129639,-0.0013731439
5100,False,6.830224e-05,-0.011954417,0.0124916285
5101,False,6.858088e-05,-0.021129016,0.0032179542
5102,True,6.521285e-05,-0.0069782324,-0.0077172276
5103,True,6.125791e-05,0.013049338,0.00070491433
5104,True,6.267596e-05,0.0248559,0.009138513
5105,True,6.1622086e-05,0.034443013,-0.007841952
5106,True,6.419375e-05,0.017590424,0.015920967
5107,True,6.5313776e-05,0.028460896,0.037119538
5108,True,6.29297e-05,0.017579395,0.026301298
5109,True,6.418335e-05,0.016675608,0.02026334
5110,False,6.61292e-05,-0.007043874,0.015575813
5111,False,6.23808e-05,-0.009246915,0.009267509
5112,False,6.1089435e-05,0.0010920782,0.0042698053
5113,True,5.9202546e-05,0.021087706,0.016646205
5114,True,6.1115345e-05,0.017808922,0.0044212826
5115,True,6.378369e-05,0.0224803,0.011434076
5116,True,6.2054336e-05,0.028885167,0.0034878068
5117,True,5.950201e-05,0.015921287,0.015934536
5118,True,6.458839e-05,0.01635354,0.025924303
5119,True,6.653694e-05,0.026295315,0.022717599
5120,False,6.29931e-05,0.024799813,0.017965697
5121,True,6.17938e-05,0.014728107,0.029049765
5122,True,6.4184336e-05,0.022813626,-0.0014985558
5123,True,6.8495065e-05,0.004335168,0.022148144
5124,True,6.5357446e-05,0.016452083,0.027339749
5125,False,6.52169e-05,-0.0033229273,0.015388365
5126,True,6.364075e-05,-0.0067643626,0.0013770065
5127,True,6.458788e-05,0.01315121,0.017856704
5128,True,6.28915e-05,-0.008329655,-0.0013359948
5129,True,6.380589e-05,-0.006315238,0.011273952
5130,False,6.296392e-05,-0.005584267,0.0054397546
5131,False,6.285246e-05,0.0039714146,-0.012006622
5132,False,6.004981e-05,-0.010793508,-0.0022911318
5133,False,6.111615e-05,0.00012792135,0.0034383181
5134,False,6.1366474e-05,0.00056358986,0.0041000154
5135,True,5.8097015e-05,-0.008320382,-0.0028100372
5136,False,6.034605e-05,0.0061834324,0.014020521
5137,True,6.213754e-05,0.0011944873,0.0076798163
5138,True,6.171152e-05,-0.0030057644,-0.0022452055
5139,True,6.358807e-05,0.012517711,0.019029692
5140,True,6.27391e-05,0.008596812,0.004922226
5141,True,6.31119e-05,-0.0013753586,0.0060554
5142,False,6.1418345e-05,-0.0041198283,-0.0016223006
5143,False,6.006587e-05,0.00062741246,-0.008489436
5144,False,6.2225634e-05,0.014239622,0.0043917913
5145,False,6.4196116e-05,-0.0022662133,0.018948792
5146,False,6.100832e-05,0.01174695,0.0035760775
5147,False,6.375322e-05,0.013276791,0.022264306
5148,False,5.943258e-05,0.00047396868,-0.003558062
5149,False,6.264246e-05,0.0003464911,0.023107711
5150,False,5.8819678e-05,-0.0016732332,0.014615066
5151,False,6.397216e-05,0.0013790876,-0.012670494
5152,False,6.427173e-05,-0.020867564,0.008102888
5153,False,6.381826e-05,-0.0030262787,0.0026643844
5154,False,6.750172e-05,-0.010337144,0.018408703
5155,False,6.271086e-05,-0.027323313,-0.002590213
5156,False,6.8667396e-05,-0.029630681,-0.008004755
5157,False,6.626437e-05,-0.022991102,-1.5530735e-05
5158,False,6.588593e-05,-0.013256488,-0.0032726433
5159,False,6.4215004e-05,-0.011643295,0.006611607
5160,False,6.246612e-05,-0.0012552217,0.012098764
5161,False,5.882637e-05,0.0080380915,0.015203625
5162,False,6.389468e-05,-0.0010682754,-0.008740714
5163,True,6.52047e-05,0.0057689007,0.003993692
5164,False,6.483105e-05,-0.002589059,0.0068425573
5165,False,6.1624625e-05,-0.01718595,-0.011763329
5166,False,6.2001505e-05,-0.023823556,-0.009867594
5167,False,6.5449545e-05,-0.03880606,-0.006573282
5168,False,6.5168955e-05,-0.028060945,0.010258205
5169,False,6.464863e-05,-0.043086555,-0.0054467674
5170,False,6.539554e-05,-0.04486026,-0.008216636
5171,False,6.3675965e-05,-0.040183537,-0.011954978
5172,False,6.500045e-05,-0.034850754,-0.006397715
5173,False,6.548061e-05,-0.048482116,0.007538952
5174,False,6.68952e-05,-0.046836253,-0.013181123
5175,False,6.5320935e-05,-0.04427895,0.0004065102
5176,False,6.473278e-05,-0.045428544,0.0048172288
5177,False,6.552684e-05,-0.035152398,-0.012395993
5178,False,6.4571635e-05,-0.03156309,0.012260703
5179,False,6.512516e-05,-0.021421336,-0.0015185699
5180,False,6.328829e-05,-0.019011986,0.0038924925
5181,False,6.16573e-05,-0.03140661,0.02951761
5182,False,6.128867e-05,-0.044190217,-0.015745407
5183,False,6.294194e-05,-0.03307848,0.0025360007
5184,False,6.12995e-05,-0.030992527,-0.010724556
5185,False,6.142037e-05,-0.037913922,-0.010741213
5186,False,6.026229e-05,-0.048468314,-0.0044576433
5187,False,6.1088416e-05,-0.016734395,-0.010115799
5188,False,6.0812148e-05,-0.028643362,0.020195894
5189,False,6.193775e-05,-0.020065114,-0.0066270567
5190,False,6.172394e-05,-0.024827663,-0.0002383776
5191,False,6.676855e-05,-0.016179286,-0.008637596
5192,False,6.689481e-05,-0.025802981,-0.0066397563
5193,False,6.269031e-05,-0.014156795,-0.004971075
5194,False,6.7396126e-05,-0.00827303,-0.0025105923
5195,False,6.246796e-05,-0.020115744,-0.009646518
5196,False,6.663255e-05,-0.027095372,0.017188137
5197,False,6.6627865e-05,0.009858092,-0.0049078986
5198,False,6.5702945e-05,-0.012227451,-0.021889871
5199,False,6.908004e-05,-0.014526978,-0.014323313
5200,False,6.330174e-05,-0.01996748,0.0067763515
5201,False,6.6877044e-05,0.003347098,-0.025576446
5202,False,6.505622e-05,-0.028144484,-0.0013566837
5203,False,6.499167e-05,-0.03238976,-0.000986198
5204,False,6.696382e-05,-0.003934326,-0.008416573
5205,False,6.5128894e-05,-0.026997758,0.0046596862
5206,False,6.362804e-05,-0.030660983,0.006785013
5207,False,6.384282e-05,-0.025549036,-0.003165342
5208,False,6.5052496e-05,0.015863813,-0.005818149
5209,False,6.881346e-05,-0.0087152645,-0.01963418
5210,False,6.742774e-05,-0.027724832,-0.017443769
5211,False,6.3930216e-05,-0.021651536,0.0038534906
5212,False,6.2881154e-05,-0.019505255,-0.009877236
5213,False,6.3338426e-05,-0.012003139,-0.0045559593
5214,False,6.0331153e-05,-0.012283445,-0.026857572
5215,False,5.875155e-05,-0.0074162968,-0.028548433
5216,False,5.9110454e-05,-0.0062385835,-0.027527858
5217,False,6.0601767e-05,-0.014362616,-0.020662498
5218,False,6.141191e-05,-0.012813041,-0.02410809
5219,False,6.647869e-05,-0.005567082,-0.026358748
5220,False,6.3574334e-05,-0.008375324,-0.018363688
5221,False,6.463955e-05,-0.00483925,-0.008438246
5222,False,6.0553968e-05,-0.02103109,0.0007332377
5223,False,6.3893036e-05,-0.012374499,0.013468316
5224,False,6.3100684e-05,-0.0013462491,-0.003952021
5225,False,6.351866e-05,-0.015668837,0.007879268
5226,False,6.492716e-05,-0.01807796,-0.012491234
5227,False,6.679129e-05,-0.015427735,-0.01603198
5228,False,7.481244e-05,-0.038803626,0.016235728
5229,False,6.738444e-05,-0.004803583,0.01580584
5230,False,7.015587e-05,-0.009712473,0.015176965
5231,False,6.894661e-05,-0.012015395,0.025238859
5232,False,6.4314445e-05,-0.0035104267,0.029715974
5233,False,6.745828e-05,-0.0058956547,0.024206866
5234,False,7.414199e-05,-0.03173498,0.0015656981
5235,False,6.962265e-05,-0.026305348,0.014900738
5236,False,6.903701e-05,-0.017888192,-0.013870226
5237,False,6.976886e-05,-0.0075726286,0.007308565
5238,False,6.857358e-05,-0.012016095,0.012363605
5239,False,6.797188e-05,-0.014849883,0.009119643
5240,True,6.4630985e-05,0.011680745,0.020337757
5241,True,5.973715e-05,0.008589072,0.01595489
5242,True,6.406654e-05,0.018442396,0.011680491
5243,False,6.3799394e-05,0.029530726,0.006280966
5244,True,6.064551e-05,0.015715063,0.013095643
5245,True,6.2820014e-05,0.020336311,0.01103973
5246,True,5.895382e-05,0.015019953,0.0054536033
5247,True,6.672524e-05,0.018502109,0.010906886
5248,True,6.458419e-05,-0.0064474363,0.00016091764
5249,False,6.0975784e-05,0.0049484055,0.014630545
5250,True,5.9910668e-05,0.024097744,-0.001280643
5251,True,6.155706e-05,0.030157313,0.025330896
5252,True,6.368865e-05,0.008200042,0.00800618
5253,True,6.239669e-05,0.017882869,0.020726928
5254,True,5.8016103e-05,0.01677305,0.013378134
5255,False,6.074436e-05,0.016518012,0.022360982
5256,True,6.238575e-05,0.025142634,0.014514871
5257,False,5.9875318e-05,0.023112245,0.028170034
5258,True,6.339839e-05,0.021334628,0.0154394135
5259,True,6.4076856e-05,0.024466947,0.024286587
5260,True,6.475961e-05,0.033161763,0.023094628
5261,True,6.47437e-05,0.018556565,0.02273487
5262,True,6.0664457e-05,0.006101424,0.015167435
5263,True,6.282813e-05,0.022452356,0.016393363
5264,True,6.153262e-05,0.01475492,0.017297912
5265,True,6.270989e-05,0.011140467,0.008357861
5266,True,6.471659e-05,0.011377154,0.011803724
5267,False,6.2267754e-05,0.0093032345,0.002449032
5268,False,6.0780927e-05,-0.009549971,0.0018355381
5269,True,6.2010724e-05,0.0039668735,0.009505759
5270,True,5.961117e-05,0.008308886,0.017758029
5271,True,6.266568e-05,0.016018305,0.0059318272
5272,False,6.0946273e-05,-0.0015260512,0.009901763
5273,True,5.9922488e-05,0.0056038704,-0.013621256
5274,True,5.9682505e-05,0.009988826,0.013211161
5275,True,6.4908156e-05,-0.010305565,9.097718e-05
5276,True,6.3310246e-05,0.008704614,0.017296502
5277,True,6.168051e-05,0.008654317,0.013059305
5278,True,6.331824e-05,0.010853298,0.0020977734
5279,True,6.087104e-05,0.011294662,0.0028104875
5280,True,6.1400526e-05,0.012576468,0.0050049406
5281,True,5.928886e-05,-0.01480424,-0.00057701673
5282,False,5.9917653e-05,-0.0122427875,0.0039235204
5283,False,5.820526e-05,0.0062614353,0.010038026
5284,False,5.72793e-05,-0.007942493,0.00030008145
5285,False,6.576378e-05,-0.008552754,0.04215669
5286,False,6.565755e-05,0.006339973,0.026620291
5287,False,6.7386936e-05,-0.003920879,0.01982237
5288,False,6.556336e-05,-0.010999426,0.01000631
5289,False,6.808388e-05,-0.0069942814,0.014835613
5290,False,6.4288695e-05,0.00025267154,-0.004573008
5291,False,6.5608634e-05,-0.016066227,0.007347783
5292,False,6.533597e-05,-0.009610542,-0.012669807
5293,False,6.4054046e-05,-0.0129107535,0.0014706422
5294,False,6.680057e-05,-0.012628736,-0.0032608472
5295,False,6.667772e-05,-0.0026792586,-0.012675748
5296,False,6.675568e-05,-0.013398487,-0.019042779
5297,True,6.403776e-05,0.0144108925,-0.0038539786
5298,True,6.189036e-05,0.017084181,0.010599682
5299,False,6.4964835e-05,0.010701265,6.673671e-05
5300,True,6.3782405e-05,-0.0045800917,0.002753837
5301,True,6.5636064e-05,0.004249106,-0.004020855
5302,True,6.378653e-05,0.0254295,0.0017371923
5303,True,6.195658e-05,0.015672361,0.021115983
5304,False,6.441173e-05,-0.0021484755,-0.0005679801
5305,False,6.484633e-05,-0.0155285215,-0.0014358843
5306,False,6.127969e-05,-0.03433437,0.00042050332
5307,False,6.2362284e-05,-0.025703907,0.008061415
5308,False,6.328255e-05,-0.04010722,-0.011851028
5309,False,6.543845e-05,-0.044461105,-0.0034032501
5310,False,6.5314314e-05,-0.03389465,-0.00941083
5311,False,6.5252105e-05,-0.04800839,-0.0145987235
5312,False,6.141315e-05,-0.042520605,-0.022815347
5313,False,6.419424e-05,-0.023650812,-0.00894577
5314,False,6.580419e-05,-0.036147155,0.010210022
5315,False,6.462404e-05,-0.046182543,-0.0016952995
5316,False,6.2278064e-05,-0.0058110673,0.013027286
5317,False,6.2417035e-05,-0.016448103,0.015322559
5318,False,6.435418e-05,-0.023590118,0.020497838
5319,False,6.481621e-05,-0.020061357,0.008068569
5320,False,6.419744e-05,-0.023192221,0.015577782
5321,False,5.9587586e-05,-0.027055033,-0.005697526
5322,False,6.207523e-05,-0.02953558,0.0028353035
5323,False,5.956899e-05,-0.021884738,-0.013504296
5324,False,6.071817e-05,-0.023299068,-0.008181397
5325,False,6.412422e-05,-0.014397094,-0.011143483
5326,False,6.1705476e-05,-0.016531238,-0.014833923
5327,False,6.0657447e-05,-0.008913249,-0.023056718
5328,False,6.1659506e-05,-0.027053937,-0.0052978843
5329,False,6.16654e-05,-0.013817914,-0.017812332
5330,False,6.2601335e-05,-0.015201905,-0.018802369
5331,False,6.5003755e-05,-0.01134205,-0.011097957
5332,False,6.813879e-05,-0.034506626,0.0020112824
5333,False,6.619975e-05,-0.007488047,-0.0014827214
5334,False,6.7650704e-05,-0.026666494,-0.007900493
5335,False,7.035991e-05,-0.029516686,0.006339821
5336,False,6.406007e-05,-0.022843253,-0.0019684639
5337,False,6.536713e-05,-0.02699775,0.004078785
5338,False,6.657397e-05,-0.019210624,-0.022613723
5339,False,6.178884e-05,-0.02372694,0.00030695647
5340,False,6.477475e-05,-0.019972086,-0.00619917
5341,False,6.026632e-05,-0.028530579,0.009253826
5342,False,6.357809e-05,-0.011420164,-0.006577909
5343,False,6.243768e-05,-0.025370281,-0.01683515
5344,False,6.2619045e-05,-0.029052584,0.0013576541
5345,False,6.191017e-05,-0.016680889,0.007080525
5346,False,6.814003e-05,0.0068741255,-0.018074412
5347,False,6.6086264e-05,0.0012113936,-0.013917986
5348,False,6.7268455e-05,0.007977402,-0.024450304
5349,False,6.3622254e-05,-0.023280203,-0.0021088049
5350,False,6.232239e-05,-0.019822123,-0.014406502
5351,False,6.1766674e-05,-0.009956883,-0.018030781
5352,False,6.347323e-05,-0.0070932787,-0.01679404
5353,False,6.1778956e-05,-0.01531181,-0.024469554
5354,False,5.8962614e-05,-0.016820613,-0.027330846
5355,False,6.0942024e-05,-0.025049532,0.007149078
5356,False,6.427739e-05,-0.0221316,-0.008904008
5357,False,6.2595085e-05,-0.016663626,-0.016221423
5358,False,6.1995466e-05,-0.011456525,-0.008313628
5359,False,6.1971274e-05,-0.016705837,-0.0137579385
5360,False,6.312076e-05,-0.025819931,0.00780409
5361,False,6.180122e-05,-0.019198846,-0.01243906
5362,False,6.285501e-05,-0.024842966,-0.018617872
5363,False,6.40152e-05,-0.018332824,-0.007537193
5364,False,6.664202e-05,-0.00823768,-0.0005913861
5365,False,6.6237735e-05,-0.012227759,0.005843658
5366,False,6.6508175e-05,0.0048778877,0.022015946
5367,False,6.84255e-05,-0.013703884,0.023974586
5368,False,7.205644e-05,-0.017960204,-0.00081491424
5369,False,6.930725e-05,-0.010086138,0.00718222
5370,False,6.957231e-05,-0.011005658,0.008946843
5371,False,7.076259e-05,-0.016260568,0.022721026
5372,False,7.195528e-05,-0.011158952,-0.00042975228
5373,False,7.115127e-05,-0.016426802,-0.007882536
5374,False,6.959904e-05,-0.004006262,-0.004869273
5375,False,6.786161e-05,-0.01983762,-0.017127445
5376,False,6.963367e-05,0.0017562052,0.014201438
5377,False,6.659266e-05,-0.004985232,-0.010430362
5378,False,6.8229056e-05,-0.02289338,0.008742891
5379,True,6.540186e-05,0.01179681,-0.009954665
5380,True,6.3572224e-05,0.009316642,-0.01063969
5381,True,6.310816e-05,0.016979128,0.004495103
5382,True,6.332576e-05,0.018960202,0.017563816
5383,True,6.369253e-05,0.025221381,0.009043917
5384,True,6.538831e-05,0.03231925,0.013940893
5385,True,6.277564e-05,0.014636263,-0.008378465
5386,True,6.2857835e-05,0.019790847,0.014946207
5387,False,6.098992e-05,-0.005202638,-0.006101361
5388,True,5.7635218e-05,0.0035040677,0.014669642
5389,True,5.7523383e-05,0.015724935,0.006636774
5390,True,5.724826e-05,-0.00016166829,0.004811108
5391,True,6.4152286e-05,0.0133093875,0.017731398
5392,True,5.9068247e-05,-0.003037691,0.010443384
5393,False,6.0606748e-05,0.014135479,0.00312965
5394,False,6.093754e-05,0.007213559,0.02160846
5395,True,6.3307205e-05,0.019643467,0.008393317
5396,True,6.235737e-05,0.020303436,-6.438419e-05
5397,True,6.04685e-05,0.0016783047,0.012104517
5398,True,6.525404e-05,0.0063339397,0.0119443545
5399,True,6.423155e-05,-0.00011659041,0.00988167
5400,False,6.238743e-05,0.0039935615,0.0003512255
5401,False,6.243511e-05,0.010254828,0.011161223
5402,True,6.451288e-05,0.010544296,-0.008412822
5403,False,6.224279e-05,-0.005576276,-0.015216887
5404,True,6.406988e-05,0.005773887,0.013985615
5405,True,6.33807e-05,0.014991067,0.019061103
5406,True,6.175813e-05,0.011948442,0.0073206536
5407,False,6.169431e-05,-0.0027535316,0.0077631287
5408,True,6.498724e-05,0.018498708,0.008754191
5409,True,5.8224552e-05,0.00013231486,0.010002252
5410,True,6.1675615e-05,0.0011318205,0.0062647033
5411,True,5.994648e-05,0.014098267,0.010848741
5412,True,6.096406e-05,0.0044506174,-0.009632242
5413,True,6.285061e-05,0.007908401,0.006846495
5414,True,6.151156e-05,-9.560026e-05,0.0021326188
5415,True,6.27071e-05,0.011075439,0.011790202
5416,False,6.079805e-05,-0.008709945,0.012664817
5417,True,6.0312177e-05,0.005044952,0.020143345
5418,True,6.41837e-05,-0.0031139161,-0.004697491
5419,False,6.207244e-05,-0.0103729125,0.00031592697
5420,False,5.922665e-05,-0.003199339,0.0063889176
5421,False,5.8397396e-05,0.022512801,0.00023008138
5422,False,6.331755e-05,0.015911818,0.0095424205
5423,False,6.900945e-05,-0.0057398435,0.0077802893
5424,False,6.605596e-05,-0.008162995,0.009834379
5425,False,6.6487926e-05,-0.007293122,-0.010835705
5426,False,6.692413e-05,-0.009335539,0.004882993
5427,False,6.8834095e-05,-0.0024969876,-0.0115987025
5428,False,6.599338e-05,-0.010506453,0.0031272154
5429,False,6.486693e-05,-0.004279375,-0.012260808
5430,False,6.5295106e-05,-0.011748616,0.02040518
5431,False,6.617702e-05,-0.008384907,0.009931983
5432,False,6.45453e-05,-0.0035093194,0.003380539
5433,False,6.645954e-05,-0.013487676,-0.018025763
5434,False,6.577149e-05,-0.011783568,-0.01925129
5435,False,6.654108e-05,-0.0056292377,-0.01248176
5436,True,6.29442e-05,0.026306514,-0.0018396322
5437,False,6.484971e-05,0.01808667,0.016453646
5438,False,6.2159066e-05,-0.005909869,0.022123568
5439,True,6.441267e-05,0.0066513605,-0.01626941
5440,True,6.27366e-05,0.015871476,0.00031416956
5441,True,6.505938e-05,0.010389416,0.010889391
5442,True,6.3538864e-05,0.0069905613,-0.0011010151
5443,True,6.343812e-05,0.011094365,0.009357942
5444,False,6.459878e-05,0.01628887,-0.0009911126
5445,False,6.420681e-05,-0.010995204,-0.016468031
5446,False,6.509577e-05,-0.014862529,-0.010885716
5447,False,6.51463e-05,-0.019775784,-0.010784536
5448,False,6.438264e-05,-0.036660627,0.006120201
5449,False,6.460821e-05,-0.027753383,-0.02395876
5450,False,6.175704e-05,-0.030173093,0.009849377
5451,False,6.3355816e-05,-0.035251573,-0.014030807
5452,False,6.1311446e-05,-0.025742766,-0.0028135758
5453,False,6.24328e-05,-0.040218376,0.007829133
5454,False,6.158077e-05,-0.050464977,0.015518878
5455,False,6.0553477e-05,-0.03689243,0.002342105
5456,False,6.386702e-05,-0.035245787,0.005464945
5457,False,6.331676e-05,-0.018859128,4.2572618e-05
5458,False,6.3389794e-05,-0.0147886295,0.005370863
5459,False,6.279102e-05,-0.014578201,0.008823287
5460,False,6.326069e-05,-0.016070202,0.0117925815
5461,False,6.3226194e-05,-0.032075495,0.0063836826
5462,False,6.29623e-05,-0.018636812,-0.00024197623
5463,False,5.8366306e-05,-0.023167264,-0.010594964
5464,False,5.7359204e-05,-0.03316014,-0.0018039811
5465,False,5.6957808e-05,-0.029441645,0.0026555061
5466,False,5.8432513e-05,-0.031206947,-0.018140037
5467,False,6.0419967e-05,-0.02683787,-0.0108498
5468,False,6.23241e-05,-0.012005603,-0.025254402
5469,False,5.992624e-05,-0.017428014,-0.024462767
5470,False,6.658732e-05,-0.015628207,-0.015018599
5471,False,6.856918e-05,-0.022747235,-0.0027524773
5472,False,6.728835e-05,-0.012331324,-0.0017519202
5473,False,6.61164e-05,0.0035811919,-0.015582621
5474,False,6.600962e-05,-0.024521966,-0.005952701
5475,False,6.2292325e-05,-0.022420384,-0.018465627
5476,False,6.6442495e-05,-0.023810657,-0.0021537691
5477,False,6.460745e-05,-0.017820414,-0.018929157
5478,False,6.5300665e-05,-0.019694768,-0.021511192
5479,False,6.726498e-05,-0.020779744,-0.012325892
5480,False,6.312113e-05,-0.03106493,-0.021966137
5481,False,6.2334395e-05,-0.021511419,-0.0119736865
5482,False,6.5141576e-05,-0.024529783,0.01112299
5483,False,6.600129e-05,-0.042751808,-0.0121077355
5484,False,6.850139e-05,-0.0068374705,-0.0022168849
5485,False,6.6326036e-05,-0.008338081,-0.0010290444
5486,False,6.741874e-05,-0.0020968132,-0.020134749
5487,False,6.5045955e-05,-0.021695508,-0.0113595575
5488,False,6.498368e-05,-0.021994911,-0.005564997
5489,False,6.660838e-05,-0.021519173,-0.008453073
5490,False,6.0130133e-05,-0.028977633,-0.001015868
5491,False,6.2327155e-05,-0.026608549,-0.0030325167
5492,False,5.8659545e-05,-0.017582804,0.004336495
5493,False,6.574214e-05,-0.015609688,-0.004148666
5494,False,6.610031e-05,-0.00888758,-0.0026292354
5495,False,6.41302e-05,0.0035876902,-0.025549782
5496,False,6.588478e-05,-0.017102601,-0.01759855
5497,False,6.152614e-05,-0.033317342,-0.016910585
5498,False,6.1620136e-05,-0.035267994,-0.018685747
5499,False,5.9810143e-05,-0.036435083,-0.025030147
5500,False,6.625847e-05,-0.025064327,-0.015491269
5501,False,6.472132e-05,-0.033915006,-0.006618893
5502,False,6.35731e-05,-0.032308664,-0.022409104
5503,False,6.3386884e-05,-0.027506262,-0.009001555
5504,False,6.155181e-05,-0.009069029,-0.022151554
5505,False,6.222575e-05,-0.017828269,-0.011536615
5506,False,6.655e-05,-0.03469967,-0.0054597855
5507,False,6.1624494e-05,-0.00943264,0.012881742
5508,False,6.5557615e-05,-0.025698526,0.0022149384
5509,True,6.694227e-05,0.0036937296,0.009050969
5510,True,6.547971e-05,-0.023220014,0.015805945
5511,True,6.048897e-05,0.021995168,-0.0038708774
5512,False,7.2645846e-05,-0.02296738,0.0035490207
5513,False,7.225799e-05,-0.005964414,-0.00781758
5514,False,6.843559e-05,-0.010551684,0.0011948962
5515,False,6.38203e-05,-0.022127628,-0.0071122125
5516,False,6.856122e-05,-0.00940328,-0.009122408
5517,False,6.989352e-05,-0.01818175,-0.007019598
5518,False,6.9593654e-05,-0.0072230585,-0.0069027976
5519,False,6.9065776e-05,-0.016562171,0.0046913093
5520,False,7.003546e-05,-0.0045201974,0.0033901716
5521,False,6.978527e-05,-0.013478382,0.010525433
5522,False,6.48924e-05,-0.003758342,0.024147522
5523,True,6.325336e-05,0.009864762,-0.009831741
5524,True,6.0704377e-05,0.023550067,0.01526846
5525,False,6.2583764e-05,0.010625929,0.008213951
5526,False,6.2482446e-05,0.006281996,-0.006375013
5527,True,6.3096566e-05,0.011636825,0.0026838183
5528,True,6.370408e-05,0.02303038,0.0016001072
5529,True,6.159245e-05,0.01992099,0.0213294
5530,True,6.179572e-05,0.00053622574,0.0025561992
5531,True,6.131883e-05,0.01062892,0.008750418
5532,True,5.9694343e-05,0.009572046,0.008259414
5533,True,6.088387e-05,0.013038255,0.008174274
5534,True,5.687016e-05,0.00079270825,0.002364941
5535,True,6.049551e-05,0.010135589,0.002912309
5536,True,6.458121e-05,0.019924544,0.020336464
5537,True,6.2336774e-05,0.009182856,0.0077769533
5538,True,6.421702e-05,-0.0028639259,-0.010446012
5539,True,6.112762e-05,0.009672638,0.007818804
5540,True,6.412824e-05,0.010763343,-0.018865561
5541,True,6.188463e-05,0.0025035292,0.008631622
5542,False,6.328331e-05,-0.0063066073,-0.00070946664
5543,False,6.0646566e-05,-0.0075779017,-0.020615567
5544,True,6.268071e-05,0.0077468995,0.0012894915
5545,True,6.621182e-05,0.0048143286,0.0098133795
5546,True,6.421153e-05,0.011291178,0.0118430555
5547,False,5.72225e-05,-0.017878383,-0.0009186128
5548,False,5.893664e-05,0.0034718704,0.013294917
5549,False,6.1106126e-05,0.0015514959,0.026718156
5550,True,6.2628074e-05,0.006478261,0.011091443
5551,True,5.766904e-05,0.01597201,0.008414999
5552,False,5.903941e-05,0.004135618,0.023884946
5553,False,5.9126152e-05,-0.012171925,0.015920129
5554,False,5.686583e-05,0.017792236,-0.0039288923
5555,True,6.134318e-05,0.009158203,0.01419366
5556,True,5.6620273e-05,0.0011644526,-0.0057101855
5557,True,6.0482904e-05,0.010010088,0.010691935
5558,True,6.3953325e-05,0.008046314,0.0039760657
5559,False,6.097814e-05,-0.004259577,0.005118655
5560,False,6.0165305e-05,0.00600309,0.017469613
5561,False,5.8434198e-05,0.00899968,-0.0035134982
5562,False,6.002985e-05,-0.032988388,-0.02590259
5563,False,5.9123322e-05,-0.0045311702,0.014885135
5564,False,6.276328e-05,-0.005914647,0.010579079
5565,False,6.765509e-05,-0.013695728,0.0137577765
5566,False,6.790527e-05,-0.017167106,-0.014705698
5567,False,6.7788846e-05,-0.0075522107,-0.0031267013
5568,False,6.561879e-05,-0.0026760157,-0.008880057
5569,False,6.795657e-05,-0.002731421,-0.0018680505
5570,False,6.657548e-05,-0.01605246,-0.015314302
5571,False,6.361679e-05,0.00658782,-0.0035673622
5572,True,6.506918e-05,-0.0009135157,0.011417422
5573,False,6.111074e-05,0.012695657,0.029275864
5574,False,6.353357e-05,0.0058284514,0.020392464
5575,False,6.688238e-05,-0.0042157182,0.0019533578
5576,True,6.386091e-05,-0.0134382555,0.017421788
5577,False,6.5358356e-05,0.016092576,-0.011773085
5578,False,6.428354e-05,0.009211938,0.019372579
5579,False,6.867742e-05,-0.002964832,0.01607088
5580,True,6.44024e-05,0.006979663,0.006907299
5581,True,6.813092e-05,0.008301932,-0.0005811751
5582,True,6.447066e-05,-0.00042597763,0.008752753
5583,True,6.1888044e-05,0.008007561,0.011922518
5584,True,6.0941464e-05,0.014218314,0.0064180344
5585,True,6.200747e-05,0.012203839,0.008621974
5586,True,6.214741e-05,0.004147305,0.014533367
5587,False,6.112998e-05,0.019846216,0.010138394
5588,False,6.475395e-05,-0.0029929262,-0.01710434
5589,False,6.4404405e-05,-0.03984169,-0.01187246
5590,False,6.328214e-05,-0.016915614,-0.014078363
5591,False,6.3852785e-05,-0.017098375,-0.0010829363
5592,False,6.257539e-05,-0.01046166,0.009974239
5593,False,6.535454e-05,-0.026150279,-0.008121867
5594,False,6.356984e-05,-0.012852952,-0.0030516312
5595,False,6.3258085e-05,-0.013429449,-0.015088294
5596,False,6.12527e-05,-0.027860345,-0.006870374
5597,False,6.4979315e-05,-0.035479404,-0.017345658
5598,False,6.2904044e-05,-0.044616397,-0.011387377
5599,False,6.349304e-05,-0.034266345,-0.005688643
5600,False,6.2880805e-05,-0.030389197,0.010788534
5601,False,6.5875116e-05,-0.016681217,0.0024465565
5602,False,6.0951596e-05,-0.024461221,0.00410253
5603,False,6.11697e-05,-0.016721651,0.0003369227
5604,False,6.1226216e-05,-0.032774247,-0.012417909
5605,False,5.992316e-05,-0.012864963,-0.00028116256
5606,False,5.925439e-05,-0.02247411,0.03155738
5607,False,5.9500406e-05,-0.024983445,0.017303163
5608,False,6.0112867e-05,-0.031167109,0.013395701
5609,False,6.198645e-05,-0.03399027,-0.0029036682
5610,False,6.535606e-05,-0.014606455,0.007772673
5611,False,6.243579e-05,-0.009342628,-0.0018043239
5612,False,6.208829e-05,-0.016693834,-0.00028381124
5613,False,6.602155e-05,-0.017150551,-0.009037501
5614,False,6.630718e-05,-0.0020890106,-0.0066208066
5615,False,7.0001974e-05,-0.021431262,0.0022955425
5616,False,6.4955006e-05,-0.0033233743,0.01082287
5617,False,6.399583e-05,-0.020344123,0.00087801367
5618,False,6.580639e-05,-0.005321091,-0.014593512
5619,False,6.349843e-05,-0.027808696,0.00065072626
5620,False,6.576008e-05,-0.015596471,-0.011775851
5621,False,6.6247536e-05,-0.024929415,-0.011962093
5622,False,6.346233e-05,-0.023409165,-0.0034961235
5623,False,6.247011e-05,-0.025421886,-0.025808528
5624,False,6.381702e-05,-0.011925628,-0.024285566
5625,False,6.463315e-05,-0.035652377,-0.0008476041
5626,False,6.542334e-05,0.0005367026,-0.026216963
5627,False,6.586819e-05,-0.020758303,-0.014658384
5628,False,6.6262146e-05,-0.026421685,-0.01935578
5629,False,6.8733156e-05,-0.005724823,-0.008059235
5630,False,6.737001e-05,-0.014058748,-0.021950716
5631,False,6.220385e-05,-0.040069625,0.00016359612
5632,False,6.921089e-05,-0.018891638,-0.012431586
5633,False,6.8624475e-05,-0.00903471,-0.010863667
5634,False,6.82972e-05,0.001965763,-0.009937607
5635,False,6.3687985e-05,-0.016204871,0.0050700773
5636,False,6.331232e-05,-0.017388258,-0.005464267
5637,False,6.184087e-05,-0.028483475,0.0018595904
5638,False,6.311793e-05,-0.031900406,0.0005498491
5639,False,6.554707e-05,-0.0009019952,0.003095964
5640,False,5.9870108e-05,-0.023559567,0.0059575588
5641,False,6.030905e-05,-0.013968116,0.0046689026
5642,False,5.6814104e-05,-0.016366897,-0.0039789397
5643,False,6.0421866e-05,-0.020917986,-0.026099032
5644,False,6.210573e-05,-0.029834991,-0.021034911
5645,False,6.1548126e-05,-0.03833068,-0.021258669
5646,False,6.441599e-05,-0.025005462,-0.020525461
5647,False,6.527808e-05,-0.025338082,-0.013376458
5648,False,6.40488e-05,-0.028070489,-0.007696498
5649,False,6.478961e-05,-0.040489197,-0.007831611
5650,False,6.181326e-05,0.0058345534,0.0077478196
5651,False,6.38993e-05,-0.003774386,-0.016088992
5652,True,6.360531e-05,0.00070925616,0.012184361
5653,True,6.277788e-05,0.018796735,0.015884966
5654,True,6.3226886e-05,0.0038672509,0.021910911
5655,False,7.278376e-05,-0.029320449,-0.018838122
5656,False,7.028832e-05,0.004334148,0.01336215
5657,False,6.55019e-05,-0.018218528,-0.007315935
5658,False,6.4936736e-05,-0.01583197,0.009928881
5659,False,6.716589e-05,-0.012006985,-0.01684346
5660,False,6.800108e-05,-0.012851914,-0.008846134
5661,False,6.8443784e-05,-0.014969532,-0.0013079206
5662,False,6.737381e-05,-0.011362433,0.004121081
5663,False,6.763443e-05,-0.0013615466,-0.0041876165
5664,False,6.863895e-05,-0.005655193,0.011893261
5665,False,6.7699475e-05,0.00017018989,0.02663951
5666,True,6.502316e-05,0.02075639,0.023758046
5667,True,6.292513e-05,0.018080164,0.01172011
5668,False,6.304283e-05,0.015485562,-0.004787557
5669,True,6.7038214e-05,0.007399983,-0.0069807973
5670,True,6.504133e-05,0.021299556,-0.0014441367
5671,True,6.1973486e-05,0.019380845,0.019997953
5672,True,6.364459e-05,0.015199944,0.01464491
5673,True,6.0220187e-05,0.008236917,-0.0006544739
5674,True,5.7983325e-05,0.010259989,0.00651359
5675,True,6.184682e-05,0.0014238171,-0.0100236125
5676,True,5.9371378e-05,0.0069234148,0.00016277283
5677,True,6.046177e-05,0.018093955,0.0076725557
5678,True,6.106985e-05,0.024973009,0.0183005
5679,True,6.2798244e-05,0.0057527972,0.019832537
5680,True,6.372928e-05,0.010702196,0.0062004887
5681,True,6.515364e-05,0.008220319,0.0031342413
5682,True,6.370162e-05,0.0091030225,-0.009003894
5683,True,6.579096e-05,0.004193964,-0.006324905
5684,True,6.358311e-05,0.00090375915,0.010089107
5685,False,6.176545e-05,0.0033992762,-0.015667122
5686,False,6.199089e-05,-0.0005027354,-0.0027112523
5687,True,6.302915e-05,0.0111066485,-0.008809452
5688,True,6.3965745e-05,0.019053075,6.5393746e-05
5689,True,5.9907354e-05,0.0072882315,-0.0007152157
5690,True,6.102304e-05,0.004850369,0.013225706
5691,True,6.0671424e-05,0.0045256363,0.006448888
5692,True,6.262172e-05,0.005588431,0.0025301408
5693,True,6.102733e-05,0.00868185,0.02470661
5694,True,5.930835e-05,0.020643454,0.0040107556
5695,True,6.0237864e-05,0.010335925,0.010926757
5696,True,6.1011953e-05,0.0077290675,0.00785762
5697,False,6.005937e-05,0.004023486,-0.0026502674
5698,False,5.7119527e-05,-0.0020430349,0.000602941
5699,False,6.0829898e-05,0.009854224,0.010693787
5700,False,6.558008e-05,0.0024227174,0.009857336
5701,True,5.9423695e-05,0.0148103,0.008583205
5702,False,6.0872764e-05,0.0076190247,0.022353282
5703,False,6.0536826e-05,-0.013343573,0.011026828
5704,False,6.1931656e-05,-0.018151399,-0.010366125
5705,False,5.9637663e-05,-0.0062919636,0.023189869
5706,False,6.1279454e-05,-0.0033329483,0.013159652
5707,False,6.767791e-05,-0.01863851,0.004527796
5708,False,6.68139e-05,-0.009730237,-0.014026089
5709,False,6.819359e-05,-0.008577379,-0.0061481865
5710,False,6.721845e-05,-0.009535562,0.0039951988
5711,False,6.9357964e-05,-0.009019249,0.0025490234
5712,False,6.567209e-05,-0.010621034,-0.0023137052
5713,False,6.5282824e-05,-0.0054815374,-0.007023249
5714,True,6.291635e-05,0.013684586,0.015678879
5715,True,6.392215e-05,0.01800774,0.016280377
5716,True,6.50968e-05,0.017558146,0.035946805
5717,False,6.434322e-05,-0.0072589805,0.020174416
5718,False,6.309471e-05,0.013539631,0.01681775
5719,False,6.250332e-05,0.005982887,0.0075740954
5720,False,6.418249e-05,0.012890991,0.009530491
5721,False,6.106824e-05,0.0049551977,0.0011297092
5722,True,5.8364916e-05,-0.0034349486,-0.007828751
5723,True,6.0867176e-05,0.011780284,0.010224853
5724,True,6.2587926e-05,0.0008767331,0.01227005
5725,True,6.4251966e-05,0.013446521,0.015827946
5726,False,6.3918844e-05,0.0123478435,0.012452088
5727,True,6.6802226e-05,0.01803033,0.023744889
5728,True,6.0324022e-05,0.016269352,0.019661397
5729,True,6.142664e-05,0.015581571,0.023269948
5730,True,6.412106e-05,0.0030946946,0.021570511
5731,False,6.244542e-05,-0.010779793,0.020787498
5732,False,6.680722e-05,-0.019835263,-0.02547047
5733,False,6.36383e-05,-0.019672344,-0.035346124
5734,False,6.523678e-05,-0.016557086,-0.03740917
5735,False,6.5511274e-05,-0.029661432,-0.026562113
5736,False,6.4056694e-05,-0.031024398,-0.004940789
5737,False,6.586591e-05,-0.030329883,-0.007174857
5738,False,6.719174e-05,-0.014821857,-0.011429863
5739,False,6.342583e-05,-0.014265278,-0.022370571
5740,False,6.393195e-05,-0.025117036,-0.010663599
5741,False,6.4998545e-05,-0.0221209,-0.027979711
5742,False,6.1572915e-05,-0.019435905,-0.0116688
5743,False,6.173595e-05,-0.033692464,-0.0002695322
5744,False,6.65361e-05,-0.02497372,-0.012131637
5745,False,6.6097076e-05,-0.02160205,-0.002352776
5746,False,6.539956e-05,-0.011758734,0.0038483664
5747,False,6.286739e-05,-0.029951647,0.0061348286
5748,False,6.305764e-05,-0.034870915,0.02175321
5749,False,6.342814e-05,-0.029358495,0.0024501868
5750,False,6.2572064e-05,-0.020308059,0.004321385
5751,False,6.15772e-05,-0.034915984,0.008435065
5752,False,5.8754165e-05,-0.027439045,-0.002741227
5753,False,6.201557e-05,-0.03299162,0.006124135
5754,False,6.428672e-05,-0.0239669,-0.005570341
5755,False,6.3904714e-05,-0.009926388,-0.008602526
5756,False,6.593996e-05,-0.023845868,-0.007926933
5757,False,6.562947e-05,-0.009044126,-0.014591068
5758,False,6.6893146e-05,-0.014500029,-0.00036742538
5759,False,6.738433e-05,-0.012874266,-0.0071990527
5760,False,6.7589885e-05,-0.0010145879,-0.014177959
5761,False,6.621881e-05,-0.014272098,-0.007092217
5762,False,6.714772e-05,0.0011956496,-0.013055395
5763,False,6.316832e-05,-0.018466145,-0.017583657
5764,False,6.157684e-05,-0.019619506,-0.01609903
5765,False,6.72177e-05,-0.010821316,-0.005138427
5766,False,6.185765e-05,-0.023763092,-0.0023413785
5767,False,6.6711866e-05,-0.012167648,-0.019257221
5768,False,6.719216e-05,-0.017030016,-0.016984731
5769,False,6.769523e-05,-0.007789664,-0.02450315
5770,False,6.48342e-05,-0.005411446,-0.018812072
5771,False,6.731667e-05,-0.010431174,-0.0058287643
5772,False,6.6431734e-05,-0.007684307,-0.0040167384
5773,False,6.793553e-05,-0.008083817,-0.013454983
5774,False,6.752326e-05,0.008042529,-0.020396264
5775,False,6.447709e-05,-0.015923431,-0.01445028
5776,False,6.542124e-05,-0.00288238,0.0011870228
5777,False,6.3520056e-05,-0.00024522096,-0.0019782893
5778,False,6.29065e-05,-0.015297521,-0.0013490506
5779,False,6.664323e-05,-0.009387452,-0.0022247843
5780,False,6.438958e-05,0.011790436,-0.020672353
5781,False,6.665491e-05,0.016682593,-0.014652625
5782,False,6.7026725e-05,-0.018125575,-0.009374466
5783,False,6.2926956e-05,-0.016547311,0.010205239
5784,False,5.9467613e-05,-0.039689958,-0.0073462464
5785,False,6.18966e-05,-0.033857077,-0.009453254
5786,False,6.174149e-05,-0.033286862,-0.016768698
5787,False,5.896939e-05,-0.03713712,-0.027846806
5788,False,5.9964408e-05,-0.026042454,-0.01223828
5789,False,6.534491e-05,-0.02085841,-0.00863741
5790,False,6.516309e-05,-0.011098342,-0.017773457
5791,False,6.159725e-05,-0.028655585,-0.019857971
5792,False,5.993236e-05,-0.041965537,-0.011795234
5793,False,6.184104e-05,-0.027158516,-0.0047237445
5794,False,6.159429e-05,-0.02388119,-0.004406614
5795,False,5.7396155e-05,-0.0131066,0.0018983185
5796,False,6.035402e-05,-0.04576896,0.0057636797
5797,False,6.262717e-05,-0.026808253,-0.00212482
5798,False,6.421572e-05,-0.012422843,-0.004808774
5799,False,6.336068e-05,0.011318258,0.04437273
5800,True,6.3072475e-05,0.009120293,0.02027247
5801,False,6.5208646e-05,0.013473846,0.0073220003
5802,False,6.513401e-05,-0.0069875373,0.03461376
5803,False,7.227237e-05,-0.028553186,-0.015009562
5804,False,6.754059e-05,-0.0034905006,0.00061754184
5805,False,6.739683e-05,-0.0041244864,-0.005693011
5806,False,6.732253e-05,-0.009156089,-0.005226163
5807,False,6.88258e-05,-0.015151701,-0.007112002
5808,False,6.6920125e-05,-0.014451856,-0.0010945369
5809,False,7.083226e-05,-0.009764848,-0.0062892856
5810,False,6.697006e-05,-0.006796359,0.00057926774
5811,False,6.627786e-05,-0.00680919,0.0070049604
5812,False,6.5973305e-05,-0.0010002591,-0.0010486152
5813,False,6.832387e-05,0.004110804,0.009472907
5814,True,6.1033523e-05,0.035406455,0.024037745
5815,True,6.195162e-05,0.020714853,0.011000887
5816,True,6.4720916e-05,0.019324232,0.0066628875
5817,True,6.554177e-05,0.010934409,0.007659141
5818,True,6.486825e-05,0.018185679,0.016494915
5819,True,6.42362e-05,0.017500125,0.021863133
5820,True,5.99788e-05,0.017775241,0.0110242255
5821,True,6.166793e-05,0.0136301145,0.019812025
5822,True,6.253571e-05,0.008126624,0.018127404
5823,True,6.0548242e-05,0.018375333,0.0068467297
5824,False,6.2248e-05,0.028950792,0.0138277095
5825,True,5.987815e-05,0.02183729,0.0120281875
5826,True,6.286287e-05,0.023171687,0.015373945
5827,True,6.640881e-05,0.014729721,0.007122528
5828,True,6.7809924e-05,0.023280783,0.012684978
5829,True,6.270381e-05,-0.003926441,0.0032112077
5830,True,6.5473294e-05,0.020269733,0.013592308
5831,True,6.5107946e-05,0.006814258,0.011229675
5832,False,6.207215e-05,-0.0073486343,-0.022170804
5833,True,6.675034e-05,-0.0038417834,-0.018668044
5834,True,6.391813e-05,0.00932864,0.0003644256
5835,True,6.356647e-05,0.00044885557,0.0059567513
5836,True,6.0553008e-05,-0.004033668,-0.0055153854
5837,False,6.006833e-05,0.0051142564,0.0013669636
5838,True,6.0227972e-05,0.012469356,0.005795202
5839,True,6.135998e-05,0.009525944,-0.0020312015
5840,True,6.400358e-05,0.017407512,0.029392995
5841,True,6.310557e-05,0.021106623,0.0154412445
5842,True,6.153036e-05,0.019968316,0.012164945
5843,True,6.10904e-05,0.008241053,0.019947536
5844,True,6.201406e-05,0.018608525,0.016350765
5845,True,6.122299e-05,0.005689975,0.010390144
5846,True,6.1314684e-05,0.018601466,0.020027587
5847,True,6.0553604e-05,0.018486558,0.020319441
5848,False,5.9640694e-05,0.0027630413,0.0047578868
5849,True,5.9166327e-05,0.0026315032,0.013533274
5850,False,6.144141e-05,-0.019067867,-0.008012846
5851,False,6.170383e-05,-0.016169436,-0.014416851
5852,False,6.114924e-05,-0.006570855,0.013495339
5853,False,6.254592e-05,0.004661313,0.012827065
5854,True,6.1145096e-05,0.01356473,0.006559141
5855,False,6.680296e-05,0.0068391953,0.0063284095
5856,True,6.8265996e-05,-0.0018327907,0.020867046
5857,False,7.01968e-05,-0.006231143,0.023373952
5858,False,7.101868e-05,-0.0050672246,0.017576948
5859,True,6.61081e-05,0.021146953,0.025431247
5860,False,6.364813e-05,0.018947037,0.01262622
5861,True,6.856926e-05,0.012979768,-4.0929765e-05
5862,True,6.44611e-05,0.018786732,0.012681875
5863,True,6.3288615e-05,0.0175061,0.03455122
5864,True,6.709265e-05,0.018158773,0.01690254
5865,False,6.486073e-05,-0.0015034871,0.008183766
5866,True,6.7996465e-05,0.0015921183,0.023207074
5867,False,6.588463e-05,0.00011680834,0.009198243
5868,True,6.539302e-05,-0.002436134,0.008862443
5869,False,5.850962e-05,0.02422024,0.0015841555
5870,True,6.154952e-05,0.024080522,0.0015756506
5871,True,6.230981e-05,0.015687983,0.008258747
5872,False,6.370328e-05,0.012886634,0.00063997135
5873,True,6.879891e-05,-0.0010210201,0.0316604
5874,True,6.5792716e-05,-0.002961962,0.000819562
5875,True,5.897577e-05,-0.001850632,0.01563626
5876,True,6.291746e-05,0.014108572,0.017775143
5877,False,5.909944e-05,0.018429754,0.026356397
5878,False,6.390947e-05,0.013672169,0.016543357
5879,False,6.7091234e-05,-0.00921287,-0.027089845
5880,False,6.514881e-05,-0.013685571,-0.022671428
5881,False,6.577443e-05,-0.024661075,-0.02676716
5882,False,6.608239e-05,-0.014979506,-0.040219925
5883,False,6.578923e-05,-0.01427614,-0.009995714
5884,False,6.488204e-05,-0.0197244,-0.041521925
5885,False,6.6179804e-05,-0.023858918,-0.024552664
5886,False,6.711951e-05,-0.02240773,-0.027874399
5887,False,6.488603e-05,-0.025123877,-0.02089618
5888,False,6.5221175e-05,-0.018937584,-0.013762046
5889,False,6.2022395e-05,-0.024593007,-0.004014142
5890,False,6.280164e-05,-0.03558119,-0.015694879
5891,False,6.5533866e-05,-0.02643597,-0.0021054326
5892,False,6.412473e-05,-0.02429328,0.0135229975
5893,False,6.508546e-05,-0.012430522,0.0028815512
5894,False,6.706268e-05,-0.004540142,0.004143335
5895,False,6.720869e-05,0.011277793,-0.0037191566
5896,False,6.435393e-05,-0.026095137,0.014859004
5897,False,6.488323e-05,-0.02863732,0.015354028
5898,False,6.35142e-05,-0.02209102,0.0013629626
5899,False,6.0581795e-05,-0.033793084,0.012248443
5900,False,6.2971194e-05,-0.04368787,0.0006199591
5901,False,6.0294355e-05,-0.012723566,-0.0033558197
5902,False,6.242926e-05,-0.015736016,-0.011012132
5903,False,6.523624e-05,-0.01353846,0.0057655536
5904,False,6.5420085e-05,-0.013576252,-0.018228054
5905,False,6.804928e-05,-0.014656694,-0.007267302
5906,False,6.509134e-05,-0.025824606,0.004605934
5907,False,6.554019e-05,-0.018979281,-0.005689539
5908,False,6.874973e-05,-0.007958328,-0.0073463786
5909,False,6.5105516e-05,-0.0034883907,-0.019550152
5910,False,6.642753e-05,-0.007824125,-0.0027648248
5911,False,6.317175e-05,-0.017269883,-0.021351269
5912,False,6.403359e-05,-0.014063937,-0.022339892
5913,False,6.580174e-05,-0.027828457,0.0036446787
5914,False,6.3791376e-05,-0.040237322,0.007652078
5915,False,6.501285e-05,-0.009619322,-0.013372203
5916,False,6.699732e-05,-0.02172473,-0.0036292616
5917,False,6.816186e-05,-0.0028967063,-0.024068654
5918,False,6.567084e-05,-0.019559454,-0.02579648
5919,False,6.78172e-05,-0.010225547,-0.02608502
5920,False,6.546754e-05,-0.012321871,-0.0044970065
5921,False,6.861606e-05,-0.03250455,-0.0025108568
5922,False,6.955294e-05,-0.014066051,-0.010670001
5923,False,6.7217654e-05,-0.0089340005,-0.0004516989
5924,False,6.65729e-05,-0.0047681625,-0.004503645
5925,False,6.297029e-05,-0.025865953,0.012188932
5926,False,6.4599626e-05,-0.030351024,-0.0061248764
5927,False,6.377356e-05,-0.022658035,-0.0012469292
5928,False,6.489375e-05,-0.0016389489,0.00095880404
5929,False,6.479397e-05,0.020921584,-0.003982271
5930,False,6.8961446e-05,0.012040475,-0.010726234
5931,False,6.480903e-05,-0.017139178,-0.0031286813
5932,False,6.3468404e-05,-0.014038354,-0.010115126
5933,False,6.324724e-05,-0.015312248,0.003587974
5934,False,6.205393e-05,-0.023073658,-0.006280631
5935,False,6.403719e-05,-0.026328415,-0.0035989573
5936,False,6.378842e-05,-0.027251385,-0.009664727
5937,False,6.6291876e-05,-0.02137682,-0.024641693
5938,False,6.44999e-05,-0.018461823,-0.010706687
5939,False,6.439534e-05,-0.030335093,-0.004889326
5940,False,6.235099e-05,-0.02245724,-0.008716162
5941,False,6.280286e-05,-0.03406406,-0.005805807
5942,False,6.3163345e-05,-0.016611435,-0.02060993
5943,False,6.514524e-05,-0.0048022456,-0.017594308
5944,False,6.08849e-05,-0.034532838,-0.026304822
5945,False,6.2371204e-05,-0.039080787,-0.008522388
5946,False,6.404642e-05,-0.011714017,-0.005846327
5947,False,6.529331e-05,-0.020037256,-0.007845847
5948,False,6.3353094e-05,0.016206088,0.034661185
5949,True,6.409274e-05,0.0033296794,0.024360422
5950,False,6.7562534e-05,-0.0012564138,0.030563835
5951,False,7.461546e-05,-0.018614167,0.0032957494
5952,False,6.51636e-05,-0.0074597728,-9.0172514e-05
5953,False,6.647665e-05,-0.0076659336,-0.012784381
5954,False,6.69125e-05,-0.02799948,-0.010566659
5955,False,6.702156e-05,-0.01408554,-0.010105351
5956,False,6.540698e-05,-0.019064236,-0.019095367
5957,False,6.921185e-05,-0.018915765,-0.0022419235
5958,False,6.689138e-05,-0.011939891,0.013379555
5959,False,6.784447e-05,-0.023078581,0.0013920274
5960,False,6.446767e-05,-0.011192336,0.00022383034
5961,True,6.307324e-05,0.031081837,-0.004810035
5962,True,6.272981e-05,0.041998036,0.0060807224
5963,True,6.204125e-05,0.020419668,-0.0016009752
5964,True,6.3344516e-05,0.033234306,0.013966059
5965,True,5.9431994e-05,0.019336406,-0.009154636
5966,True,6.195354e-05,0.022286717,0.0088593885
5967,True,6.321392e-05,0.014518475,0.011838142
5968,True,6.315004e-05,0.026627358,0.015332047
5969,True,6.178558e-05,-0.0016660616,-0.013841923
5970,True,6.205695e-05,0.0056076804,-0.0028747655
5971,True,6.414866e-05,0.0074775475,-0.005720297
5972,True,6.44885e-05,0.0152245555,0.016813051
5973,True,6.155694e-05,0.021297477,0.008818008
5974,True,6.158416e-05,0.017340936,-0.0063318163
5975,True,6.3073036e-05,0.014104683,0.0036499742
5976,True,6.297245e-05,0.001985252,0.010590583
5977,True,6.3399e-05,0.011604711,0.003919334
5978,False,6.432364e-05,0.00953619,0.009181512
5979,True,6.585547e-05,0.0069522113,0.006915856
5980,True,6.152609e-05,-0.008113341,-0.009979226
5981,True,6.193043e-05,0.0077500823,0.016337257
5982,True,6.359537e-05,0.011237148,0.0034998367
5983,True,6.021195e-05,0.008160325,-0.0009193551
5984,True,6.5382425e-05,0.01051905,0.0137596065
5985,False,6.422534e-05,0.013207763,0.013161395
5986,True,6.1700324e-05,0.011772484,0.0045595616
5987,True,6.595316e-05,0.02587796,0.012625035
5988,True,6.0922164e-05,0.022562716,0.014118589
5989,True,5.985329e-05,0.008165386,0.002496425
5990,True,6.048884e-05,0.01583764,0.0096494
5991,True,6.097218e-05,-0.0030476036,0.0017352179
5992,True,6.0017162e-05,0.010525489,0.016121633
5993,True,6.0189814e-05,0.013439197,0.022839291
5994,True,6.061653e-05,0.011660642,0.00834012
5995,True,5.943948e-05,0.011572886,0.0058405716
5996,True,6.114388e-05,0.0018388089,0.0064354697
5997,False,6.0912644e-05,0.015298773,0.027063634
5998,False,6.220365e-05,-0.013770567,-0.011552577
5999,False,6.195824e-05,-0.012665018,-0.008095397
6000,False,6.500293e-05,0.020087028,0.0058683828
6001,False,6.6575536e-05,0.0019744635,0.012740651
6002,True,6.162982e-05,-0.0060148025,-0.007800976
6003,False,6.8313646e-05,0.0025163116,0.014116675
6004,False,6.5922366e-05,-0.004017844,-0.009715226
6005,False,6.6030596e-05,0.021421991,0.0168233
6006,False,6.418378e-05,0.0013821451,-0.013045911
6007,True,6.497981e-05,0.006778443,-0.0041223504
6008,True,6.3947504e-05,0.002475691,-0.005163381
6009,False,6.374044e-05,0.011261858,0.0095605925
6010,False,6.264275e-05,0.016501015,0.012285866
6011,False,6.474778e-05,0.015354227,0.011192031
6012,True,6.481799e-05,-0.010553716,0.014280943
6013,False,6.211653e-05,0.007710072,0.028178103
6014,True,6.236936e-05,0.012463478,0.005753305
6015,False,6.1026203e-05,0.021447504,0.003632268
6016,True,6.379698e-05,0.0050466927,-0.018498236
6017,True,6.562104e-05,0.012220118,0.00026955828
6018,False,6.5900735e-05,0.01818941,0.011231864
6019,True,6.761934e-05,0.012571119,0.015968192
6020,True,6.516429e-05,0.018834041,0.016039431
6021,False,6.8460766e-05,0.008116385,0.019432897
6022,True,6.612045e-05,-0.0006458983,0.02996737
6023,True,6.429209e-05,0.0025602654,0.012382261
6024,False,6.285956e-05,-0.015672283,-0.0073015187
6025,False,6.4981454e-05,-0.03205078,-0.0373032
6026,False,6.6283465e-05,-0.03173644,-0.02337352
6027,False,6.702187e-05,-0.02598914,-0.026568804
6028,False,6.6148765e-05,-0.031924468,-0.04007369
6029,False,6.4720094e-05,-0.0254384,-0.028734397
6030,False,6.540797e-05,-0.030787932,-0.029534774
6031,False,6.20764e-05,-0.030043066,-0.026145933
6032,False,6.364268e-05,-0.022394482,-0.04382723
6033,False,6.660285e-05,-0.013567885,-0.029626554
6034,False,6.443666e-05,-0.027872536,-0.01731202
6035,False,6.6816945e-05,-0.009121258,-0.027070215
6036,False,6.063705e-05,-0.003623656,0.0013536289
6037,False,6.289698e-05,-0.011070825,-0.019736687
6038,False,6.2675725e-05,-0.02564265,0.0032234536
6039,False,6.455603e-05,-0.0028003436,-0.004664071
6040,False,6.350721e-05,-0.00987936,-0.014954187
6041,False,6.549084e-05,-0.011558881,-0.001347363
6042,False,6.397834e-05,-0.020688675,-0.015006067
6043,False,6.651251e-05,-0.018792659,0.012131998
6044,False,6.126573e-05,-0.016452242,0.013867918
6045,False,6.7533045e-05,-0.012836572,-0.022010379
6046,False,6.458223e-05,-0.005441265,-0.013272056
6047,False,6.527418e-05,-0.010337308,-0.0012762039
6048,False,6.430972e-05,-0.012173851,-0.01917947
6049,False,6.1692816e-05,-0.025373578,-0.017380666
6050,False,6.0078204e-05,-0.031922568,-0.010831412
6051,False,6.2250496e-05,-0.009328097,-0.009740626
6052,False,6.604232e-05,-0.022489125,-0.012443423
6053,False,6.589909e-05,-0.02328151,-0.0022581574
6054,False,6.7656736e-05,-0.019146238,-0.0057991743
6055,False,6.7531575e-05,-0.008454294,0.0013276562
6056,False,6.532056e-05,-0.011062145,-0.017784886
6057,False,6.638257e-05,-0.012444083,-0.008402832
6058,False,6.735638e-05,-0.011439155,-0.01600204
6059,False,6.4748914e-05,-0.026870651,-0.013940666
6060,False,6.2992585e-05,-0.02958985,0.002005428
6061,False,6.2312545e-05,-0.013420533,-0.011616599
6062,False,6.235206e-05,-0.03120592,-0.012665674
6063,False,6.6361994e-05,-0.032887347,-0.014017139
6064,False,6.654831e-05,-0.0011017192,-0.016947472
6065,False,6.810227e-05,-0.00835692,-0.020100845
6066,False,6.4362976e-05,-0.03883653,-0.015499338
6067,False,6.5729364e-05,-0.019768791,-0.007865876
6068,False,6.597457e-05,-0.023358708,0.007560771
6069,False,6.5562606e-05,-0.009984508,-0.01805741
6070,False,6.520842e-05,-0.012880275,-0.019372046
6071,False,6.578817e-05,-0.0128597105,-0.0120531535
6072,False,6.8138695e-05,-0.024049673,-0.014143043
6073,False,6.3191095e-05,-0.0171521,-0.007875684
6074,False,6.291433e-05,-0.013603121,-0.0026172325
6075,False,6.2158855e-05,-0.0064086984,-0.006410653
6076,False,6.26587e-05,-0.027339937,-0.0054378584
6077,False,6.197268e-05,-0.03341703,-0.0043301284
6078,False,6.0006136e-05,-0.017242635,0.003771536
6079,False,6.0991482e-05,-0.022390597,-0.0040368997
6080,False,6.540301e-05,-0.014409619,-0.0050507057
6081,False,6.708605e-05,-0.010862613,-0.012871403
6082,False,6.573953e-05,-0.017854888,-0.015798546
6083,False,6.588458e-05,-0.02057557,-0.0076118056
6084,False,6.0022827e-05,-0.016106343,0.0010565594
6085,False,6.155143e-05,-0.02890604,-0.0060085803
6086,False,6.294262e-05,-0.036766656,-0.018393729
6087,False,6.2134815e-05,-0.029670767,-0.017186092
6088,False,6.213311e-05,-0.023786627,-0.021126676
6089,False,6.263334e-05,-0.029628275,-0.024061846
6090,False,6.365163e-05,-0.004897329,-0.022410143
6091,False,6.472807e-05,-0.0010539256,-0.021900076
6092,False,6.338221e-05,-0.018738376,-0.016219573
6093,False,6.325258e-05,-0.022100773,-0.017013134
6094,False,6.260601e-05,-0.035377957,-0.00914298
6095,False,5.9230253e-05,-0.027713956,-0.00569275
6096,False,6.3431384e-05,-0.022961197,0.0092788
6097,False,6.1131424e-05,0.011335548,-0.0044793077
6098,False,6.247918e-05,-0.0112329945,0.025376199
6099,False,6.615835e-05,0.011235297,0.010094396
6100,False,6.612824e-05,0.0065972526,0.01317502
6101,False,7.147012e-05,-0.017240845,0.017308097
6102,False,7.08467e-05,-0.024861442,0.008673297
6103,False,7.192213e-05,-0.023687374,0.009765834
6104,False,6.310773e-05,-0.0028677545,0.01722675
6105,False,6.6971836e-05,-0.010074971,0.0014202725
6106,False,6.426445e-05,-0.012374267,-0.011136662
6107,False,6.525096e-05,0.0017332458,-0.009106327
6108,False,6.585775e-05,-0.0058701113,-0.0071966574
6109,False,6.673163e-05,-0.013366662,-0.021118185
6110,False,6.686846e-05,0.00048592873,-0.00251586
6111,False,6.7254456e-05,-0.0015924759,-0.027974356
6112,False,6.583276e-05,-0.0041102506,0.0076075587
6113,True,6.583363e-05,0.009599455,0.012962531
6114,True,6.623289e-05,0.026601834,0.019338053
6115,True,6.2364736e-05,0.012273122,0.006895764
6116,True,6.3077e-05,0.017730355,0.0076785963
6117,True,6.464863e-05,0.018603712,0.005365832
6118,True,6.453117e-05,0.016467176,0.01145822
6119,True,6.360418e-05,0.0077100983,-0.007951934
6120,True,6.431208e-05,-0.0046167634,0.0016107783
6121,True,6.2782296e-05,0.017022358,0.004202988
6122,True,6.121174e-05,0.0063262954,0.011433819
6123,True,6.2432366e-05,0.027601913,-0.0029759817
6124,True,6.557605e-05,0.010174741,-0.0004969295
6125,True,6.0620812e-05,0.004115328,0.011618461
6126,True,5.9895978e-05,0.015408343,0.0037611015
6127,True,6.3417705e-05,0.0009134747,6.978214e-05
6128,True,6.4945045e-05,0.0028875563,0.018873999
6129,True,6.2715284e-05,0.0158257,0.012562636
6130,True,6.126302e-05,0.015861621,0.009026488
6131,True,6.465826e-05,0.004852851,0.020877998
6132,True,6.193831e-05,0.008286836,0.015881643
6133,True,6.156774e-05,0.027612627,0.010111222
6134,True,6.4472784e-05,0.010635821,0.0024433918
6135,True,6.314199e-05,0.01987355,-0.0021087043
6136,True,6.42097e-05,0.009488303,0.0036285147
6137,True,6.189157e-05,0.017535137,0.009601792
6138,True,6.510897e-05,0.012954924,0.034424007
6139,True,6.234267e-05,0.011339597,0.026308209
6140,True,5.989468e-05,0.009802751,0.014015574
6141,True,6.3529005e-05,0.022668257,0.009224447
6142,False,6.312834e-05,-0.009263599,0.0057475064
6143,True,6.4286825e-05,-0.010926927,0.014514848
6144,True,5.9216312e-05,0.0034884103,0.009875159
6145,True,6.442659e-05,-0.0010865219,0.012847771
6146,True,6.266125e-05,0.0036954898,0.0010277107
6147,True,6.094048e-05,0.011384539,0.006868789
6148,False,6.2322346e-05,-0.0062784916,0.00252565
6149,False,6.219281e-05,-0.026571594,0.0022187345
6150,False,6.295931e-05,-0.00031139795,0.014705055
6151,False,6.350195e-05,0.003439852,0.013556935
6152,False,6.554567e-05,0.012871176,0.0057805385
6153,False,6.5614244e-05,-0.00037563127,0.012094345
6154,True,6.3035215e-05,0.015873516,0.013548275
6155,True,6.414327e-05,0.011569459,0.004160082
6156,False,6.556854e-05,0.01173966,0.010474231
6157,True,6.646271e-05,0.0100908335,-2.215989e-05
6158,False,6.214288e-05,0.0037193168,0.024298865
6159,False,6.30204e-05,-0.016198482,-0.010994185
6160,False,6.3803185e-05,0.0070302673,-0.012133459
6161,False,6.608811e-05,0.00061570574,-0.006105773
6162,True,6.223122e-05,-0.011367421,-0.003765488
6163,True,6.388835e-05,0.0065399967,0.0021465784
6164,True,6.344227e-05,-0.008947823,-0.0012485348
6165,False,6.0102317e-05,-0.018030703,0.013227137
6166,False,6.118761e-05,0.010420546,0.02850046
6167,True,6.600866e-05,0.010887825,0.0058220755
6168,False,6.552366e-05,-0.0011680261,-0.00019361079
6169,False,6.203452e-05,0.0016320655,0.0062221587
6170,False,6.272637e-05,0.007947507,0.014788274
6171,False,6.521954e-05,0.002227217,-0.0013681827
6172,False,6.307029e-05,-0.021961987,-0.02253031
6173,False,6.2434134e-05,-0.012524277,0.028373236
6174,False,6.538766e-05,-0.03448545,-0.028755624
6175,False,6.2755e-05,-0.014192967,-0.023882456
6176,False,6.636602e-05,-0.025362654,-0.033425562
6177,False,6.347579e-05,-0.026626823,-0.03465689
6178,False,6.652778e-05,-0.029590808,-0.03837762
6179,False,6.42066e-05,-0.026874352,-0.038544238
6180,False,6.2139996e-05,-0.029633,-0.025700357
6181,False,6.320426e-05,-0.0023248252,-0.01771425
6182,False,6.115697e-05,-0.008211793,0.008648989
6183,False,6.239851e-05,-0.017977975,0.0023426786
6184,False,6.4191816e-05,0.012700392,-0.0031851698
6185,False,6.27853e-05,0.014139954,0.0033828765
6186,False,6.3728396e-05,0.0013651829,0.0018200725
6187,False,6.139004e-05,-0.004733706,0.008889638
6188,True,6.316891e-05,1.1011958e-05,-0.00075530633
6189,False,6.348013e-05,-0.00064361095,-0.005986966
6190,False,6.016931e-05,0.0018491391,0.010708272
6191,True,5.8466212e-05,0.0038067028,0.009207223
6192,False,6.476218e-05,0.00418891,0.016582428
6193,False,6.740353e-05,0.003735764,-0.0203031
6194,False,6.601531e-05,-0.0044808723,-0.014150304
6195,False,6.279664e-05,-0.008942004,0.007288838
6196,False,6.401297e-05,-0.012465902,-0.0020688027
6197,False,6.438549e-05,-0.022755858,-0.014143841
6198,False,6.4217296e-05,-0.02519959,0.0012956299
6199,False,6.437668e-05,-0.021812372,0.0070235133
6200,False,6.455749e-05,-0.010286425,-0.01680323
6201,False,6.2384825e-05,-0.026560303,-0.0072839223
6202,False,6.127883e-05,-0.031093683,-0.0064285845
6203,False,6.0625563e-05,-0.029452033,-0.016496481
6204,False,6.525247e-05,-0.01965225,-0.020852875
6205,False,6.503842e-05,-0.030516895,-0.00054331496
6206,False,6.6220025e-05,-0.029581465,-0.0087769665
6207,False,6.441618e-05,-0.031391997,-0.018205233
6208,False,6.643722e-05,-0.030006085,-0.0049993284
6209,False,6.412519e-05,-0.03007081,-0.013181174
6210,False,6.785341e-05,-0.022748854,-0.0040823966
6211,False,6.30991e-05,-0.018041743,-0.013331791
6212,False,6.4786895e-05,-0.021292586,-0.0056386627
6213,False,6.4462845e-05,-0.018229373,-0.014407631
6214,False,6.39991e-05,-0.026290704,-0.018492594
6215,False,6.420136e-05,-0.01731436,-0.012479965
6216,False,6.657535e-05,-0.016280346,-0.009242112
6217,False,6.118394e-05,-0.038335055,-0.0054112226
6218,False,6.4337626e-05,-0.030030718,-0.028550535
6219,False,6.854799e-05,-0.0059083607,-0.010788355
6220,False,6.84497e-05,0.0074924477,0.008155365
6221,False,6.711945e-05,-0.013838776,-0.011279575
6222,False,6.865726e-05,-0.0017468827,0.000875324
6223,False,6.587444e-05,-0.007785832,-0.0033715572
6224,False,6.28468e-05,-0.012217049,0.0004847031
6225,False,6.2786545e-05,-0.014314,-0.022761716
6226,False,6.044953e-05,-0.016779222,-0.001202587
6227,False,6.284422e-05,-0.0007296968,-0.03269659
6228,False,5.9300317e-05,-0.002620255,-0.019998854
6229,False,6.0818118e-05,-0.016818339,-0.006127214
6230,False,5.952303e-05,-0.009215472,-0.011309941
6231,False,6.203295e-05,-0.008913858,-0.011823205
6232,False,6.2966166e-05,0.008944998,-0.013150004
6233,False,6.488684e-05,-0.011644665,-0.007658772
6234,False,6.5943226e-05,-0.0038956045,-0.010464607
6235,False,6.391196e-05,-0.015378401,0.013424285
6236,False,6.504514e-05,-0.0016459026,0.007772266
6237,False,6.312344e-05,-0.018976763,-0.0030579492
6238,False,6.378787e-05,-0.021955118,-0.0039921748
6239,False,6.3436564e-05,-0.02641724,-0.02599774
6240,False,6.2085164e-05,-0.018643018,-0.006587453
6241,False,6.733986e-05,-0.009219282,-0.01673503
6242,False,6.502099e-05,-0.02353891,-0.005579157
6243,False,6.300211e-05,-0.02658118,-0.008201524
6244,False,6.621255e-05,-0.014081305,-0.004216712
6245,False,6.854586e-05,-0.008432327,-0.008844143
6246,False,6.5495566e-05,-0.021839797,-0.013607663
6247,False,6.0734288e-05,-0.042434208,0.009310378
6248,False,5.8828402e-05,-0.01062841,-0.028971758
6249,False,6.236342e-05,-0.03093999,-0.016982988
6250,False,6.239075e-05,-0.024601933,0.0011791782
6251,False,6.289523e-05,-0.020229071,-0.008749977
6252,False,6.269993e-05,-0.001797596,0.01362949
6253,False,6.402103e-05,-0.017774966,-0.016622968
6254,False,6.773711e-05,-0.004417097,-0.019857416
6255,False,7.22214e-05,-0.019842327,0.008742971
6256,False,7.419269e-05,-0.021203352,0.008949387
6257,False,7.136557e-05,-0.019352928,0.0043665855
6258,False,6.9181435e-05,-0.027806584,0.010956403
6259,False,7.1655384e-05,-0.012962496,0.016848251
6260,False,6.581678e-05,-0.0016527977,0.0010314155
6261,False,6.898012e-05,-0.013453926,-0.006153526
6262,False,6.827878e-05,-0.017329914,-0.01136629
6263,False,6.8765825e-05,-0.01183991,-0.010367058
6264,False,6.729872e-05,-0.0032887757,0.0017712777
6265,False,6.684751e-05,0.006746618,-0.008014454
6266,False,6.817019e-05,-5.3801574e-05,0.0018014833
6267,False,6.380367e-05,0.01984563,0.015726592
6268,True,6.387685e-05,0.022896979,0.013289586
6269,True,6.416869e-05,0.021586556,0.013208941
6270,True,6.192401e-05,0.016516358,-0.0036640856
6271,True,6.342334e-05,0.019236878,0.017120242
6272,True,6.269893e-05,0.0058463328,0.020377718
6273,True,6.206154e-05,0.011418089,0.0011303909
6274,True,6.301624e-05,0.021871442,0.017370924
6275,True,6.242787e-05,0.011580028,0.007356895
6276,True,6.121551e-05,0.027192153,0.009870468
6277,True,6.461637e-05,0.023808476,0.007983409
6278,True,6.28461e-05,0.016123634,0.021360798
6279,True,6.6436565e-05,0.005574748,0.008033158
6280,True,6.013259e-05,0.02485502,-0.014515523
6281,True,6.3010186e-05,-0.00044752657,0.006156616
6282,True,6.0593702e-05,0.0075673703,0.012219679
6283,True,6.378493e-05,0.011633817,0.014327781
6284,True,6.212021e-05,0.012252662,0.0057752617
6285,True,6.3755106e-05,0.03318453,0.017814215
6286,True,6.306207e-05,0.023235891,0.003616402
6287,True,6.1169034e-05,-0.0027783336,0.0044661397
6288,True,6.197955e-05,0.0054264674,0.0076354546
6289,True,6.2170126e-05,0.022636294,0.004583221
6290,True,6.732671e-05,0.012769509,0.001953449
6291,True,6.568896e-05,-0.006604524,0.013400096
6292,True,6.444964e-05,0.016498566,0.029039513
6293,True,6.1709325e-05,0.010905659,0.027057104
6294,True,6.77329e-05,0.007863593,0.020960066
6295,True,6.739562e-05,0.0012986772,0.011352531
6296,False,6.3224776e-05,-0.005713322,0.018200759
6297,True,5.913225e-05,0.010692231,0.025206491
6298,True,6.293377e-05,0.013629192,0.013116661
6299,True,6.405185e-05,0.024518298,0.0028543584
6300,True,6.023966e-05,0.015291834,0.004314922
6301,False,6.0366383e-05,0.016194217,0.0039089825
6302,False,6.341808e-05,-0.011707468,-0.008836884
6303,False,6.516803e-05,-0.007814534,0.002984723
6304,True,6.0957675e-05,0.006987828,0.01406737
6305,False,6.6152796e-05,0.016037734,-0.004733296
6306,False,6.5741755e-05,0.0141534675,0.03972123
6307,False,6.4182925e-05,-0.0014514606,0.020910637
6308,True,6.395793e-05,-0.011519324,0.0019521546
6309,False,6.510843e-05,0.002699202,0.012147499
6310,True,6.855145e-05,-0.000100798905,0.024700467
6311,False,6.534284e-05,0.023340952,0.0013633333
6312,False,6.1030656e-05,0.014486497,0.0111839
6313,False,6.294274e-05,-0.0111536775,-0.012772605
6314,False,6.573606e-05,-0.01435017,-0.0010325033
6315,True,6.246212e-05,-0.0023871455,-0.0021663504
6316,False,6.350878e-05,-0.006042081,-0.0034303814
6317,True,6.2963874e-05,-0.0052994657,-0.00014040247
6318,True,6.29724e-05,0.0023756195,-0.0014760699
6319,True,6.37906e-05,0.0032662237,0.017975746
6320,True,6.187802e-05,0.0026595257,0.009067504
6321,True,6.239446e-05,0.0031268396,0.017669559
6322,False,6.485517e-05,0.0022167154,-0.009071929
6323,False,6.789633e-05,-0.0078050774,0.0004053265
6324,False,6.634188e-05,-0.021973643,0.009897719
6325,False,6.414899e-05,-0.0032904968,-0.0005151145
6326,False,6.242702e-05,-0.021795565,-0.035344325
6327,False,6.3192085e-05,-0.03159026,-0.024970844
6328,False,6.6814435e-05,-0.024606392,-0.01683106
6329,False,6.708052e-05,-0.0225772,-0.043952294
6330,False,6.644334e-05,-0.030887729,-0.011011189
6331,False,6.0907565e-05,-0.013948018,0.0063076913
6332,False,6.5628046e-05,0.012087888,0.012401361
6333,False,6.344871e-05,0.00045822887,-0.0025905985
6334,False,6.279155e-05,0.0015348988,0.008043788
6335,False,6.214456e-05,0.004767932,0.02191969
6336,False,6.2939296e-05,0.0047093527,0.004671095
6337,False,6.187649e-05,-0.004602042,0.016587459
6338,False,6.2771556e-05,0.0069102496,0.0050998423
6339,True,6.108848e-05,0.013515236,0.013418575
6340,True,6.086576e-05,0.006854005,0.00901854
6341,False,6.052701e-05,0.014308133,0.01761937
6342,True,5.801351e-05,0.0071553253,0.0006764382
6343,False,6.050734e-05,0.0035221241,0.021046434
6344,False,6.301325e-05,0.007176105,-0.0011598412
6345,True,6.358657e-05,-0.010750744,0.0191295
6346,True,6.175637e-05,0.025195401,0.014257041
6347,False,6.068573e-05,0.013070673,-0.013410168
6348,False,6.232617e-05,-0.022010617,0.013292059
6349,False,6.534944e-05,-0.020346126,-0.018356543
6350,False,6.641708e-05,-0.010900142,-0.0011008643
6351,False,6.3491585e-05,0.0025149686,0.0054742433
6352,False,6.464741e-05,-0.014309982,-0.0060423426
6353,False,6.169288e-05,-0.0012810081,0.0032469742
6354,False,6.365344e-05,-0.014565363,-0.00020650774
6355,False,6.46012e-05,-0.014496079,-0.03079898
6356,False,6.0767274e-05,-0.006673773,-0.02055251
6357,False,6.1002862e-05,-0.0069510173,-0.02085286
6358,False,6.360277e-05,-0.015732273,-0.009293649
6359,False,6.120109e-05,-0.028206777,-0.010709681
6360,False,6.456316e-05,-0.024142655,-0.011586137
6361,False,6.630262e-05,-0.017097749,-0.017968923
6362,False,6.582119e-05,-0.008680008,-0.019634135
6363,False,6.417322e-05,-0.016095342,-0.009058703
6364,False,6.876683e-05,-0.027017094,-0.0061437367
6365,False,6.476935e-05,-0.029244954,0.0045312606
6366,False,6.453265e-05,-0.010222326,-0.0036474578
6367,False,6.567575e-05,-0.0029676561,-0.007584639
6368,False,6.61464e-05,-0.033471137,-0.012126379
6369,False,6.219104e-05,-0.019403545,-0.016063515
6370,False,6.480969e-05,-0.037507795,-0.0009253677
6371,False,6.781942e-05,-0.022530124,-0.0154599715
6372,False,6.3333966e-05,-0.034970716,-0.024280515
6373,False,6.493519e-05,-0.01018753,-0.015985023
6374,False,6.699069e-05,-0.02111863,-0.007546356
6375,False,6.503024e-05,-0.030852165,0.007876476
6376,False,6.542752e-05,-0.018709399,-0.008249421
6377,False,6.654978e-05,-0.028669685,0.0069529098
6378,False,6.667516e-05,-0.002407961,0.0051886775
6379,False,5.8462545e-05,-0.012770239,0.008910475
6380,False,5.8380625e-05,-0.010769674,-0.014464617
6381,False,5.6240377e-05,-0.0104188565,-0.03057127
6382,False,6.1870145e-05,-0.004868757,-0.012112586
6383,False,6.0706323e-05,-0.013935244,-0.018424306
6384,False,6.184982e-05,-0.006235021,-0.0001180768
6385,False,6.198403e-05,-0.018839907,-0.0125056505
6386,False,6.3626e-05,0.0047667474,-0.0032115765
6387,False,6.300888e-05,0.02809527,-0.006116178
6388,False,6.887727e-05,0.008262109,0.0045935484
6389,False,6.5368695e-05,0.019766454,-0.01097492
6390,False,6.437649e-05,-0.005215114,-0.0034168325
6391,False,6.5138316e-05,0.0034806784,0.005302867
6392,False,6.502482e-05,-0.027192464,0.009182043
6393,False,6.137813e-05,-0.024624685,-0.0076442063
6394,False,6.4989435e-05,-0.016693883,-0.004050404
6395,False,6.179604e-05,-0.013441933,-0.01394058
6396,False,6.245069e-05,-0.004466296,-0.02355322
6397,False,6.419645e-05,-0.012531182,-0.0074663647
6398,False,6.4415755e-05,-0.009964386,-0.035067983
6399,False,6.389107e-05,-0.014948873,-0.009061491
6400,False,6.5290566e-05,-0.0030200453,-0.01734709
6401,False,6.207034e-05,-0.015876746,-0.023424363
6402,False,6.0990613e-05,-0.022682032,-0.019175446
6403,False,6.1417144e-05,-0.0255064,-0.030595824
6404,False,6.364819e-05,-0.024000451,-0.02994923
6405,False,6.237417e-05,-0.012753652,-0.011576423
6406,False,6.4149935e-05,-0.0029929257,0.022975568
6407,False,6.526482e-05,-0.012339954,-0.0049811946
6408,False,7.344107e-05,-0.019270962,0.007860253
6409,False,7.346401e-05,-0.010280341,0.01741146
6410,False,7.064834e-05,-0.018476345,-0.0033280328
6411,False,6.9102316e-05,-0.023721538,0.0042734183
6412,False,6.9608024e-05,-0.009504242,0.008696286
6413,False,6.580945e-05,-0.020894486,0.012963345
6414,False,7.1039554e-05,-0.012426805,-0.011134469
6415,False,6.97022e-05,-0.02053664,-0.022543311
6416,False,6.965237e-05,-0.011977209,-0.0050537772
6417,False,6.6454115e-05,-0.002641663,-0.00014208071
6418,False,6.826464e-05,-0.00685958,-0.014448581
6419,False,6.78089e-05,0.008743354,0.0011417568
6420,False,6.286561e-05,0.009509088,0.009385545
6421,True,6.303398e-05,0.008817483,0.013341263
6422,True,6.279242e-05,0.02867731,0.01341515
6423,True,6.09301e-05,0.01898755,0.0083069205
6424,True,6.3313695e-05,0.002998516,0.009593697
6425,True,6.220442e-05,0.025871305,0.015723761
6426,True,6.114818e-05,0.018592965,0.013224084
6427,False,6.227518e-05,0.007520326,0.008164033
6428,True,6.276594e-05,0.003479749,-0.006753536
6429,True,6.536162e-05,0.015689187,0.012828596
6430,True,6.136117e-05,0.015078218,0.00746735
6431,True,6.0391423e-05,0.025296513,0.0049606375
6432,True,6.401065e-05,0.017977484,0.0038322099
6433,True,6.155468e-05,0.009292472,0.004982684
6434,True,6.202428e-05,0.012666663,0.012233408
6435,True,6.2236024e-05,0.029286487,0.025838569
6436,True,6.55081e-05,0.0095247105,0.006021565
6437,True,6.9114976e-05,0.0029015122,0.014298359
6438,True,6.342637e-05,0.028015994,0.012120832
6439,True,6.385431e-05,0.016885957,0.013682847
6440,True,6.2095016e-05,0.0030797631,-0.0016557099
6441,True,6.620537e-05,0.016797295,0.006053783
6442,True,6.4199536e-05,0.021093,0.03142722
6443,True,6.230332e-05,-0.0009514615,0.0125426445
6444,True,6.5219974e-05,0.0032085609,0.043065757
6445,False,6.347532e-05,-0.00036954414,0.022310048
6446,True,6.502716e-05,-0.0035088584,0.027527366
6447,False,6.7806155e-05,-0.018634357,-0.0047694026
6448,False,6.784064e-05,-0.01246121,-0.00046150666
6449,False,6.3442e-05,-0.00038391724,0.014038089
6450,True,6.359851e-05,0.0045888415,0.014382921
6451,True,6.1154366e-05,0.01180824,0.0145454295
6452,True,6.224408e-05,0.0055480795,0.019067334
6453,True,6.13495e-05,0.016400885,0.010355303
6454,False,5.9004582e-05,0.024691993,0.01808804
6455,False,6.4208325e-05,0.012718797,-0.0011533722
6456,False,6.3278334e-05,-0.010443598,-0.0013786182
6457,False,6.105762e-05,-0.0048543364,0.01782745
6458,False,6.638566e-05,0.007368706,0.012736802
6459,False,6.7060464e-05,0.01021738,0.011361598
6460,False,6.4932785e-05,0.007442847,0.026494887
6461,False,6.197879e-05,0.012924509,-0.0019964753
6462,True,6.447705e-05,0.0045279944,0.018457633
6463,False,6.579879e-05,0.003005581,0.015552932
6464,False,6.158955e-05,0.007217019,-0.008033237
6465,False,6.203329e-05,0.018015325,0.024603445
6466,False,6.185964e-05,-0.0090105375,-0.002235517
6467,False,6.518493e-05,0.0017029895,0.0010950039
6468,False,6.4029795e-05,-0.003337794,0.0041753715
6469,False,5.9966766e-05,-0.0029680254,0.01277425
6470,False,6.19183e-05,-0.0006864844,0.008184105
6471,False,5.918293e-05,-0.008515475,0.007560307
6472,False,6.440449e-05,0.0040798355,0.01977628
6473,False,6.1141596e-05,0.0014713667,-0.009732787
6474,False,6.602228e-05,-0.015335994,0.0029599871
6475,False,6.426765e-05,-0.029103234,-0.023999352
6476,False,6.2924984e-05,-0.0068325,-0.045821704
6477,False,6.395357e-05,-0.008330543,-0.023362845
6478,False,6.5011955e-05,-0.005627376,-0.0344195
6479,False,6.277194e-05,-0.022296676,-0.018827662
6480,False,6.663331e-05,0.018379066,0.00032608397
6481,False,6.1458886e-05,-0.0008926857,0.008855917
6482,False,6.277506e-05,-0.005109705,0.009240269
6483,False,6.147299e-05,0.023120515,0.021045808
6484,False,6.3752836e-05,0.0012591556,0.015713213
6485,False,6.22848e-05,0.0008371072,0.0060638078
6486,False,6.420303e-05,0.0018609709,0.013625011
6487,False,6.329454e-05,0.0074524777,0.004187785
6488,False,6.198731e-05,0.0035166116,0.013297414
6489,True,6.025033e-05,0.019591887,0.013852912
6490,False,6.314463e-05,0.015034856,0.009089144
6491,False,6.5094806e-05,0.016183227,0.0088158455
6492,True,6.1250175e-05,0.011982979,0.028581355
6493,True,6.237021e-05,0.019668188,0.010409292
6494,False,6.132772e-05,0.012504637,0.018920552
6495,False,6.328672e-05,-0.002900113,0.012274001
6496,True,6.330108e-05,-0.0037273914,0.0057776896
6497,True,6.475209e-05,0.0101226065,0.020573776
6498,True,6.1197825e-05,0.0036621466,0.013562301
6499,True,6.145609e-05,0.010581378,-0.0013683224
6500,True,6.144264e-05,0.01153126,0.006242431
6501,True,6.231981e-05,0.018791467,0.01261331
6502,False,6.081767e-05,0.0040654987,0.024526298
6503,False,6.43641e-05,-0.030774018,-0.01920947
6504,False,6.36884e-05,-0.015890563,0.029284278
6505,False,6.417318e-05,-0.03189764,-0.026476292
6506,False,6.382015e-05,-0.009988647,0.00022761151
6507,False,6.360154e-05,-0.019673316,0.007313853
6508,False,6.108077e-05,-0.026939798,0.0023368131
6509,False,6.0261664e-05,-0.016546968,0.003388757
6510,False,6.067691e-05,-0.01016487,-0.008080056
6511,False,6.138152e-05,-0.0051700734,-0.026006158
6512,False,6.194722e-05,-0.025381004,0.0034557898
6513,False,6.253538e-05,-0.022210553,0.002866257
6514,False,6.143693e-05,-0.02587938,-0.0066080214
6515,False,6.0369082e-05,-0.024289522,-0.0062673353
6516,False,6.2445324e-05,-0.0229734,-0.007846285
6517,False,6.0566555e-05,-0.022457862,-0.01775403
6518,False,6.3923566e-05,-0.01935587,-0.009607408
6519,False,6.346939e-05,-0.021753639,-0.0040311255
6520,False,6.340859e-05,-0.023558121,-0.01395528
6521,False,6.561069e-05,-0.01636836,-0.018373668
6522,False,6.351058e-05,-0.018373977,-0.019765973
6523,False,6.3212785e-05,-0.0069234874,-0.017242126
6524,False,6.241638e-05,-0.034073934,-0.020835754
6525,False,6.607169e-05,-0.038298614,-0.007322954
6526,False,6.429205e-05,-0.04320968,0.006679412
6527,False,6.7288085e-05,-0.020085469,0.0035026968
6528,False,6.486586e-05,-0.017005151,-0.009065941
6529,False,6.696949e-05,-0.021175183,-0.0018051937
6530,False,6.5183674e-05,-0.025219874,-0.008471509
6531,False,6.315561e-05,-0.01441502,0.0018163947
6532,False,6.239965e-05,-0.012229023,-0.01819558
6533,False,6.210366e-05,-0.009973448,-0.013283577
6534,False,6.43112e-05,-0.027529012,-0.014797385
6535,False,6.3209416e-05,-0.02628034,-0.015212892
6536,False,6.377258e-05,-0.023179784,-0.0063251397
6537,False,6.3367916e-05,-0.011476962,-0.015650913
6538,False,6.0747567e-05,0.010860847,-0.027173966
6539,False,6.758364e-05,-0.0049897777,0.0004842598
6540,False,6.6579894e-05,-0.0039452296,0.00046565058
6541,False,6.577457e-05,-0.017568916,0.00010864064
6542,False,6.510453e-05,-0.004778887,0.0060306666
6543,False,6.232051e-05,-0.004018994,0.0048149675
6544,False,6.158645e-05,-0.0046450812,0.0064677317
6545,False,6.066771e-05,-0.013259269,0.007337965
6546,False,6.758953e-05,-0.021064831,0.009273412
6547,False,6.67365e-05,-0.019251287,-0.005000364
6548,False,6.406921e-05,-0.014763085,-0.021779943
6549,False,6.460825e-05,-0.017538413,-0.023304168
6550,False,6.4910455e-05,-0.02591452,-0.01668306
6551,False,6.212785e-05,-0.0065841135,-0.008653618
6552,False,6.654517e-05,-0.00863947,-0.011800479
6553,False,6.530884e-05,-0.013659688,-0.0031063892
6554,False,6.266073e-05,-0.0153466845,-0.0055287126
6555,False,6.21052e-05,-0.018339284,0.0066217203
6556,False,6.3065054e-05,-0.020023018,-0.010992963
6557,False,6.2055566e-05,-0.02906991,-0.022145415
6558,False,5.973147e-05,-0.025555063,-0.026500303
6559,False,6.0826238e-05,-0.03440914,-0.027444754
6560,False,6.0076374e-05,-0.03370898,0.008695725
6561,False,6.4611246e-05,-0.017750096,-0.0061568916
6562,False,7.134432e-05,-0.029019572,0.0053617265
6563,False,6.970988e-05,-0.024855603,0.016149793
6564,False,7.150659e-05,-0.012493597,0.0149782635
6565,False,6.752134e-05,-0.019927874,-0.0026252316
6566,False,6.7921814e-05,-0.009898867,0.0036995672
6567,False,6.967734e-05,-0.00803168,0.009681677
6568,False,7.010466e-05,-0.0067870626,0.008348407
6569,False,6.664477e-05,-0.0075564,-0.009466581
6570,False,6.759804e-05,0.009279933,-0.0032617003
6571,False,6.6823515e-05,-0.012736902,-0.0067560095
6572,False,6.4414424e-05,0.0012327321,-0.003951248
6573,False,6.488806e-05,-0.011530757,-0.0029504597
6574,True,5.994537e-05,0.010237254,0.01079502
6575,True,5.9895374e-05,0.013961559,0.020697568
6576,True,6.2766776e-05,0.028933346,0.0032699741
6577,True,6.325696e-05,0.015593186,0.0037405826
6578,True,6.247968e-05,0.015815396,0.020022448
6579,True,6.227138e-05,0.027307399,0.019651892
6580,True,5.993346e-05,0.033452254,-0.0011014491
6581,True,6.141858e-05,0.025442291,0.017788228
6582,True,6.008956e-05,0.01961378,0.040205102
6583,False,5.9921484e-05,0.0042650327,0.019978303
6584,True,6.2907995e-05,0.021037804,0.008138213
6585,True,6.176596e-05,0.032779887,0.014946537
6586,True,6.20925e-05,0.008312941,0.012417605
6587,True,6.4583626e-05,0.017319504,0.011619115
6588,True,6.576191e-05,0.013856977,0.030449875
6589,True,6.888754e-05,0.012381412,0.009851585
6590,True,6.448954e-05,0.0124788135,0.009780891
6591,True,6.4776796e-05,0.015965216,0.014903602
6592,True,6.3906926e-05,0.009558868,0.010802738
6593,True,6.267118e-05,0.010909062,0.017190866
6594,True,6.384158e-05,0.029073428,0.03420346
6595,True,6.432553e-05,0.012846056,0.015689125
6596,False,6.596309e-05,-0.010576911,0.0052582044
6597,False,6.352917e-05,-0.0037118793,0.013853778
6598,False,6.589732e-05,-0.009640643,0.009436539
6599,False,6.733458e-05,-0.013253102,0.004096064
6600,False,6.6067514e-05,-0.0022174325,0.0055883047
6601,False,6.307884e-05,-0.00011784956,0.011331736
6602,True,6.220127e-05,-0.0035945205,0.00926402
6603,False,6.337689e-05,0.005388905,0.02002126
6604,True,6.317676e-05,0.033001304,0.011657653
6605,True,6.101055e-05,0.021498011,0.009307612
6606,True,5.947274e-05,0.01762579,0.008466668
6607,False,6.376331e-05,0.009876441,0.006382225
6608,True,6.161591e-05,0.0031259097,0.00049912557
6609,True,6.132794e-05,0.0034358674,0.021836622
6610,False,6.099051e-05,0.011986005,0.013503835
6611,False,6.179201e-05,-0.0025624214,0.018553972
6612,True,6.571625e-05,0.007472587,0.0128468815
6613,False,6.325868e-05,-0.0115724355,0.01115815
6614,True,6.326466e-05,0.0071311537,0.025553502
6615,True,6.173577e-05,-0.0055698976,0.010816198
6616,True,6.1056155e-05,-0.00031314231,0.012984432
6617,False,6.161455e-05,0.004195745,0.0070780367
6618,True,6.414145e-05,-0.019433467,-0.00015248731
6619,False,5.792183e-05,-0.017417315,0.0063511766
6620,False,6.2942825e-05,-0.010295415,0.019817906
6621,False,6.485883e-05,-0.015984526,0.013859874
6622,False,6.347837e-05,-0.014611257,-0.006426923
6623,False,6.350402e-05,-0.019260269,-0.02704934
6624,False,6.226494e-05,-0.02199788,-0.018074408
6625,False,6.258384e-05,-0.0071071964,-0.015495505
6626,False,6.3409156e-05,-0.02593492,-0.017229334
6627,False,6.6855566e-05,-0.015171373,-0.039387114
6628,False,6.4391774e-05,-0.011244213,0.003945804
6629,False,6.386757e-05,0.0062948326,0.012177955
6630,True,6.2607396e-05,0.008593017,0.021829214
6631,True,6.198604e-05,0.0063393656,0.023453174
6632,False,6.3058884e-05,-0.00409024,0.034800988
6633,False,6.455764e-05,0.0045757936,0.02756883
6634,False,6.341365e-05,0.0063051805,0.018952992
6635,False,6.1221624e-05,0.017256832,0.017318327
6636,False,6.0526156e-05,0.008207124,0.0139873475
6637,False,6.3936655e-05,0.007442956,0.014821956
6638,False,6.215261e-05,0.0035229996,0.011779463
6639,False,6.263183e-05,0.002380617,0.016464239
6640,True,6.011399e-05,0.01166312,0.026464477
6641,True,6.26656e-05,0.015559796,0.022716464
6642,True,6.369232e-05,0.020078491,0.020619929
6643,False,5.9933558e-05,-0.0008980045,0.016745608
6644,True,6.355799e-05,0.0013337024,0.020975104
6645,True,6.214477e-05,-0.006356582,0.024982285
6646,False,6.220709e-05,-0.010184141,0.0074117985
6647,False,6.349861e-05,-0.008645214,0.01614824
6648,False,6.4002066e-05,0.018106364,0.017068282
6649,True,6.69484e-05,0.008604519,0.032211192
6650,True,6.136968e-05,0.0058444254,0.02730194
6651,True,5.9280428e-05,-0.00087220967,0.014710687
6652,False,6.762257e-05,0.01585526,0.035118595
6653,False,6.2343235e-05,0.018735323,0.021602979
6654,False,6.4813634e-05,0.016495556,0.008816831
6655,False,6.419795e-05,-0.01524077,0.026249014
6656,False,6.549199e-05,-0.014003991,-0.022392627
6657,False,6.4170774e-05,0.002543185,-0.009236155
6658,False,6.378956e-05,0.0053857993,-0.014973652
6659,False,6.546418e-05,0.0018994855,-0.033453137
6660,False,6.402431e-05,-0.0031250305,-0.019625548
6661,False,6.404479e-05,-0.020907259,-0.010983292
6662,False,5.9716935e-05,0.0019684117,-0.021541972
6663,False,6.404648e-05,-0.024580736,0.0044479817
6664,False,6.395874e-05,-0.015188269,0.015378693
6665,False,6.2032515e-05,-0.0121386405,-0.00055078417
6666,False,6.131312e-05,-0.010199876,-0.00815798
6667,False,5.9534315e-05,-0.014496366,8.113962e-05
6668,False,6.2508465e-05,-0.025255341,0.01021935
6669,False,6.165712e-05,-0.027601833,-0.023005938
6670,False,6.178854e-05,-0.0066375826,-0.01724388
6671,False,6.555859e-05,-0.007442588,-0.008562073
6672,False,6.382076e-05,-0.007643274,-0.015832387
6673,False,6.657128e-05,-0.010205916,-0.0024846345
6674,False,6.734515e-05,-0.026999334,0.0037231809
6675,False,6.100366e-05,-0.023469796,-0.014410387
6676,False,6.5587396e-05,-0.021107703,-0.0032947809
6677,False,6.272104e-05,-0.037104107,-0.009928849
6678,False,6.3159925e-05,-0.0146704335,-0.020861259
6679,False,6.382916e-05,-0.00805743,-0.012812279
6680,False,5.9951322e-05,-0.036946997,-0.031501908
6681,False,6.0682436e-05,-0.03235441,0.00956423
6682,False,6.0663515e-05,-0.021323446,-0.004000554
6683,False,6.3912856e-05,-0.014850204,-0.0019851103
6684,False,6.128123e-05,0.007583932,-0.028513798
6685,False,6.271331e-05,-0.042053744,-0.008491792
6686,False,6.0924733e-05,-0.032531142,-0.012132101
6687,False,6.180659e-05,-0.007922132,-0.0026417645
6688,False,6.320112e-05,-0.004193497,-0.008899196
6689,False,6.2386425e-05,0.009190025,-0.0001248261
6690,False,6.5886015e-05,-0.012751985,0.010194343
6691,False,6.857037e-05,0.00067204796,-0.023983646
6692,False,6.300272e-05,0.0068253297,-0.030373042
6693,False,6.475188e-05,0.010197613,-0.0035495674
6694,False,6.397245e-05,-0.004959723,-0.005045616
6695,False,6.7510184e-05,0.011228929,-0.005180671
6696,False,6.360814e-05,-0.007289866,-0.0021574032
6697,False,6.142006e-05,-0.035821594,0.0024811924
6698,False,6.6436965e-05,-0.021155601,-0.0073335087
6699,False,6.2840365e-05,-0.021351626,0.012090404
6700,False,6.5437045e-05,-0.0281321,-0.011255728
6701,False,6.472442e-05,-0.01238392,-0.004272962
6702,False,6.433537e-05,-0.019112853,-0.023436628
6703,False,6.520138e-05,-0.020104617,-0.0115751065
6704,False,6.443661e-05,-0.023204327,-0.00696864
6705,False,6.693702e-05,-0.012460297,-0.011224005
6706,False,6.506315e-05,-0.0030240454,-0.015199695
6707,False,6.6737775e-05,-0.012372516,-0.0014868677
6708,False,6.2086045e-05,-0.015512453,-0.011693627
6709,False,6.020645e-05,-0.007302192,-0.009106241
6710,False,6.25548e-05,-0.002177205,-0.02466572
6711,False,5.9241633e-05,-0.031620525,-0.017226107
6712,False,5.8054506e-05,-0.04038255,-0.009092625
6713,False,7.448509e-05,-0.028562069,-0.0055000503
6714,False,6.997427e-05,-0.0027675629,0.010346368
6715,False,7.3486815e-05,-0.024516974,0.0132019
6716,False,7.648335e-05,-0.030264657,0.020889608
6717,False,7.177507e-05,-0.003639331,0.004502197
6718,False,6.755798e-05,-0.0032999762,-0.002505851
6719,False,6.851465e-05,-0.0066110976,-0.009497586
6720,False,6.572949e-05,-0.016271314,0.0031999461
6721,False,6.746726e-05,-0.010694278,-0.013931007
6722,False,6.9983704e-05,-0.012167882,-0.0029909275
6723,False,6.820079e-05,-0.0032276977,-0.02334331
6724,False,6.643566e-05,-0.0065497723,-0.0005858466
6725,False,6.6133565e-05,-0.0048323884,-0.006314812
6726,False,6.3871856e-05,-0.0037141554,0.0055413023
6727,True,5.96052e-05,0.0198114,0.019399691
6728,True,5.8462152e-05,0.015401238,0.017644895
6729,True,6.173773e-05,0.013501897,0.0003554877
6730,True,6.363796e-05,0.008045629,0.015524032
6731,True,6.011456e-05,0.016922444,0.005702151
6732,True,6.001782e-05,0.004682772,-0.0011593997
6733,True,6.204382e-05,0.01160359,-0.018140417
6734,True,6.1295104e-05,0.03165677,0.028476194
6735,True,6.53131e-05,0.01720681,0.018195301
6736,True,6.322296e-05,-0.0011271089,0.0012755617
6737,True,6.233787e-05,0.016353045,-0.00715317
6738,True,6.293689e-05,0.0093363905,-0.015022667
6739,True,6.407308e-05,-0.004911674,-0.0028761188
6740,True,6.278135e-05,-0.0072740363,-0.0011455212
6741,True,6.369543e-05,0.020958796,0.023662176
6742,True,6.0472e-05,0.0020457637,-0.0058380254
6743,True,6.535941e-05,0.003356115,0.013088908
6744,True,6.1274666e-05,0.0005286955,-0.009491327
6745,False,6.307483e-05,-0.016784057,0.0063392594
6746,True,6.238672e-05,-0.002835609,-0.0019003479
6747,True,6.5670676e-05,-0.0047842553,0.022386856
6748,False,6.7970075e-05,-0.020392314,0.0146430135
6749,False,6.737851e-05,0.008276774,0.0053451927
6750,False,6.7587935e-05,-0.0056050997,-0.002208531
6751,False,6.687197e-05,-0.016872045,-0.0007983167
6752,False,6.6942324e-05,-0.012492717,0.004309747
6753,False,6.320294e-05,-0.023547914,0.016902464
6754,True,6.3713655e-05,-0.006196402,0.022571014
6755,False,6.4481465e-05,0.020608064,0.028006172
6756,True,6.6206514e-05,0.011373801,0.013036824
6757,False,6.561652e-05,0.016111251,0.0039911196
6758,False,6.412878e-05,-1.2509525e-05,0.005642375
6759,True,6.440496e-05,0.011705559,0.017565843
6760,False,6.2958134e-05,-0.017421348,-0.00805716
6761,False,6.5756605e-05,0.00011045579,0.0111062825
6762,True,6.2216415e-05,0.0025960887,0.023873582
6763,False,6.3779764e-05,0.009184293,0.021695837
6764,False,6.647039e-05,0.001627408,0.022674534
6765,False,6.692218e-05,0.0031008571,0.011276148
6766,True,6.729759e-05,0.007108559,0.019482175
6767,False,6.407336e-05,-0.020067181,0.0019399375
6768,False,6.3230225e-05,-0.009810133,-0.0035500582
6769,False,6.156387e-05,-0.014891719,-0.004875742
6770,False,6.201883e-05,-0.021914437,-0.00873116
6771,False,6.540243e-05,-0.02959475,-0.017621038
6772,False,6.497646e-05,-0.023005072,-0.00485282
6773,False,6.056144e-05,-0.002602728,-0.011113837
6774,False,6.183283e-05,-0.03136667,-0.031826768
6775,False,6.384073e-05,-0.030139698,-0.013097996
6776,False,6.361544e-05,-0.01986966,-0.029050436
6777,False,6.406498e-05,-0.02345474,-0.0074327514
6778,False,6.5991655e-05,-0.018693626,-0.021635368
6779,False,6.261189e-05,-0.008824377,-0.013150167
6780,False,5.9071444e-05,0.012633812,0.006777767
6781,False,6.5134685e-05,-0.0046289526,0.026760735
6782,False,6.7379246e-05,0.0023919726,0.005324481
6783,True,6.289259e-05,0.019317698,0.011085326
6784,True,6.507702e-05,-0.0037983265,0.012445349
6785,True,6.450749e-05,0.01537603,0.013022253
6786,False,6.189607e-05,0.016902432,-0.0040271245
6787,False,6.316282e-05,0.018374475,0.0093436465
6788,False,6.531039e-05,0.0007802462,0.017039854
6789,False,6.153265e-05,0.006705869,0.011481635
6790,False,6.263545e-05,0.019058404,0.009322902
6791,False,6.370538e-05,0.0012358902,0.0042629093
6792,True,6.0372113e-05,0.0030114148,0.014363201
6793,True,6.302214e-05,0.014382884,0.034712497
6794,False,6.0500413e-05,0.018792812,0.019860571
6795,True,6.123178e-05,0.01890329,0.01403206
6796,True,6.0106664e-05,-0.012991006,-0.0028724298
6797,True,6.113628e-05,-0.00032797456,-0.003635737
6798,False,6.782456e-05,0.000876158,0.019096367
6799,False,6.51826e-05,0.00018385332,0.01707235
6800,True,6.193597e-05,0.016375877,0.012273275
6801,True,6.500882e-05,0.0043836758,0.011647292
6802,True,6.1128645e-05,-0.0069493465,-0.008919539
6803,True,6.543818e-05,0.005319014,0.01200205
6804,False,6.492821e-05,-0.010815386,0.0016352683
6805,False,6.67597e-05,-0.006598944,-0.008449526
6806,False,6.631637e-05,0.0047550714,-0.0061599724
6807,False,6.165862e-05,-0.008722062,-0.009428317
6808,False,6.622132e-05,-0.008657994,-0.0021835938
6809,False,6.716441e-05,-0.0071632355,-0.01459588
6810,False,6.666295e-05,0.00023475382,-0.0029827338
6811,False,6.634478e-05,-0.004051527,-0.014916621
6812,False,6.6032764e-05,-0.009040013,-0.018345825
6813,False,6.558336e-05,-0.019429531,-0.01300914
6814,False,6.312147e-05,-0.013239724,-0.007856742
6815,False,6.366718e-05,-0.0054609543,-0.017332006
6816,False,6.629315e-05,0.00668105,-0.021909127
6817,False,6.6672896e-05,-0.011096059,-0.018201716
6818,False,6.431265e-05,-0.007877889,-0.009382598
6819,False,6.2688974e-05,-0.0056539876,-0.004474167
6820,False,6.340427e-05,-0.020606682,-0.0118551105
6821,False,6.119835e-05,-0.020850277,-0.00819277
6822,False,6.0466158e-05,-0.02828348,-0.0005825311
6823,False,6.34014e-05,-0.014261929,-0.019284388
6824,False,6.392735e-05,-0.028697537,-0.0072668176
6825,False,6.567197e-05,-0.018936668,-0.007199742
6826,False,6.416099e-05,-0.01944811,-0.02438345
6827,False,6.525653e-05,-0.016337767,-0.012394438
6828,False,6.506761e-05,-0.020955496,-0.030316075
6829,False,6.550865e-05,-0.0253694,-0.034036994
6830,False,6.252721e-05,-0.028423397,-0.027617853
6831,False,6.2474784e-05,-0.021510616,-0.027313514
6832,False,6.415838e-05,-0.024259385,-0.020596694
6833,False,6.573194e-05,-0.026957566,-0.011867495
6834,False,6.4481e-05,-0.021620223,-0.016584454
6835,False,6.152887e-05,-0.032041945,-0.0034939665
6836,False,6.438034e-05,-0.01950318,-0.010297807
6837,False,6.184816e-05,-0.0021069767,-0.015885577
6838,False,6.319733e-05,-0.033123467,-0.0088101495
6839,False,6.211035e-05,-0.013537104,-0.005939742
6840,False,6.313991e-05,-0.019358851,-0.025079751
6841,False,6.2419254e-05,-0.0008003474,-0.0030242698
6842,False,6.0927774e-05,0.00833605,0.019496609
6843,True,6.292877e-05,0.009805862,0.0027340287
6844,False,6.540519e-05,0.008227244,0.04038104
6845,False,6.480642e-05,-0.003711231,0.0061463974
6846,False,6.667357e-05,-0.016949045,-0.003960276
6847,False,6.412755e-05,-0.016529385,0.0019709468
6848,False,6.574592e-05,-0.013424406,-0.0048227673
6849,False,6.488162e-05,-0.020774608,0.00829236
6850,False,6.556519e-05,-0.02175286,-0.010924542
6851,False,6.233988e-05,-0.022705577,0.023662733
6852,False,6.1863444e-05,-0.032429468,-0.014515085
6853,False,6.709296e-05,-0.019110592,-0.024173198
6854,False,6.593471e-05,-0.029304419,-0.030325744
6855,False,6.640319e-05,-0.01217317,-0.031208117
6856,False,6.5929446e-05,-0.023395348,-0.008804645
6857,False,6.5655055e-05,-0.033133794,-0.0033392878
6858,False,6.2119034e-05,-0.02774233,-0.024454512
6859,False,6.483735e-05,-0.020249425,-0.005611676
6860,False,6.593466e-05,-0.028176185,-0.01836157
6861,False,6.2601954e-05,-0.020273117,-0.013046217
6862,False,6.0995833e-05,-0.03376144,0.00084068626
6863,False,6.566802e-05,-0.023959238,-0.012903094
6864,False,6.239704e-05,-0.026139043,-0.021536013
6865,False,7.210281e-05,-0.025454998,0.0029258467
6866,False,7.508078e-05,-0.011313925,0.010702094
6867,False,7.239335e-05,-0.021637898,0.005769586
6868,False,7.104292e-05,-0.015940353,0.0024007456
6869,False,6.886759e-05,-0.016014343,0.0053120935
6870,False,6.8140194e-05,-0.0111562945,-0.011081231
6871,False,6.3269385e-05,0.00494067,-0.008898325
6872,False,6.6259214e-05,-0.006532211,0.002114593
6873,False,6.788446e-05,-0.009326795,-0.020108685
6874,False,6.902048e-05,-0.014614654,-0.0011015153
6875,False,6.7555695e-05,-0.0166574,-0.009839799
6876,False,6.6929904e-05,-0.014708102,-0.007893352
6877,False,6.639298e-05,-0.011268187,-0.008977944
6878,False,6.597329e-05,0.003601104,-0.011425955
6879,True,6.025256e-05,0.0067816116,0.0023754686
6880,True,6.0690607e-05,0.011725143,0.005218979
6881,True,6.401508e-05,0.0064095333,0.01022172
6882,True,6.0493127e-05,0.012047488,0.0011859499
6883,False,5.988741e-05,0.0123313125,0.0061245207
6884,True,6.244189e-05,0.010365399,-0.0063605756
6885,True,6.721842e-05,0.00510709,-0.02465685
6886,True,6.4087835e-05,0.010214131,-0.0021487828
6887,True,6.811244e-05,-0.013819929,-0.0033102054
6888,True,5.953218e-05,0.0038610455,-0.012011141
6889,True,6.068778e-05,-0.0010526571,-0.01268398
6890,True,6.610759e-05,-0.009023413,0.0040168
6891,False,6.717721e-05,-0.010830881,-0.01802861
6892,False,6.80833e-05,-0.0075793224,-0.014902912
6893,True,6.335767e-05,0.0029634954,0.00542818
6894,True,6.326165e-05,0.0025817435,0.014166409
6895,True,6.2218365e-05,0.00872732,0.026774846
6896,False,6.0400886e-05,0.011647999,0.008702803
6897,True,6.239854e-05,-0.0026327223,0.0043862658
6898,False,6.222018e-05,0.009257618,0.027267605
6899,True,6.71944e-05,0.0011544442,0.0077693756
6900,False,6.553237e-05,-0.009362756,-0.005156057
6901,False,6.796342e-05,0.004230384,-0.015229634
6902,False,6.5153894e-05,-0.0009294953,-0.00932292
6903,True,6.3447085e-05,-0.0068662795,0.007883651
6904,False,6.4776956e-05,-0.001779966,0.018760096
6905,True,5.798292e-05,-0.0046750987,0.006223751
6906,True,6.5826614e-05,0.01942904,0.0193283
6907,True,6.112463e-05,0.021184647,0.0254421
6908,True,6.183675e-05,0.0074464716,0.018043784
6909,False,6.050679e-05,0.0010710228,-0.0012931135
6910,True,6.0897462e-05,0.005884882,0.009234849
6911,False,6.604962e-05,0.007321363,0.0062000416
6912,False,6.1793566e-05,0.009421409,0.00025053602
6913,False,6.272939e-05,-0.0020913873,0.010247307
6914,False,6.282297e-05,0.0066453833,0.02298119
6915,True,6.488629e-05,0.0085369935,0.021380253
6916,False,6.646133e-05,-0.014231588,0.0046668947
6917,False,6.56456e-05,-0.019468788,0.013509449
6918,False,6.659074e-05,-0.014061658,0.010358963
6919,False,6.607594e-05,-0.028318964,-0.019789122
6920,False,6.809405e-05,-0.018330693,0.018428218
6921,False,6.4134925e-05,-0.026845593,0.0048848484
6922,False,6.5220585e-05,-0.026601868,0.002588408
6923,False,6.303618e-05,-0.019463267,-0.014006676
6924,False,6.181039e-05,-0.0020427965,-0.023837717
6925,False,6.315232e-05,-0.024227826,-0.015029015
6926,False,6.354366e-05,-0.027489975,-0.0063133007
6927,False,6.446888e-05,-0.035194285,-0.014389959
6928,False,6.348188e-05,-0.0005912632,0.0024591722
6929,False,6.3609084e-05,0.010943021,-0.0041871555
6930,False,6.3660635e-05,0.005677824,-0.0014957208
6931,False,6.083275e-05,0.011786876,0.0013543349
6932,False,6.0370097e-05,0.00017161295,0.0071862005
6933,False,6.377278e-05,0.015373731,0.011113003
6934,False,6.4170265e-05,0.01700437,0.006603094
6935,True,6.213115e-05,0.017410478,0.0163305
6936,False,6.454682e-05,0.013833816,0.02544333
6937,False,6.312713e-05,0.008541118,0.0033388957
6938,True,6.1390994e-05,0.011220384,0.006569693
6939,True,6.3157e-05,0.007147873,0.024291314
6940,True,6.194355e-05,0.0056526572,0.005775205
6941,False,6.4740074e-05,0.008226668,0.018838372
6942,False,6.0429596e-05,0.006808634,0.016196458
6943,True,6.0979506e-05,0.013321327,0.015310803
6944,False,6.149967e-05,0.01139518,0.00618702
6945,False,6.087135e-05,0.0065023834,0.011410918
6946,True,6.2437335e-05,0.0075634867,0.009144578
6947,False,6.327634e-05,0.0020963447,0.002699175
6948,True,6.176803e-05,0.0042384155,0.0091143865
6949,True,6.305374e-05,0.0070352256,-0.00039560255
6950,False,6.732965e-05,-0.002019221,0.0041012336
6951,False,6.111482e-05,0.011131588,0.01102038
6952,True,5.892133e-05,0.0031848587,-0.0012566075
6953,False,5.840209e-05,0.012009852,0.01419903
6954,True,6.468342e-05,-0.004666876,0.005963777
6955,True,5.8511614e-05,-0.004374698,0.007713329
6956,True,6.0900074e-05,-0.0032394766,0.008746827
6957,False,6.267803e-05,0.0032656477,0.014777168
6958,False,6.250011e-05,0.0050375536,0.019473922
6959,True,6.17729e-05,0.007495354,-0.0010591149
6960,False,6.226169e-05,-0.0056448877,-0.010296678
6961,False,6.0529026e-05,0.010326419,0.0057276115
6962,False,6.4571344e-05,0.005843777,-0.011695645
6963,False,6.237837e-05,-0.015137471,-0.010979869
6964,False,6.586128e-05,-0.015393442,0.009746121
6965,False,6.271354e-05,-0.0037240582,0.017823502
6966,False,6.674012e-05,-0.0018160846,-0.008802972
6967,False,6.927997e-05,-0.007264349,-0.0009463746
6968,False,6.772302e-05,0.007314788,-0.010847477
6969,False,6.812022e-05,-0.003791348,-0.011579541
6970,False,6.8783214e-05,0.0160014,-0.007381633
6971,False,6.756839e-05,0.0057126936,0.009882925
6972,False,6.6010136e-05,-0.008677232,-0.0009571281
6973,False,6.434389e-05,-0.019659651,-0.013644252
6974,False,6.1652085e-05,-0.00938059,-0.01518956
6975,False,6.691938e-05,-0.02242919,-0.011998696
6976,False,6.563958e-05,-0.018365888,0.0015846118
6977,False,6.710052e-05,-0.008408086,-0.001680404
6978,False,6.380177e-05,-0.012333297,-0.028888682
6979,False,6.5597356e-05,-0.02852766,-0.0071087386
6980,False,6.0720213e-05,-0.035871007,-0.0008015167
6981,False,6.30615e-05,-0.026987644,-0.018602636
6982,False,6.013231e-05,-0.017679486,-0.026724003
6983,False,6.117878e-05,-0.026238918,-0.02078264
6984,False,6.1312894e-05,-0.02454869,-0.012176581
6985,False,6.46525e-05,-0.021711862,-0.010240737
6986,False,6.50583e-05,-0.0245704,-0.008616291
6987,False,6.627937e-05,-0.011147466,-0.02012882
6988,False,6.4073305e-05,-0.010334512,-0.0102783395
6989,False,6.579862e-05,-0.01643142,-0.010013981
6990,False,6.3278734e-05,-0.021454494,-0.017226826
6991,False,6.378792e-05,-0.030175874,-0.023672678
6992,False,6.555719e-05,-0.0074255494,-0.0072367154
6993,False,6.1023213e-05,0.009306983,-0.006765537
6994,True,5.9273534e-05,0.0039010807,0.006637171
6995,True,5.913594e-05,0.014089708,0.0115097985
6996,False,6.188912e-05,0.009655762,0.016777124
6997,True,6.15237e-05,0.011627271,0.010883193
6998,True,6.151272e-05,0.004205893,0.008296691
6999,False,6.321428e-05,-0.014931219,-0.005826869
7000,False,6.329327e-05,-0.017956756,-0.008989275
7001,False,6.3907784e-05,-0.010389613,0.0026344862
7002,False,6.3675485e-05,-0.02127177,0.0045780838
7003,False,6.295351e-05,-0.0033833897,-0.008687182
7004,False,6.431633e-05,-0.018470738,0.0049801245
7005,False,6.332672e-05,-0.011848324,-0.015895367
7006,False,6.759684e-05,-0.009130996,-0.012346989
7007,False,6.483156e-05,-0.03068418,-0.022937514
7008,False,7.050609e-05,-0.015811382,-0.030606594
7009,False,6.731842e-05,-0.02259114,-0.0098283775
7010,False,6.724284e-05,-0.020499596,-0.01394419
7011,False,6.6153436e-05,-0.020307167,-0.0086991945
7012,False,6.5181004e-05,-0.021646561,-0.010856265
7013,False,6.936526e-05,-0.027565997,-0.0027576648
7014,False,6.288981e-05,-0.027514722,-0.0061053997
7015,False,6.445864e-05,-0.03458633,-0.012052946
7016,False,6.710517e-05,-0.021968666,-0.01566902
7017,False,6.725035e-05,-0.015480244,-0.012583934
7018,False,6.261302e-05,-0.025065193,-0.009592263
7019,False,7.5499986e-05,-0.021955341,0.0026116334
7020,False,7.484207e-05,-0.015821658,0.0023321593
7021,False,7.5432734e-05,-0.014602926,0.020766106
7022,False,7.012233e-05,-0.010385047,0.0075492226
7023,False,7.056502e-05,-0.03826009,0.016324062
7024,False,7.02231e-05,-0.0067722467,-7.711351e-05
7025,False,6.5580076e-05,-0.014322108,-0.006896684
7026,False,6.1253384e-05,-0.0030084727,0.016307289
7027,False,6.624158e-05,-0.006848736,-0.015533069
7028,False,6.9306494e-05,-0.01768802,-0.0069138333
7029,False,6.672984e-05,-0.012958588,-0.013289968
7030,False,6.580358e-05,-0.021640405,-0.004330527
7031,False,6.657462e-05,0.0024830475,-0.00028808974
7032,True,6.523155e-05,0.013469554,0.0035799593
7033,True,6.296555e-05,0.0116452295,0.0080722105
7034,True,6.0563667e-05,0.009910828,0.01058162
7035,True,6.4470805e-05,0.012182524,0.011448586
7036,False,6.398173e-05,0.003565859,-0.008462201
7037,True,6.363112e-05,0.011267767,0.00810531
7038,True,6.0719267e-05,0.0037316307,0.000104517676
7039,False,6.404865e-05,0.017782308,0.0002523996
7040,True,6.1882434e-05,-0.011167333,0.0024731923
7041,True,6.806599e-05,-0.00037446246,-0.00046286965
7042,True,6.516604e-05,0.012565655,-0.0053499695
7043,True,6.7173176e-05,0.00054303557,-0.012084769
7044,False,6.442176e-05,-0.018820062,-0.0042256266
7045,False,6.6772816e-05,-0.00643338,-0.014195493
7046,False,6.666504e-05,0.002596626,-0.017676659
7047,True,6.7029556e-05,-0.00187454,0.009586292
7048,True,6.331585e-05,-0.00027513318,0.017078614
7049,False,6.2839994e-05,-0.0050105266,0.014182053
7050,True,6.504397e-05,0.0024036951,0.008474426
7051,True,6.36334e-05,0.007142402,0.012179665
7052,False,6.5670276e-05,-0.013664886,0.012832292
7053,False,6.700858e-05,-0.02018946,-0.009790268
7054,False,6.769886e-05,-0.01526711,-0.0014666915
7055,True,6.595051e-05,-0.0002794955,0.003025352
7056,False,5.9534766e-05,-0.0019361414,0.012478213
7057,True,6.571275e-05,-0.0049144863,0.012130493
7058,True,6.373163e-05,0.014875539,0.030121258
7059,True,6.062037e-05,0.0057518827,0.010786818
7060,True,5.9956717e-05,-0.0065575307,0.015248828
7061,True,6.133253e-05,-0.004936018,0.024703683
7062,True,6.1027044e-05,0.011501706,0.021273274
7063,True,6.3977044e-05,0.01037513,0.011093337
7064,True,6.091949e-05,0.016371772,0.0007995665
7065,False,6.0042068e-05,0.0034699528,0.024662282
7066,False,6.188863e-05,-0.0020104162,0.0022089388
7067,True,6.2267776e-05,-0.008612109,0.01733743
7068,True,6.521088e-05,0.0033587227,0.024886113
7069,True,6.297856e-05,0.015832782,0.029078403
7070,False,6.1874845e-05,0.03376956,0.010670211
7071,False,6.0389928e-05,0.016271334,0.00044532865
7072,False,6.262345e-05,0.0015224889,0.032464854
7073,False,6.197026e-05,-0.014967203,0.004437506
7074,False,6.4798514e-05,-0.014314544,-0.0038267206
7075,False,6.34947e-05,-0.027473964,6.111711e-05
7076,False,6.497493e-05,-0.024160149,-0.0060131885
7077,False,6.742092e-05,-0.011899468,-0.0034602936
7078,False,6.47845e-05,-0.006696785,-0.004778689
7079,False,6.2089035e-05,0.022913482,0.0136253275
7080,False,6.3537234e-05,0.009734411,0.0007885713
7081,False,6.287094e-05,0.001464162,-0.002402855
7082,False,6.274068e-05,0.003145196,-0.00084802136
7083,False,6.0471397e-05,-0.005991944,-0.0035391971
7084,False,5.977056e-05,0.00961104,0.0074104667
7085,True,5.9617723e-05,0.004755955,0.0058347546
7086,False,6.488326e-05,0.010044321,0.011529211
7087,False,6.44347e-05,-0.008229557,0.026975546
7088,True,5.8969308e-05,0.0138729215,0.021122701
7089,False,6.409113e-05,0.019521449,0.02012259
7090,True,6.27791e-05,0.018282589,0.017196719
7091,True,5.9458016e-05,0.010572212,0.01761147
7092,False,6.20999e-05,0.00498313,0.0060101105
7093,False,6.4202904e-05,0.0044330265,0.030687883
7094,True,6.3364176e-05,-0.006101719,-0.00031867065
7095,False,6.0366438e-05,0.007670694,0.013781372
7096,False,6.0018752e-05,0.013581026,0.010773924
7097,False,6.380478e-05,0.006534381,0.010548003
7098,False,6.1425315e-05,0.017044986,0.037475456
7099,False,6.545486e-05,0.024147086,0.020633051
7100,False,6.134459e-05,0.0077748373,-0.0057051275
7101,True,6.2348154e-05,-0.0092436345,0.015774496
7102,False,6.160258e-05,-0.0023079216,0.008569016
7103,True,6.382321e-05,0.019128423,0.010205764
7104,True,5.914937e-05,0.024339994,0.010131933
7105,True,6.3194566e-05,0.017920837,0.015463566
7106,True,6.2096886e-05,-0.0066289743,0.007151543
7107,True,6.494899e-05,0.0019923225,0.011580882
7108,False,6.436083e-05,0.0041225823,0.00791893
7109,True,6.0319664e-05,0.013663176,0.011514768
7110,True,6.09655e-05,0.004114367,0.015892573
7111,True,6.204681e-05,0.016255986,0.020837886
7112,True,6.3325635e-05,0.009205574,0.009407654
7113,True,6.2604784e-05,0.008367201,0.0029568654
7114,True,6.142001e-05,0.0071756323,0.006219306
7115,True,6.319124e-05,-0.007986781,0.008634513
7116,False,6.281126e-05,-0.013588244,-0.005864717
7117,False,6.513913e-05,-0.012201901,-0.010188257
7118,False,6.528258e-05,-0.017033493,0.01526816
7119,False,6.1713305e-05,-0.021188743,-0.02379191
7120,False,6.422776e-05,-0.0069630425,-0.033524618
7121,False,6.520196e-05,-0.016445514,-0.0058457963
7122,False,6.5996916e-05,0.0026899027,-0.020234682
7123,False,6.5652406e-05,0.024647817,-0.014753935
7124,False,6.7169465e-05,0.029252037,-0.016796922
7125,False,6.471639e-05,0.034627136,-0.009260831
7126,False,6.710668e-05,0.016661149,-0.014956072
7127,False,6.578988e-05,-0.012797948,-0.011315093
7128,False,6.228599e-05,-0.024203878,-0.008289864
7129,False,6.125756e-05,-0.02393906,-0.008955959
7130,False,6.619149e-05,-0.01130056,0.0071249194
7131,False,6.5843305e-05,-0.030322645,-0.0014696196
7132,False,6.411096e-05,-0.017278332,-0.029799666
7133,False,6.838513e-05,-0.021084365,-0.010541576
7134,False,6.432679e-05,-0.032324128,-0.027565226
7135,False,6.063533e-05,-0.0075475695,-0.024631437
7136,False,6.339992e-05,-0.014594128,-0.03170047
7137,False,6.515197e-05,-0.008070898,-0.010963806
7138,False,6.440455e-05,-0.019730927,-0.023087941
7139,False,6.2098334e-05,-0.013628026,-0.015714888
7140,False,6.503336e-05,-0.01636936,-0.021412723
7141,False,6.618522e-05,-0.017715357,-0.01684311
7142,False,6.7510184e-05,-0.008647976,-0.010397887
7143,False,6.306896e-05,-0.012228378,-0.012606465
7144,False,6.2173516e-05,-0.007767015,-0.0030182688
7145,False,6.1975945e-05,0.003201373,0.015078584
7146,False,6.149008e-05,0.018385105,0.016672611
7147,False,6.299709e-05,0.014933644,0.008010652
7148,True,5.9917635e-05,0.018942878,0.013757611
7149,False,6.0120463e-05,0.009003853,0.003810104
7150,True,6.281779e-05,0.01151185,0.0032731015
7151,True,6.110726e-05,0.012144015,0.025702164
7152,True,6.133149e-05,0.012023376,0.018845085
7153,False,6.37838e-05,-0.009015701,0.0013267677
7154,False,6.3827654e-05,-0.008521852,-0.0044808984
7155,False,6.6074565e-05,-0.0073188324,-0.0034720115
7156,False,6.72855e-05,-0.0071483464,0.010845829
7157,False,6.3059735e-05,-0.007271979,0.009159304
7158,False,6.502901e-05,-0.0009606746,-0.00085212477
7159,False,6.4679334e-05,-0.024265222,-0.012457408
7160,False,6.288042e-05,-0.01822614,-0.0044018226
7161,False,6.5813096e-05,-0.006677894,-0.0133380545
7162,False,6.858545e-05,-0.0110975,-0.028107263
7163,False,6.82853e-05,-0.023541741,-0.0063339137
7164,False,6.943108e-05,8.6086104e-05,-0.022660894
7165,False,6.518929e-05,-0.012071872,-0.021440566
7166,False,6.5321685e-05,-0.021414822,-0.012922943
7167,False,6.531512e-05,-0.026253639,-0.020955456
7168,False,6.552726e-05,-0.037912607,0.009767147
7169,False,6.6639936e-05,-0.024688771,-0.015771415
7170,False,6.603754e-05,-0.02171541,0.0011510532
7171,False,6.438771e-05,-0.022810323,-0.021082088
7172,False,6.436125e-05,-0.016122144,-0.013450377
7173,False,6.293394e-05,-0.01774085,-0.008013514
7174,False,6.63429e-05,-0.03040376,-0.02716779
7175,False,7.725255e-05,-0.02316271,-0.0020933761
7176,False,7.3778385e-05,-0.023155019,0.0022576377
7177,False,6.8208574e-05,-0.012503155,0.012790179
7178,False,7.017767e-05,-0.021377381,0.0020659752
7179,False,7.077801e-05,-0.022736967,0.001132641
7180,False,6.769919e-05,-0.010810557,0.020304708
7181,False,6.502255e-05,-0.0075270375,-0.0037221555
7182,False,6.787627e-05,-0.013882218,0.00038893055
7183,False,6.700493e-05,-0.0018929504,-0.005931966
7184,False,6.833838e-05,-0.007605822,-0.0119507555
7185,False,6.411199e-05,-0.00121665,-0.009412087
7186,False,6.753311e-05,-0.0037891883,-0.005947057
7187,True,6.5298314e-05,-0.013599076,-0.003920272
7188,False,6.436121e-05,0.0034109075,0.0035347939
7189,False,6.1134124e-05,0.020181423,0.0010682046
7190,True,6.520587e-05,0.011987234,0.021468941
7191,True,6.595193e-05,-0.0034265593,-0.018941093
7192,True,6.125949e-05,0.0075378977,0.011886232
7193,True,6.22958e-05,0.007851545,0.0103305355
7194,True,6.47737e-05,0.0013986398,0.025752004
7195,False,6.7452725e-05,-0.0038457718,-0.015332452
7196,True,6.699429e-05,-0.01768164,-0.013202107
7197,True,6.3866995e-05,0.009824328,0.007204797
7198,True,6.203487e-05,-0.008114114,0.0058049113
7199,False,6.58215e-05,-0.01641117,-0.007880599
7200,False,6.742491e-05,-0.010137815,-0.020096429
7201,False,6.627062e-05,-0.013311414,-0.020870347
7202,False,6.652101e-05,-0.0037785769,-0.004445661
7203,True,6.820809e-05,0.014375867,0.025519507
7204,True,6.672037e-05,0.013297333,0.009974262
7205,True,6.581863e-05,0.009964813,0.017723434
7206,True,6.368825e-05,0.0037938375,-0.0082440525
7207,True,6.769705e-05,0.008366731,0.01828035
7208,False,6.716647e-05,-0.0020275507,0.0052249962
7209,False,6.742664e-05,-0.004609778,0.00059248507
7210,True,6.508368e-05,-0.004590247,0.011021975
7211,True,6.050647e-05,0.002991246,0.0076976735
7212,True,6.174601e-05,0.0046701254,0.016700223
7213,True,6.184301e-05,0.003262898,0.03023101
7214,True,6.453975e-05,0.025831323,0.0231342
7215,True,6.3788015e-05,0.014345851,0.028145181
7216,True,6.339271e-05,-0.00080871023,0.03416109
7217,True,5.837092e-05,0.01919171,0.023810456
7218,True,6.328928e-05,0.0074936775,0.02294104
7219,True,6.167571e-05,0.0182577,0.017287793
7220,True,6.114569e-05,0.010525791,0.012614932
7221,True,6.509837e-05,0.018503603,0.023179606
7222,False,6.509899e-05,0.012095585,0.016875217
7223,False,6.270954e-05,0.007699579,0.02907027
7224,False,6.291572e-05,0.009722189,0.008262091
7225,True,5.9076396e-05,0.0071891705,0.01935393
7226,True,6.232203e-05,0.0065563377,0.008699432
7227,False,6.0026057e-05,0.0055994866,0.033282146
7228,False,6.2539184e-05,0.017811848,0.03342846
7229,False,6.198554e-05,-0.010428028,0.021534476
7230,False,6.017716e-05,-0.013527246,-0.022876874
7231,False,6.140501e-05,-0.002377702,0.026193708
7232,False,6.486422e-05,-0.015970094,-0.013455246
7233,False,6.4973225e-05,0.014946289,0.0065197228
7234,True,6.26627e-05,0.0036579221,0.023846334
7235,False,6.264747e-05,0.004631089,0.010403387
7236,False,6.0931743e-05,0.008458433,0.029723216
7237,True,5.9321163e-05,0.008154261,0.0071667666
7238,False,6.1604354e-05,0.00908881,0.02231069
7239,False,6.242026e-05,0.005966236,0.010604011
7240,False,6.132831e-05,0.016707974,0.01621591
7241,True,6.366559e-05,0.013734026,0.008984705
7242,False,6.0701703e-05,0.0022943625,0.003010408
7243,False,6.290156e-05,-0.0004713945,-0.027800728
7244,False,6.261049e-05,-0.0006386684,0.028345129
7245,True,6.044136e-05,0.014086906,0.013920484
7246,True,6.0874274e-05,0.008523637,0.026057718
7247,False,6.343594e-05,0.0011458434,0.027686883
7248,False,6.140986e-05,0.01768685,0.016471682
7249,False,6.3617954e-05,0.020579904,0.016309204
7250,False,6.1290644e-05,0.009969389,0.013513232
7251,False,6.2092615e-05,0.016162436,0.008786889
7252,False,6.229267e-05,0.015005845,0.01801009
7253,True,6.227768e-05,0.01037524,0.02895117
7254,False,6.319587e-05,0.020448525,0.032758188
7255,True,6.2933585e-05,0.025653819,0.015062751
7256,False,6.1811836e-05,0.008676816,0.023120165
7257,True,6.256852e-05,0.008670934,0.021575512
7258,False,6.3264546e-05,0.0010835612,0.012319065
7259,False,6.464572e-05,0.011808259,-0.014181968
7260,True,6.255842e-05,0.004126841,0.02800562
7261,True,6.225271e-05,0.0042525847,-0.0024740808
7262,False,6.272914e-05,0.014559659,0.013516861
7263,False,6.4489825e-05,0.01015275,0.021769108
7264,False,6.3395484e-05,-0.00019197911,0.02649068
7265,True,6.0401006e-05,-0.01025499,0.022307495
7266,False,5.976485e-05,-0.0076973774,0.01670013
7267,True,6.441619e-05,0.01997067,0.012752809
7268,True,6.1727405e-05,0.020756345,0.02535361
7269,False,6.0185837e-05,0.007460285,0.017252218
7270,True,6.19589e-05,0.006589312,0.0037385114
7271,False,6.3555875e-05,0.003397096,0.005377493
7272,False,6.9258465e-05,-0.016480587,0.013305977
7273,False,6.110531e-05,0.0031016208,-0.0065926537
7274,False,6.435882e-05,-0.015520602,0.01153793
7275,False,6.847607e-05,-0.030482415,-0.012490224
7276,False,6.3834574e-05,-0.014649544,0.009694455
7277,False,6.3404084e-05,-0.02109399,-0.017298035
7278,False,6.305252e-05,-0.0143998675,-0.0055321082
7279,False,6.638553e-05,-0.03557583,-0.020377446
7280,False,6.661315e-05,-0.010390095,-0.012522433
7281,False,6.531224e-05,-0.008390824,0.0056565907
7282,False,6.689288e-05,0.0064750593,-0.01186988
7283,False,6.7012734e-05,-0.0051041627,-0.011838259
7284,False,6.515149e-05,0.0075795054,-0.014727907
7285,False,6.393483e-05,-0.011380361,-0.013986967
7286,False,6.4960244e-05,-0.019115131,0.0060933894
7287,False,6.392032e-05,-0.027236398,0.0063944943
7288,False,6.501253e-05,-0.03617431,-0.0019065524
7289,False,6.649385e-05,-0.015767422,-0.023579039
7290,False,6.370636e-05,-0.017732592,-0.0030940436
7291,False,6.390149e-05,-0.016868629,-0.03459747
7292,False,6.11343e-05,-0.009579642,-0.01982043
7293,False,6.200863e-05,-0.016245853,-0.00784714
7294,False,6.433575e-05,-0.011410115,-0.024360342
7295,False,6.6194225e-05,-0.0033514444,-0.022096956
7296,False,6.465407e-05,-0.021103581,-0.017811835
7297,False,6.659017e-05,-0.013233926,-0.0031770486
7298,False,6.704796e-05,-0.017796893,0.0061790356
7299,False,6.2086016e-05,-0.009245101,-0.0060604196
7300,False,6.135741e-05,0.01803679,0.03390429
7301,True,6.45393e-05,0.015149226,0.029751932
7302,True,5.9983056e-05,0.009337513,0.023662996
7303,True,6.3854975e-05,0.026099,0.028471695
7304,True,6.129077e-05,0.020850305,0.02661112
7305,True,6.332843e-05,0.015540626,0.022965936
7306,True,6.1417086e-05,0.01698563,0.02160216
7307,True,6.34661e-05,-0.006587507,0.015329193
7308,True,6.46662e-05,0.017337948,0.013486687
7309,False,6.328021e-05,0.00801086,0.008631228
7310,False,6.2207844e-05,-0.004568722,0.004665778
7311,False,6.379561e-05,-0.02653749,0.0026296983
7312,False,6.535798e-05,-0.007585601,2.5536865e-05
7313,False,6.511631e-05,0.0021177558,-0.009912852
7314,False,6.476223e-05,0.009273594,-0.02011228
7315,False,6.437955e-05,-0.00649436,0.0045165922
7316,False,6.6910885e-05,-0.015266631,-0.002776578
7317,False,6.31074e-05,-0.015737187,-0.0062023066
7318,False,6.6163564e-05,-0.0048615616,-0.014270294
7319,False,6.628986e-05,-0.012584952,-0.01757485
7320,False,6.765746e-05,-0.018260308,-0.0186643
7321,False,6.717112e-05,-0.022215638,-0.0076047834
7322,False,6.629079e-05,-0.031141892,-0.009391513
7323,False,6.7436835e-05,-0.015605624,-0.021458412
7324,False,6.627414e-05,-0.019444423,-0.026618075
7325,False,6.575971e-05,-0.02492512,-0.019876376
7326,False,6.3276006e-05,-0.023818156,-0.025653549
7327,False,6.464186e-05,-0.021935731,-0.008066259
7328,False,6.383371e-05,-0.029610094,-0.012819584
7329,False,6.304418e-05,-0.034219816,-0.01683586
7330,False,6.536793e-05,-0.018143415,-0.018909961
7331,False,7.103993e-05,-0.029474499,0.014187562
7332,False,7.318421e-05,-0.005179871,0.0166976
7333,False,6.886169e-05,-0.016358996,0.013373036
7334,False,6.510186e-05,-0.017272325,-0.018052697
7335,False,7.288151e-05,-0.015045607,-0.002098959
7336,False,6.60254e-05,-0.012343353,0.009617656
7337,False,6.378693e-05,-0.02706859,-0.005072495
7338,False,6.69387e-05,-0.0041468255,0.0019602738
7339,False,6.3248415e-05,-0.0026666056,0.013192065
7340,False,6.819854e-05,-0.011441707,-0.01733467
7341,False,6.8021596e-05,-0.01614556,0.0052068364
7342,False,6.693745e-05,-0.014921075,-0.003540394
7343,False,6.585387e-05,-0.012389766,-0.010896925
7344,False,6.41171e-05,0.0033134054,0.019069443
7345,False,6.0902803e-05,0.0060501993,0.011080624
7346,False,6.420885e-05,0.006535068,0.017445106
7347,True,6.843709e-05,0.013035808,-0.011226075
7348,True,6.5791755e-05,0.0041138344,0.018016897
7349,True,6.541323e-05,0.015589435,0.008962076
7350,False,6.532672e-05,0.00092606666,0.0062608495
7351,True,6.777504e-05,0.0018487484,0.003032327
7352,True,6.479138e-05,0.013539217,0.0020485595
7353,True,6.367527e-05,0.004171025,-0.0060339943
7354,False,6.882168e-05,-0.007855919,-0.022334103
7355,False,6.700962e-05,-0.011620359,-0.009534571
7356,False,6.477361e-05,0.005915274,-0.015576151
7357,False,6.496446e-05,-0.0084497295,0.012368388
7358,True,6.548231e-05,0.010881726,0.028437717
7359,True,6.2411775e-05,0.008766472,0.03167628
7360,True,6.354121e-05,-0.007110699,0.009047945
7361,True,6.301206e-05,-0.0020583998,0.018945644
7362,True,6.6678236e-05,0.0094139315,0.011295138
7363,True,6.779005e-05,-0.013912467,-0.0067235697
7364,True,6.427045e-05,-0.025978848,-0.021061918
7365,True,6.4988344e-05,0.012124855,0.029695524
7366,True,6.2902654e-05,0.02423498,-0.00083599426
7367,False,6.3118554e-05,0.01070195,0.00048306398
7368,False,6.203481e-05,-0.009412104,-0.0101229325
7369,True,6.2135514e-05,0.005500041,0.0061686095
7370,True,6.246133e-05,0.004535967,0.0094010085
7371,False,6.4107e-05,0.0151421,0.0053390525
7372,True,6.2376894e-05,0.012094505,0.0011562444
7373,False,6.07339e-05,-0.0010010218,0.00090817176
7374,True,6.114543e-05,0.0055883415,-0.0030265749
7375,True,6.099189e-05,0.0119196465,0.00023217872
7376,False,6.59685e-05,0.019215357,0.0044372017
7377,False,6.2565814e-05,0.018061627,0.0024608225
7378,True,6.4491374e-05,0.018968122,0.012077842
7379,False,6.221873e-05,0.008675548,0.012305301
7380,True,6.190147e-05,-0.0009097401,0.007692151
7381,False,6.324781e-05,0.013545148,0.0020219684
7382,False,6.260927e-05,0.013258016,0.015608447
7383,True,5.960543e-05,-0.008298376,0.019741932
7384,False,6.1071376e-05,-0.006314082,0.015716318
7385,False,6.0364066e-05,-6.926991e-05,0.017760389
7386,False,6.2703584e-05,-0.009603648,0.015598628
7387,False,6.1855695e-05,0.0010924116,-0.014043182
7388,False,6.4784486e-05,0.007504668,0.016027123
7389,False,6.395561e-05,0.019393928,0.012935201
7390,False,6.170266e-05,-0.002556852,0.0018206891
7391,False,6.254892e-05,0.0107496055,-0.007885722
7392,True,6.1276114e-05,0.001653621,0.013334662
7393,False,6.0739916e-05,0.008017716,0.010688784
7394,False,6.2577485e-05,0.007871733,0.005740283
7395,False,6.1691135e-05,-0.0015782267,0.004189452
7396,True,6.29292e-05,-0.0019965535,0.007385712
7397,False,6.06655e-05,0.005631787,-0.0012534074
7398,True,6.132679e-05,-0.007225847,0.00041608885
7399,False,6.326751e-05,-0.015620961,0.0049813353
7400,False,6.108156e-05,0.009341422,0.017545307
7401,False,6.0831953e-05,0.016164564,0.017492907
7402,False,6.268936e-05,0.002809899,0.009205585
7403,False,6.2268155e-05,0.013801929,0.010739702
7404,False,6.350011e-05,0.0003233608,0.011010585
7405,False,6.170868e-05,0.012581022,0.020327086
7406,False,6.425391e-05,0.00023193657,0.037161425
7407,False,5.956291e-05,0.018757802,0.027856039
7408,True,6.28596e-05,0.023610156,0.00097010843
7409,True,6.1582025e-05,0.016448837,-0.00288257
7410,False,6.251083e-05,-0.015967328,-0.015402632
7411,False,6.43825e-05,-0.016782412,-0.018132148
7412,True,6.036885e-05,-0.0017351024,0.01037154
7413,False,6.1525134e-05,-0.0020839833,-0.01357398
7414,False,6.579383e-05,0.028660893,0.009140341
7415,True,6.196489e-05,0.010844458,0.027642233
7416,False,6.3085026e-05,0.029977705,0.0030867308
7417,True,6.237442e-05,0.020089006,0.0014787726
7418,True,5.999584e-05,0.0075319465,-0.00028643385
7419,False,6.59735e-05,0.015624519,0.018310914
7420,False,6.19867e-05,0.014423199,0.006745117
7421,True,5.988035e-05,0.015436959,0.0070385765
7422,False,6.197586e-05,0.0031610774,0.018612886
7423,False,5.9030015e-05,0.0011904398,0.0022331234
7424,False,6.1771265e-05,-0.002264896,-0.005503647
7425,False,6.234454e-05,0.010000778,0.026800958
7426,True,6.0079405e-05,-0.001990412,0.006673487
7427,False,6.618397e-05,-0.0096939495,-0.0027473755
7428,False,6.397349e-05,-0.007148197,-0.0008963328
7429,False,6.0413833e-05,-0.0006049946,0.01300717
7430,False,6.0435294e-05,-0.004878007,-0.0024875794
7431,False,6.34162e-05,0.0009263782,0.02952725
7432,False,6.128821e-05,-0.0077696815,0.013991454
7433,False,5.9029127e-05,-0.009873938,0.023905527
7434,False,6.140515e-05,0.0019460637,0.011107091
7435,False,6.302178e-05,-0.011418281,0.0041300505
7436,False,6.628029e-05,-0.012712669,-0.02511302
7437,False,6.253393e-05,0.003322592,-0.008873789
7438,False,6.514385e-05,0.002620751,0.013901204
7439,False,6.534995e-05,0.015336025,0.00866038
7440,False,6.6769506e-05,0.0098423865,-0.008262473
7441,False,6.544778e-05,0.00042645633,-0.010369388
7442,False,6.560232e-05,-0.008264955,-0.012171648
7443,False,6.450173e-05,-0.017812708,-0.0012525097
7444,False,6.379007e-05,-0.01987438,-0.01814276
7445,False,6.457023e-05,-0.02577504,-0.019479364
7446,False,6.636719e-05,-0.021109391,-0.016528256
7447,False,6.5282744e-05,-0.0185592,-0.04394401
7448,False,6.262426e-05,-0.01787271,-0.037942875
7449,False,6.191983e-05,-0.015218652,-0.01572346
7450,False,6.517115e-05,-0.034363028,-0.009445941
7451,False,6.517309e-05,-0.0042220745,-0.017995806
7452,False,6.49869e-05,-0.010764118,-0.014959734
7453,False,6.8020905e-05,-0.012024657,-0.015732827
7454,False,6.364412e-05,0.008487219,-0.012549544
7455,False,6.333896e-05,0.01603872,0.0014744941
7456,True,6.3742365e-05,0.008170985,0.020150213
7457,False,6.2234336e-05,0.010740828,0.013352562
7458,True,6.428765e-05,0.019517463,0.017018937
7459,True,6.0210714e-05,0.018929604,0.027619189
7460,True,6.265565e-05,0.0017992016,0.006395962
7461,False,6.2740946e-05,0.018182656,0.02102697
7462,True,6.305465e-05,0.009547895,0.011816161
7463,True,6.086861e-05,-0.006057417,0.013717772
7464,False,6.214315e-05,0.015191076,0.0038805883
7465,True,6.3321284e-05,0.015289672,0.01077345
7466,False,6.158131e-05,0.017291382,0.0085192695
7467,False,6.256454e-05,-0.0029566288,-0.007995857
7468,False,6.716635e-05,-0.010692371,-0.011613246
7469,False,6.822222e-05,0.012160133,-0.022794135
7470,False,6.543592e-05,0.012504006,-0.020715833
7471,False,6.261335e-05,-0.011608749,-0.007674545
7472,False,6.588477e-05,-0.00018141745,0.0012503685
7473,False,6.5961074e-05,-0.02748347,-0.007662071
7474,False,6.7024666e-05,-0.019853525,0.0022998732
7475,False,6.666508e-05,0.0063870223,-0.015104435
7476,False,6.765211e-05,-0.01779516,-0.031355552
7477,False,6.880485e-05,0.0015288936,-0.012531885
7478,False,6.923429e-05,-0.011153333,-0.016087517
7479,False,6.967486e-05,-0.011036216,-0.013651494
7480,False,6.5187545e-05,-0.017267212,-0.007622786
7481,False,6.5631044e-05,-0.01359909,-0.028783428
7482,False,6.44021e-05,-0.019275704,-0.034356855
7483,False,6.683845e-05,-0.03777947,-0.012559615
7484,False,6.498291e-05,-0.027943995,-0.024142403
7485,False,6.451812e-05,-0.030133363,0.00319428
7486,False,6.39677e-05,-0.036669157,-0.025368325
7487,False,6.709971e-05,-0.03357368,-0.011781951
7488,False,7.424744e-05,-0.014484528,0.03198865
7489,False,7.551126e-05,-0.003160134,0.011213908
7490,False,7.6779565e-05,-0.013048023,-0.0142349675
7491,False,7.344052e-05,-0.015559018,-0.005201932
7492,False,7.3729956e-05,-0.010411989,-0.006344077
7493,False,6.700001e-05,-0.017079458,0.007873656
7494,False,6.624444e-05,-0.0026716003,0.0066077607
7495,False,6.408816e-05,-0.014750572,0.012401128
7496,False,6.555964e-05,-0.009270111,-0.0013500098
7497,False,6.8548805e-05,-0.021123508,0.0028985934
7498,False,6.930673e-05,-0.0034615323,-0.001261875
7499,False,6.709735e-05,-0.0013233721,-0.0140484655
7500,False,6.814682e-05,-0.012809418,3.1091273e-05
7501,False,6.288535e-05,-0.0011650417,-0.0022698548
7502,True,6.5356624e-05,0.006327966,0.01637816
7503,True,6.226542e-05,0.01050074,-0.0031448118
7504,True,6.238709e-05,0.011359931,0.0040267464
7505,True,6.519101e-05,0.0055727055,-0.014955774
7506,True,6.4073836e-05,0.00646994,0.025910895
7507,False,6.996759e-05,0.014672272,-0.0064217625
7508,False,6.150952e-05,0.0015190537,0.0079352
7509,True,6.2548206e-05,0.016130598,0.0022691246
7510,True,6.341725e-05,0.0054186247,0.0080976235
7511,False,6.6901935e-05,-0.021592932,0.0007685721
7512,False,6.722976e-05,-0.0059483796,-0.016049478
7513,False,6.511254e-05,0.008300492,-0.0060972758
7514,False,6.693388e-05,-0.018869072,-0.0013800506
7515,True,6.567037e-05,0.024214111,0.027289104
7516,True,6.517213e-05,0.008545521,0.0019501708
7517,True,6.8188754e-05,-0.0039482675,0.018464543
7518,False,6.650763e-05,-0.003639144,0.006702481
7519,False,6.673154e-05,-0.0064398106,0.0075517874
7520,False,6.7008295e-05,-0.002261296,-0.015196888
7521,True,6.383853e-05,-0.00692047,0.00140379
7522,True,6.0561215e-05,0.0013336167,0.011537558
7523,True,5.9883587e-05,0.0005024113,-0.007815722
7524,True,6.122338e-05,0.009650209,-0.0045628585
7525,True,6.0580864e-05,-0.0037325583,-0.004207487
7526,False,6.229555e-05,-0.00035272446,-0.0038700197
7527,False,6.0701575e-05,-0.0051996317,-0.011394875
7528,False,6.0543953e-05,0.0026742201,0.008048071
7529,False,6.0550523e-05,0.015919331,0.013074024
7530,True,6.0205755e-05,-0.004991659,0.011728037
7531,True,5.952229e-05,0.0054360414,0.001664089
7532,False,6.492284e-05,0.0035210475,0.0146206375
7533,False,6.552352e-05,0.009228886,-0.000971538
7534,True,6.1646075e-05,0.011034571,-0.002510853
7535,True,6.67684e-05,0.007736532,0.021979613
7536,True,6.126337e-05,0.00647909,0.012652959
7537,True,6.016861e-05,0.021112153,-0.006102387
7538,False,6.145522e-05,0.02265489,0.010943044
7539,False,6.1009316e-05,-0.0043252083,-0.0054963864
7540,False,5.8030655e-05,-0.014382096,-0.0010402091
7541,False,6.2157145e-05,0.0014271229,0.02172573
7542,False,6.0929917e-05,-0.0060558785,0.013017351
7543,False,6.324914e-05,-0.004674065,0.00364789
7544,False,6.25743e-05,-0.0037870966,0.016891226
7545,False,6.1005783e-05,-0.00469972,-0.0010838453
7546,False,6.0159084e-05,0.007849883,-0.008946415
7547,False,6.278715e-05,0.016735772,0.003624957
7548,False,6.548644e-05,0.0038888082,0.0094342
7549,False,6.463966e-05,0.0072903186,0.019209703
7550,False,6.1062885e-05,0.00071724504,0.012171742
7551,False,6.204414e-05,0.007349425,0.011634164
7552,False,6.51124e-05,0.009595316,0.013075963
7553,True,6.156575e-05,-0.011573892,0.016022276
7554,False,6.072728e-05,0.01902806,0.010439621
7555,True,6.273822e-05,-0.0024315864,0.013605922
7556,False,6.511758e-05,0.0065106656,0.019589031
7557,True,6.279512e-05,0.020337623,0.010575131
7558,True,6.256854e-05,0.014722211,0.01799132
7559,False,6.609171e-05,0.0038394406,0.015236703
7560,False,6.64025e-05,0.0149482675,-0.003395143
7561,False,6.96949e-05,-0.017808005,-0.008764874
7562,False,6.422889e-05,-0.009131432,0.005368883
7563,False,6.0518538e-05,-0.0016332231,-0.030429488
7564,False,6.0525712e-05,0.0010344759,0.009116166
7565,False,5.9482263e-05,-0.0014853384,-0.005123279
7566,False,5.987122e-05,0.009533882,-0.0022373833
7567,False,6.194612e-05,0.021738682,-0.008315355
7568,False,6.1992825e-05,-0.017984556,0.0045797992
7569,False,6.0310867e-05,-0.001396507,-0.0016374867
7570,False,6.123426e-05,-0.00041529536,0.011986898
7571,False,6.4352644e-05,-0.008231344,0.012736985
7572,False,6.4973574e-05,-0.0030317912,0.02279146
7573,False,6.116183e-05,-0.0044437274,0.008212934
7574,False,6.114437e-05,0.00854309,0.016642617
7575,False,6.354721e-05,0.006884598,-0.00058261305
7576,True,6.169088e-05,0.018408574,0.014417198
7577,True,6.3934254e-05,0.022593882,0.011332148
7578,False,6.0991933e-05,0.008220148,0.012030441
7579,True,6.177202e-05,0.004503669,0.013875423
7580,True,6.1593746e-05,0.008877329,0.026099999
7581,False,6.306944e-05,0.01587553,0.021620333
7582,False,6.446177e-05,0.013026741,0.025231091
7583,True,6.47334e-05,0.007659616,0.0006164885
7584,False,5.912747e-05,0.024977252,0.0029447768
7585,False,6.569501e-05,0.0048469845,0.021879667
7586,False,6.2121675e-05,0.0010600034,0.004091734
7587,False,6.343112e-05,-0.018707637,0.0036217365
7588,False,6.282838e-05,-0.0160419,0.014840948
7589,False,6.683605e-05,-0.020050764,-0.018606894
7590,False,6.408566e-05,0.00533835,0.0033564772
7591,False,6.309367e-05,-0.018532861,-0.017567612
7592,False,6.625771e-05,-0.00841995,0.0135839665
7593,False,6.386959e-05,0.009003998,0.006471254
7594,False,6.568449e-05,0.0036230376,-0.004506344
7595,False,6.51666e-05,0.005931476,-0.0077762464
7596,False,6.79918e-05,0.026348423,-0.023184534
7597,False,6.766834e-05,0.022509051,-0.019418232
7598,False,6.7296205e-05,-0.02252944,-0.018573906
7599,False,6.483283e-05,-0.017061735,-0.016490623
7600,False,6.547777e-05,-0.018905828,-0.009131888
7601,False,6.4890344e-05,-0.018063124,-0.021261465
7602,False,6.728329e-05,-0.0037108548,-0.015592249
7603,False,6.6741275e-05,-0.015757877,-0.021362983
7604,False,6.3862055e-05,-0.018865224,-0.010063989
7605,False,6.386119e-05,-0.02023279,-0.0043924022
7606,False,6.1835904e-05,-0.02460758,-0.004315355
7607,False,6.606386e-05,-0.011696266,-0.0132237645
7608,False,6.4139305e-05,-0.027617075,-0.013404641
7609,False,6.3022206e-05,-0.0010054866,-0.0029399036
7610,False,6.602615e-05,-0.0007652212,-0.010362983
7611,False,6.242457e-05,0.0005286811,-0.008021299
7612,False,6.278732e-05,-0.0019158714,0.0045637097
7613,False,6.235885e-05,0.0048694685,0.0031080963
7614,False,6.252761e-05,0.0123642385,0.015774677
7615,False,6.009711e-05,0.0073282616,0.028355358
7616,True,5.9627255e-05,-0.0058733816,-0.013187205
7617,False,6.3514824e-05,-0.01591944,-0.004080439
7618,False,6.528351e-05,0.0005521178,-0.019200996
7619,True,6.0089496e-05,-0.0035301298,0.0005980227
7620,True,5.992717e-05,0.007013321,0.022151444
7621,True,6.5553e-05,0.029934246,0.01208826
7622,True,6.193887e-05,0.024288053,0.019604988
7623,True,6.128939e-05,0.021490416,0.0214985
7624,False,6.5144675e-05,0.0050596856,-0.006029249
7625,False,6.645899e-05,-0.014039798,-0.0033786278
7626,False,6.734525e-05,0.009439348,0.0023354534
7627,False,6.503768e-05,0.0075882054,-0.011208201
7628,False,6.447623e-05,0.018990029,-0.024769967
7629,False,6.356641e-05,-0.008217213,-0.009649735
7630,False,7.0185226e-05,-0.01481564,-0.0046579726
7631,False,6.649644e-05,-0.015942521,-0.018800676
7632,False,6.9387715e-05,-0.016869685,-0.02850477
7633,False,6.754978e-05,-0.0283187,-0.026408011
7634,False,6.763083e-05,-0.033848293,-0.021849852
7635,False,6.669029e-05,-0.015745401,-0.025085794
7636,False,6.9439804e-05,-0.0061697406,-0.020841477
7637,False,6.4425316e-05,-0.007686423,-0.02954802
7638,False,6.451551e-05,-0.017748822,-0.02458314
7639,False,6.207431e-05,-0.020164166,-0.010903982
7640,False,6.2495485e-05,-0.028884575,-0.0105574895
7641,False,5.9457703e-05,-0.025380338,-0.0070368666
7642,False,6.275594e-05,-0.022611741,0.00249991
7643,False,6.353881e-05,-0.027399492,-0.0038063843
7644,False,7.407983e-05,-0.009760706,0.019980196
7645,False,7.440714e-05,0.009165786,0.0065851584
7646,False,7.2870105e-05,-0.016209751,-0.009962926
7647,False,7.573431e-05,-0.00088341255,-0.008840954
7648,False,7.1926625e-05,-0.009705577,-0.003206933
7649,False,6.947196e-05,-0.006367611,0.003450253
7650,False,6.711196e-05,-0.016210716,0.010678597
7651,False,6.4328255e-05,-0.0034930566,0.0016276576
7652,False,6.69742e-05,0.009694937,-0.013802475
7653,False,6.5902095e-05,-0.011433504,0.00685908
7654,False,6.819472e-05,-0.0033914228,-0.0058915433
7655,False,6.790059e-05,-0.0011112606,0.0062775873
7656,False,6.459463e-05,-0.016117392,0.0058580628
7657,True,6.427219e-05,0.015688429,0.0075405845
7658,True,6.1832965e-05,0.0083100125,0.018012647
7659,True,6.2398525e-05,-0.004525561,0.013380593
7660,False,6.2506515e-05,0.013774949,0.008751534
7661,True,6.625546e-05,0.0073409434,0.0039131157
7662,False,6.804456e-05,0.0013502529,-0.0046737893
7663,False,6.6480534e-05,0.00592002,0.01963577
7664,True,6.5560285e-05,0.0089269895,0.0071530472
7665,False,6.640119e-05,-0.0038487772,-0.0023145084
7666,False,6.6775574e-05,-0.005544586,0.0032480396
7667,False,6.739984e-05,-0.008088861,0.0010924172
7668,False,6.7249755e-05,0.0037813215,0.0019953009
7669,False,6.623441e-05,-0.007991315,-0.0015867185
7670,False,6.314623e-05,-0.009365006,0.012427057
7671,True,6.2553205e-05,0.00965846,0.0120289605
7672,True,6.4396605e-05,0.0064171366,0.011806828
7673,True,6.662297e-05,0.0018403418,0.0067564175
7674,True,6.8093235e-05,0.011728408,0.025103062
7675,False,6.610453e-05,0.009766942,-0.0099435095
7676,True,6.664216e-05,-0.0024868445,0.004003506
7677,False,6.302073e-05,-0.003114493,-0.004808652
7678,True,6.3858046e-05,0.0058934465,0.008765728
7679,True,6.307713e-05,0.016256917,-0.0057513854
7680,True,6.136408e-05,0.0047083204,0.014215604
7681,True,6.0268907e-05,-0.012226522,0.010363514
7682,False,5.7447018e-05,-0.0017352141,-0.007715524
7683,True,6.429983e-05,0.014094029,0.0015747994
7684,True,6.430039e-05,0.005868041,0.0120463595
7685,True,6.0600425e-05,0.013519772,0.0076820906
7686,True,6.51949e-05,0.0010901913,0.028372973
7687,True,6.2504e-05,0.03657189,-0.010390035
7688,False,6.394478e-05,0.026329817,0.027928015
7689,False,6.28078e-05,0.016566785,0.021415832
7690,True,6.117653e-05,0.009749647,0.014437271
7691,True,6.2151346e-05,0.0087698,0.026625596
7692,True,6.370637e-05,0.02845196,0.012237998
7693,True,6.0427712e-05,0.015137627,0.0052759927
7694,True,6.200009e-05,-0.00037868693,0.006406513
7695,False,6.3804066e-05,-0.001164468,-0.0012126472
7696,False,6.302958e-05,-0.0018653898,0.0017071385
7697,False,6.3919295e-05,-0.016813228,-0.0018206257
7698,True,6.2548825e-05,-0.004464863,0.0050926115
7699,False,6.1296036e-05,0.01350251,0.013945677
7700,False,6.349344e-05,0.009024616,-0.0069389455
7701,True,6.300767e-05,0.013959418,0.008250479
7702,False,6.578228e-05,0.013922693,0.0047435844
7703,True,6.264466e-05,0.0022397675,0.018259231
7704,False,6.669766e-05,0.009163414,0.03585679
7705,False,6.293717e-05,0.0042464603,0.029257681
7706,True,6.250953e-05,0.004640652,-0.0006904844
7707,True,6.3240164e-05,0.0012609735,0.0011731312
7708,False,6.5226384e-05,0.0222339,0.0017328335
7709,False,5.9345348e-05,0.0006586779,0.009789782
7710,True,6.021909e-05,-0.008044034,0.008076986
7711,False,6.446975e-05,0.007293972,0.028287299
7712,False,6.527449e-05,0.0045830477,0.008693524
7713,True,6.597221e-05,0.014772903,0.011631457
7714,False,6.2363506e-05,-0.01124684,-0.0081588905
7715,False,5.9330694e-05,0.01164078,0.0053722225
7716,False,6.236371e-05,0.016014606,0.008065412
7717,False,5.9823975e-05,-0.0010601804,-0.020826876
7718,False,6.0810456e-05,0.008398263,-0.009862326
7719,False,6.013474e-05,-0.0156703,0.008551872
7720,False,6.990891e-05,0.014511951,0.0055955965
7721,False,6.321782e-05,0.0042473776,0.018615054
7722,False,6.196601e-05,0.006463183,0.002551835
7723,False,6.514253e-05,0.0019039735,0.005215049
7724,False,6.4383785e-05,-0.0047172117,0.0025678677
7725,False,6.426595e-05,0.008089986,0.024430357
7726,False,6.469843e-05,0.01597216,0.017184645
7727,False,6.158449e-05,0.010764714,0.0056354143
7728,False,5.95502e-05,-0.0008852603,0.023057638
7729,True,5.940705e-05,0.008450655,0.00859189
7730,False,5.965241e-05,-0.0017989809,0.0102999285
7731,True,5.927989e-05,0.020140871,0.020793688
7732,True,6.0233677e-05,0.021351214,0.01866443
7733,True,6.105023e-05,0.016631009,0.010636784
7734,False,6.0025453e-05,0.009381761,0.023580179
7735,False,6.242635e-05,0.010302007,0.036398605
7736,False,6.779553e-05,0.0039083296,0.022647291
7737,False,6.394148e-05,0.0060910843,0.00890414
7738,False,6.756854e-05,0.011194498,0.015870605
7739,False,6.443896e-05,-0.002041745,0.015045144
7740,False,6.2971085e-05,-0.019238982,-0.023392865
7741,False,6.481981e-05,-0.0219611,-0.006590002
7742,False,6.4323714e-05,-0.019724363,-0.016311724
7743,False,6.587917e-05,-0.012502698,-0.00675226
7744,False,6.448424e-05,-0.008438794,0.0031897202
7745,False,6.560767e-05,0.002744589,-0.001237791
7746,False,6.6895314e-05,-0.0032224534,-0.008813553
7747,False,6.749561e-05,0.020945577,-0.0055569
7748,False,6.788827e-05,-0.01893173,-0.0001406977
7749,False,6.687597e-05,-0.0093004815,-0.0087440135
7750,False,6.385252e-05,-0.015111462,-0.01205973
7751,False,6.3348605e-05,-0.023208672,-0.025427524
7752,False,6.413745e-05,0.004042677,-0.022295862
7753,False,6.733318e-05,-0.0036653131,-0.0032683397
7754,False,6.798222e-05,-0.0044308305,-0.011374624
7755,False,6.360421e-05,-0.001334928,0.00012755021
7756,False,6.5487635e-05,-0.004951316,-0.0034255795
7757,False,6.545319e-05,-0.008209788,-0.0072445422
7758,False,6.4241714e-05,-0.018365894,-0.011644408
7759,False,6.442203e-05,-0.011876703,-0.008681497
7760,False,6.412661e-05,-0.012327173,-0.02791433
7761,False,6.27122e-05,0.0026041083,-0.0066592284
7762,False,6.343074e-05,-0.010649385,-0.0075242985
7763,False,6.403941e-05,-0.00447073,0.01111491
7764,False,6.475252e-05,0.004743892,0.009702209
7765,False,6.4491804e-05,0.026492715,0.028173879
7766,True,6.251198e-05,0.0103749,0.023831585
7767,False,6.365894e-05,0.011875508,0.023957638
7768,False,6.651585e-05,0.005038105,-0.011190141
7769,False,6.194317e-05,0.008388912,0.00982667
7770,False,6.3251144e-05,-0.0030945493,0.014955072
7771,False,6.1621e-05,-0.006397091,0.0019481089
7772,True,6.244289e-05,0.012158047,0.022803493
7773,True,6.0534076e-05,0.01760203,0.026228646
7774,True,6.277269e-05,0.012184238,0.026977051
7775,True,6.21457e-05,0.028293848,0.022867372
7776,False,6.153542e-05,0.0066754683,-0.011373425
7777,False,6.4887754e-05,0.010034611,0.0024577677
7778,False,6.348746e-05,-0.005515814,0.0009556152
7779,False,6.4595086e-05,0.010852246,-0.017659824
7780,False,6.416617e-05,0.007457451,-0.0012589172
7781,False,6.8186426e-05,-0.009268646,-0.009463254
7782,False,6.8661175e-05,-0.009507325,-0.02443145
7783,False,7.021316e-05,-0.006371502,-0.023333278
7784,False,6.515201e-05,-0.018232126,-0.019192146
7785,False,6.4630396e-05,-0.02872262,-0.030066801
7786,False,6.430429e-05,-0.016586866,-0.011429114
7787,False,6.632763e-05,-0.0030532186,-0.02050735
7788,False,6.508602e-05,5.785469e-05,-0.029646635
7789,False,6.468745e-05,-0.019453257,-0.038763747
7790,False,6.318099e-05,-0.016794818,-0.019822579
7791,False,6.4025124e-05,-0.017453402,-0.01665911
7792,False,6.290756e-05,-0.018307738,-0.027066564
7793,False,6.150363e-05,-0.024905596,-0.030490313
7794,False,6.327011e-05,-0.020604301,-0.020385332
7795,False,7.709939e-05,-0.014739867,0.0015171282
7796,False,7.1253715e-05,-0.022650413,-0.0012305211
7797,False,7.30169e-05,-0.014917642,-0.004046306
7798,False,7.613268e-05,-0.023644777,-0.0077650174
7799,False,7.0803064e-05,-0.023233183,-0.0061058793
7800,False,6.95614e-05,-0.027011365,0.015926566
7801,False,6.8003676e-05,0.0037577124,0.016765408
7802,False,6.649854e-05,-0.007696678,0.0062419195
7803,False,6.392708e-05,-0.013416126,0.026260702
7804,False,6.766934e-05,-0.02354761,0.0078911595
7805,False,6.767316e-05,-0.006786597,0.0057769883
7806,False,6.7073364e-05,-0.0051990985,0.006749913
7807,False,6.526764e-05,-0.015207572,0.022951614
7808,True,6.816027e-05,0.004933417,0.01659794
7809,True,6.222187e-05,0.0002651224,0.01421367
7810,False,6.362884e-05,0.016359113,0.0026936196
7811,False,6.85666e-05,-0.011510525,0.013773858
7812,False,6.691973e-05,-0.0012620185,0.0206673
7813,False,6.9425456e-05,-0.0073650735,0.0033888388
7814,False,6.725341e-05,-0.021811659,0.0010191444
7815,False,6.7903566e-05,-0.014818011,0.009469923
7816,False,6.834991e-05,-0.00065804063,-0.01039264
7817,False,6.57635e-05,-0.0071711885,-0.01459866
7818,False,6.771372e-05,0.001856287,0.0021480955
7819,False,6.56725e-05,0.0017840064,-0.010280946
7820,True,6.576202e-05,0.005280813,0.018128313
7821,True,6.244232e-05,0.0329247,0.0036305413
7822,True,6.154402e-05,0.032251645,0.010362122
7823,True,6.279104e-05,0.02575922,0.019382792
7824,True,6.410397e-05,0.014854994,0.008235641
7825,True,6.3043764e-05,0.023303557,0.033630908
7826,True,6.549469e-05,0.006058519,0.0018074699
7827,True,6.312076e-05,0.019703204,0.0034099417
7828,True,6.4693464e-05,0.012403753,0.012177806
7829,False,6.50709e-05,-0.0027567514,0.0074768513
7830,False,6.186393e-05,0.025324486,-0.000600053
7831,True,6.179429e-05,0.00871833,0.0067190398
7832,True,5.983276e-05,0.026897091,0.022784077
7833,True,6.277968e-05,0.021227583,0.01236451
7834,True,6.321225e-05,0.016761657,0.0034357794
7835,True,6.1029397e-05,0.007895496,0.013649544
7836,False,6.429797e-05,0.02299286,0.016184581
7837,False,6.363433e-05,0.0047123283,0.0080668535
7838,True,6.6320885e-05,0.021780735,0.01913378
7839,False,6.450024e-05,0.018420152,0.007679795
7840,True,6.0685263e-05,0.007761158,0.0105528375
7841,True,6.224042e-05,0.012600614,0.019426113
7842,True,6.327836e-05,0.015607953,0.013034305
7843,True,6.11165e-05,0.019468334,0.026160931
7844,True,6.180287e-05,0.0028103292,0.034388766
7845,True,6.0549817e-05,0.013544336,0.014719743
7846,False,6.271541e-05,0.014052311,0.01311515
7847,False,6.1305436e-05,-0.007751071,-0.010173747
7848,False,6.296358e-05,-0.00874858,-0.007242704
7849,True,6.4860775e-05,0.019402355,0.021619616
7850,False,5.9772432e-05,-0.008363085,0.0040667076
7851,True,5.9277896e-05,-0.0065744966,0.0039145723
7852,False,6.566762e-05,0.00345298,0.030257568
7853,True,6.6188775e-05,-0.0037709475,-0.004984049
7854,True,6.375439e-05,0.00057919417,0.024047052
7855,False,6.193333e-05,0.0013250727,0.01318736
7856,False,6.46705e-05,0.018135386,0.010967895
7857,False,6.31912e-05,-0.007684945,0.007926131
7858,False,6.29398e-05,0.014550829,0.015781878
7859,True,5.909954e-05,0.015988588,0.017874217
7860,False,5.870187e-05,0.0035081264,0.0052663144
7861,False,6.160547e-05,0.009603655,0.0028541535
7862,False,6.2428124e-05,0.023694921,0.0198031
7863,False,6.4482665e-05,0.0046694735,0.014970379
7864,False,6.797637e-05,0.0048856884,0.03229224
7865,False,6.7046676e-05,-0.0077343713,0.0155535955
7866,False,6.1581304e-05,-0.005672564,0.018761588
7867,False,6.16032e-05,0.009922802,0.020376693
7868,False,6.2326544e-05,0.017391987,0.006261334
7869,False,6.185971e-05,-0.0060553406,0.0021231845
7870,False,6.485857e-05,0.006170337,0.016113771
7871,True,6.285011e-05,0.003174968,0.0073878486
7872,False,6.263326e-05,0.008193754,0.014792286
7873,False,6.300692e-05,0.0060832063,0.008834094
7874,False,6.2480234e-05,0.0028586136,0.017850153
7875,False,6.499443e-05,0.020403713,-0.0053088246
7876,False,6.363993e-05,0.0005109925,-0.00031501334
7877,False,6.513173e-05,0.001905804,0.019299781
7878,False,6.0264334e-05,0.020892277,0.021528738
7879,True,6.094398e-05,0.021743454,0.0225074
7880,True,6.1275976e-05,0.011448358,0.01165906
7881,False,6.183815e-05,0.0011281371,0.010267206
7882,True,6.2998915e-05,0.0018939916,0.015252098
7883,False,5.969513e-05,0.0053654774,0.018402357
7884,False,6.278547e-05,0.008090857,0.029251006
7885,False,6.463327e-05,0.008185301,0.03007752
7886,True,6.184262e-05,0.008520652,0.013819708
7887,False,6.373761e-05,0.006494079,0.033791833
7888,False,6.239518e-05,0.011087695,0.030217636
7889,False,6.078478e-05,0.0026914664,0.010077944
7890,True,6.308484e-05,-0.014776764,0.013427293
7891,False,6.349362e-05,-0.013167986,-0.001161485
7892,False,6.335012e-05,-0.012987092,-0.0012609232
7893,False,6.572359e-05,-0.038826227,-0.0047177114
7894,False,6.543677e-05,-0.03079837,-0.028682549
7895,False,6.3523235e-05,-0.0065147188,0.01222253
7896,False,6.583761e-05,-0.006454543,0.021673264
7897,False,6.634815e-05,0.007615174,0.022738945
7898,False,6.263611e-05,-0.0017124768,-0.01735012
7899,False,6.5221204e-05,-0.0043085944,-0.01802955
7900,False,6.748693e-05,-0.0022636484,0.017222367
7901,False,6.5896114e-05,-0.019189171,-0.005204564
7902,False,6.441587e-05,-0.012857636,-0.035671808
7903,False,6.516485e-05,-0.013697339,-0.04470394
7904,False,6.693957e-05,-0.021666873,-0.00665005
7905,False,6.866984e-05,-0.007723829,-0.013391158
7906,False,6.59689e-05,-0.014225868,-0.019002609
7907,False,6.409312e-05,-0.010244895,-0.021959625
7908,False,6.634747e-05,-0.0045217774,-0.010869401
7909,False,6.4758024e-05,0.0021404983,-0.0116012
7910,False,6.33189e-05,-0.011193251,-0.0025735013
7911,False,6.2985e-05,-0.012028227,-0.0037081512
7912,False,6.393083e-05,-0.025758654,-0.019089071
7913,False,6.230902e-05,-0.0017720889,-0.0095395055
7914,False,6.0849867e-05,-0.013697361,0.003361147
7915,False,6.4038264e-05,0.018442325,0.032529827
7916,False,6.603119e-05,0.012431692,0.01589498
7917,True,6.460023e-05,0.024582535,0.013115592
7918,True,6.237707e-05,0.024638146,0.04254639
7919,True,6.646983e-05,0.018413907,0.035015922
7920,False,6.50406e-05,0.00834479,0.026102915
7921,False,6.543141e-05,0.01743163,0.033979837
7922,True,6.419007e-05,0.011884259,0.027665794
7923,True,6.2665924e-05,0.01854146,0.02853664
7924,True,6.645405e-05,0.013172869,0.032818392
7925,True,6.391801e-05,0.007675346,0.02246467
7926,True,6.332536e-05,0.026092779,0.024855414
7927,True,6.13435e-05,0.022724222,0.032970194
7928,False,6.394273e-05,-0.0053116987,0.0012675459
7929,False,6.537137e-05,0.017986177,-0.018305847
7930,False,6.367619e-05,-0.016912587,-0.010509327
7931,False,6.5849126e-05,0.0005278997,0.0037881993
7932,False,6.9401554e-05,-0.011592501,-0.015604868
7933,False,6.945468e-05,-0.02078143,-0.013282616
7934,False,6.881648e-05,-0.0065577626,-0.036439598
7935,False,6.760691e-05,0.0006289203,-0.03378734
7936,False,6.632133e-05,-0.02421594,-0.03359019
7937,False,6.8106885e-05,-0.014547181,-0.031462476
7938,False,6.395071e-05,-0.0121742,-0.02591199
7939,False,6.461722e-05,-0.02386261,-0.013729245
7940,False,6.6279215e-05,-0.011656448,-0.04306897
7941,False,6.107089e-05,-0.012551963,-0.019850135
7942,False,6.442904e-05,-0.0011727549,-0.02159771
7943,False,6.3987485e-05,-0.019727606,-0.031837914
7944,False,6.1667815e-05,-0.020730115,-0.016643533
7945,False,6.362997e-05,-0.017897021,-0.02105273
7946,False,6.393713e-05,-0.023942744,-0.015778672
7947,False,6.6405344e-05,-0.02682593,-0.011760347
7948,False,7.809396e-05,-0.02000119,0.001619108
7949,False,7.1034454e-05,-0.016525915,-0.012768231
7950,False,7.444361e-05,-0.014289085,-0.006555913
7951,False,6.9752554e-05,-0.0013206284,-0.014195895
7952,False,6.8800284e-05,-0.010853587,0.0017580909
7953,False,7.036854e-05,-0.0087470915,0.008544928
7954,False,6.780559e-05,-0.008999631,0.019512618
7955,False,6.692764e-05,-0.019594109,0.023373373
7956,False,6.688243e-05,-0.009009849,0.009976415
7957,False,6.699229e-05,-0.01941012,0.0036347527
7958,False,6.701665e-05,-0.0056819227,0.0031317528
7959,False,6.6553235e-05,-0.009127863,-0.012563843
7960,False,6.544637e-05,-0.009289266,0.0032574087
7961,False,6.184828e-05,-0.015420727,-0.0074173957
7962,False,6.226154e-05,-0.0069745705,0.019868884
7963,False,6.759966e-05,0.0003301259,0.0095762005
7964,False,6.967532e-05,-0.0020364951,0.010872089
7965,False,6.945892e-05,-0.0048417524,-0.0066768313
7966,False,6.927228e-05,-0.0123961475,-0.005155675
7967,False,6.643561e-05,-0.009407528,0.005874186
7968,False,6.816931e-05,-0.021523535,0.0008012708
7969,False,6.8819354e-05,-0.005854713,-0.009183919
7970,False,6.884085e-05,-0.013106338,-0.010074446
7971,False,6.832123e-05,-0.0038374662,-0.0021444894
7972,True,6.709221e-05,0.002191238,0.007576327
7973,True,6.504668e-05,0.0249267,0.027541172
7974,True,6.079435e-05,0.031652752,0.016589679
7975,True,6.314622e-05,0.02732659,0.012421321
7976,True,6.251516e-05,0.022741076,0.011668179
7977,True,6.3328065e-05,0.011719283,0.008275567
7978,False,6.6240755e-05,-0.014021924,-0.012131484
7979,True,6.4061904e-05,0.0068344697,0.012786116
7980,True,6.241858e-05,0.01779959,0.01015939
7981,True,6.487226e-05,0.021291297,-0.0028407732
7982,True,6.331584e-05,0.015793353,0.008890102
7983,True,6.5441374e-05,0.020737208,0.010067884
7984,True,5.9868256e-05,0.00047643296,0.011811221
7985,True,6.002445e-05,-0.0048537375,-0.0042059273
7986,True,6.282213e-05,0.016209021,0.012375928
7987,True,6.2812105e-05,0.012231961,0.011197476
7988,True,6.32317e-05,0.019660296,0.011054108
7989,False,6.4476204e-05,0.0132303415,0.00021362677
7990,True,6.2529514e-05,0.0100217685,0.02546066
7991,True,6.21883e-05,0.017245976,0.015618457
7992,True,5.953484e-05,0.01887308,0.025403649
7993,True,6.023561e-05,0.023273354,0.021913923
7994,True,6.110591e-05,0.008476724,0.023733485
7995,True,6.3069594e-05,0.008988714,0.026866926
7996,False,6.547189e-05,-0.005001772,0.010018936
7997,False,6.503421e-05,0.0005400479,0.027355835
7998,False,6.210342e-05,0.0162662,0.016910538
7999,True,6.299191e-05,0.0085664205,0.015661087
8000,False,6.6357796e-05,0.0022274181,0.020160869
8001,True,6.841678e-05,-0.006387067,0.013798792
8002,True,6.382172e-05,0.0006218739,0.030905671
8003,True,6.3253625e-05,0.0064841704,0.023739574
8004,False,6.524516e-05,0.016522199,0.009146247
8005,True,6.469393e-05,0.001891613,0.0018491196
8006,True,6.484215e-05,0.0018020766,-0.006637009
8007,True,6.6384244e-05,0.00517356,0.01560596
8008,False,6.385829e-05,0.0016220808,0.024611507
8009,False,6.168332e-05,0.0061425064,0.017971853
8010,False,6.167723e-05,0.008048775,-1.8846244e-05
8011,True,5.8902002e-05,0.0063729207,0.013857484
8012,False,6.15067e-05,0.008271621,0.010311713
8013,False,5.9663133e-05,0.0061161947,0.020625468
8014,False,5.802297e-05,0.0051089507,0.01663316
8015,False,6.221445e-05,0.008424874,0.025706973
8016,False,6.4683365e-05,0.006908629,0.016377013
8017,True,6.1663806e-05,-4.0789135e-05,0.023341767
8018,True,6.106835e-05,0.017001105,0.030530076
8019,True,6.2577834e-05,0.012475477,0.028856542
8020,False,6.2399915e-05,-0.00825333,0.029007412
8021,False,6.253894e-05,-0.0029423404,0.0085048545
8022,False,6.565922e-05,0.008071585,0.014636047
8023,False,6.358732e-05,-0.011600714,0.015039409
8024,False,6.354912e-05,-0.0010789102,0.030657142
8025,False,6.394025e-05,0.013028811,0.021202484
8026,False,6.151229e-05,0.017368432,0.034535907
8027,False,6.0946037e-05,0.0034702332,0.0017167926
8028,True,6.390965e-05,0.012793835,0.01628293
8029,True,6.277874e-05,-0.008245211,0.026891284
8030,False,6.1710256e-05,0.010629833,0.009900537
8031,False,6.787546e-05,0.015765168,0.031424142
8032,False,6.356031e-05,0.00857134,0.012253998
8033,False,6.3148254e-05,0.013218781,0.018974584
8034,False,6.218211e-05,0.007939061,0.011832746
8035,False,5.897566e-05,-0.0016769264,0.025971362
8036,False,6.318616e-05,0.00027628057,0.011870374
8037,False,6.2700354e-05,0.009814414,0.017657757
8038,False,6.247837e-05,0.011450646,0.029945891
8039,True,6.344684e-05,0.021293104,0.020384772
8040,True,6.1093895e-05,0.024453856,0.022316491
8041,False,6.435156e-05,0.02324637,0.016252335
8042,False,6.569541e-05,0.0010423157,0.0316291
8043,False,6.49854e-05,-0.0013414621,0.02800278
8044,False,6.193399e-05,-0.0024615694,0.019706301
8045,False,6.364172e-05,0.00069240294,0.035765
8046,False,6.565698e-05,0.015866432,0.022255467
8047,False,6.11999e-05,0.0010318663,0.009823304
8048,False,6.143914e-05,0.0021360442,0.027421808
8049,False,6.2016596e-05,0.024636233,0.024927787
8050,False,6.2432824e-05,-0.0029879408,-0.00033064187
8051,False,6.3158644e-05,-0.0115475245,0.012989597
8052,False,6.279532e-05,-0.014821414,-0.010017509
8053,False,6.57682e-05,0.0011913492,0.020767506
8054,False,6.2096995e-05,-0.0032160217,0.01482938
8055,False,6.197953e-05,-0.0017218376,-0.0040333206
8056,False,6.469418e-05,0.008974015,0.0012822859
8057,False,6.1928135e-05,-0.0010692715,0.016486855
8058,False,6.1143044e-05,0.002567349,0.0070670266
8059,False,6.397502e-05,-0.023465827,-0.0073346477
8060,False,6.0031078e-05,-0.02667712,-0.026804496
8061,False,6.3284446e-05,-0.016499974,-0.022788996
8062,False,6.3294225e-05,-0.035843603,-0.003824167
8063,False,6.3148276e-05,-0.018471405,-0.013708377
8064,False,6.380742e-05,-0.0062860018,-0.024414554
8065,False,6.4028754e-05,-0.001813652,-0.021285823
8066,False,6.551681e-05,-0.0069636283,-0.007771669
8067,False,6.552857e-05,-0.004501922,0.006020019
8068,False,6.3568674e-05,-0.027577896,-0.006862525
8069,False,6.4355176e-05,-0.017890614,-0.0056935097
8070,False,6.410408e-05,-0.023173174,-0.0070114634
8071,False,6.403035e-05,-0.012714788,-0.019739306
8072,False,6.08998e-05,0.0060534235,-7.866882e-05
8073,False,6.581911e-05,-0.0036968216,0.008791979
8074,False,6.1579995e-05,-0.0048565874,-1.2546778e-05
8075,False,6.274248e-05,0.0077983346,0.035697855
8076,False,6.34086e-05,0.0030994434,0.030248456
8077,True,6.372929e-05,0.012214351,0.029183896
8078,True,6.456335e-05,0.00727449,0.03386693
8079,True,6.3081425e-05,0.0036515743,0.018692728
8080,True,6.224213e-05,0.011202682,0.028371362
8081,True,6.22044e-05,0.0134937875,0.02511577
8082,True,6.481047e-05,0.021846563,0.041420937
8083,True,6.472557e-05,0.016426671,0.03921543
8084,True,7.013352e-05,0.024546005,0.029089829
8085,True,6.2258114e-05,0.008412976,0.023012223
8086,True,6.395432e-05,0.0110906735,0.0181913
8087,False,6.62297e-05,0.018948624,0.0040803337
8088,False,6.3159634e-05,-0.0028279433,0.002315905
8089,False,6.488279e-05,-0.011483166,-0.0003186725
8090,False,6.519549e-05,-0.013211664,-0.013272416
8091,False,6.6112865e-05,-0.013002809,-0.011489879
8092,False,6.554306e-05,-0.0208134,-0.009896239
8093,False,6.9340174e-05,-0.005631143,-0.019746974
8094,False,6.6616034e-05,-0.0076209754,-0.005424804
8095,False,6.557835e-05,-0.011004911,-0.020102605
8096,False,6.3919004e-05,-0.0060867937,-0.026883427
8097,False,6.400985e-05,-0.013171831,-0.011580121
8098,False,6.184092e-05,-0.01643986,-0.013041805
8099,False,6.4987165e-05,-0.015618566,-0.009011118
8100,False,6.3217514e-05,-0.0029261503,-0.019050194
8101,False,6.4008666e-05,-0.010343682,-0.013574876
8102,False,6.138721e-05,0.021609653,0.014736846
8103,False,5.9882306e-05,0.0050578844,0.009106971
8104,False,6.165109e-05,-0.010604528,-0.0009640653
8105,False,6.5206674e-05,-0.015601572,-0.0050598616
8106,False,7.324351e-05,-0.018678736,0.0039698565
8107,False,7.38206e-05,-0.036072645,-0.018949214
8108,False,7.608884e-05,-0.028159425,-0.0012752116
8109,False,7.110772e-05,-0.0036608875,-0.003410317
8110,False,7.061326e-05,-0.012238525,-0.004573744
8111,False,6.719745e-05,-0.0009924015,0.025039056
8112,False,6.3352934e-05,-0.014819719,0.015327504
8113,False,6.243901e-05,-0.0069807665,0.006711277
8114,False,6.51048e-05,-0.009040733,-0.0007849075
8115,False,6.810537e-05,-0.011041982,-0.0055051115
8116,False,6.8383575e-05,-0.005125315,-0.015698535
8117,False,6.7180175e-05,-0.016818821,-0.008426912
8118,False,6.411822e-05,-0.0026084308,0.0042216713
8119,False,6.35484e-05,-0.0045019276,0.0047095874
8120,False,6.7311885e-05,-0.012386514,0.002607611
8121,False,6.928037e-05,-0.00721981,-0.011845434
8122,False,6.878343e-05,-0.018650897,-0.005098596
8123,False,6.787487e-05,-0.011620375,-0.006458558
8124,False,6.692546e-05,-0.0154012535,0.0099277515
8125,False,6.7794426e-05,-0.021460723,0.0004426455
8126,False,6.7749876e-05,-0.009721134,-0.016912937
8127,False,6.6129505e-05,-0.0032662423,-0.00017249025
8128,True,6.64677e-05,0.005924656,0.018874047
8129,True,6.122232e-05,0.00893336,0.014204891
8130,True,6.391963e-05,0.0042475928,-0.004371777
8131,True,6.912177e-05,0.01411619,-0.022510327
8132,True,6.683114e-05,0.011494737,0.007522607
8133,True,6.4758e-05,-0.016605433,0.012851253
8134,True,6.844905e-05,0.0051867906,0.011890236
8135,True,6.276954e-05,-0.0011693034,0.012742
8136,True,6.0831888e-05,0.0110734105,0.009242017
8137,False,6.287983e-05,0.00049129315,-0.0046008993
8138,False,6.174974e-05,-0.008699356,-0.002603406
8139,False,6.0117985e-05,0.007166289,-0.01164044
8140,True,6.074644e-05,-0.00097513944,-0.0097739585
8141,False,6.145382e-05,0.0032831053,-0.0055415034
8142,True,6.014649e-05,-0.014663745,0.0014960673
8143,True,5.86374e-05,0.027902782,-0.017936788
8144,True,6.7428984e-05,0.013068807,0.0008610785
8145,True,6.1128616e-05,-0.00093361735,0.011745317
8146,True,6.2433326e-05,0.009871398,0.007714223
8147,True,6.022166e-05,0.0003488902,0.008303778
8148,True,5.91463e-05,0.004074778,0.003564043
8149,True,6.171775e-05,0.0073011136,-0.00045602582
8150,True,6.0473634e-05,0.0025606342,0.0092807915
8151,False,6.158863e-05,0.012836311,0.0070112552
8152,True,6.4180225e-05,-0.00380468,0.020374421
8153,False,6.123488e-05,0.0049261916,0.037603892
8154,True,6.320798e-05,0.015742531,0.022902474
8155,True,6.29039e-05,0.014213882,0.014362486
8156,True,6.668189e-05,-0.00093601085,0.0047155693
8157,False,6.854636e-05,-0.0072910897,0.0026201997
8158,True,6.760148e-05,0.004885924,0.014324942
8159,True,6.094998e-05,0.013089252,-0.0015991516
8160,False,6.287061e-05,0.019958548,0.0026923604
8161,False,6.463045e-05,0.009613929,0.0030160379
8162,False,6.498198e-05,0.003269244,0.011052966
8163,False,6.133258e-05,0.0053309673,0.011606507
8164,True,6.3508036e-05,-0.0004870547,-0.009354563
8165,True,6.56619e-05,-0.00061144866,-0.006072238
8166,False,5.832182e-05,-0.0045845574,-0.00679617
8167,False,6.265475e-05,-0.0088860765,0.004817169
8168,False,6.141672e-05,-0.014283899,0.0012426041
8169,False,6.0851933e-05,0.010576884,0.007586276
8170,False,6.114036e-05,0.008439416,0.0063810498
8171,False,6.1367646e-05,0.013675503,0.0062302854
8172,False,6.1885454e-05,0.010939478,0.00493344
8173,False,6.117359e-05,-0.0061645196,0.0028228108
8174,False,6.182153e-05,0.013752874,0.01703296
8175,True,6.1231774e-05,0.012795993,0.012328099
8176,True,6.582843e-05,0.02180509,0.020957444
8177,False,6.193972e-05,0.013134787,0.018186744
8178,False,6.516099e-05,-0.0088041,-0.0014886865
8179,True,6.516813e-05,-0.0096852295,-0.007058572
8180,False,6.6297696e-05,0.00633691,0.0022314833
8181,False,6.440065e-05,-0.0038548065,9.318814e-06
8182,True,6.1778934e-05,0.0011725114,0.0055837017
8183,False,6.4355874e-05,0.0058269138,0.013270615
8184,True,6.202862e-05,0.01627472,0.014074324
8185,False,6.093492e-05,0.0078083435,0.009979526
8186,False,6.4440166e-05,-0.013987701,0.0025691558
8187,False,6.021655e-05,-0.024926124,-0.0031032823
8188,False,6.1031802e-05,-0.009568497,-0.0024843235
8189,False,6.2395746e-05,-0.00758197,0.017453946
8190,False,6.312955e-05,0.00022369064,0.02670491
8191,False,6.1433486e-05,-0.018980842,-0.002775697
8192,False,6.451301e-05,-0.0035212748,0.005489873
8193,False,6.592297e-05,0.0011419859,0.0074633677
8194,False,6.2137864e-05,-0.00077977683,0.015021209
8195,False,6.0968036e-05,-0.008691009,-0.003919184
8196,False,6.492126e-05,-0.004904639,0.008638706
8197,False,6.108907e-05,0.016381016,0.006191477
8198,False,6.065976e-05,0.003200926,0.021981
8199,False,6.4783744e-05,0.011734946,0.02254644
8200,False,6.4347194e-05,-0.008918535,0.010061234
8201,False,5.7841105e-05,-0.0040826616,0.0043888893
8202,False,6.0309445e-05,0.008738815,0.0008887076
8203,False,6.250749e-05,-0.0051226076,0.022443796
8204,False,6.083696e-05,-0.0024562487,0.0042571425
8205,False,5.8943042e-05,-0.011124063,0.0035808496
8206,False,5.9728605e-05,-0.0192672,0.002684081
8207,False,6.234648e-05,-0.026112441,-0.002150393
8208,False,6.466375e-05,-0.0066800527,0.005001818
8209,False,6.236488e-05,-0.024534844,0.016577233
8210,False,6.5213695e-05,-0.009594452,-0.011212122
8211,False,6.093542e-05,-0.021825327,-0.016581176
8212,False,6.1146995e-05,-0.005924342,-0.0124732535
8213,False,6.425246e-05,-0.018737197,0.0073412564
8214,False,6.4376116e-05,-0.014459368,0.009879086
8215,False,6.3766034e-05,-0.021055816,0.0023249742
8216,False,6.323579e-05,-0.0016868096,0.008554926
8217,False,6.159106e-05,-0.019072317,0.0040695444
8218,False,6.162788e-05,-0.0090992125,-0.025136799
8219,False,6.282438e-05,-0.006787882,-0.0153670255
8220,False,6.503766e-05,0.02011203,0.024402397
8221,False,6.460735e-05,0.016103372,0.022094846
8222,False,6.549578e-05,0.020799084,-0.023310866
8223,False,6.231455e-05,-0.0138645135,0.0031781502
8224,False,6.49875e-05,0.012246198,0.013212064
8225,False,6.437563e-05,-0.008433116,-0.023656998
8226,False,6.1096805e-05,-0.01266222,0.0054327343
8227,False,6.231529e-05,-0.02897318,0.00012392923
8228,False,6.404036e-05,-0.018307684,0.0018162839
8229,False,6.4145126e-05,0.0012770444,0.009424511
8230,False,6.080185e-05,-0.004224943,-0.02481924
8231,False,6.582227e-05,-0.017446794,0.026563413
8232,False,6.607899e-05,0.0053185346,0.020271182
8233,False,6.1356615e-05,-0.015113685,0.016000316
8234,False,6.379018e-05,-0.015355302,-0.008332439
8235,False,6.0236467e-05,-0.0062385984,0.0042852573
8236,False,6.2328174e-05,0.0019725305,0.01931345
8237,False,6.552045e-05,-0.005979186,0.026326843
8238,True,6.082298e-05,0.0017108433,0.016633585
8239,False,6.4291125e-05,0.007789761,0.017122645
8240,True,6.219383e-05,0.0010066256,0.023190577
8241,False,6.258729e-05,-0.00019771606,0.015845157
8242,False,6.456644e-05,0.013993278,0.013555711
8243,False,6.234423e-05,-0.004977138,-0.00021200161
8244,False,6.4835476e-05,0.0037873536,-0.0017371699
8245,False,6.5515684e-05,-0.0289653,-0.028554983
8246,False,6.527157e-05,-0.014589301,-0.005245477
8247,False,6.572904e-05,-0.024208553,-0.017000036
8248,False,6.507715e-05,-0.024181828,-0.00958503
8249,False,6.651757e-05,-0.013659246,-0.0130518805
8250,False,6.7820285e-05,-0.013058106,-0.021860663
8251,False,6.7274304e-05,-0.018121567,-0.01707388
8252,False,6.573045e-05,-0.017535973,-0.033921186
8253,False,6.5457454e-05,-0.0112188095,-0.005309131
8254,False,6.276611e-05,0.01028434,-0.012303317
8255,False,6.219156e-05,-0.003508748,0.008481243
8256,False,6.160736e-05,-0.005609531,-0.0042553954
8257,False,6.303814e-05,0.0061498685,0.011341274
8258,False,6.3711566e-05,0.017816167,-0.013694893
8259,False,6.603793e-05,0.004915198,0.0041834936
8260,False,6.134632e-05,0.003959382,0.008014329
8261,True,6.11691e-05,0.02084437,0.02624211
8262,False,5.9574413e-05,0.003647104,0.010213118
8263,False,7.1984985e-05,-0.025393868,0.0047965515
8264,False,7.521693e-05,-0.008671578,-0.008930995
8265,False,7.3438525e-05,-0.0019144602,0.01846508
8266,False,7.2795876e-05,-0.006252926,0.005692715
8267,False,6.730273e-05,-0.01133717,0.009703036
8268,False,6.7776135e-05,-0.018391766,0.021429345
8269,False,6.6432294e-05,-0.013352819,0.011318246
8270,False,6.2942054e-05,-0.0146353915,0.020025652
8271,False,6.479822e-05,-0.003646433,0.0018667979
8272,False,6.647704e-05,0.006477451,0.0017293878
8273,False,6.690135e-05,-0.013117052,-0.0059163617
8274,False,6.7597604e-05,-0.0077918163,0.016308885
8275,False,6.925427e-05,-0.0008553378,-0.00072871614
8276,False,6.665902e-05,0.0045739766,-0.0066428846
8277,False,6.807587e-05,-0.011838431,-3.6153942e-06
8278,False,6.8938876e-05,-0.0025335858,-0.008661367
8279,False,6.803993e-05,0.00894765,-0.01735812
8280,False,6.5953805e-05,-0.017398063,-0.0040394543
8281,False,6.718584e-05,0.0017590835,-0.0012657763
8282,False,6.5519474e-05,-0.006346222,-0.005872695
8283,False,6.926177e-05,-0.0041777724,0.00077231415
8284,False,6.947757e-05,-0.0055641327,0.0066276314
8285,True,6.757934e-05,0.015556799,0.009220993
8286,False,6.6083245e-05,0.0023888405,-0.02140006
8287,True,6.544154e-05,0.029075373,-0.024591697
8288,True,6.215195e-05,0.027993204,0.023575053
8289,True,6.564931e-05,0.015949119,0.016318653
8290,True,6.41811e-05,0.012067448,0.009099137
8291,True,6.216088e-05,0.016802948,0.009898124
8292,True,6.475696e-05,0.034470223,0.019746892
8293,True,6.695416e-05,0.009182103,9.283982e-05
8294,True,6.513185e-05,-0.005696931,-0.00015007332
8295,True,6.2198684e-05,-0.01709459,-0.015277054
8296,False,6.339948e-05,0.014432831,0.008825608
8297,True,6.102409e-05,0.004483551,0.008780427
8298,True,6.0512793e-05,0.0017453209,-0.008497777
8299,True,5.889209e-05,0.00949179,0.0039315484
8300,True,6.318741e-05,-0.0021509659,0.0056859236
8301,True,6.316963e-05,0.0052626356,0.01814563
8302,True,6.3322055e-05,0.01263196,0.015643489
8303,True,5.924043e-05,0.021005196,-0.0012792163
8304,True,6.318018e-05,0.018301599,0.021270562
8305,True,6.0544073e-05,0.0077105667,0.013459923
8306,True,6.0425966e-05,0.007217925,0.011860102
8307,False,6.006443e-05,0.0076349284,0.017434321
8308,True,6.177109e-05,0.014320202,0.020962903
8309,True,5.9937138e-05,0.01558839,0.0145598985
8310,True,6.368265e-05,-0.005807997,0.021737464
8311,True,6.517897e-05,0.004376769,0.011974024
8312,True,6.3608335e-05,0.004424764,0.007589536
8313,False,6.607639e-05,-0.0058020186,-0.010090197
8314,False,6.292071e-05,-0.0069858097,0.021458097
8315,True,6.197885e-05,-0.0027599148,0.021277925
8316,False,6.403834e-05,0.01827102,-0.007410653
8317,False,6.1698134e-05,0.021448288,0.0057353675
8318,False,6.5292e-05,0.002082211,0.0133404285
8319,True,6.512484e-05,-0.005529398,0.0017843358
8320,True,6.1878534e-05,-0.0040577454,0.01671485
8321,True,6.269576e-05,-0.0042129317,0.009290971
8322,False,6.2093604e-05,0.0064539793,0.03032348
8323,False,6.193122e-05,0.0035557123,0.009049313
8324,False,6.527339e-05,-0.004489705,0.008349104
8325,False,6.294442e-05,-0.007866467,0.01493492
8326,False,6.457081e-05,0.0015488937,0.0014862921
8327,False,6.0982067e-05,-0.006159506,-0.00087967515
8328,False,6.0885628e-05,0.004657423,-0.00532189
8329,False,6.0779552e-05,-0.004352697,0.018941889
8330,True,6.214642e-05,-0.0029024016,0.0047147833
8331,False,6.0585095e-05,0.01441275,-0.008629713
8332,False,6.1747094e-05,0.01727835,0.009036597
8333,False,6.225773e-05,0.019307317,0.023872677
8334,False,6.452619e-05,0.013909022,0.009556979
8335,False,6.356847e-05,-0.005389051,0.009392504
8336,True,6.363191e-05,0.004409522,-0.0014581345
8337,False,6.3060696e-05,-0.0012530172,0.011935834
8338,True,6.205364e-05,0.01280616,0.0078434795
8339,True,6.1919454e-05,0.013808767,0.019717896
8340,True,6.365736e-05,0.01637079,0.023761805
8341,False,6.1641986e-05,-0.005003693,0.004346039
8342,False,6.313767e-05,-0.013605127,-0.0042535607
8343,False,6.285696e-05,-0.0014827047,-0.0061070696
8344,False,6.0793674e-05,-0.018054593,0.02047357
8345,False,6.397065e-05,-0.020102125,0.011627085
8346,False,6.0895607e-05,-0.032419913,0.0028914288
8347,False,6.2222374e-05,-0.0049850717,0.008259993
8348,False,6.0800434e-05,-0.010462303,0.0048689265
8349,False,6.452464e-05,-0.012979288,-0.004956864
8350,False,6.413199e-05,-0.005793873,0.0072078053
8351,False,6.4399144e-05,-0.0038674995,0.021542544
8352,False,6.41261e-05,-0.010206398,0.013948422
8353,False,5.9153503e-05,0.015578963,0.016820427
8354,False,6.440523e-05,0.0086950995,0.030367382
8355,False,6.313721e-05,-0.0065327063,0.026497537
8356,False,6.0489387e-05,0.0064980146,0.011515014
8357,False,6.3431566e-05,0.015128784,0.028148737
8358,False,6.4914784e-05,0.014209269,0.03172043
8359,False,6.3050655e-05,0.011861425,0.020291004
8360,False,6.0334987e-05,-0.010471728,0.005402658
8361,False,6.3265245e-05,-0.0067910627,0.023199914
8362,False,5.9962327e-05,0.0022516232,0.0024506561
8363,False,6.387282e-05,-0.025860991,-0.016101269
8364,False,6.448603e-05,-0.01576728,-0.015550322
8365,False,6.613352e-05,-0.023384813,0.01690664
8366,False,6.464085e-05,-0.0071895607,0.007959982
8367,False,6.134331e-05,-0.018561881,-0.008819269
8368,False,6.2855754e-05,-0.021234347,0.0023258757
8369,False,6.336255e-05,-0.026195789,-0.005181432
8370,False,6.275591e-05,-0.029431222,-0.011572003
8371,False,6.194326e-05,-0.017841663,-0.002923179
8372,False,6.323404e-05,-0.0046366565,0.011332307
8373,False,6.292319e-05,0.0046192203,0.019486533
8374,False,6.2167404e-05,0.012868481,0.026237313
8375,False,6.243423e-05,-0.0018638456,0.016845629
8376,False,6.174522e-05,0.007168985,0.023209512
8377,False,6.15906e-05,0.013312416,0.010225851
8378,False,6.1618535e-05,-0.00066347234,0.011681411
8379,False,6.2806175e-05,0.0037266128,0.009330216
8380,False,6.291139e-05,-0.0051402394,0.013506992
8381,False,6.422793e-05,0.0023381012,0.011784621
8382,False,6.381718e-05,0.0015733968,0.0017691096
8383,False,6.116141e-05,-0.00028822664,0.009851253
8384,False,6.324737e-05,-0.019654961,0.0037537059
8385,False,6.780801e-05,0.00086024776,0.0048942445
8386,False,6.7623536e-05,-0.0062915925,0.003683175
8387,False,6.700044e-05,0.01010564,0.0153327705
8388,False,6.720174e-05,0.0008473173,-0.002791393
8389,False,6.94931e-05,0.012518781,0.013231251
8390,False,6.556737e-05,-0.007240385,0.023580892
8391,False,6.229029e-05,-0.009868253,0.000501249
8392,False,6.6867186e-05,-0.025436822,0.013350926
8393,False,6.2898376e-05,-0.0020877104,0.007193557
8394,False,5.818362e-05,0.010028781,0.01639296
8395,True,6.5858265e-05,0.015696738,0.014193898
8396,False,6.426001e-05,-0.010518283,0.03317322
8397,False,6.33937e-05,-0.013818613,0.015908707
8398,False,6.0800103e-05,0.005699413,-0.0010659322
8399,False,6.214945e-05,0.009235182,-0.0024147201
8400,False,6.379508e-05,-0.01584965,-0.009385696
8401,False,6.342123e-05,-0.017574063,-0.013555391
8402,False,6.16902e-05,-0.010022845,-0.013822757
8403,False,6.426381e-05,-0.016536906,-0.0249456
8404,False,6.6774766e-05,-0.02677888,-0.0032261796
8405,False,6.668191e-05,-0.004653964,-0.028493024
8406,False,6.5682674e-05,-0.012655038,-0.008949338
8407,False,6.5573746e-05,-0.016758073,-0.010485504
8408,False,6.5415916e-05,0.0042237565,-0.02018132
8409,False,6.3875e-05,0.007482727,-0.005126167
8410,False,6.479742e-05,0.0074918037,0.0032585748
8411,False,5.954487e-05,0.0040751514,0.02671124
8412,False,6.167191e-05,0.0061664693,0.018468302
8413,True,6.288862e-05,0.003259465,0.015624018
8414,False,6.246491e-05,0.0051291147,0.03193179
8415,False,6.288339e-05,0.010780537,0.02274877
8416,True,6.156547e-05,0.018572308,0.025400786
8417,False,6.0013674e-05,0.029616565,0.016661538
8418,False,6.383689e-05,-0.003514178,-0.0028501563
8419,False,7.5128184e-05,-0.026041964,0.02325135
8420,False,7.7519224e-05,-0.013512401,0.0026656352
8421,False,7.6077915e-05,-0.012368638,-0.0061673224
8422,False,7.1158865e-05,-0.011395649,0.0057974104
8423,False,6.926784e-05,-0.0087306,0.017401285
8424,False,6.9059606e-05,-0.0136250295,0.018238172
8425,False,6.706381e-05,-0.005114794,0.009157695
8426,False,6.7200075e-05,-0.008803789,0.024509605
8427,False,6.388295e-05,-0.0072551174,0.003892228
8428,False,6.8540045e-05,-0.004232168,-0.019794986
8429,False,6.7110566e-05,-0.009338529,-0.0038589584
8430,False,6.582533e-05,0.0019478612,-0.0015212744
8431,False,6.9667316e-05,-0.010211693,-0.0032363106
8432,False,6.406793e-05,-0.006961032,0.0027653314
8433,False,6.517274e-05,-0.0033301553,-0.0071599483
8434,False,6.534646e-05,0.004180246,0.0015558768
8435,False,6.660988e-05,0.0017479034,-0.0016845092
8436,False,6.598314e-05,-0.0140784215,0.006874412
8437,False,6.929674e-05,-0.011068744,-0.0067080203
8438,False,6.8972644e-05,-0.008449619,-0.00978187
8439,False,7.100033e-05,-0.0081723295,-0.011997905
8440,False,7.0859765e-05,-0.014288403,-0.009355911
8441,True,6.608412e-05,0.016181529,0.013861287
8442,True,6.751174e-05,0.01921044,0.007745303
8443,True,6.8330024e-05,0.018246379,0.009134658
8444,False,6.4626714e-05,-0.0013468713,0.0026938058
8445,True,6.514897e-05,0.024247888,0.0095269345
8446,True,6.204051e-05,0.0109086335,-0.0074670594
8447,True,6.256999e-05,0.02501485,0.0056379177
8448,True,6.281806e-05,0.03087759,0.01922132
8449,True,6.415513e-05,0.017510887,0.02427281
8450,True,6.49043e-05,0.003781937,0.004616985
8451,True,6.320277e-05,0.012275882,-0.0023327656
8452,True,6.164811e-05,-0.0020780172,-0.011052724
8453,False,5.8419202e-05,-0.015549894,-0.016055718
8454,True,6.125189e-05,0.013645418,0.009064704
8455,True,6.0223465e-05,0.013255341,-0.003170617
8456,True,6.297466e-05,0.012404779,0.019275982
8457,True,6.3738975e-05,0.008297393,0.0008629877
8458,True,6.0842325e-05,0.024965165,0.019330425
8459,True,6.3231986e-05,0.011437833,0.022709396
8460,True,6.727361e-05,0.013770837,0.00381173
8461,True,6.214882e-05,-0.0038036406,0.013462935
8462,False,6.248872e-05,0.013964726,0.025374968
8463,False,6.4029766e-05,-0.00036321534,0.030451398
8464,True,6.0256647e-05,0.013506746,0.022210732
8465,True,6.153147e-05,0.021815352,0.005233299
8466,True,5.9949838e-05,0.0168248,0.0070019886
8467,True,6.0287926e-05,0.03119444,0.030289548
8468,False,6.504134e-05,0.012814764,0.015384296
8469,True,6.925974e-05,0.00056613795,0.027833458
8470,False,6.964533e-05,0.010159975,0.027009994
8471,True,6.15142e-05,0.019842677,0.023359386
8472,False,6.511476e-05,0.012239942,0.00430334
8473,False,6.174522e-05,0.007756345,0.016665269
8474,True,6.224849e-05,0.0057814047,-0.00045006536
8475,True,6.4445616e-05,0.010711009,0.008719116
8476,False,6.7161935e-05,0.005928345,0.011378456
8477,True,6.339365e-05,0.0031900583,0.02325882
8478,True,6.603378e-05,-0.0003742315,0.015663564
8479,False,6.263836e-05,-6.882846e-05,0.02066306
8480,False,6.447069e-05,-0.010007261,0.0048532784
8481,False,6.4147214e-05,-0.00705385,0.02826485
8482,False,6.655079e-05,0.003977211,-0.007494768
8483,True,6.188122e-05,-0.012397156,-0.009098168
8484,False,6.158362e-05,0.0037814751,0.00455516
8485,False,6.1833976e-05,0.0020699315,-0.014204619
8486,True,5.9791837e-05,-0.0046459436,-0.0041549634
8487,False,6.348382e-05,0.0042570923,0.0026862025
8488,True,6.293542e-05,0.018303018,0.009144472
8489,True,6.2095416e-05,0.009281059,0.0114742825
8490,True,6.268853e-05,0.0035385452,0.0082894005
8491,False,6.346623e-05,-0.0050396775,0.012812981
8492,False,6.505154e-05,0.00913056,-0.0034784172
8493,False,6.2413645e-05,-0.002968138,0.0012788
8494,False,6.55548e-05,-0.0015359307,0.005869705
8495,False,6.333219e-05,0.0069116205,0.0024615526
8496,True,6.30687e-05,0.020545162,0.02441213
8497,True,6.011668e-05,0.004438556,0.015699068
8498,False,6.116256e-05,0.005222209,0.007729267
8499,False,6.4717926e-05,0.006833477,-0.0006590914
8500,False,6.23712e-05,0.0005048299,0.022774087
8501,False,6.266919e-05,0.0008834889,0.011385435
8502,False,6.546237e-05,0.0010204371,0.013203982
8503,False,6.558981e-05,-0.009740684,0.014593262
8504,False,6.413072e-05,-0.017039856,0.0044883965
8505,False,6.5822285e-05,-0.016168939,0.014842999
8506,False,6.455636e-05,-0.0055072326,0.009574933
8507,False,6.5004155e-05,-0.0016326783,0.023015881
8508,False,6.171971e-05,-0.0011702087,0.009887552
8509,False,5.962205e-05,-0.01052073,-0.0024772547
8510,False,6.411456e-05,0.008265234,0.022755422
8511,False,6.227184e-05,0.009423892,0.030280504
8512,False,6.6804496e-05,-0.004360597,0.011058623
8513,False,6.262e-05,-0.009104751,0.009814922
8514,False,6.543313e-05,-0.0036174739,0.022709243
8515,False,6.3637846e-05,-0.004412513,0.0373325
8516,False,6.32971e-05,-0.0034486474,0.019889275
8517,False,6.2196435e-05,-0.007328361,0.010695298
8518,False,5.7867433e-05,-0.0044655204,-0.0029635243
8519,False,6.1617764e-05,-0.034386896,-0.036908552
8520,False,6.6980705e-05,-0.026043031,-0.00790998
8521,False,6.4566484e-05,-0.007193666,-0.010372642
8522,False,6.3163374e-05,-0.019771855,0.0035842936
8523,False,6.2300685e-05,-0.03282373,-0.028672112
8524,False,6.311928e-05,-0.002682563,-0.012973856
8525,False,6.435066e-05,-0.00067276694,0.005341852
8526,False,6.450025e-05,0.008912106,0.011942366
8527,False,6.266299e-05,0.0010176781,0.028330024
8528,False,6.364366e-05,0.0077558374,0.02789108
8529,False,6.6502726e-05,0.01953724,0.021230662
8530,False,6.455447e-05,0.018311072,0.0191304
8531,False,6.3255575e-05,-0.0029686633,0.025267165
8532,False,6.2811596e-05,0.013680248,0.023885395
8533,True,6.346851e-05,0.012265805,0.04015001
8534,False,6.2736246e-05,0.016706469,0.03461784
8535,True,6.352961e-05,0.008288152,0.02145526
8536,False,6.470209e-05,0.005793778,0.023757333
8537,True,6.3421576e-05,0.019471098,0.03387858
8538,False,6.2720545e-05,-0.005649966,0.029182784
8539,False,6.1620085e-05,-0.00057654455,0.036574725
8540,False,6.36897e-05,0.018763315,0.018805102
8541,False,6.605036e-05,-0.027876973,0.0105165625
8542,False,6.402414e-05,0.005353543,-0.0001821816
8543,False,6.3033665e-05,-0.0018718243,0.010072011
8544,False,6.838656e-05,-0.005768532,0.013445784
8545,False,6.229085e-05,0.004629938,-0.005938256
8546,False,6.5758475e-05,-0.018853897,0.0021940265
8547,False,6.2535226e-05,-0.0027551549,0.026535297
8548,False,6.482075e-05,0.0014406834,0.026489144
8549,False,6.611749e-05,0.004369856,0.025477309
8550,False,6.218182e-05,-0.02510105,0.0022378508
8551,False,6.3188534e-05,0.006813463,0.029195927
8552,False,6.273918e-05,0.01632971,0.015048303
8553,True,6.685198e-05,0.024326801,0.02734941
8554,False,6.2393025e-05,-0.003003765,0.012675952
8555,False,6.3687614e-05,0.002636293,-0.013489906
8556,False,6.472868e-05,0.009500861,0.009530483
8557,False,6.590249e-05,0.0032861196,0.023294631
8558,False,6.412756e-05,-0.028752293,-0.00039213244
8559,False,6.2979074e-05,0.0009818561,0.016828606
8560,False,6.338436e-05,-0.010026001,0.011027902
8561,False,6.276292e-05,0.0019939914,-0.020901278
8562,False,6.541485e-05,-0.016701564,-0.0059260055
8563,False,6.595041e-05,-0.010171603,-0.020787703
8564,False,6.395168e-05,0.008062414,-0.00554497
8565,False,6.4670945e-05,-0.015271144,-0.020647205
8566,False,6.4275926e-05,-0.0075189704,0.0019564265
8567,False,6.116145e-05,0.02204894,-0.004599182
8568,False,6.110401e-05,0.021385875,0.01471217
8569,False,5.974145e-05,0.016030679,0.025979407
8570,False,6.0831546e-05,0.0018137023,0.019641044
8571,True,6.612173e-05,0.009013427,0.039802447
8572,False,6.271978e-05,0.012017353,0.022713572
8573,False,6.2346415e-05,0.017171608,0.039191205
8574,True,6.185441e-05,0.012357656,0.03223354
8575,True,6.014275e-05,0.020096965,0.035137475
8576,True,6.426851e-05,0.012477005,0.011901403
8577,False,7.525493e-05,-0.02959789,-0.0038894787
8578,False,7.2835486e-05,-0.023091227,0.0026017604
8579,False,6.8438894e-05,-0.010564191,-0.005397979
8580,False,6.738963e-05,-0.021645777,0.002849536
8581,False,6.729191e-05,-0.011534887,-0.005159639
8582,False,6.835099e-05,-0.009095264,0.010794796
8583,False,6.272008e-05,0.005386253,0.0080448985
8584,False,6.364317e-05,-0.012180365,-0.010927504
8585,False,6.439341e-05,0.015585558,-0.009455275
8586,False,7.133346e-05,-0.0056033134,0.0121054165
8587,False,7.0038586e-05,-0.000351768,0.0025837068
8588,False,7.034965e-05,0.0076233847,0.006062666
8589,False,6.440497e-05,-0.0043950146,0.0047779214
8590,False,6.418728e-05,-0.0006476836,0.00079294667
8591,False,6.978159e-05,-0.015786123,-0.01799858
8592,False,6.999992e-05,-0.009920354,-0.0063438043
8593,False,7.028965e-05,-0.015061067,0.015886232
8594,False,7.05985e-05,-0.005093544,0.0048579825
8595,False,6.9079295e-05,-0.0009761136,-0.0006913487
8596,False,6.822894e-05,-0.009165959,-0.011792999
8597,False,6.693855e-05,-0.009068081,0.013296797
8598,False,6.599962e-05,-0.0085267555,-0.012106936
8599,True,6.749923e-05,0.0068339473,0.013306504
8600,True,6.542365e-05,0.027946364,0.008834131
8601,True,6.4224834e-05,0.0029797684,0.022189114
8602,True,6.100168e-05,0.020794969,0.00071420893
8603,True,6.4886284e-05,0.020089477,0.017856527
8604,True,6.396954e-05,0.03538867,0.014405746
8605,True,6.289892e-05,0.031268075,0.026881082
8606,True,6.445269e-05,0.010162976,0.009647069
8607,True,6.312274e-05,0.0045530945,-0.0014539342
8608,True,6.1663086e-05,0.0016125683,0.010262139
8609,True,6.6538814e-05,-0.00092630833,0.0077682007
8610,True,6.1113285e-05,0.026923446,0.010690529
8611,True,6.550284e-05,0.004605554,-0.003748104
8612,True,6.191833e-05,0.007968128,0.005892355
8613,True,6.357838e-05,0.01977294,-0.007281363
8614,True,6.3034895e-05,0.025628058,0.0022361893
8615,True,6.2069725e-05,0.011785489,0.035757195
8616,True,6.351916e-05,0.01960526,0.015202584
8617,True,6.5189844e-05,0.012383662,0.016177202
8618,True,5.9621096e-05,0.022281518,0.024369428
8619,True,6.2658786e-05,0.00032844022,0.020697609
8620,True,5.8665977e-05,0.003740809,0.025269486
8621,True,6.21876e-05,0.019596796,0.029277485
8622,True,6.4116364e-05,0.017418273,0.017191553
8623,True,6.326502e-05,0.03472922,0.023792814
8624,True,5.9799168e-05,0.015600916,0.020467782
8625,True,6.0875278e-05,0.0088874735,0.021091262
8626,True,6.575364e-05,-0.005920917,0.009049404
8627,True,6.446671e-05,-0.008635882,0.009267086
8628,False,6.0827148e-05,-0.0072325007,0.022435613
8629,False,6.16231e-05,0.011902608,0.0063617583
8630,True,6.4708765e-05,-0.00019021519,0.0017687641
8631,True,6.468e-05,0.0074583255,0.009814469
8632,False,6.210795e-05,0.00022177212,0.011717033
8633,False,6.440266e-05,0.008714131,0.027620837
8634,True,6.445492e-05,0.00427342,-0.002320893
8635,False,6.695094e-05,0.010694005,0.017440638
8636,True,6.253711e-05,-0.0049480544,0.0021930477
8637,True,6.405838e-05,-0.0044640964,0.009236124
8638,False,6.310088e-05,-0.0029712673,0.012707831
8639,False,5.9909176e-05,0.0034903288,-0.010101208
8640,False,5.9327103e-05,0.0003351085,-0.0056385845
8641,True,6.244194e-05,0.010362126,-0.0040141614
8642,True,6.240188e-05,0.0027449457,0.013367911
8643,False,6.296994e-05,-0.0002577994,0.012752643
8644,True,6.0750383e-05,0.00946505,0.017607875
8645,True,6.166162e-05,0.026745554,0.0194243
8646,False,6.2485815e-05,0.025405407,0.005952079
8647,False,6.090754e-05,0.01115538,0.017239647
8648,False,6.814012e-05,0.003922128,0.01315445
8649,False,6.505657e-05,0.00023588026,0.018692954
8650,True,6.5756256e-05,0.014179543,0.03960363
8651,False,6.853522e-05,0.0055952035,0.0069925776
8652,False,6.249061e-05,-0.003637134,0.0062121805
8653,False,6.3353305e-05,-0.0016240859,0.00990082
8654,True,6.141433e-05,-0.0158192,0.016489692
8655,False,6.3577594e-05,-0.015493298,0.0065446496
8656,False,6.53848e-05,0.004619267,0.019988656
8657,False,6.371786e-05,-0.008529397,0.0134355165
8658,False,6.40563e-05,-0.016285367,0.01314008
8659,False,6.4720036e-05,2.1182e-05,0.0019941488
8660,False,6.583506e-05,-0.007533001,0.023954121
8661,False,6.511013e-05,-0.007062276,0.022326775
8662,False,6.434925e-05,-0.015975691,0.0121530425
8663,False,6.2783874e-05,0.0062737875,0.027479228
8664,False,6.612432e-05,0.022753334,0.022201978
8665,False,6.1007053e-05,-0.01604833,0.01900011
8666,False,6.311964e-05,-0.0071017556,0.011607746
8667,False,6.293931e-05,0.0052912235,0.025174145
8668,False,6.269827e-05,0.0041642897,0.017387245
8669,False,6.0496066e-05,0.0015638582,0.014525756
8670,False,6.259637e-05,-0.0054885047,0.032761395
8671,False,5.970881e-05,0.0037701167,0.021977216
8672,False,6.05012e-05,0.00050587207,0.024632748
8673,False,5.99395e-05,-0.00054743374,0.013787952
8674,False,5.999822e-05,0.0047003683,0.009123543
8675,False,6.345847e-05,-0.0034358688,-0.02741988
8676,False,6.59962e-05,-0.025870424,-0.015952062
8677,False,6.51236e-05,-0.024609827,-0.016916415
8678,False,6.0718095e-05,-0.019472737,0.011276076
8679,False,6.163969e-05,0.00630656,0.010040525
8680,False,5.965352e-05,-0.0008874908,0.012327274
8681,False,6.709814e-05,0.0028623967,0.02668787
8682,False,5.8658516e-05,0.007863034,0.025098272
8683,False,6.43854e-05,-0.026340403,-0.029502414
8684,False,6.272967e-05,0.009210577,0.029472182
8685,False,6.779891e-05,0.0070684776,0.0010618214
8686,False,6.371793e-05,0.018868605,0.02257079
8687,False,6.4822976e-05,0.0052310675,0.019203447
8688,False,6.660847e-05,0.0096849855,0.015944602
8689,True,5.880914e-05,0.016283726,0.0301743
8690,False,6.318134e-05,0.024371855,0.024607912
8691,False,6.705442e-05,0.01607452,0.04100353
8692,False,6.4157546e-05,0.007789492,0.03320442
8693,False,6.629374e-05,0.014467787,0.024112243
8694,False,6.420518e-05,0.01961766,0.027792001
8695,True,6.322007e-05,-8.623302e-05,0.016653797
8696,False,6.396158e-05,-0.002037339,0.019123295
8697,False,6.4599015e-05,-0.0089169955,0.00026635733
8698,False,6.081859e-05,0.00555484,0.0030358685
8699,False,5.8939502e-05,0.010777637,0.019843541
8700,False,6.451581e-05,0.013132384,0.015130412
8701,False,6.321568e-05,0.003297681,0.019145502
8702,False,6.437598e-05,-0.016247097,0.01501445
8703,False,6.2236446e-05,-0.006514037,0.0043767365
8704,False,6.452321e-05,0.012421001,-0.0066865496
8705,False,6.151759e-05,0.011745226,0.00901502
8706,False,6.0631035e-05,-0.008027923,-0.020769648
8707,False,6.175071e-05,-0.005154933,0.0055424087
8708,True,6.347515e-05,0.0047183223,0.03573387
8709,True,6.3436164e-05,0.023826517,0.009423025
8710,False,6.234877e-05,0.024774928,0.0142382085
8711,False,6.166749e-05,0.007439264,0.020152343
8712,False,6.56504e-05,-0.0017264369,0.014499692
8713,False,6.2210354e-05,0.0121862395,0.023704434
8714,False,6.377895e-05,0.010159085,-0.011865952
8715,False,6.180763e-05,-0.014111862,-0.0056110956
8716,False,6.2115236e-05,0.0010937005,0.013146207
8717,False,6.5012406e-05,0.015101198,0.0008715801
8718,False,6.415966e-05,-0.00914075,0.009565202
8719,False,6.612077e-05,-0.024755064,-0.0137081295
8720,False,6.619879e-05,-0.012495948,0.01391918
8721,False,6.273749e-05,0.017435482,0.017268315
8722,False,6.224146e-05,-0.00973163,0.011348335
8723,False,6.532865e-05,0.008063063,0.0071937246
8724,True,6.0086993e-05,0.008166175,0.008018503
8725,True,6.265799e-05,0.023836259,0.017704591
8726,False,6.430801e-05,-0.00248376,0.02819348
8727,False,6.185879e-05,-0.00084565673,0.029556263
8728,True,6.239824e-05,0.015935898,0.034654588
8729,False,6.420085e-05,0.009618863,0.025355756
8730,False,6.4252265e-05,-0.0034243455,0.036212686
8731,False,6.621924e-05,0.002397921,0.03607989
8732,True,6.1550985e-05,0.0028552935,0.001747977
8733,False,6.3584856e-05,-0.0060467734,0.022141855
8734,False,6.1526865e-05,0.0035222592,0.0069918074
8735,False,7.5727825e-05,-0.02606591,-0.008239357
8736,False,6.9607304e-05,-0.01493169,0.002204799
8737,False,6.7065055e-05,-0.00081705116,-0.0022813603
8738,False,7.209238e-05,-0.0024633706,-0.0055828746
8739,False,6.801997e-05,-0.017321575,-0.0017899107
8740,False,6.6627545e-05,-0.010334402,0.01888831
8741,False,6.600542e-05,-0.0050090756,0.004196545
8742,False,6.391211e-05,0.009442676,-0.00065557286
8743,False,6.7774934e-05,-0.011871906,0.007538289
8744,False,6.8759764e-05,-0.0043661,-0.006388168
8745,False,6.731185e-05,-0.009151791,-0.00061202515
8746,False,6.601585e-05,-0.005738561,0.004164177
8747,False,6.492159e-05,0.00085074175,-0.0024318397
8748,False,6.452531e-05,-0.012640298,-0.003230716
8749,False,6.697794e-05,-0.013865989,-0.0074175103
8750,False,6.851304e-05,-0.0031336527,-0.005866731
8751,False,7.057451e-05,-0.014527713,-0.004723926
8752,False,6.894705e-05,-0.014988506,-0.013502776
8753,False,6.9500325e-05,-0.012390792,-0.011489222
8754,False,6.7780464e-05,-0.009434235,-0.009614653
8755,False,6.851436e-05,-0.016171582,-0.007952683
8756,False,6.8026944e-05,-0.015666798,-0.0028758533
8757,False,6.658043e-05,-0.009480525,-0.0014926828
8758,True,6.435688e-05,0.008245851,0.005757964
8759,True,6.2086685e-05,0.008689292,-0.014256408
8760,True,6.103227e-05,0.010705843,0.013755394
8761,True,6.188999e-05,0.026792776,0.0203033
8762,True,6.210421e-05,0.0015179776,0.015583949
8763,True,6.400946e-05,0.017436694,0.0073019527
8764,True,5.9742175e-05,0.017318815,-0.0025561247
8765,True,6.302728e-05,0.013459183,0.013172051
8766,True,6.363463e-05,0.020593314,0.000712974
8767,True,6.149796e-05,0.016569389,-0.0093456
8768,True,6.533746e-05,-0.0016783029,-0.012308234
8769,True,6.164933e-05,0.008599207,0.0062884074
8770,True,6.206364e-05,0.016293567,0.0147430375
8771,True,6.542117e-05,7.5645745e-05,0.007719416
8772,True,6.082228e-05,0.019653495,0.004756974
8773,False,6.621018e-05,-0.0005879961,-0.019028602
8774,True,6.383471e-05,0.011462145,0.0067709032
8775,False,5.949783e-05,0.01215108,0.021885805
8776,False,6.205603e-05,0.014834623,0.025665399
8777,True,6.405199e-05,0.017424338,0.008295251
8778,True,5.92569e-05,0.011028264,0.017722897
8779,True,6.396004e-05,0.020197174,0.016121928
8780,True,6.556779e-05,0.0131650865,0.012174901
8781,True,5.9482343e-05,0.019078316,0.019020813
8782,False,6.263207e-05,0.009567974,0.010944437
8783,True,6.594279e-05,0.004983248,0.020445865
8784,False,6.272152e-05,0.016623285,0.009901144
8785,True,6.288854e-05,0.0034644334,0.010064267
8786,False,6.2785315e-05,0.0015597055,0.006115187
8787,True,6.3990534e-05,0.0136778075,0.008005017
8788,False,6.401722e-05,0.007555324,0.012334712
8789,False,6.645209e-05,0.023834158,-0.0016008168
8790,True,6.5778164e-05,0.0003265757,0.01843139
8791,True,6.537431e-05,0.009105915,0.01281717
8792,False,6.6355795e-05,-0.0057536,0.005883109
8793,True,6.364863e-05,0.012142805,0.003433222
8794,True,6.0509305e-05,0.006426057,0.005540097
8795,False,6.648278e-05,-0.002779726,0.0002982188
8796,False,6.4509826e-05,-0.0010988917,-0.0035455972
8797,False,6.355597e-05,-0.0005343072,0.0051272493
8798,False,6.0082213e-05,0.013494457,-0.013797464
8799,False,6.252948e-05,0.012159159,-0.0029449463
8800,False,6.080117e-05,0.013673028,-0.0038849153
8801,False,6.252173e-05,-0.008564128,-0.00855165
8802,False,6.1286555e-05,0.021127604,0.004454134
8803,False,6.469586e-05,0.024928968,0.018959584
8804,False,6.408943e-05,0.003440748,-0.009652295
8805,True,6.510825e-05,0.004640164,0.012004317
8806,False,6.638227e-05,-0.0060125804,0.0134876
8807,False,6.7635614e-05,-0.0076398887,0.0146185765
8808,False,6.17845e-05,-0.0029689074,0.013244823
8809,False,6.298009e-05,0.007935172,0.020090312
8810,True,6.162978e-05,0.0055547724,0.0074190516
8811,True,6.249605e-05,-0.0049389023,-0.0031170258
8812,False,6.4565356e-05,0.012121711,0.009077448
8813,True,6.485524e-05,0.021489732,0.004599504
8814,False,6.3815394e-05,0.009772662,0.008662093
8815,False,6.7696405e-05,0.010654135,0.01810438
8816,True,6.235354e-05,-0.00034977123,0.019178927
8817,False,6.476953e-05,-0.003534902,0.018372256
8818,True,6.646765e-05,-0.0045109503,0.025978528
8819,False,6.406838e-05,-0.0040849894,0.010308383
8820,False,6.498166e-05,0.0023982958,0.0059007844
8821,False,6.447237e-05,0.01704159,0.009843729
8822,False,6.455127e-05,-0.0038343463,0.013035618
8823,False,6.490423e-05,0.0020686332,0.009770626
8824,False,6.603104e-05,-0.006601768,-0.011071002
8825,False,6.8926056e-05,0.0060162246,0.0036406964
8826,False,6.350337e-05,0.0011644289,0.008883834
8827,False,6.3365245e-05,-0.0132928565,0.008998163
8828,False,6.488123e-05,-0.008187552,0.015562496
8829,False,6.32595e-05,-0.0050988924,0.0014692694
8830,False,6.0051203e-05,0.017422855,0.015141452
8831,False,6.191334e-05,-0.0005417634,0.013302781
8832,False,6.171582e-05,-0.009910835,0.0069967574
8833,False,6.525156e-05,-0.027703619,-0.004551719
8834,False,6.3653475e-05,-0.004750477,0.018159702
8835,False,6.323983e-05,-0.028946918,-0.0055800937
8836,False,5.8716294e-05,0.008658312,0.009134157
8837,True,6.3936226e-05,0.009424967,0.0016304385
8838,False,6.347455e-05,0.026782844,0.01482716
8839,False,6.458215e-05,0.009772873,0.022643238
8840,False,6.170059e-05,0.026043925,0.017269388
8841,False,6.209235e-05,0.0041352585,-0.006046015
8842,True,6.3263054e-05,0.009114955,0.021314127
8843,True,6.3997286e-05,0.0045233713,0.0062387018
8844,False,6.414171e-05,0.018508703,0.022544192
8845,False,6.299057e-05,-0.0027480288,0.01129576
8846,False,6.268934e-05,0.0051427633,0.030841278
8847,False,6.195734e-05,-0.009836929,0.019633016
8848,False,6.428039e-05,0.0023507997,0.019756738
8849,False,6.570835e-05,0.015404649,0.013271846
8850,False,6.4669046e-05,-0.0072966837,0.023016604
8851,False,6.697559e-05,-0.010811484,0.012222952
8852,False,6.5749125e-05,0.0074048806,0.0032762978
8853,False,6.4221334e-05,-0.0058008246,0.024558969
8854,False,6.62928e-05,-0.010682643,0.017529754
8855,False,6.562515e-05,0.009830621,0.023683738
8856,False,6.280664e-05,0.007529714,0.020994088
8857,False,6.141158e-05,0.0051152874,0.016701499
8858,False,6.247641e-05,0.00089380797,0.006163964
8859,False,6.576761e-05,-0.0037036184,0.0252237
8860,False,6.652108e-05,0.014443703,0.011698835
8861,False,6.342916e-05,0.01309414,0.01797976
8862,False,5.8108635e-05,-0.0029474068,-0.00871544
8863,False,6.0690272e-05,-0.014409475,-0.010349579
8864,False,6.0704027e-05,-0.0038070753,0.0029852781
8865,False,6.0890605e-05,0.0033645122,-0.0014890954
8866,False,6.103959e-05,0.000921417,-0.0047991294
8867,True,6.0058097e-05,0.010060862,0.013124826
8868,False,6.416762e-05,0.0068652444,0.022515293
8869,False,6.0808743e-05,-0.012496612,0.021035653
8870,False,6.286308e-05,0.0050257873,0.030211097
8871,False,6.3047264e-05,-0.0008264147,0.03325206
8872,False,6.100912e-05,0.0074045584,0.026994772
8873,False,6.2117506e-05,-0.010968201,-0.008015012
8874,False,6.181713e-05,0.00982931,0.017396333
8875,False,6.349583e-05,0.006562611,0.008976622
8876,False,6.277847e-05,-0.008105991,-0.0053032683
8877,False,6.4998916e-05,-0.0192222,-0.010635039
8878,False,6.301264e-05,-0.011932892,0.004091639
8879,False,6.3588486e-05,0.0009957431,0.0025050072
8880,False,6.183878e-05,-0.0010558572,0.001544809
8881,False,6.364037e-05,0.0027914206,0.013836971
8882,False,6.379198e-05,0.0071958974,0.0055960827
8883,False,6.3826716e-05,0.0050297724,0.0049658082
8884,False,6.514274e-05,-0.0034127738,0.023809902
8885,False,6.537304e-05,-0.009100317,0.014108088
8886,False,6.96414e-05,9.845197e-05,0.030018013
8887,False,6.574194e-05,0.0031108353,0.008900794
8888,False,6.800387e-05,-0.008052251,0.0135789495
8889,True,6.4367974e-05,0.0012877882,0.026057396
8890,False,6.4142565e-05,-0.0013579726,0.00842323
8891,False,6.5268505e-05,0.0075564273,0.019379884
8892,False,6.377551e-05,0.0042604944,0.018627211
8893,False,7.015467e-05,-0.037672155,-0.008463977
8894,False,7.1217364e-05,-0.027456388,-0.0034188833
8895,False,7.069067e-05,-0.0018442906,-0.003935242
8896,False,6.984827e-05,0.00072177406,-0.004604947
8897,False,6.831109e-05,-0.009052245,-0.025749104
8898,False,6.978026e-05,-0.0012166612,-0.0138625335
8899,False,6.562915e-05,-0.009618489,0.0013855454
8900,False,6.676042e-05,-0.007653975,-0.0023740204
8901,False,6.662011e-05,0.0015471997,-0.003077311
8902,False,6.879125e-05,-0.00364869,0.004769367
8903,False,7.038634e-05,0.0012538182,-0.005475268
8904,False,6.728166e-05,-0.0049942043,-0.0031470289
8905,False,6.443722e-05,-0.0053773206,0.007799931
8906,False,6.698836e-05,0.0063589076,0.006329468
8907,False,6.82953e-05,0.0033011502,-0.0055119125
8908,False,6.9560214e-05,-0.0145248035,0.0010414179
8909,False,6.6613204e-05,-0.015510785,0.0010356046
8910,False,7.0172304e-05,-0.0015160656,-0.0062524723
8911,False,6.6055814e-05,-0.012070036,-0.0034824046
8912,False,6.648113e-05,-0.00386866,-0.008057574
8913,False,6.7011446e-05,-0.0014991164,0.016869165
8914,False,7.061919e-05,0.005043512,0.011640884
8915,False,6.6612694e-05,-0.011593316,-0.011090348
8916,False,6.538484e-05,0.02026559,-0.02538377
8917,True,6.3742125e-05,0.0058918158,-0.020950466
8918,True,6.425497e-05,0.006922587,-0.010808207
8919,True,6.823213e-05,-0.0068499497,-0.0038236883
8920,True,6.209682e-05,-0.009750597,-0.002225751
8921,True,6.291672e-05,0.010296734,-0.016169596
8922,True,6.1483406e-05,0.022930091,0.021337131
8923,True,6.133321e-05,0.014600247,0.015923638
8924,True,5.9117938e-05,0.017340394,0.016519979
8925,True,5.998303e-05,0.019450448,0.0059679244
8926,True,5.675645e-05,0.023766786,0.0060055237
8927,True,5.9426926e-05,0.012422904,0.0020785052
8928,True,6.50488e-05,0.0022936743,-0.017182635
8929,True,6.3925094e-05,0.01400288,-0.0038854964
8930,True,6.627453e-05,-0.01018285,-0.011797174
8931,True,6.620157e-05,-0.0026459415,0.0068222024
8932,False,5.8574853e-05,0.0026529515,0.017330691
8933,False,6.051223e-05,-0.012404002,-0.008184288
8934,False,5.8464786e-05,-0.0015477911,0.006583931
8935,True,5.949119e-05,0.0105724335,0.010426054
8936,True,6.366967e-05,0.0045600906,0.006461369
8937,True,6.272975e-05,0.0023809727,-0.005933388
8938,True,6.2817584e-05,-0.0031356318,0.010461936
8939,True,6.0506267e-05,0.013714809,-0.0021692645
8940,False,6.2232386e-05,0.0073970295,0.03537984
8941,False,6.513361e-05,0.007168644,0.004517652
8942,False,6.442354e-05,0.0009779893,-0.0067822877
8943,False,6.4738146e-05,-0.011602467,0.013934532
8944,False,6.2960535e-05,-0.0030679205,0.0040878933
8945,True,6.151592e-05,0.013464749,0.00013145432
8946,True,6.681278e-05,0.014589798,0.016471019
8947,False,6.124326e-05,0.0025329515,-0.008898996
8948,False,6.245588e-05,-0.0006284695,0.011289921
8949,True,6.759912e-05,-0.005655803,0.005533904
8950,False,6.143131e-05,-0.008900303,0.010770982
8951,False,6.199895e-05,-0.0006005941,0.0051146336
8952,False,6.5274595e-05,-0.008946828,0.009278685
8953,False,6.496943e-05,0.0005021449,0.004688477
8954,False,6.505362e-05,0.0045376876,0.00096612424
8955,True,6.146752e-05,0.0068105506,0.009297514
8956,False,6.304504e-05,-0.0060028387,-0.0006257687
8957,False,6.143904e-05,0.009177659,-0.024843108
8958,True,6.427084e-05,0.0044475254,9.5947646e-05
8959,False,6.5664426e-05,-0.014846835,0.00023207814
8960,False,6.499974e-05,-0.0044456683,-0.014284868
8961,False,6.4119406e-05,-0.0010064943,0.01749807
8962,False,6.558364e-05,-0.006552729,0.0024099457
8963,False,6.131122e-05,-0.012875989,0.008159803
8964,False,6.300318e-05,0.013680121,-0.0042576008
8965,False,6.555996e-05,0.013287913,0.007172265
8966,True,6.603565e-05,0.016561443,0.013538355
8967,True,5.9958453e-05,0.011911686,0.016565247
8968,True,5.9575697e-05,0.0031507388,0.012393805
8969,False,6.415456e-05,-0.0014596544,0.009231379
8970,True,6.5242195e-05,0.015511033,0.00057418644
8971,False,6.6868895e-05,0.0068601407,0.025917739
8972,True,6.548899e-05,-0.0042604646,0.0022580307
8973,False,6.455983e-05,-0.002413895,0.016221695
8974,False,6.650625e-05,0.0060162246,0.016443912
8975,False,6.458345e-05,-0.005402563,0.01991926
8976,True,6.536116e-05,0.0035742885,0.015621856
8977,False,6.329297e-05,0.020807926,0.016829753
8978,False,6.648942e-05,0.015232129,0.024435095
8979,False,6.39598e-05,0.0071860515,0.0137509825
8980,False,6.610991e-05,-0.006739727,0.007804865
8981,False,6.101693e-05,-0.0070516374,0.0017034551
8982,True,6.050962e-05,0.0037678797,0.02308353
8983,False,6.725524e-05,0.0049586166,0.009352531
8984,False,6.592965e-05,0.0007391558,0.015441982
8985,True,6.244034e-05,-0.00677233,0.0021659322
8986,False,6.277093e-05,-0.0015265476,0.022995116
8987,False,6.236782e-05,-0.01057083,-0.0034800721
8988,False,6.1219485e-05,-0.0024184166,-0.0029053073
8989,False,6.394163e-05,-0.010868478,0.013712922
8990,False,6.0479495e-05,-0.030460987,-0.013678316
8991,False,6.404772e-05,-0.031847186,-0.011624519
8992,False,6.3725834e-05,-0.01434277,-0.0102856755
8993,False,6.1241975e-05,-0.002112218,-0.008512897
8994,True,6.2878826e-05,0.01048157,0.014841536
8995,True,6.278258e-05,0.0069898814,0.016930377
8996,True,6.5306536e-05,0.0037185848,0.028112987
8997,False,6.647304e-05,0.017911553,0.028911307
8998,False,6.349421e-05,0.009629788,0.032345384
8999,True,6.464045e-05,0.006748317,0.027138531
9000,False,6.293694e-05,0.017057333,0.024494868
9001,False,6.167908e-05,0.0021260642,0.021620039
9002,False,6.290783e-05,-0.0009692125,0.011159259
9003,True,6.33165e-05,-0.0009188205,0.006240681
9004,False,6.0897695e-05,-0.013817335,0.0013236394
9005,True,5.9566686e-05,-0.0049890317,0.010171741
9006,False,6.267668e-05,0.0063755736,0.009949665
9007,False,6.669377e-05,-0.0053030793,0.020932011
9008,False,6.7923436e-05,-0.004365407,0.018061422
9009,False,6.9062036e-05,-0.018355776,-0.0044203047
9010,False,6.794796e-05,-0.0131306555,-0.0028664158
9011,False,6.844802e-05,-0.014129042,0.026241576
9012,False,6.508763e-05,0.013232244,0.012210557
9013,False,6.163996e-05,0.0035295668,0.015642736
9014,False,6.4450454e-05,0.006028047,0.011011073
9015,False,6.4124506e-05,-0.014976935,0.011210663
9016,False,6.955508e-05,0.002832544,0.011627426
9017,False,7.0189795e-05,-1.0846183e-05,0.034365308
9018,False,6.29733e-05,-0.008748855,0.011213934
9019,False,6.2736246e-05,-0.0054491404,0.008210737
9020,False,6.006334e-05,-0.0030954126,0.006549593
9021,False,6.138601e-05,0.0077476352,-0.007973732
9022,False,6.105458e-05,-0.0048463056,-0.003346745
9023,False,6.2752144e-05,0.0030294312,-0.004443327
9024,False,6.294338e-05,0.0060181227,0.009772321
9025,False,6.310848e-05,0.022398744,-0.0008500032
9026,False,6.6247165e-05,0.0072773397,-0.010359246
9027,False,6.505275e-05,0.0025267936,-0.00064164214
9028,False,6.273599e-05,-0.019961894,-0.028550033
9029,False,6.302178e-05,-0.029060189,-0.036677137
9030,False,6.141199e-05,0.015578257,-0.013785354
9031,False,6.393026e-05,0.0046850992,0.022947356
9032,True,6.581712e-05,0.010267783,0.008692091
9033,False,6.0617946e-05,-0.008030318,-0.014180241
9034,False,6.712939e-05,-0.021266047,-0.008078314
9035,False,6.110893e-05,-0.014119611,-0.008441597
9036,False,6.569045e-05,-0.018448494,-0.003038315
9037,False,6.451905e-05,-0.010878095,-0.009593889
9038,True,6.285132e-05,0.0026279315,0.022347152
9039,False,6.390052e-05,0.0105762165,0.012098707
9040,False,6.433242e-05,0.009035323,0.024033384
9041,False,6.368162e-05,-0.0030807927,0.0063830493
9042,False,6.3675965e-05,-0.025334891,0.009366549
9043,False,6.7503104e-05,-0.0017189607,0.02973676
9044,False,6.688681e-05,-0.009020859,0.022789305
9045,False,6.345868e-05,-0.0022989083,0.017795611
9046,True,6.506772e-05,0.0050993133,0.00949556
9047,True,6.291415e-05,0.0070969593,-0.0019601174
9048,False,6.333347e-05,-0.014968335,0.005270466
9049,False,6.707079e-05,-0.006719525,0.01351882
9050,False,6.5490254e-05,-0.017895207,-0.0084076915
9051,False,7.151284e-05,-0.031301044,-0.018656133
9052,False,7.490189e-05,-0.021344319,0.005625759
9053,False,6.926001e-05,-0.026241284,-0.007250564
9054,False,6.323921e-05,0.007945249,0.0012054276
9055,False,6.773972e-05,-0.0038640555,-0.0168642
9056,False,6.849976e-05,0.0016283416,-0.02225614
9057,False,6.4646774e-05,-0.002157582,-0.008787186
9058,False,6.655685e-05,-0.0026287017,-0.0048959106
9059,False,6.744947e-05,-0.009673302,0.0031948744
9060,False,6.90576e-05,-0.001469098,0.008219904
9061,False,6.96356e-05,0.0042801886,0.0030031744
9062,False,6.754276e-05,0.008471623,-0.001627177
9063,False,6.346128e-05,-0.009449401,0.010454828
9064,False,7.007081e-05,0.0034294091,0.009784244
9065,False,6.890298e-05,0.008238888,0.010054597
9066,False,6.516194e-05,-0.007753519,0.009180019
9067,False,6.6138884e-05,-0.012533297,-0.009170003
9068,False,6.869972e-05,-0.01797078,-0.012596013
9069,False,6.809531e-05,-0.017564796,-0.0110802725
9070,False,6.746156e-05,-0.0027284794,-0.0045121405
9071,False,6.624806e-05,-0.0068032662,0.01833155
9072,False,6.736498e-05,-0.0012588385,-0.01586729
9073,False,6.5898326e-05,-0.007754133,-0.015429413
9074,True,6.526373e-05,0.0067102183,0.010456072
9075,True,6.535091e-05,-0.005450543,-0.015240788
9076,True,6.066322e-05,0.014778459,-0.016037002
9077,False,6.523146e-05,0.00018768758,-0.019205173
9078,True,6.313746e-05,-0.008792575,-0.03415571
9079,True,6.003484e-05,0.013740143,-0.005973
9080,True,6.2579194e-05,0.0010796925,0.016738437
9081,True,6.304597e-05,0.014551366,0.007784281
9082,True,6.5551976e-05,0.020788655,0.0015698746
9083,True,6.14329e-05,0.012573928,0.010126021
9084,True,6.1281484e-05,0.0063344873,0.0013989862
9085,True,6.3469124e-05,0.0030812714,0.0027938131
9086,True,6.4113585e-05,0.01777172,-0.0040668994
9087,True,6.760174e-05,0.0012916476,-0.00744319
9088,True,6.598029e-05,0.016193587,-0.013547736
9089,True,5.9159836e-05,-0.0101939095,-0.007608517
9090,False,6.275111e-05,0.0028467495,0.007729642
9091,True,6.13822e-05,-0.0035598297,0.01283148
9092,True,6.285439e-05,0.0045994,0.018029705
9093,True,6.186365e-05,-0.0053242818,0.010201301
9094,True,6.3576306e-05,0.016054358,0.02014184
9095,True,6.11198e-05,0.008994995,0.016917268
9096,True,6.2755425e-05,0.0067547522,0.026163677
9097,True,6.42714e-05,0.011587414,0.012429364
9098,False,6.2889376e-05,0.017500572,0.0046580844
9099,False,6.180255e-05,0.002307862,0.004175864
9100,False,6.179848e-05,0.002288607,-0.0007189894
9101,True,6.100839e-05,0.00073421,0.004350789
9102,False,6.483715e-05,-0.006882879,0.0040692315
9103,True,6.381438e-05,0.009087265,0.0063532228
9104,False,6.8164256e-05,0.00907003,0.011981488
9105,True,6.1950115e-05,-0.0034897905,0.011808319
9106,True,6.6377586e-05,-0.0030539315,0.022734566
9107,True,6.707692e-05,-0.0037443633,0.0066865925
9108,True,6.321824e-05,-0.0030775117,-0.00047514588
9109,False,6.174509e-05,0.005087383,0.023522202
9110,False,6.192831e-05,0.011437215,0.00018577278
9111,False,6.291815e-05,0.016360287,0.016923457
9112,False,6.474387e-05,-0.006159056,0.018521156
9113,True,6.265299e-05,-0.00038365088,0.018549165
9114,True,6.027106e-05,0.0013237372,0.009318974
9115,False,6.770147e-05,0.010441592,0.008686272
9116,False,6.604615e-05,-0.020707456,0.0073786285
9117,False,6.311312e-05,-0.010438083,-0.003002569
9118,False,7.035087e-05,0.005002532,0.008266136
9119,False,6.846413e-05,-0.00025036605,0.0115535
9120,True,6.435569e-05,-0.009047184,-0.006573512
9121,True,6.1882834e-05,-0.017326664,0.0034227986
9122,True,6.1848914e-05,0.0126993265,0.0123026
9123,True,6.19218e-05,0.005521789,0.020280894
9124,False,5.9154107e-05,-0.004268651,0.0152429305
9125,False,6.315211e-05,-0.004690988,0.029814737
9126,False,6.0732647e-05,-0.009000845,0.005705733
9127,True,6.288537e-05,0.018444218,-0.004765684
9128,False,6.279966e-05,0.012090497,0.00930922
9129,False,6.0951803e-05,0.0018448401,0.02179767
9130,True,6.202494e-05,0.007968288,0.025728786
9131,False,6.721985e-05,0.010654442,0.024347574
9132,False,6.11975e-05,0.0022025602,0.026704144
9133,False,6.702581e-05,0.023110554,0.01716925
9134,False,6.371637e-05,0.0032624714,0.020163463
9135,False,6.227335e-05,0.0022926969,0.016955335
9136,False,6.2077714e-05,-0.017043866,0.017688174
9137,False,6.0907663e-05,-0.014156694,0.014635867
9138,False,6.407737e-05,0.012058295,0.030483622
9139,False,6.47273e-05,0.014114108,0.029742159
9140,False,6.1064624e-05,0.0057743443,0.018375363
9141,False,6.622068e-05,0.00065314304,0.019357895
9142,False,6.0838855e-05,-0.009462515,0.020783473
9143,False,6.309753e-05,-0.0047684074,0.011702219
9144,False,6.2390565e-05,-0.0075757774,0.01077149
9145,False,6.3450854e-05,0.014104175,0.022091959
9146,False,6.266403e-05,0.0072662374,0.008518178
9147,False,6.483742e-05,0.0006187074,0.012539887
9148,False,6.4647604e-05,-0.014960259,0.0005522873
9149,False,5.9480888e-05,-0.013928736,-0.017409295
9150,False,6.150292e-05,-0.006498566,0.0038964646
9151,False,6.132265e-05,0.017316937,0.019679815
9152,True,6.2328356e-05,0.0069603184,0.0059427638
9153,True,6.336571e-05,-0.0015858291,0.031132149
9154,False,6.55905e-05,0.012915138,0.03698501
9155,False,5.9302838e-05,0.017399589,0.029500848
9156,True,6.462064e-05,0.016815595,0.031906977
9157,False,6.2815685e-05,0.013322756,0.028670441
9158,True,6.760792e-05,0.0026009213,0.03784515
9159,True,6.268311e-05,-0.00539542,0.018311936
9160,False,6.471943e-05,-0.0055947965,0.012557575
9161,False,6.705472e-05,0.0052057467,0.011967091
9162,False,6.302143e-05,-0.0038938131,0.006709461
9163,False,6.2019804e-05,0.00017565116,0.006528142
9164,False,6.6921035e-05,0.010766687,0.02187238
9165,False,6.955895e-05,0.009944612,0.019943291
9166,False,7.0185e-05,0.02295382,0.03780455
9167,False,7.064201e-05,-0.0071650725,0.008285261
9168,False,6.761015e-05,-0.025042534,0.010471861
9169,False,6.2549065e-05,-0.002137974,0.005157778
9170,False,6.2097235e-05,0.016134862,0.019653147
9171,False,6.4733176e-05,0.016748037,0.02002673
9172,True,6.3542044e-05,-0.0023603886,0.018822296
9173,False,6.6242945e-05,-0.008502252,0.012324521
9174,False,6.556982e-05,-0.0049841106,0.02920537
9175,False,6.144684e-05,-0.0038349964,-0.0010132305
9176,False,6.267893e-05,-0.004435474,-0.008478276
9177,False,5.8201254e-05,0.009456053,-0.008423567
9178,False,5.9033184e-05,0.0012554005,0.011147078
9179,False,6.0335617e-05,-0.0099232495,0.010024875
9180,False,6.11613e-05,0.013317505,-0.0054875575
9181,False,6.166351e-05,0.021632228,0.0019697547
9182,False,6.128914e-05,0.03101692,0.0028170608
9183,False,6.238055e-05,0.006200907,0.012657233
9184,False,6.2492494e-05,0.015137841,0.010685595
9185,False,6.171325e-05,0.00071908534,0.0137976315
9186,False,6.578397e-05,-0.011979409,-0.015942674
9187,False,6.242148e-05,0.00754779,-0.021012543
9188,False,6.3227504e-05,-0.002502393,0.012044758
9189,False,6.420749e-05,0.0036895927,0.01121253
9190,False,6.255191e-05,-0.012580759,0.0044315355
9191,False,6.494362e-05,-0.021436326,-0.014889674
9192,False,6.5628694e-05,-0.0137531385,0.009550227
9193,False,6.391008e-05,-0.009932719,0.002254391
9194,False,6.343717e-05,-0.021186035,-0.028922811
9195,False,6.267282e-05,0.0027368693,0.018669138
9196,False,6.6443565e-05,0.0010873275,0.028888851
9197,True,6.4897766e-05,-0.012297596,0.0033600703
9198,False,6.254305e-05,-0.004543959,0.027437905
9199,False,6.567295e-05,0.0031922236,0.022100553
9200,False,7.048565e-05,0.005150348,-0.0015431046
9201,False,6.860268e-05,0.0080931615,0.0036854912
9202,False,6.560752e-05,-0.0050407983,0.012993857
9203,True,6.55673e-05,0.00805244,0.02093009
9204,False,6.308053e-05,0.0038451338,0.003423458
9205,False,6.384597e-05,0.0041826405,0.0033689067
9206,False,6.50198e-05,0.005467739,0.010572547
9207,False,6.631963e-05,-0.015275735,-0.0052043945
9208,False,7.0154856e-05,-0.034519278,0.023257274
9209,False,7.265058e-05,-0.011330027,-0.004294805
9210,False,6.853875e-05,-0.02029708,-0.012345318
9211,False,6.738205e-05,0.00059353746,0.004782946
9212,False,7.1633316e-05,-0.004298496,-0.0020385142
9213,False,6.8783374e-05,-0.011114933,-0.009875525
9214,False,7.079865e-05,-0.011298044,0.013363861
9215,False,6.848156e-05,-0.0068268217,0.003397489
9216,False,6.865843e-05,-0.01142989,0.0040834234
9217,False,6.735955e-05,-0.0038744903,0.009232653
9218,False,6.613525e-05,-0.005143095,0.009572655
9219,False,6.655849e-05,-0.0031302553,0.011538591
9220,False,6.692496e-05,-0.014656338,0.002554207
9221,False,6.8139285e-05,0.0012285486,0.007641511
9222,False,6.668445e-05,-0.0024870532,0.004539497
9223,False,6.763375e-05,0.0014970796,-0.0042337347
9224,False,6.8123496e-05,-0.013253942,-0.011803148
9225,False,6.783836e-05,-0.010806762,0.0037311774
9226,False,6.72661e-05,-0.011052355,-0.009305906
9227,False,6.852058e-05,-0.005821894,-0.01535034
9228,False,6.568556e-05,-0.0035433583,-0.009268099
9229,False,6.4906795e-05,0.0106929345,-0.004678461
9230,True,6.568508e-05,0.019675363,-0.015624195
9231,True,6.239018e-05,0.0059625786,-0.0075554308
9232,False,6.237595e-05,0.0021477658,-0.013944334
9233,True,6.6607645e-05,0.005147122,-0.004272204
9234,True,6.60824e-05,0.013283964,-0.012219869
9235,True,6.008045e-05,0.013067417,-0.016657902
9236,True,6.18427e-05,0.010048911,0.0005125813
9237,True,6.2739615e-05,0.01481827,0.023847494
9238,True,6.4813685e-05,0.021708429,0.010693707
9239,True,6.299016e-05,0.0146091655,0.015222613
9240,True,6.0301732e-05,-0.0045081005,-0.0012710225
9241,True,6.449919e-05,0.0058597773,0.004261053
9242,True,6.356749e-05,0.015935518,-0.0012801066
9243,True,6.4455686e-05,0.012711335,-0.0015717205
9244,True,6.30382e-05,0.00835821,-0.003616875
9245,False,5.8567617e-05,0.004085645,0.01006262
9246,True,6.0006507e-05,0.0069882683,0.011986896
9247,True,6.2086656e-05,0.029374205,0.01676169
9248,True,5.7902715e-05,0.011021305,0.010845909
9249,True,5.820693e-05,0.020025522,0.014998822
9250,True,6.138241e-05,0.0015014671,0.0017205039
9251,True,6.104219e-05,0.006958182,0.015535731
9252,False,6.221994e-05,0.001101586,0.018717367
9253,False,6.553271e-05,0.023787972,0.01952377
9254,True,6.427937e-05,0.0018355483,0.014546689
9255,True,6.403502e-05,0.0055443253,0.028302344
9256,True,6.8739144e-05,0.006286256,0.026411828
9257,True,6.29924e-05,0.008942068,0.012464028
9258,False,6.267233e-05,0.0011649672,0.012675712
9259,False,6.597465e-05,0.009080636,0.0126414485
9260,False,6.611667e-05,0.020060185,0.014250253
9261,True,6.669784e-05,0.006253751,0.013227499
9262,True,6.74982e-05,0.011649558,0.008968755
9263,True,6.0627925e-05,0.025588125,0.0070391716
9264,False,6.4958636e-05,0.0017459206,0.017120799
9265,False,6.450544e-05,0.0008836221,0.0074500013
9266,False,6.64051e-05,0.0022935942,0.016635977
9267,False,6.435961e-05,0.007360994,0.0021132566
9268,False,6.637566e-05,0.013368625,0.017775262
9269,True,6.388187e-05,0.008461628,0.016048638
9270,False,6.308509e-05,0.0026890673,0.010643718
9271,False,6.514549e-05,-0.019347955,0.0030003209
9272,False,6.659291e-05,-0.002524401,0.006501194
9273,False,6.4421976e-05,0.00911862,0.019847125
9274,True,6.1451516e-05,0.015393976,0.009678803
9275,True,6.4344786e-05,-0.0020807106,0.020115325
9276,True,6.464855e-05,0.023647416,0.013708903
9277,True,6.1099134e-05,0.015269722,0.016874244
9278,True,6.7163855e-05,0.0039598253,0.033353955
9279,False,6.731878e-05,-0.0043891743,0.025493171
9280,False,6.77307e-05,0.020353964,0.03476021
9281,False,6.4500935e-05,0.018895626,0.014709278
9282,True,6.43811e-05,0.012252737,0.015269786
9283,False,6.642279e-05,0.017712567,0.037456486
9284,False,6.6001216e-05,-0.0012540594,0.03626357
9285,False,6.737875e-05,-0.0015900359,0.026385002
9286,False,6.474763e-05,0.012014778,0.03899761
9287,True,6.45139e-05,0.0040805023,0.022056986
9288,False,6.5495115e-05,0.010819728,0.016426219
9289,False,6.523832e-05,0.008618096,0.012973671
9290,False,6.164467e-05,-0.033606946,-0.021408461
9291,True,6.835435e-05,0.012159541,0.027238276
9292,False,6.875529e-05,0.002609672,0.037051894
9293,False,6.6323606e-05,0.006091045,0.011314763
9294,False,6.518795e-05,0.00018007867,0.03156441
9295,False,6.394765e-05,-0.002114202,0.012850262
9296,False,6.0721228e-05,-0.017332952,0.013781393
9297,False,6.2726824e-05,-0.0032083858,0.025547516
9298,False,6.3013664e-05,-0.007929601,0.02638044
9299,False,6.396817e-05,-0.019204533,0.010101743
9300,False,6.525664e-05,-0.012206582,-5.8379024e-05
9301,False,6.221461e-05,0.0021838155,0.0070428317
9302,False,5.910695e-05,0.0050785523,0.014838782
9303,False,6.317596e-05,-0.005049924,0.021787243
9304,False,6.1778424e-05,0.012829741,0.021417234
9305,False,6.173186e-05,0.005589163,0.0047278823
9306,True,6.351503e-05,0.018937139,0.038908053
9307,True,6.3097934e-05,0.018527761,0.028009985
9308,True,6.228929e-05,0.013944548,0.02990146
9309,True,6.319185e-05,0.016028963,0.03912492
9310,False,6.3894295e-05,0.017931536,0.034136273
9311,False,6.937047e-05,0.014756184,0.024741588
9312,False,6.497774e-05,0.016698174,0.027805597
9313,True,6.418739e-05,-0.0066625513,0.0214199
9314,True,6.561643e-05,0.0017997399,0.015691057
9315,True,6.655085e-05,0.007640605,0.023383314
9316,True,6.109268e-05,0.0025683679,0.0029223415
9317,False,6.281033e-05,0.0021724366,0.015921915
9318,False,6.7128065e-05,0.0020602923,0.018708251
9319,False,6.845255e-05,-0.0045856703,0.030937977
9320,False,6.0527545e-05,0.0059917495,0.0036956305
9321,False,6.380456e-05,0.010372734,0.030897984
9322,False,6.637624e-05,-0.00816324,0.044550173
9323,False,6.794971e-05,0.00024918187,0.0012277793
9324,False,6.7004614e-05,0.005345296,0.012632611
9325,False,6.356957e-05,0.0003468967,0.012321059
9326,False,6.5518e-05,0.0059515806,0.032024305
9327,False,6.902198e-05,0.0037720762,0.013899163
9328,True,6.2724226e-05,-0.0035528615,0.020264603
9329,False,6.395409e-05,-0.0021272711,0.020020928
9330,False,6.192177e-05,0.005686766,0.0043056644
9331,False,6.363566e-05,0.0015447792,-0.004253719
9332,False,6.118749e-05,0.0057620415,-0.0014979243
9333,False,6.124653e-05,8.202251e-05,0.0041789003
9334,False,6.050746e-05,-0.011694456,0.006404343
9335,False,6.016048e-05,-0.009097058,0.016513377
9336,False,6.293277e-05,0.010193084,-0.0024911314
9337,False,6.189234e-05,0.029703438,-0.005138546
9338,False,6.138769e-05,0.009779433,0.010494379
9339,False,6.2235646e-05,0.009341049,0.014010802
9340,False,6.2902196e-05,0.008478215,0.021585722
9341,False,6.338331e-05,-0.0037200572,0.018726222
9342,False,6.322652e-05,-0.0031166133,-0.01771762
9343,False,6.439334e-05,0.008466498,-0.019318
9344,False,6.598628e-05,-0.0019157417,0.009116506
9345,False,6.2994586e-05,0.016653199,0.019873207
9346,False,6.638391e-05,-0.010508186,0.0018729977
9347,False,6.3906205e-05,-0.030263621,-0.0016863821
9348,False,6.354366e-05,-0.023230093,-0.010023333
9349,False,6.0997485e-05,-0.0040314035,0.0065925
9350,False,6.237243e-05,0.00095017627,0.024787704
9351,False,6.2103056e-05,0.008769641,0.021890825
9352,False,6.0631268e-05,-0.0076442566,0.018995412
9353,False,6.345546e-05,0.00034400914,0.035739068
9354,False,6.5683394e-05,-0.00237827,0.019223128
9355,False,6.9767324e-05,-0.010325238,-0.0039874343
9356,False,6.647068e-05,-0.021988582,-0.008152404
9357,False,6.5953485e-05,-0.012381273,0.024938056
9358,False,6.3902815e-05,0.008000517,0.011704235
9359,False,6.49266e-05,-0.0030172132,0.016690368
9360,False,6.1613704e-05,0.016219478,0.001571306
9361,False,6.4816886e-05,-0.009663497,-0.006907185
9362,False,6.223746e-05,0.01448548,0.02124489
9363,False,6.284902e-05,0.0041660443,0.019293876
9364,False,7.3190145e-05,-0.03238049,-0.016027499
9365,False,6.7554596e-05,-0.022889711,0.0016255956
9366,False,7.039473e-05,0.0008850554,0.0019655759
9367,False,6.826166e-05,-0.0075916173,-0.0020512082
9368,False,7.050734e-05,0.0010285471,-0.0044917753
9369,False,6.8480105e-05,-0.00044217147,-0.02321287
9370,False,6.943255e-05,-0.0052537024,-0.011039229
9371,False,6.979666e-05,-0.010699835,0.0016926499
9372,False,6.701376e-05,-0.0011198875,-0.0014164196
9373,False,6.539487e-05,-0.0032703346,0.006356718
9374,False,6.708176e-05,-0.006818515,-0.007629145
9375,False,6.7091e-05,-0.005943816,0.008427925
9376,False,6.860776e-05,-0.010476482,0.011143215
9377,False,6.914373e-05,-0.001734551,0.0063725538
9378,False,6.6489105e-05,-0.0041559236,0.0030632354
9379,False,6.61372e-05,-0.0132636065,0.00631224
9380,False,6.8106514e-05,-0.0094193015,-0.0032873042
9381,False,6.96137e-05,-0.010287801,-0.008240169
9382,False,6.708819e-05,-0.011763631,0.006138267
9383,False,6.783005e-05,-0.019728497,0.0063715884
9384,False,6.613552e-05,-0.014137711,-0.0046100356
9385,True,6.5645414e-05,-0.005168829,-0.018292222
9386,True,6.214054e-05,0.007498227,-0.013719872
9387,True,6.1493796e-05,0.017711814,-0.007879002
9388,True,6.495397e-05,0.010064863,-0.009170775
9389,True,6.0292394e-05,0.017655585,-0.004237868
9390,True,6.072956e-05,0.008471401,0.0034587998
9391,True,5.9225265e-05,0.02029474,0.009353995
9392,True,5.901742e-05,0.0040504076,0.0254637
9393,True,6.3655156e-05,0.014759519,0.0044386648
9394,True,5.9617494e-05,0.021891449,0.019385427
9395,True,6.371819e-05,0.005466502,0.018425703
9396,True,6.071633e-05,-0.014872661,0.008226609
9397,True,6.387778e-05,-0.006914798,0.007498434
9398,True,6.15025e-05,0.027325608,0.010978147
9399,True,6.2490915e-05,0.014643395,0.00821878
9400,False,6.138448e-05,0.019774325,0.015382964
9401,True,6.0934562e-05,0.015799295,0.019591548
9402,True,6.1034458e-05,0.026299965,0.020307198
9403,True,6.3440784e-05,0.00932949,0.024518643
9404,True,6.241115e-05,0.013476331,0.016477492
9405,True,5.9614264e-05,0.014160622,0.009709735
9406,True,6.678549e-05,0.015360858,0.025584672
9407,True,6.19193e-05,0.015806742,0.015238259
9408,False,6.632617e-05,0.02924668,0.032558694
9409,True,6.489713e-05,0.010630126,0.01835916
9410,True,5.7928562e-05,0.0267433,0.02072399
9411,True,6.1889514e-05,3.4291297e-05,0.029644199
9412,True,6.52675e-05,0.018785244,0.0067938818
9413,True,6.332492e-05,0.02098171,0.01018396
9414,True,6.305138e-05,-0.0064175026,0.0075886063
9415,True,6.868432e-05,0.019354517,0.0023456523
9416,True,6.8324065e-05,0.011292066,0.007859664
9417,False,6.353021e-05,0.023665817,-0.009714842
9418,True,6.375638e-05,0.004732753,0.004646765
9419,False,6.617573e-05,0.0076531526,0.015636966
9420,False,6.59132e-05,-0.0032863794,0.007863412
9421,False,6.497463e-05,-0.0040982813,-0.0056667924
9422,False,6.5196524e-05,-0.013871157,0.010184542
9423,False,6.399288e-05,0.012748981,0.0077892523
9424,False,6.381013e-05,0.0019149445,0.017244866
9425,True,6.507044e-05,-0.00026589818,0.0054282425
9426,False,5.9974776e-05,-0.022862876,-0.007833688
9427,False,6.0874278e-05,-0.009534655,0.001641497
9428,False,6.4123116e-05,-0.005199869,-0.0097304825
9429,False,6.6616674e-05,0.0015564747,0.017978378
9430,True,6.41878e-05,0.00516792,0.0070079826
9431,True,6.4979875e-05,0.0023247134,0.010582322
9432,True,6.232172e-05,0.0032929648,0.012339148
9433,True,6.182141e-05,-0.0099343425,0.013025129
9434,True,6.202757e-05,0.005640868,0.01669943
9435,False,6.3086205e-05,0.010789332,0.013206204
9436,False,6.826152e-05,0.010753373,0.030185375
9437,False,6.598965e-05,-0.0062685497,0.0056759426
9438,False,6.466939e-05,-0.011438194,-0.000685812
9439,False,6.274524e-05,-0.0061197504,0.026515886
9440,True,6.727026e-05,0.014054265,0.009444274
9441,False,6.651086e-05,-0.0068860585,0.024137199
9442,False,6.6380264e-05,0.0189112,0.017333858
9443,False,6.6340624e-05,0.00502652,0.019024173
9444,False,6.466738e-05,0.012144726,0.028535988
9445,False,6.2804924e-05,0.00668398,0.01889584
9446,False,6.316061e-05,-0.0039494075,0.016586788
9447,False,6.337447e-05,-0.012289837,-0.0060886256
9448,False,6.067096e-05,0.0036951378,0.01926276
9449,False,6.8593064e-05,0.0013819318,0.03346824
9450,False,6.506678e-05,0.0028806627,0.027331844
9451,False,6.0915198e-05,-0.008723777,0.034118745
9452,False,6.730291e-05,-0.02881074,0.01990353
9453,False,6.542388e-05,-0.012756781,0.00839458
9454,False,6.508511e-05,0.0004339479,-0.010504594
9455,False,6.516786e-05,-0.01234545,0.0089347325
9456,False,6.161696e-05,0.0030172197,-0.0074723586
9457,False,6.359756e-05,-0.02756852,-0.01264009
9458,False,6.4002896e-05,0.009034279,0.020358825
9459,False,6.2106476e-05,0.008240733,0.022851665
9460,True,6.179583e-05,0.007346938,0.0063552484
9461,True,6.073509e-05,0.009329036,0.023288017
9462,True,6.449815e-05,0.008039648,0.009647619
9463,True,6.414065e-05,0.019250879,0.040316388
9464,False,6.2846164e-05,-0.0072537344,0.03432236
9465,True,6.316885e-05,0.018519737,0.03472343
9466,False,6.362642e-05,-0.0020782147,0.027302362
9467,False,6.3414576e-05,0.0036772825,0.031062925
9468,False,6.397476e-05,0.014458394,0.02694016
9469,False,6.298045e-05,0.0038905442,0.033926614
9470,True,6.223253e-05,0.012102749,0.03019254
9471,True,6.362063e-05,0.003188461,0.036516897
9472,True,6.562442e-05,-0.0049266033,0.028967414
9473,True,6.507213e-05,0.022001565,0.035185203
9474,False,5.8195415e-05,0.0040271226,-0.005243344
9475,False,6.619478e-05,0.004592024,0.027608128
9476,False,6.659866e-05,-0.004116386,0.0212098
9477,False,6.636473e-05,-0.009629253,0.018760793
9478,False,6.116868e-05,-0.0044870246,0.01809659
9479,False,6.282935e-05,0.015706928,0.01815553
9480,False,6.271489e-05,-0.020954348,-0.013437122
9481,False,6.3043044e-05,6.055925e-05,0.012318531
9482,False,6.722298e-05,-0.005649682,0.019821364
9483,False,6.5611996e-05,0.005001557,0.029889314
9484,True,6.373747e-05,-0.0020031333,0.030301612
9485,False,6.459887e-05,0.010607347,0.025854137
9486,False,6.654757e-05,-0.02222351,0.011431301
9487,False,6.381929e-05,-0.0044378,0.019078696
9488,False,6.16283e-05,-0.021889351,0.005741067
9489,False,6.354474e-05,0.0049728844,-0.003248386
9490,False,6.163625e-05,0.014669489,-0.01666763
9491,False,6.363628e-05,0.002121659,-0.0015343837
9492,False,5.9488317e-05,0.012057648,0.02021885
9493,False,6.0355098e-05,0.0065691825,0.0062401034
9494,False,6.1416744e-05,-0.022572637,-0.0053176014
9495,False,6.491101e-05,0.019377327,-0.0065999236
9496,False,5.9100843e-05,0.0139189325,0.0073859952
9497,False,6.0560476e-05,0.0069979113,0.00063931197
9498,False,6.056063e-05,0.020048078,0.010482259
9499,False,6.107339e-05,0.013635129,0.004845024
9500,False,6.332029e-05,0.012389954,0.019033618
9501,False,6.214189e-05,0.007190376,-0.021575168
9502,False,6.4020096e-05,-0.0052211937,0.012922354
9503,False,6.4519336e-05,0.010643632,-0.004904991
9504,False,6.643335e-05,0.0060840175,-0.013807107
9505,False,6.153261e-05,-0.013383013,-0.008879043
9506,False,6.028082e-05,-0.028579043,0.0015729535
9507,False,6.0797884e-05,-0.0074544707,0.0062876977
9508,False,6.327761e-05,0.004427979,0.0126862
9509,False,6.613365e-05,0.011435783,0.020717783
9510,False,6.023837e-05,0.02256414,0.024180453
9511,False,6.298628e-05,0.01625266,0.028713888
9512,False,6.4956046e-05,0.0007762294,0.022686625
9513,False,6.0869213e-05,0.0023102704,0.0008497052
9514,False,6.800914e-05,-0.017673973,-0.030225929
9515,False,6.784605e-05,-0.013001553,0.017158065
9516,False,6.606072e-05,-0.0061111264,0.032678433
9517,False,6.2581974e-05,-0.0014016721,0.030910999
9518,False,6.0771934e-05,0.0051708426,0.021145733
9519,False,6.300563e-05,-0.017492104,0.0050006965
9520,False,6.314405e-05,0.010527968,0.029658059
9521,False,6.417791e-05,0.018018499,0.01597165
9522,False,7.140695e-05,-0.032181658,0.010474537
9523,False,7.035049e-05,-0.03488822,0.010203116
9524,False,7.117878e-05,0.009090142,0.0008937437
9525,False,6.999636e-05,0.009817446,0.0036843782
9526,False,6.80818e-05,0.0014664102,-0.01149969
9527,False,7.106268e-05,-0.0057223905,-0.026531072
9528,False,7.00079e-05,-0.0071748495,-0.0075548496
9529,False,7.313139e-05,-0.0062913815,-0.0038178237
9530,False,6.799843e-05,0.00013512094,-0.019748872
9531,False,6.7676825e-05,-0.00030933646,0.0032059457
9532,False,6.8521345e-05,-0.014299203,-0.0025597988
9533,False,7.004465e-05,-0.009654938,0.010273334
9534,False,7.096096e-05,-0.004792976,0.0136123365
9535,False,7.0652866e-05,-0.014035761,0.024569048
9536,False,6.849884e-05,-0.01240779,-0.019910054
9537,False,6.771758e-05,-0.0059459945,-0.005348215
9538,False,7.006055e-05,-0.0089754285,-0.008275449
9539,False,6.694754e-05,-0.0074835466,-0.011010171
9540,False,6.566261e-05,-0.0062198667,-0.018304713
9541,False,6.748999e-05,-0.0014300048,-0.014008941
9542,False,6.6215725e-05,-0.0009865514,-0.0092565995
9543,False,6.3415384e-05,0.0013147928,-0.019588448
9544,False,6.271172e-05,-0.00029929914,-0.015963584
9545,True,6.402118e-05,0.015252578,-0.009971127
9546,True,6.135422e-05,0.0018495321,-0.014704527
9547,True,6.362208e-05,0.015679542,-0.01615747
9548,True,6.13046e-05,0.0038987356,-0.0060956106
9549,True,6.272593e-05,0.018630208,-0.013027716
9550,True,6.517572e-05,0.008800903,-0.010146989
9551,True,6.308875e-05,0.008790994,-0.007966982
9552,True,6.049964e-05,-0.007755395,-0.011266914
9553,False,6.262762e-05,-0.01535658,0.00799828
9554,True,6.469506e-05,0.014057167,0.004314758
9555,True,6.089618e-05,0.011995982,0.0027524643
9556,False,5.770901e-05,0.010949184,0.00016466808
9557,True,5.9641516e-05,0.00029330933,0.0003558509
9558,False,6.0822244e-05,0.009843707,0.011230098
9559,True,6.245822e-05,0.0060671195,0.015277481
9560,True,5.8778074e-05,0.019337865,0.0010323394
9561,True,6.1465755e-05,0.013855539,-0.0017312281
9562,True,5.7288482e-05,-0.011323161,-0.0034921793
9563,True,6.2093364e-05,0.0072313193,0.006841667
9564,False,6.468793e-05,0.021838067,0.005612459
9565,True,6.024905e-05,0.010580257,0.005483169
9566,True,6.738108e-05,0.016554438,0.032461327
9567,True,6.6594876e-05,0.006350981,0.002054695
9568,True,6.30704e-05,0.0152551755,0.011765655
9569,True,6.4733475e-05,0.0060280096,0.00631449
9570,True,6.671789e-05,0.040172182,0.035870582
9571,True,6.647245e-05,0.022924643,0.013174475
9572,True,6.783957e-05,0.010867381,0.002077287
9573,True,6.6495144e-05,0.018410742,0.0008482151
9574,True,6.349064e-05,0.0045334892,0.020795822
9575,True,6.600749e-05,0.009274144,0.004414721
9576,False,6.474759e-05,-0.0032298001,0.0025334544
9577,False,6.467383e-05,0.002027128,0.01076483
9578,False,6.3887484e-05,0.019462433,0.008881507
9579,True,6.203041e-05,0.010829113,0.0106452
9580,True,6.2543615e-05,0.014876282,-0.010705121
9581,True,6.1547726e-05,0.0055726133,0.007856069
9582,True,6.152463e-05,-0.01598512,-0.0053077936
9583,True,6.353325e-05,-0.014001161,-0.019371279
9584,False,6.206598e-05,0.0017212154,0.006866296
9585,False,6.368085e-05,-2.3580156e-05,0.0038035456
9586,False,6.712245e-05,0.01294275,0.012985076
9587,False,6.495276e-05,-0.0035911193,0.006343983
9588,False,6.434149e-05,-0.0015567765,0.0012429841
9589,False,6.129411e-05,-0.009152792,0.0018648384
9590,False,6.5740496e-05,-0.0010879645,-0.00033500977
9591,False,6.517889e-05,-0.0014237203,0.0050128307
9592,False,6.777106e-05,0.0091605,0.014908129
9593,False,7.0633956e-05,0.01777891,0.019223953
9594,True,7.222516e-05,0.005072192,0.007283368
9595,True,6.7390494e-05,0.012191862,0.0062528923
9596,False,6.9087895e-05,0.0069498084,-0.00012178533
9597,False,6.1945946e-05,0.00144176,-0.0068117045
9598,True,6.4315056e-05,-0.009540805,0.005983279
9599,False,6.444411e-05,0.012203818,0.01704737
9600,False,6.520359e-05,-0.0014968449,0.03128273
9601,False,6.233517e-05,0.0056894124,0.020587409
9602,False,6.49355e-05,-0.014302128,-0.0007424839
9603,False,6.15351e-05,0.01073625,-0.015889771
9604,False,6.808823e-05,-0.025869153,0.007137971
9605,False,6.402261e-05,-0.009969436,0.010929076
9606,False,6.40974e-05,0.00625162,0.020280354
9607,False,6.3417494e-05,-0.0049124938,0.015701476
9608,False,6.485216e-05,-0.010188183,0.0051387865
9609,False,6.2819454e-05,-0.012205996,0.0031041987
9610,False,6.4433734e-05,-0.013893653,0.0018275939
9611,False,6.388304e-05,-0.0010136573,0.014893413
9612,False,6.3133244e-05,-0.01652408,-0.007685054
9613,False,6.35178e-05,0.014418865,-0.017986512
9614,False,6.1881336e-05,0.00783645,0.00842142
9615,True,6.329389e-05,-0.0021610223,0.0068473094
9616,False,6.248123e-05,-0.014292682,-0.010225289
9617,True,6.138192e-05,-0.0001797285,0.005686259
9618,True,6.680108e-05,0.0068963915,0.015398453
9619,False,6.364158e-05,0.017847132,0.011465425
9620,True,6.3914944e-05,0.022231543,0.03217002
9621,False,6.549508e-05,0.029470991,0.024219211
9622,False,6.787538e-05,0.02080289,0.032152973
9623,True,6.339517e-05,0.01815806,0.009779517
9624,False,6.28533e-05,0.01872433,0.029465735
9625,False,6.750505e-05,0.028862255,0.034565076
9626,False,6.4697546e-05,0.013706324,0.027343124
9627,True,6.0872713e-05,0.0068782084,0.020472318
9628,False,6.417905e-05,0.029474586,0.022375192
9629,True,6.125261e-05,0.0190984,0.028549906
9630,False,6.216524e-05,-0.0014401199,0.013441934
9631,False,6.7238005e-05,-0.018626202,-0.014461916
9632,False,6.853916e-05,-0.006584308,-0.00884693
9633,False,6.485396e-05,0.00692275,-0.015484313
9634,False,6.4715336e-05,0.00089245103,0.015874928
9635,False,6.333586e-05,-0.008880882,-0.009378605
9636,False,6.201468e-05,-0.007922675,0.046565168
9637,False,6.178401e-05,0.00010935962,0.005151782
9638,False,6.33065e-05,0.0009435024,-0.0023533348
9639,False,6.2548716e-05,-0.03257986,-0.028713193
9640,False,6.339474e-05,-0.0010637008,0.012081329
9641,False,6.311441e-05,-0.005215559,0.012147579
9642,False,6.438137e-05,-0.0077416725,0.0061847246
9643,False,6.3124004e-05,-0.015965594,0.0048737954
9644,False,6.321916e-05,0.002686984,-0.01757532
9645,False,6.318985e-05,0.002784635,-0.012807474
9646,False,6.0839135e-05,0.0015939372,-0.012319576
9647,False,6.447337e-05,-0.02260389,0.0041224435
9648,False,6.053889e-05,-0.0018145237,0.048366837
9649,False,6.440681e-05,-0.024002578,0.00021584332
9650,False,6.1848725e-05,0.011303753,0.0025145374
9651,False,6.2418454e-05,0.0036869887,-0.0076497123
9652,False,5.842328e-05,-0.00360318,-0.0053527914
9653,False,5.9468057e-05,0.0042894203,-0.0073510446
9654,False,6.0105456e-05,0.0053042118,0.0049455035
9655,False,6.2016545e-05,-0.02193555,-0.012050686
9656,False,6.099868e-05,-0.012778457,-0.001619244
9657,False,6.36188e-05,0.020636374,-0.0021896334
9658,False,6.223287e-05,0.01716726,-0.015218915
9659,False,6.291437e-05,-0.0084086545,-0.0042564776
9660,False,6.39508e-05,-0.0085225245,-0.008398142
9661,False,6.075332e-05,-0.023407694,0.0048439503
9662,False,6.118409e-05,-0.020718694,-0.015951237
9663,False,6.36756e-05,-0.0022619897,0.017592754
9664,False,6.3750806e-05,0.015238413,0.009170573
9665,False,6.365991e-05,-0.003557575,-0.013973521
9666,False,6.637643e-05,0.0012652241,0.016763337
9667,False,6.595832e-05,0.0032094028,-0.001563713
9668,False,6.4739266e-05,-0.014121375,0.00079743005
9669,False,6.326188e-05,-0.01625805,-0.015929941
9670,False,6.394269e-05,-0.0016068891,0.013401041
9671,False,6.292819e-05,-0.012560047,0.00011583604
9672,False,6.178814e-05,-0.016935747,-0.00915783
9673,False,6.241667e-05,-0.0113371005,-0.008810949
9674,False,6.0283306e-05,-0.025171496,6.671995e-06
9675,False,6.224827e-05,-0.019995049,-0.007078465
9676,False,6.509202e-05,-0.016745653,0.008496344
9677,False,7.317984e-05,-0.02877116,0.023366237
9678,False,7.7081895e-05,-0.019165337,-2.9347837e-05
9679,False,6.8900365e-05,0.011701165,0.0051861014
9680,False,7.294657e-05,-0.02928046,-0.008194594
9681,False,7.082701e-05,-0.014093909,-0.017659547
9682,False,6.911075e-05,-0.0034238175,-0.0092802085
9683,False,6.8577785e-05,-0.022365782,-0.012507629
9684,False,6.6867884e-05,-0.008452588,-0.0019628685
9685,False,6.346573e-05,-0.007583386,0.00019103289
9686,False,6.82365e-05,-0.011602322,-0.0077324198
9687,False,6.677843e-05,-0.011286481,-0.008334463
9688,False,6.905797e-05,-0.0032289443,-0.008380403
9689,False,6.784208e-05,0.0035500785,0.005531556
9690,False,6.883094e-05,-0.00018768269,-0.0013414761
9691,False,6.872455e-05,-0.019809427,-0.012117058
9692,False,7.1087954e-05,-0.0059208246,-0.015307143
9693,False,6.6854875e-05,-0.004012375,-0.0015288414
9694,False,6.471172e-05,-0.0013759471,0.0004959125
9695,False,6.56132e-05,-0.0103627,-0.005292936
9696,False,6.675223e-05,-0.009760667,-0.00966239
9697,False,6.6555396e-05,0.0035505025,0.0011561774
9698,True,6.339482e-05,0.0010538232,0.0067978073
9699,True,6.524395e-05,0.02326295,0.00072252005
9700,True,6.411447e-05,0.0040011015,-0.018904269
9701,True,6.1642044e-05,0.014742719,-0.013946783
9702,True,6.513893e-05,0.010612398,-0.0029608663
9703,True,6.397352e-05,0.011798411,-0.021467838
9704,True,6.458853e-05,-0.006009184,-0.02601657
9705,False,6.1110084e-05,-0.008999042,-0.03555441
9706,False,6.070798e-05,-0.01388074,0.0044959523
9707,False,6.163232e-05,-0.013666827,-0.01367162
9708,False,6.017618e-05,-0.010328062,-0.012450899
9709,True,6.247527e-05,-0.00033981167,0.007314476
9710,False,5.953647e-05,0.012148936,0.007065499
9711,True,6.061447e-05,0.00980697,0.014879143
9712,False,6.41022e-05,0.002626367,0.014354814
9713,False,6.355201e-05,-0.00923074,0.017198125
9714,True,6.068227e-05,0.027146831,0.027785063
9715,True,5.918177e-05,0.015298083,0.012241971
9716,True,5.67392e-05,0.0017939322,0.01709992
9717,True,6.116591e-05,0.005900422,-0.005116131
9718,True,6.508886e-05,0.008317739,0.0062593464
9719,True,6.217273e-05,0.019451473,0.012006544
9720,True,6.207841e-05,0.0172178,0.026105247
9721,False,6.534491e-05,0.0023753494,0.033354938
9722,True,6.4783824e-05,0.020341594,0.020516345
9723,True,6.346019e-05,0.02772607,0.008682542
9724,True,6.3005966e-05,0.008948062,0.012498433
9725,True,6.084336e-05,0.0054691955,0.019990735
9726,False,6.4919914e-05,0.010850836,0.014084723
9727,True,6.3720356e-05,0.019749079,0.0070813075
9728,True,6.4280845e-05,0.008770993,0.028486455
9729,True,6.2478895e-05,0.020715088,0.027920747
9730,True,6.181478e-05,0.009021203,0.0076306555
9731,False,6.2273146e-05,0.0021908777,0.005951315
9732,False,6.0922284e-05,0.011155876,0.009419428
9733,True,6.0675946e-05,0.013791751,0.0044515356
9734,True,6.186388e-05,0.012637401,-0.0058181584
9735,True,6.31847e-05,0.009329811,-0.0032339543
9736,True,6.297099e-05,0.008818773,-0.012285469
9737,True,6.383393e-05,-0.00831826,0.00030340813
9738,False,6.8683905e-05,0.008421982,0.019411862
9739,False,6.318194e-05,0.0014531515,0.008053459
9740,False,6.837747e-05,0.0064443797,0.00914648
9741,False,6.5087916e-05,0.0006042514,0.0049436726
9742,False,6.411243e-05,-0.0069649876,0.009466149
9743,True,5.8873513e-05,0.006217897,0.01336325
9744,True,6.1263636e-05,0.0022793077,0.0140972175
9745,True,6.788762e-05,0.0027647726,0.008133405
9746,False,6.590159e-05,-0.017512813,0.0042338334
9747,False,6.372431e-05,0.004127821,0.030287787
9748,False,6.586463e-05,-0.008248823,0.0055265003
9749,False,6.571749e-05,-0.0035990924,0.010854809
9750,False,6.5552274e-05,-0.0030950457,-0.0008762609
9751,False,6.247487e-05,-0.014163338,-0.0100112995
9752,False,6.535167e-05,0.0035056807,0.012693854
9753,True,6.5424116e-05,0.00036551896,0.0071950946
9754,False,6.433912e-05,0.012467624,0.037882637
9755,False,6.3604966e-05,0.00013163872,0.019067891
9756,False,6.1576706e-05,-0.0007158872,0.029528448
9757,False,6.8582456e-05,-0.01882369,-0.01470842
9758,False,6.6682485e-05,-0.0070772795,0.0030681165
9759,False,6.426345e-05,-0.0062035397,0.03111806
9760,False,6.1842344e-05,-0.0091856085,0.009444435
9761,False,6.114154e-05,-0.0048709395,0.010879643
9762,False,6.0748993e-05,-0.0042145243,0.009279194
9763,False,6.092443e-05,-0.0016891593,0.021304205
9764,False,6.340398e-05,-0.0028948206,0.0268102
9765,False,6.476371e-05,-0.020608332,-0.013229041
9766,False,6.203026e-05,-4.9415976e-05,-0.0012937151
9767,True,6.149084e-05,0.010291293,0.029249901
9768,False,6.135923e-05,0.013662748,0.006947756
9769,False,5.9530998e-05,0.01061077,0.020491917
9770,False,6.1437655e-05,0.0024884394,0.01198427
9771,False,6.328528e-05,-0.00079749525,-5.6527555e-05
9772,True,5.9515736e-05,0.00078539364,0.0060326876
9773,True,5.8088306e-05,0.0076570474,0.0052461214
9774,True,6.0357575e-05,0.0148601085,0.010090115
9775,True,6.414879e-05,0.014129239,0.019146578
9776,True,6.350968e-05,0.02496631,0.03201349
9777,False,6.680592e-05,0.026588133,0.0353726
9778,False,6.564244e-05,0.02738911,0.031154223
9779,False,6.7306275e-05,0.012400463,0.030390162
9780,True,6.286521e-05,0.008700479,0.021472108
9781,False,6.1951556e-05,0.011784166,0.03112311
9782,False,6.3647094e-05,0.0032939091,0.010151793
9783,False,6.341175e-05,0.019950671,0.030219905
9784,False,6.5927976e-05,0.013196781,0.01422105
9785,False,6.884806e-05,-0.020680908,0.010896489
9786,False,6.8118396e-05,-0.006873455,0.014599394
9787,False,6.7131085e-05,-0.0017758049,-0.0027043987
9788,False,6.895512e-05,-0.0046032704,-0.020748388
9789,False,6.449654e-05,0.0015785806,-0.0028588437
9790,False,6.501168e-05,0.0085731,-0.0046742745
9791,False,6.550527e-05,-0.017533403,0.018509274
9792,False,6.104784e-05,0.0008216873,-0.0034955963
9793,False,6.379626e-05,-0.0063013285,-0.009091672
9794,False,6.6871464e-05,-0.009765957,0.001369331
9795,False,6.38061e-05,-0.019159764,0.006156726
9796,False,6.246055e-05,0.0032469928,0.0048226956
9797,False,6.241575e-05,-0.0025604144,-0.0109174615
9798,False,5.9858125e-05,-0.007063903,-0.01457417
9799,False,6.143268e-05,-0.0066057006,-0.0038273595
9800,False,6.099974e-05,0.0012429159,0.0118042575
9801,False,6.263002e-05,0.006248178,-0.009053364
9802,False,6.2349194e-05,0.0038739983,0.0019300617
9803,False,6.0738203e-05,-0.015878383,0.006343767
9804,False,6.1530045e-05,-0.009344364,0.013873439
9805,False,6.2977655e-05,5.500205e-05,0.016730959
9806,False,6.132074e-05,-0.0071070734,-0.010992829
9807,False,6.0512444e-05,0.003057667,0.0046499725
9808,False,6.2683255e-05,-0.01504364,0.0148870405
9809,False,6.1221006e-05,-0.016318843,-0.023293678
9810,False,5.7941328e-05,-0.0067956187,-0.016074596
9811,False,5.8410104e-05,-0.008107509,-0.0029801056
9812,False,5.9237685e-05,0.006588796,0.005964212
9813,False,6.014427e-05,0.0129114725,-0.002900783
9814,False,6.1500825e-05,0.018190218,0.001076933
9815,False,6.0756734e-05,-0.003513148,0.00092358515
9816,False,6.222826e-05,-0.015631104,-0.004891319
9817,False,6.119104e-05,-0.019727252,-0.012645958
9818,False,6.276242e-05,-0.0035405885,0.0036028307
9819,False,6.404164e-05,-0.012704894,-0.014890712
9820,False,6.2625506e-05,0.0033694766,0.00965608
9821,False,6.754904e-05,-0.015405799,0.0069488287
9822,False,6.602021e-05,-0.0038969293,0.016789312
9823,False,6.369391e-05,-0.005779964,0.020746564
9824,False,6.220328e-05,-0.010481278,0.004975369
9825,False,6.63069e-05,-0.030615132,0.011158785
9826,False,6.37644e-05,-0.012886667,0.0045197103
9827,False,6.352986e-05,-0.018217504,0.0030878969
9828,False,6.186789e-05,-0.01979204,-0.0037962943
9829,False,6.458339e-05,-0.03421607,-0.012854718
9830,False,6.246112e-05,-0.04718037,-0.0028733835
9831,False,7.30093e-05,-0.0084260795,0.0016370602
9832,False,7.442701e-05,-0.00628056,0.0035773609
9833,False,7.151071e-05,-0.024637321,-0.01456929
9834,False,7.143393e-05,-0.006304344,-0.014655277
9835,False,6.9855785e-05,0.002236207,0.00038621388
9836,False,6.685691e-05,-0.004970978,-0.006708812
9837,False,6.9906404e-05,-0.018699404,-0.0049777376
9838,False,6.7818204e-05,-0.009554656,-0.010919757
9839,False,6.837228e-05,-0.0042809863,0.008480985
9840,False,6.754894e-05,-0.011057595,-0.014242686
9841,False,6.704451e-05,-0.004236397,0.0015401654
9842,False,6.9450776e-05,-0.0070682634,0.006658418
9843,False,6.4971005e-05,-0.0032687401,0.008187436
9844,False,6.5745604e-05,-0.012744707,-0.013517771
9845,False,6.747827e-05,-0.0059715267,-0.011384913
9846,False,6.637842e-05,-0.008239264,-0.00043890858
9847,False,6.659818e-05,-0.0026413407,0.006461803
9848,False,6.630412e-05,-0.004728857,-0.011207379
9849,False,6.642933e-05,0.005185964,-0.01015518
9850,False,6.3840176e-05,0.016524458,-0.00029974617
9851,False,6.367622e-05,0.0055152867,-0.006725829
9852,True,6.571898e-05,0.014231561,-0.012547214
9853,True,6.3161024e-05,0.015054084,-0.0070557725
9854,True,6.0731978e-05,0.0045170505,0.009568041
9855,True,6.29603e-05,0.0043184264,-0.010960905
9856,True,6.4333755e-05,-0.0018670969,-0.018048167
9857,True,5.975351e-05,0.00536534,-0.013867515
9858,False,5.9348153e-05,-0.028574195,-0.004810361
9859,False,6.22337e-05,-0.014351223,-0.0010107905
9860,False,6.096264e-05,-0.0045237113,0.002499912
9861,False,5.825468e-05,-0.022822857,-0.003137732
9862,False,6.145277e-05,0.013396214,0.0067425594
9863,False,6.013222e-05,0.016203342,0.012651145
9864,True,6.195301e-05,0.01646258,0.008613538
9865,True,6.317395e-05,0.025768608,0.034670405
9866,False,6.282583e-05,0.020039283,0.013258874
9867,True,6.157118e-05,0.019783027,0.00601378
9868,True,6.0401973e-05,0.016511507,0.034137335
9869,True,6.037661e-05,0.016317703,0.032738656
9870,True,6.280453e-05,0.021517962,0.0128239645
9871,True,6.291003e-05,0.012234792,0.012723111
9872,True,6.439207e-05,0.020640416,0.0069488585
9873,True,6.485697e-05,0.0012113787,0.027435727
9874,False,6.307971e-05,0.013070228,0.015875524
9875,False,6.4461194e-05,0.015310736,0.026208296
9876,True,6.410859e-05,0.016820842,0.019506516
9877,True,6.0369875e-05,0.012090273,0.030292531
9878,True,6.514722e-05,0.019705039,0.020018188
9879,True,6.777856e-05,0.021805674,0.018092062
9880,True,6.280141e-05,0.020811692,0.014462358
9881,True,6.4618194e-05,0.024491305,0.01691714
9882,False,6.409112e-05,0.014771612,0.019972023
9883,True,6.360107e-05,0.0009936788,0.0079771895
9884,False,6.207343e-05,0.0003445875,0.022761937
9885,False,6.42275e-05,0.026430596,0.0035237158
9886,True,6.8350666e-05,0.008214536,0.015856829
9887,False,6.2168394e-05,0.012135137,0.0065506604
9888,True,6.369328e-05,0.0040179063,0.01106513
9889,True,6.420367e-05,0.0039638123,-0.00083539635
9890,True,6.02585e-05,0.010311956,0.007756997
9891,False,6.066106e-05,-0.003748681,0.012893153
9892,True,6.60586e-05,0.0030678492,0.009279404
9893,True,6.897817e-05,0.009181104,0.0031307861
9894,False,6.0724204e-05,-0.008121407,0.013509035
9895,True,6.251522e-05,-0.0009017177,0.008210051
9896,True,6.7776346e-05,-0.0054757483,0.008583808
9897,False,6.120262e-05,-0.010179921,4.574377e-05
9898,False,6.2115534e-05,-0.016036902,0.0053589456
9899,False,5.991213e-05,0.0029794928,0.0037743319
9900,False,6.251737e-05,-0.007687076,0.0025597308
9901,True,6.59769e-05,0.0020209737,0.024222264
9902,True,6.573355e-05,0.0055669313,0.038151897
9903,False,6.921997e-05,-0.010852753,0.011623761
9904,False,6.7422196e-05,-0.004780883,0.0013266569
9905,False,6.323337e-05,0.01419783,0.0313688
9906,False,6.265634e-05,0.008680793,0.023173016
9907,False,6.496814e-05,0.009024055,0.022206683
9908,False,6.336459e-05,-0.025046661,-0.007857928
9909,False,6.386028e-05,-0.0023174994,-0.025023391
9910,False,6.1785184e-05,-0.0219234,0.004682933
9911,False,6.251851e-05,-0.013698135,0.012774888
9912,False,5.8534966e-05,-0.0019613905,0.02498765
9913,False,6.0249582e-05,-0.0077901334,0.0048536398
9914,False,5.875064e-05,0.0018459312,0.003340777
9915,False,6.0748014e-05,0.0062074484,0.016034119
9916,False,6.505824e-05,0.0047414424,0.030214582
9917,False,6.5382126e-05,-0.00072743464,-0.0083847465
9918,False,6.5829525e-05,-0.022584885,0.004169911
9919,False,6.538794e-05,-0.011137409,-0.0047384053
9920,False,6.0424358e-05,0.005989683,0.0071859937
9921,False,6.0993687e-05,0.015283741,0.032227047
9922,False,6.2025174e-05,0.016768806,0.019472849
9923,False,6.405007e-05,0.0046011135,0.022614613
9924,False,5.8791116e-05,0.009039017,0.014182713
9925,False,6.280875e-05,0.00905538,0.010801141
9926,False,6.0494796e-05,0.017742403,0.022462865
9927,False,6.1132596e-05,-0.0071656685,0.011867195
9928,True,6.457208e-05,0.02532578,0.027166609
9929,True,6.134602e-05,0.014176075,0.030345302
9930,True,6.496305e-05,0.02399896,0.026544783
9931,False,6.8699934e-05,0.009596025,0.025737438
9932,False,6.248098e-05,0.0171864,0.034898125
9933,True,6.6565655e-05,0.009201981,0.029953746
9934,False,6.402518e-05,0.010902476,0.031976845
9935,False,6.638645e-05,-0.0247455,-0.001587674
9936,True,6.2535895e-05,0.025745887,0.021608835
9937,False,6.35743e-05,-0.009278975,0.036751956
9938,False,6.782336e-05,-0.01684353,0.0034098197
9939,False,6.6012966e-05,0.0007121237,-0.017500758
9940,False,6.432678e-05,-0.015472336,0.00023288047
9941,False,6.847232e-05,-0.009555309,-0.0025282912
9942,False,6.497087e-05,-0.005447045,0.0076954532
9943,False,6.59048e-05,-0.0030180975,0.0035208492
9944,False,6.536151e-05,0.008204595,0.005677186
9945,False,6.335389e-05,-0.0024052197,-0.004622888
9946,False,6.230935e-05,-0.0040456243,0.0027803779
9947,False,6.218075e-05,0.008404384,0.0028801523
9948,False,6.502929e-05,-0.010674402,0.0072710104
9949,False,6.3493004e-05,0.014950032,0.0117428
9950,False,6.277679e-05,0.005394887,0.001697503
9951,False,6.280208e-05,-0.020197347,-0.021765795
9952,False,6.33011e-05,-0.0086715445,0.018388353
9953,False,6.0816255e-05,0.011097416,-0.01035852
9954,False,6.1821054e-05,0.009386249,-0.008660179
9955,False,5.963946e-05,-0.010765501,-0.0064283535
9956,False,6.148036e-05,-0.006905308,0.02422842
9957,False,5.953314e-05,-0.007867897,0.017814947
9958,False,6.037194e-05,-0.0059167007,0.004910972
9959,False,6.139197e-05,-0.003970187,0.0066471654
9960,True,6.219159e-05,0.0036675595,0.022060014
9961,True,5.79442e-05,-0.0064286925,-0.019271038
9962,True,6.1456114e-05,-0.020297533,-0.010921439
9963,False,5.8100464e-05,-0.0011738688,-0.013829198
9964,False,5.9344766e-05,0.0006173793,-0.014503146
9965,False,5.6986257e-05,0.017200515,0.014197283
9966,False,6.099431e-05,0.001767762,-0.0065506212
9967,False,5.9343343e-05,0.0013318993,-0.0046735182
9968,False,6.105573e-05,0.00489276,-0.015785448
9969,False,6.282835e-05,-0.010273196,0.0060543483
9970,False,6.344744e-05,-0.0008228896,0.0116511015
9971,False,6.4557884e-05,0.011960093,0.0039023045
9972,False,6.357945e-05,0.001429447,0.021844624
9973,False,6.316965e-05,0.0021649627,-0.001754852
9974,False,6.7987174e-05,0.0117093325,0.015699796
9975,False,6.378301e-05,0.0068013556,0.039756026
9976,False,6.119011e-05,-0.01345085,0.017850725
9977,False,6.666319e-05,-0.018774565,-0.00095605943
9978,False,6.336211e-05,-0.017850196,0.006009007
9979,False,6.122002e-05,-0.018655578,-0.005015135
9980,False,7.4264695e-05,-0.01875025,-0.0016372465
9981,False,7.622138e-05,-0.027870782,0.003929319
9982,False,6.933012e-05,-0.023273643,0.006051301
9983,False,6.753207e-05,-0.008875582,-0.0015551243
9984,False,6.788806e-05,-0.0046457136,-0.0013925415
9985,False,6.7647044e-05,0.007993856,-0.0076072738
9986,False,6.809021e-05,-0.012917463,0.009851879
9987,False,7.109461e-05,-0.010420952,0.0023906715
9988,False,6.7274195e-05,0.0016623876,-0.005444627
9989,False,6.791098e-05,-0.0055524707,0.0021760482
9990,False,6.804888e-05,-0.0117284,0.008067174
9991,False,6.7835645e-05,-0.0016647615,0.0034860447
9992,False,6.891418e-05,-0.013590091,0.012395516
9993,False,6.920824e-05,-0.015639808,0.0019997167
9994,False,6.5988905e-05,-0.016685396,-0.003051579
9995,False,6.641851e-05,-0.0010256304,-0.008843703
9996,False,6.897731e-05,-0.015317897,-0.0018240148
9997,False,6.714814e-05,0.0025572604,-0.01726084
9998,False,6.81261e-05,0.0044013364,-0.012459235
9999,False,6.418927e-05,0.008762419,0.023650005
10000,True,6.617e-05,0.00082449615,0.01401642
10001,True,6.588605e-05,0.006474439,-0.025339993
10002,True,6.661208e-05,0.008514874,-0.0098942015
10003,True,6.523874e-05,0.0058973283,0.0044532083
10004,True,6.330598e-05,0.029380253,-0.0050767427
10005,True,6.766263e-05,0.00663054,0.0006441064
10006,True,6.188537e-05,-0.0061307196,0.0054150596
10007,False,6.28127e-05,0.013423564,-0.006356016
10008,False,6.382374e-05,0.010792844,0.002316881
10009,False,5.899941e-05,-0.014258344,-0.017280769
10010,False,5.7628717e-05,0.019753505,0.002742231
10011,True,6.15214e-05,0.020572338,0.021553725
10012,False,5.998265e-05,0.00031957682,0.015211917
10013,True,6.2130486e-05,-0.0014301557,0.029203635
10014,True,6.102499e-05,0.027790325,0.018228717
10015,True,6.401061e-05,0.020441007,0.022616811
10016,True,6.202864e-05,0.028784603,0.03352924
10017,True,6.554121e-05,0.027840808,0.024201898
10018,True,6.235639e-05,0.025460318,0.030117225
10019,True,6.093074e-05,0.017758578,0.010592878
10020,True,6.24093e-05,0.0091035105,0.018958598
10021,True,6.495287e-05,0.005282744,0.027548919
10022,False,6.331907e-05,0.020763375,0.030802831
10023,True,6.2693645e-05,-0.00030867755,0.012759968
10024,True,6.339046e-05,0.019047568,0.040802985
10025,True,6.4627646e-05,0.011344168,0.036203116
10026,True,6.321146e-05,0.013773456,0.01819733
10027,False,6.87002e-05,0.020010991,0.04493895
10028,True,6.3067004e-05,0.012891766,0.013780955
10029,True,6.6964036e-05,0.015505256,0.030141454
10030,True,6.2178166e-05,0.023798253,0.010039087
10031,True,6.410333e-05,0.023396749,0.028431963
10032,False,6.6544526e-05,0.023748018,0.028591275
10033,True,6.112497e-05,0.011407267,0.03260188
10034,True,6.520168e-05,0.017371166,0.02019902
10035,True,6.531693e-05,0.015261316,0.017443115
10036,False,6.3299995e-05,0.006931586,0.014160404
10037,True,6.626065e-05,0.018302623,0.012199258
10038,False,6.436921e-05,0.011313642,0.02570749
10039,True,6.0771235e-05,0.009612091,0.0048487345
10040,True,6.3822845e-05,0.0114422375,0.0051106736
10041,True,6.537151e-05,0.01353388,0.008893942
10042,True,6.3660715e-05,0.00048092753,-0.007163463
10043,True,6.20047e-05,-0.009347955,0.0043089017
10044,False,6.168391e-05,-0.013959973,0.016304946
10045,False,6.327883e-05,0.005618223,0.009710374
10046,False,6.5191765e-05,-0.0015618596,0.0030418104
10047,False,6.0938757e-05,0.0016090833,-0.0016178787
10048,False,5.9768226e-05,-0.010597514,-0.015509224
10049,False,6.286089e-05,-0.016679838,-0.000719849
10050,False,6.024619e-05,-0.0019668266,-0.003956247
10051,False,6.406894e-05,0.0020876788,0.00062976684
10052,False,6.7923924e-05,-0.0089874985,-0.0033149836
10053,True,6.54139e-05,0.006587052,0.018870156
10054,True,6.378737e-05,0.0042119585,0.034439713
10055,False,6.64762e-05,0.0061719688,0.0071935616
10056,False,6.264443e-05,0.009573555,0.026014388
10057,True,6.729416e-05,0.014162596,0.017296037
10058,False,6.6048364e-05,-0.006633496,0.036974587
10059,False,6.5769804e-05,-0.014332235,-0.009771233
10060,False,6.765536e-05,-0.019901631,-0.012595812
10061,False,6.0783528e-05,-0.007954884,0.007479538
10062,False,6.455922e-05,0.0036159856,0.012464359
10063,False,6.211085e-05,0.016509075,0.03150304
10064,True,6.188765e-05,-0.0028243684,0.010296907
10065,True,6.216177e-05,0.0143306535,0.017252961
10066,True,6.276294e-05,-0.00038562808,0.016109552
10067,True,6.395812e-05,0.014649906,0.022282133
10068,False,6.462953e-05,0.017083982,0.01333048
10069,False,6.4798485e-05,-0.005911836,0.009351646
10070,True,6.04394e-05,0.009241883,0.026132803
10071,False,6.325534e-05,-0.0010429574,0.03148043
10072,False,5.860295e-05,0.0324079,0.02923917
10073,False,5.9959897e-05,0.01311389,0.041132435
10074,False,5.951081e-05,0.018430388,0.03333891
10075,True,6.401315e-05,0.013921857,0.02525846
10076,True,6.0451923e-05,-0.0009050763,0.028829386
10077,False,6.159328e-05,0.009479646,0.03163702
10078,False,6.0932543e-05,-0.005586829,0.015022391
10079,False,6.200116e-05,0.018159702,0.029839773
10080,True,6.2940344e-05,0.022589918,0.029170932
10081,False,6.330418e-05,0.022666994,0.0359162
10082,False,6.283323e-05,0.024469912,0.028757282
10083,True,6.540516e-05,0.012861535,0.036962114
10084,False,6.4112406e-05,0.024735345,0.032358788
10085,False,6.453951e-05,0.007306777,0.035497114
10086,False,6.3719934e-05,0.009736808,0.020950384
10087,True,6.259324e-05,0.018467199,0.030521737
10088,False,6.483952e-05,-0.010183891,0.02079456
10089,False,6.7354245e-05,-0.0130764805,-0.010347296
10090,False,7.0478374e-05,-0.010292184,-0.0071865255
10091,False,6.7200686e-05,0.0015751347,-0.0022893492
10092,False,6.09812e-05,0.00086260773,-0.012705008
10093,False,6.3123305e-05,0.00086440984,-0.008277027
10094,False,6.222589e-05,-0.00041854195,0.0051386077
10095,False,6.3519066e-05,0.009303488,0.005988283
10096,False,6.2889936e-05,-0.007921793,-0.020758566
10097,False,6.2442356e-05,0.0059812386,-0.005803561
10098,False,6.344508e-05,0.005372865,-0.008337323
10099,False,6.477366e-05,-0.007113781,-0.0018928498
10100,False,6.441003e-05,-0.004495687,0.0033718348
10101,False,6.276397e-05,-0.014463777,0.011822598
10102,False,6.07496e-05,-0.0031060781,0.005646266
10103,False,6.313382e-05,-0.0032932386,-0.0012519415
10104,False,6.6479246e-05,0.013821013,0.025137004
10105,False,6.4278465e-05,-0.004604595,-0.005857788
10106,False,6.1619074e-05,0.011397684,-0.001515165
10107,False,6.446312e-05,-0.0014062435,-6.5300614e-05
10108,False,5.8788028e-05,0.0032671718,-0.0047297888
10109,False,6.4921995e-05,0.00085446425,0.019180603
10110,False,6.3379244e-05,0.00031305384,0.019758929
10111,False,5.7642897e-05,0.014203299,0.0004313076
10112,True,6.229202e-05,-0.005229659,0.010628716
10113,True,6.2073e-05,0.0054424778,-0.014332346
10114,True,5.9080146e-05,-0.009248532,0.012731278
10115,False,6.095544e-05,-0.0074173845,0.005086228
10116,False,6.0707167e-05,-0.013011714,-0.026531987
10117,False,6.239178e-05,-0.0014089718,0.0031306678
10118,False,6.0568058e-05,0.023311166,0.019383326
10119,True,6.1091254e-05,0.0049476177,0.0018821787
10120,False,5.809658e-05,0.011360526,0.006319125
10121,False,6.0473325e-05,0.0032405164,-0.0040238593
10122,False,6.1959065e-05,0.0015407298,-0.0153185325
10123,False,6.252399e-05,-0.00025608763,0.009708943
10124,False,6.355799e-05,0.00033614412,-0.010834189
10125,False,6.261433e-05,0.009999407,0.011139136
10126,False,6.0729493e-05,-0.020867858,0.0064106323
10127,False,6.6616696e-05,0.00357892,0.029728869
10128,False,6.486479e-05,0.020434927,0.016053673
10129,False,6.5179884e-05,-0.0082892515,0.0048322454
10130,False,6.188863e-05,0.00036300067,0.02470835
10131,False,6.177454e-05,0.00872085,0.034255862
10132,False,6.253755e-05,-0.0016044918,0.01909392
10133,False,7.172812e-05,-0.026060693,0.010619861
10134,False,7.408832e-05,-0.026535599,0.00025395164
10135,False,7.2230716e-05,-0.026540916,-0.002115991
10136,False,6.9005226e-05,-0.013821714,-0.011263302
10137,False,6.785598e-05,-0.006528927,-0.008723677
10138,False,7.073347e-05,-0.008517623,0.0059706075
10139,False,7.159298e-05,-0.017503709,0.004688821
10140,False,6.912274e-05,-0.013775906,-0.0034590242
10141,False,6.759419e-05,-0.0040264633,-0.0056075025
10142,False,6.991283e-05,-0.0035020376,0.0036116522
10143,False,6.78723e-05,-0.009607743,-0.0035419408
10144,False,6.653877e-05,-0.010815751,-0.009110259
10145,False,6.8277186e-05,-0.00078647304,0.0054012043
10146,False,6.717825e-05,-0.016248113,-0.0029500672
10147,False,6.804843e-05,-0.015782384,-0.005883543
10148,False,6.804904e-05,-0.005230037,-0.02545806
10149,False,6.828652e-05,-0.011666615,-0.0016538687
10150,False,6.801878e-05,-0.011887407,-0.0062618107
10151,False,6.838537e-05,-0.004306594,-0.0014923755
10152,False,6.596651e-05,0.001139774,0.0116515905
10153,True,6.293831e-05,-0.00038802996,0.009104319
10154,True,6.3431595e-05,-0.0062981676,0.012728517
10155,False,6.447865e-05,-0.0096780155,-0.034840472
10156,False,5.984014e-05,-0.003774528,-0.02601455
10157,True,6.156581e-05,0.0010123365,-0.012210384
10158,True,6.4010586e-05,0.0060837762,0.005822081
10159,True,6.703227e-05,0.0064224163,0.009942237
10160,False,6.366808e-05,-0.01908556,0.007140045
10161,True,6.250327e-05,0.0017234869,0.010747337
10162,False,6.444561e-05,0.015746698,0.0027369987
10163,True,6.497874e-05,0.01407486,0.008656397
10164,False,6.622286e-05,0.012414655,0.01155364
10165,False,6.637279e-05,-0.0040243734,0.0049173813
10166,True,5.8280944e-05,0.022827778,0.0110887885
10167,True,6.237237e-05,0.023872323,0.0067953374
10168,True,6.3239335e-05,0.0046042446,0.01974358
10169,True,6.366863e-05,0.0027088057,0.014532742
10170,True,6.369307e-05,0.018150274,0.021993883
10171,True,6.0757848e-05,0.0055800267,0.019218825
10172,True,6.0749764e-05,0.021433273,0.013998767
10173,False,7.0249465e-05,0.005286999,0.025712658
10174,False,6.57585e-05,0.015586704,0.017856434
10175,True,6.3714986e-05,0.010963343,0.017825158
10176,True,6.188902e-05,0.014532048,0.019545197
10177,True,6.745073e-05,0.007166229,0.0035181865
10178,True,6.3159554e-05,0.01746463,0.011175808
10179,True,6.4926506e-05,0.008992419,0.0033380613
10180,True,6.8913396e-05,0.0065476587,0.019421998
10181,False,6.8745045e-05,-0.006199723,-0.0055532157
10182,False,6.5938206e-05,0.012331791,0.004947638
10183,False,6.5255874e-05,0.0089334585,0.014914678
10184,True,6.22813e-05,0.0034113657,0.0062040305
10185,False,6.593439e-05,0.010412761,0.014046973
10186,False,6.224485e-05,-0.001891356,0.0069263037
10187,False,6.3072424e-05,-0.008003846,-0.005403267
10188,False,6.2571904e-05,0.0054920074,0.00021974184
10189,True,6.320047e-05,0.004182713,0.014684073
10190,False,6.4145184e-05,0.022803642,0.01482646
10191,False,6.346992e-05,0.00815314,0.016936827
10192,True,6.3833344e-05,0.014260333,-0.0030562803
10193,False,6.207801e-05,0.017781803,0.005107783
10194,True,6.0859158e-05,0.0147262,0.011575576
10195,False,6.0149825e-05,-0.008080054,0.008877754
10196,False,6.0903825e-05,0.010962982,-0.010511888
10197,False,6.467783e-05,-0.005198897,0.021224959
10198,False,6.2923056e-05,-0.011648361,2.0689331e-05
10199,False,6.1815226e-05,-0.00075894035,0.004226423
10200,False,6.191772e-05,-0.008090511,-0.0037474204
10201,False,6.198544e-05,-0.005127825,-6.199628e-05
10202,False,6.298895e-05,-0.016751874,0.0103139635
10203,False,6.502009e-05,-0.00850738,-0.0010503568
10204,False,6.396541e-05,-0.013072185,-0.0018852223
10205,False,6.5552624e-05,0.021203695,0.029342707
10206,False,6.2191575e-05,0.014713118,0.0045678746
10207,True,6.377539e-05,-0.00012660306,0.0166711
10208,False,6.727521e-05,0.021210426,0.018843463
10209,False,6.429493e-05,0.014415903,0.015020525
10210,False,6.301524e-05,-0.01666885,0.02406604
10211,False,6.535412e-05,-0.012551695,0.013428019
10212,False,6.524947e-05,-0.0227707,-0.01784468
10213,False,6.468057e-05,-0.01580434,0.0058552064
10214,False,6.045674e-05,0.006902219,-0.008860294
10215,False,6.099903e-05,0.008456313,0.019291645
10216,False,6.2572675e-05,0.001907926,0.010233693
10217,False,6.3956744e-05,0.021173814,0.0046741553
10218,True,6.406884e-05,0.008229276,0.0039767995
10219,True,6.417391e-05,0.01567743,0.016980972
10220,True,6.463675e-05,0.013675466,0.0022572726
10221,False,6.4281885e-05,0.0041024853,0.03242509
10222,False,6.33803e-05,-0.0062712017,0.0016359165
10223,False,5.927733e-05,0.0043700617,-0.0079508405
10224,False,6.681773e-05,0.004103411,0.015559029
10225,False,6.1275925e-05,0.00046053715,0.019894408
10226,False,5.9434482e-05,0.003802089,0.00996086
10227,False,6.337754e-05,-0.010254322,0.01645242
10228,False,6.210156e-05,0.0053499006,0.011664512
10229,False,6.1520215e-05,0.019433506,0.008330951
10230,False,6.150692e-05,-0.0012704972,0.024681967
10231,False,6.425218e-05,-0.0026231995,0.006945029
10232,False,6.597905e-05,-0.027464034,0.0012299344
10233,False,6.196617e-05,0.015425336,0.025765399
10234,False,6.178806e-05,0.00878041,0.00033608265
10235,True,6.15604e-05,0.020784337,0.03341587
10236,True,6.476391e-05,0.013365107,0.02874592
10237,False,6.645006e-05,0.016883608,0.02274048
10238,True,6.4567605e-05,0.015445199,0.021685956
10239,False,6.385137e-05,0.0038289055,0.022160722
10240,True,6.676746e-05,0.021985237,0.03197951
10241,False,6.5699394e-05,-0.013692711,0.017762428
10242,False,6.6157736e-05,0.0044508316,0.014046218
10243,False,6.348181e-05,0.011312628,0.008060914
10244,False,6.174668e-05,-0.0084691,-0.0038092118
10245,False,6.0917548e-05,-0.0005685892,-0.01276556
10246,False,6.078147e-05,0.00092326803,-0.0045391507
10247,False,6.115926e-05,-0.00355185,-0.005406553
10248,False,6.0305407e-05,0.0048732646,-0.015978452
10249,False,5.84951e-05,0.010034343,-0.02296865
10250,False,6.3358646e-05,0.0065308986,-0.0044252723
10251,False,6.3906955e-05,-0.007880172,-0.019524775
10252,False,6.570662e-05,-0.012549608,-0.008922821
10253,False,6.303823e-05,-0.006373225,0.030123547
10254,False,6.160338e-05,0.011524543,0.028613731
10255,False,6.445484e-05,0.019968234,0.030707981
10256,False,6.194638e-05,-0.010232404,0.016298516
10257,False,6.340574e-05,-0.015414774,0.0018984713
10258,False,6.5245804e-05,-0.023020593,0.00014159083
10259,False,6.475969e-05,0.0013033086,-0.0041036047
10260,False,6.679152e-05,-0.0037966492,0.008574821
10261,False,6.207536e-05,0.0012828095,-0.021774715
10262,False,6.154804e-05,0.0033996543,0.0015335381
10263,False,6.442738e-05,0.005526119,0.015398139
10264,False,6.190496e-05,-0.013222423,0.0034557246
10265,False,6.141529e-05,0.001338305,-0.009713585
10266,False,5.943386e-05,-0.008234862,0.005517332
10267,False,5.9307873e-05,-0.00038803928,-0.019874256
10268,False,5.8573005e-05,-0.005877776,-0.022923298
10269,False,6.162445e-05,-0.015070317,-0.0070518013
10270,False,6.270161e-05,-0.006622766,0.018162087
10271,True,6.2566105e-05,-0.0038602212,-0.0065984237
10272,False,6.0446906e-05,-0.00020623859,-0.010005229
10273,False,6.365672e-05,-0.005942856,0.0116692325
10274,False,6.0883114e-05,0.004490543,0.033246197
10275,False,5.981061e-05,0.002033366,-0.006294165
10276,False,6.1441744e-05,0.009880463,-0.01915912
10277,False,6.1818835e-05,0.024159852,-0.004430352
10278,False,5.8129106e-05,0.023547644,-0.010112762
10279,False,5.9629234e-05,0.0064724647,-0.022577392
10280,False,6.726895e-05,0.00021215156,0.006181517
10281,False,6.8945796e-05,0.00010734983,0.005489493
10282,False,6.80543e-05,0.010203374,0.0038031694
10283,False,6.24213e-05,-0.016427629,0.013694558
10284,False,6.603327e-05,-0.017611027,0.0048739593
10285,False,5.887788e-05,0.00051977485,0.011068039
10286,False,5.903085e-05,0.0042648334,0.0045270305
10287,False,6.1598344e-05,-0.008304027,0.028472682
10288,False,7.161403e-05,-0.027433153,-0.011833609
10289,False,7.09988e-05,-0.016225465,-0.0030250615
10290,False,7.0367474e-05,-0.008077502,0.0042758267
10291,False,6.9048605e-05,-0.0028167106,0.01032144
10292,False,6.866345e-05,0.00010722224,-0.009746257
10293,False,6.963427e-05,-0.008615207,0.009013338
10294,False,6.96991e-05,-0.0059072925,-0.0012121107
10295,False,6.831882e-05,-0.0062700678,-0.014857799
10296,False,6.616892e-05,0.006391336,-0.010054011
10297,False,6.877739e-05,-0.013718512,-0.011459791
10298,False,6.728785e-05,-0.004295696,0.0021335618
10299,False,6.694821e-05,-0.004509219,0.0036513656
10300,False,6.490412e-05,-0.0042322334,-0.011105243
10301,False,6.892417e-05,-0.001234063,-0.009739826
10302,False,6.942634e-05,-0.017827539,-0.019991118
10303,False,6.888131e-05,-0.014349332,-0.011325324
10304,False,6.79588e-05,-0.014636153,-0.010489676
10305,False,6.58482e-05,-0.004936196,-0.017673736
10306,False,6.861999e-05,-0.0034225313,-0.014654076
10307,False,6.3714244e-05,0.004764555,-0.019454923
10308,False,6.506658e-05,-0.021224193,-0.031071585
10309,False,6.3736e-05,-0.024680248,-0.0065576993
10310,False,6.3872234e-05,-0.027680602,0.0031608846
10311,False,6.520784e-05,-0.012798479,0.0028484482
10312,False,6.580022e-05,-0.00044787303,-0.0034852196
10313,False,6.702431e-05,-0.009223761,0.004855233
10314,True,6.492519e-05,-0.0035562604,0.008256683
10315,True,6.542666e-05,0.020448893,0.02212968
10316,False,6.501346e-05,0.017233144,0.024572602
10317,False,6.460621e-05,-0.011407232,0.0114051355
10318,False,6.5078675e-05,-0.011875999,0.0008508777
10319,True,6.461382e-05,0.013962509,0.0074879117
10320,True,6.275415e-05,0.0051019564,0.0047678277
10321,True,6.19058e-05,0.008318361,0.011401176
10322,True,6.309302e-05,0.028580617,0.014364101
10323,True,6.619093e-05,0.010257401,0.018514568
10324,True,6.796132e-05,0.008215644,0.015874257
10325,False,6.462178e-05,0.0074289325,0.0373855
10326,True,6.442733e-05,-0.001251448,0.022852985
10327,True,6.33239e-05,-0.00741221,-0.004904058
10328,False,6.4672335e-05,-0.0021436326,0.022784013
10329,True,6.121979e-05,0.0067860335,0.012705158
10330,True,6.3452135e-05,0.009819113,0.003967963
10331,False,6.9273665e-05,-0.010003238,0.018685708
10332,True,6.3125546e-05,0.011665311,0.031440515
10333,True,6.5935754e-05,0.0042292364,0.014576118
10334,False,6.7877074e-05,0.011568595,0.0034174994
10335,False,6.499497e-05,-0.0025041448,0.014174729
10336,False,6.615553e-05,-0.01787869,0.016146816
10337,False,6.321814e-05,-0.005620256,-0.013267136
10338,False,6.256654e-05,-0.017945606,-0.021158827
10339,False,6.154847e-05,-0.013973974,-0.0018713847
10340,False,6.334866e-05,0.0009060288,0.0011981633
10341,False,6.295278e-05,0.024839321,0.012031762
10342,False,6.5327156e-05,0.008969345,0.013654267
10343,False,6.2882136e-05,0.015926052,0.018679526
10344,False,6.51541e-05,0.013243177,0.005412913
10345,False,6.621735e-05,-0.00046581123,0.0008975901
10346,False,6.2130675e-05,0.0065965373,0.010355093
10347,True,6.1834195e-05,-0.0067828465,-0.0023527266
10348,False,6.4287044e-05,-0.0072984537,0.00511237
10349,False,6.493788e-05,0.00568254,-0.0018673949
10350,False,6.192825e-05,-0.014323793,0.014509875
10351,False,6.24458e-05,-0.02443074,-0.002201776
10352,True,6.349937e-05,-0.013173809,0.014080694
10353,True,6.524061e-05,0.009572312,0.02211906
10354,True,6.167983e-05,0.0020384397,0.013497886
10355,False,6.285692e-05,0.0073348396,0.00320182
10356,True,6.5393986e-05,0.0009894166,0.02158804
10357,True,6.709588e-05,-0.0031921556,0.012888931
10358,True,6.264638e-05,0.002777828,0.028737886
10359,False,6.477839e-05,0.010417959,0.03137967
10360,True,6.47152e-05,0.01228978,0.012352986
10361,True,6.169146e-05,-0.0070089977,0.019254573
10362,True,6.0925333e-05,-0.0063532703,0.00673699
10363,True,6.6015054e-05,0.0062892735,-0.0029994159
10364,False,6.452213e-05,-0.02052503,-0.028758522
10365,False,6.5045664e-05,-0.017795917,-0.010126706
10366,False,6.2341045e-05,-0.031984173,-0.016429761
10367,False,6.235543e-05,0.0037686862,0.02133293
10368,False,6.0277132e-05,-0.0031189118,0.022736985
10369,True,6.292179e-05,0.0019528479,0.027440362
10370,True,6.244052e-05,0.008369477,0.019023309
10371,True,6.220691e-05,0.014704026,0.01573467
10372,True,6.445062e-05,0.016617272,0.01842437
10373,True,6.351757e-05,0.014185337,0.018257925
10374,True,6.4984175e-05,0.0073912367,0.014168705
10375,True,6.4810585e-05,0.002133945,0.0010624966
10376,False,6.900186e-05,-0.0007023169,0.022178616
10377,False,6.284655e-05,0.012569539,-0.005681377
10378,False,5.9039317e-05,0.00649774,0.0073375087
10379,True,6.230766e-05,0.008210712,0.014269817
10380,False,6.199362e-05,0.0034942282,0.009583771
10381,False,6.311429e-05,-0.005002464,0.0067820773
10382,False,6.354977e-05,0.0060346983,0.021531625
10383,False,6.176437e-05,0.0044485554,0.015321722
10384,False,6.415011e-05,-0.0005247481,0.012956172
10385,False,6.450674e-05,0.024393555,0.01102378
10386,False,6.298226e-05,0.008910835,0.019012125
10387,False,5.9545724e-05,-0.0035322164,-0.013281403
10388,False,6.3191306e-05,-0.011954201,-0.012611393
10389,True,5.981667e-05,0.0036558192,0.023343254
10390,False,6.639953e-05,-0.013535185,0.0078877155
10391,False,7.0327624e-05,-0.011369627,0.0026094504
10392,True,6.342032e-05,-0.012166336,0.0050601177
10393,True,6.139812e-05,0.0063738264,0.026574843
10394,False,6.6830515e-05,-0.010299642,0.021166068
10395,False,6.7844514e-05,-0.007495975,0.0032036677
10396,True,6.155447e-05,0.011969008,0.04375463
10397,False,6.2275176e-05,0.014869533,0.02559948
10398,False,6.1058534e-05,-0.0116497,0.018376708
10399,False,6.338278e-05,-0.011515461,-0.019830946
10400,False,6.277609e-05,-0.0059314445,-0.025988756
10401,False,6.3047184e-05,0.0051254444,-0.006675411
10402,False,6.1817904e-05,-0.011673015,-0.016556505
10403,False,6.5575245e-05,-0.016368499,-0.009021904
10404,False,6.648474e-05,-0.010852523,-0.0019338094
10405,False,6.590233e-05,-0.021591319,0.0038433839
10406,False,6.615821e-05,0.007999174,0.023595043
10407,True,6.053391e-05,0.012041375,0.040479213
10408,False,6.139288e-05,0.019094435,0.03880228
10409,False,6.0782182e-05,0.004266884,0.026900271
10410,False,6.513049e-05,0.009702429,0.045934264
10411,False,6.2100575e-05,-0.01632024,0.004006449
10412,False,6.718623e-05,-0.0098172305,0.0013055205
10413,False,6.442781e-05,-0.007316337,-0.0069533587
10414,False,6.3418374e-05,-0.01058542,0.012893308
10415,False,6.518313e-05,0.0013547111,-0.005540617
10416,False,6.254405e-05,-0.0029609185,-0.009425916
10417,False,6.2327075e-05,-0.0024532424,-0.016432166
10418,False,6.1344035e-05,-0.00022497214,-0.0011875778
10419,False,6.384357e-05,-0.008426221,-0.0065451562
10420,True,5.9925274e-05,-0.007542683,-0.012063237
10421,False,5.8374102e-05,-0.0115126725,-0.028158922
10422,False,5.997244e-05,-0.0025004214,-0.012198696
10423,False,6.0631603e-05,-0.015741995,-0.0228527
10424,False,6.116844e-05,-0.010817547,-0.0027206987
10425,False,6.10924e-05,-0.003994324,-0.0052417964
10426,False,6.7449575e-05,0.0035599777,0.009786176
10427,False,6.067163e-05,-0.0059528016,-0.0006151415
10428,False,6.0246435e-05,0.005460662,-0.004992336
10429,False,6.288142e-05,0.010428695,-0.0071094427
10430,False,6.0030605e-05,0.0076830434,0.007845007
10431,False,6.162089e-05,0.01391578,-0.0017443337
10432,False,6.193127e-05,-0.0031694733,-0.00028603524
10433,False,6.0709634e-05,-0.00687813,0.004533045
10434,False,6.334334e-05,0.0064208144,-0.008804972
10435,False,6.099167e-05,0.0052492674,0.0006522909
10436,False,6.6539746e-05,0.005474385,0.00024949014
10437,False,6.3403255e-05,0.0010752641,0.008428928
10438,False,5.7549765e-05,-0.0085323565,0.011253154
10439,False,6.1804734e-05,0.00509944,-0.0017977254
10440,False,5.8062393e-05,0.0101424195,0.0025352554
10441,False,6.10423e-05,0.0032159165,0.007536806
10442,False,6.011522e-05,-0.00094289146,0.015578241
10443,False,6.179235e-05,-0.0062500937,0.0019078255
10444,False,6.5229346e-05,-0.0018966217,0.0130665675
10445,False,7.102371e-05,-0.016222313,0.020905025
10446,False,7.558789e-05,-0.02856978,0.011391499
10447,False,7.145588e-05,-0.01478604,-0.0006639529
10448,False,7.2288225e-05,-0.017105862,-0.018130487
10449,False,6.596801e-05,0.002138714,0.0057416447
10450,False,6.589086e-05,0.00055564474,-0.0039869472
10451,False,6.5544526e-05,0.0026152618,-0.009191411
10452,False,6.874604e-05,-0.0030040336,-0.008940746
10453,False,6.481269e-05,-0.005569527,0.014047762
10454,False,6.3376014e-05,-0.0007282654,-0.010239253
10455,False,6.4535976e-05,0.000215746,-0.00063512847
10456,False,6.4884465e-05,0.0050707734,-0.007481233
10457,False,6.620458e-05,-0.01374004,-0.00025710557
10458,False,6.845379e-05,-0.015473956,-0.019941742
10459,False,6.816636e-05,-0.0043567796,-0.015835311
10460,False,6.881268e-05,-0.010586804,-0.01368355
10461,False,6.913918e-05,-0.013709182,-0.011712518
10462,False,6.786141e-05,-0.0145110395,0.0014182869
10463,False,6.862925e-05,-0.021267023,-0.009248009
10464,False,6.8591704e-05,-0.016790621,-0.015087037
10465,False,6.800829e-05,-0.020792305,-0.0030588824
10466,False,6.734934e-05,-0.01820441,-0.029714068
10467,False,6.7825364e-05,-0.017615162,-0.008039408
10468,False,6.753892e-05,-0.0073360084,-0.0029843682
10469,False,6.7532266e-05,-0.004583505,-0.0049847085
10470,False,6.6842695e-05,0.00042386865,-0.0051051136
10471,False,6.725706e-05,-0.014420012,0.00019299984
10472,False,6.706238e-05,0.0062088254,0.0032376722
10473,False,6.507262e-05,-0.002434914,0.013753122
10474,True,5.8560123e-05,0.036920376,0.029499441
10475,True,6.363591e-05,-0.001557976,0.024052802
10476,True,5.9165533e-05,0.006106872,0.009011278
10477,True,6.5872286e-05,0.015831098,0.018392676
10478,True,6.488971e-05,0.01816179,0.019517839
10479,True,5.8694153e-05,0.008784905,0.036225837
10480,True,6.3579e-05,0.013441276,0.006557703
10481,True,6.288037e-05,0.014163787,0.0021137726
10482,True,6.18982e-05,0.017086364,0.03377767
10483,True,6.359028e-05,0.0022826977,0.013324209
10484,True,6.35098e-05,0.0046152547,0.002298534
10485,True,6.289429e-05,0.024719639,0.00080070645
10486,True,6.156518e-05,-0.012067653,0.0051900297
10487,True,6.400823e-05,0.0055933706,-0.0018948354
10488,True,6.55217e-05,0.011060942,-0.012366774
10489,True,6.272418e-05,-0.007777117,0.014761388
10490,True,6.643386e-05,0.011047592,0.00991483
10491,True,6.6260895e-05,0.0048717074,0.0038229004
10492,True,6.774847e-05,0.0017269142,0.005637292
10493,True,6.5363216e-05,0.018398263,0.025536573
10494,False,5.997443e-05,0.018788222,0.009704744
10495,False,6.276895e-05,-0.0047032814,0.0063812016
10496,False,5.979227e-05,-0.014210307,-0.0003281124
10497,False,5.873864e-05,-0.006223562,0.0144645125
10498,False,6.3530664e-05,0.028530397,0.012937276
10499,False,6.3290914e-05,0.016455172,-0.00400782
10500,False,6.483483e-05,0.022956897,0.0090233255
10501,False,6.374058e-05,0.007844695,0.022802727
10502,False,6.579362e-05,0.0061047785,0.018488102
10503,False,6.113182e-05,0.0063839834,0.0135443695
10504,False,6.3116204e-05,-0.017091885,0.02095167
10505,False,6.279255e-05,-0.01252182,0.0073345145
10506,False,6.3555584e-05,-0.0065864455,-0.006455235
10507,False,6.0124785e-05,-0.012109681,0.007276766
10508,False,5.819668e-05,-0.013274329,-0.00023409352
10509,False,6.616799e-05,0.005705498,0.0028318744
10510,False,6.564079e-05,0.006002752,0.0149582755
10511,False,6.6969376e-05,-0.0084652025,-0.008467484
10512,True,6.3243395e-05,0.010046676,0.004963631
10513,True,5.9403035e-05,0.008568522,0.019278
10514,True,6.537374e-05,0.0062948205,0.009029174
10515,False,6.420752e-05,0.011968035,0.020273086
10516,True,6.1828214e-05,0.013678147,0.02628326
10517,True,6.3073334e-05,0.010169607,0.021530788
10518,True,6.668156e-05,0.0003671851,0.03626944
10519,False,6.812691e-05,-0.012654642,0.014177353
10520,False,6.8666115e-05,-0.02248808,-0.011871183
10521,False,6.0736387e-05,-0.014845776,0.014163709
10522,False,6.1101346e-05,-0.006671563,-0.0014829831
10523,True,6.561368e-05,0.0005327426,0.020856818
10524,True,6.336439e-05,0.00341806,0.01631788
10525,True,6.360796e-05,0.0018748697,0.016442206
10526,False,6.501896e-05,0.00025098026,0.012462962
10527,True,5.9868533e-05,0.006998807,0.015892478
10528,True,6.862584e-05,0.014831442,0.018900473
10529,True,6.223067e-05,0.015763162,0.027253073
10530,True,6.513519e-05,0.012451541,0.026216477
10531,True,6.404215e-05,0.0060398728,0.012537283
10532,True,6.331648e-05,0.0017037313,0.01882404
10533,True,6.406545e-05,0.0071068183,0.01605579
10534,True,6.313315e-05,0.0017939247,0.00503809
10535,True,6.58943e-05,0.0011812039,0.0047980435
10536,True,6.374419e-05,0.006031286,0.008188624
10537,False,6.196615e-05,0.009207264,0.027508706
10538,True,6.2438405e-05,0.010260575,0.006365625
10539,False,6.4247484e-05,-0.0004532931,0.011103061
10540,False,6.12361e-05,0.025533536,0.024432512
10541,True,6.246465e-05,0.020733558,0.031628035
10542,False,6.446492e-05,0.014091285,0.029345479
10543,True,6.136355e-05,0.006640617,0.010046148
10544,False,6.609978e-05,0.0067147613,-0.01798543
10545,False,6.579123e-05,0.002612805,0.0046420153
10546,False,6.761383e-05,-0.01386868,0.0064928494
10547,False,6.65813e-05,-0.011423849,-0.0057368577
10548,False,6.900348e-05,-0.016171493,0.0025216485
10549,False,6.573305e-05,0.005405549,0.014303933
10550,False,6.620114e-05,-0.011824939,0.0052853595
10551,False,6.644248e-05,-0.00722507,0.020928308
10552,True,6.168744e-05,0.019354705,0.033733703
10553,False,6.870782e-05,-0.023927335,-0.00689191
10554,False,6.34251e-05,-0.009946162,-0.0024176259
10555,False,6.124907e-05,0.00616193,-0.006289417
10556,False,6.3752144e-05,0.005174544,0.006222233
10557,False,6.190748e-05,0.0008265013,-0.017895725
10558,False,6.789229e-05,-0.017677717,0.03430525
10559,False,6.359937e-05,-0.0077145807,0.03523186
10560,False,6.153177e-05,-0.0058110477,0.03243354
10561,False,6.4389555e-05,0.011540707,0.016550157
10562,True,6.250415e-05,0.009245891,0.022505805
10563,True,6.137756e-05,0.021837085,0.03632957
10564,False,6.142407e-05,0.022048187,0.039957896
10565,False,6.210606e-05,0.016101157,0.033134863
10566,False,6.141297e-05,0.010261653,0.029291362
10567,False,5.9132748e-05,-0.014866257,0.028988542
10568,False,6.340681e-05,-0.0061879335,-0.011771189
10569,False,6.5499386e-05,-0.0022934657,-0.006221715
10570,False,6.366437e-05,-0.009063376,-0.0018753298
10571,False,6.512681e-05,-0.0028685043,-0.0058820546
10572,False,5.9883118e-05,-0.007808689,-0.010712929
10573,False,6.091428e-05,-0.004267646,0.0019578785
10574,False,6.1445506e-05,-0.00018876418,-0.008172158
10575,False,6.217377e-05,0.013322857,0.030308133
10576,False,6.176711e-05,0.011695573,-0.010583545
10577,False,5.9651324e-05,-0.0045948587,-0.017142687
10578,False,6.261616e-05,0.0066632647,-0.037865493
10579,True,5.8698075e-05,-0.0052290373,-0.009943477
10580,True,6.0364728e-05,-0.006841873,-0.012689684
10581,False,5.9522492e-05,-0.0014600279,-0.009223238
10582,False,6.290049e-05,0.008683607,0.0037019849
10583,False,6.117419e-05,0.006237765,-0.010966765
10584,False,5.9683432e-05,0.013760078,-0.0062642973
10585,False,6.3056e-05,0.0017994605,0.0003544055
10586,False,5.85653e-05,-0.0015588021,0.006660885
10587,False,5.7752415e-05,0.007886898,-0.007901333
10588,False,6.0408882e-05,0.023837153,0.012512457
10589,False,5.854912e-05,0.010576442,0.0045435075
10590,False,6.1640654e-05,0.0009856513,0.017296
10591,True,6.113853e-05,0.009496912,0.00933627
10592,False,6.119807e-05,0.0040775156,-0.0066640214
10593,False,5.7299272e-05,0.0056525283,-0.00036413036
10594,False,5.8568832e-05,0.014963496,0.007079182
10595,True,6.274998e-05,0.00753054,0.0038532456
10596,False,6.131604e-05,0.0036962028,-0.003497392
10597,False,5.934319e-05,0.0006534364,0.007858416
10598,False,5.9541664e-05,-0.0036690757,0.009667623
10599,True,5.6795478e-05,-0.0119478945,-0.0064428
10600,False,7.250204e-05,-0.02723741,0.006368232
10601,False,7.336567e-05,-0.012410853,-0.0029116739
10602,False,6.869762e-05,-0.025785256,0.0010431111
10603,False,6.6755805e-05,-0.008471258,0.008732626
10604,False,6.750715e-05,-0.0046857595,0.01858931
10605,False,6.821075e-05,-0.009804979,0.0037769126
10606,False,7.12254e-05,-0.009457428,-0.02283695
10607,False,6.442316e-05,-0.003487396,0.009063609
10608,False,6.407175e-05,0.011748105,-0.009690009
10609,False,6.261222e-05,-0.0034609511,0.0045058066
10610,False,6.417518e-05,-0.013662897,0.005486943
10611,False,6.505623e-05,0.00967779,0.0036805319
10612,False,6.766461e-05,-0.019241448,0.0036685746
10613,False,6.774843e-05,-0.0036569275,-0.0050238557
10614,False,6.6643144e-05,-0.004381329,0.009074809
10615,False,6.933101e-05,-0.009976482,-0.019525338
10616,False,6.83892e-05,-0.018011361,-0.014421693
10617,False,6.898028e-05,-0.017270086,-0.017103175
10618,False,7.050645e-05,-0.022294465,-0.020940796
10619,False,6.9209695e-05,-0.016695892,-0.018472282
10620,False,6.8633e-05,-0.02179461,-0.016369725
10621,False,6.6463384e-05,-0.00925201,-0.016402438
10622,False,6.804492e-05,-0.015097087,-0.017117634
10623,False,6.640555e-05,-0.013656609,-0.021485604
10624,False,6.841942e-05,-0.022048928,-0.009305926
10625,False,6.898493e-05,-0.012171067,-0.00078590214
10626,False,6.6923356e-05,0.0011059223,-0.018495265
10627,True,6.685596e-05,0.021617882,0.019731283
10628,True,5.974481e-05,0.01332077,0.016783223
10629,True,5.871798e-05,0.005843729,0.014883771
10630,True,6.222627e-05,0.019384377,0.0102544315
10631,True,6.7075605e-05,0.023516133,0.008021167
10632,True,6.23221e-05,0.019104477,0.020112967
10633,True,6.3956184e-05,0.016925309,0.02075802
10634,True,5.9644248e-05,0.01480221,0.018727835
10635,True,5.94047e-05,0.01300171,0.014018052
10636,True,6.1907835e-05,0.014303973,0.034862723
10637,True,6.3924716e-05,0.011696229,0.027756002
10638,True,6.3617525e-05,0.007004142,0.002413448
10639,True,6.283401e-05,0.015570376,-0.0070830183
10640,True,6.3474865e-05,0.017020881,0.021091849
10641,True,6.354613e-05,0.011922117,0.008370336
10642,True,6.333681e-05,0.00844878,0.0060170693
10643,True,6.610745e-05,0.012416981,0.03090186
10644,True,6.590376e-05,-0.0020472985,0.036126114
10645,False,6.8037465e-05,0.004415123,0.019672025
10646,False,6.262349e-05,0.013470001,0.016017742
10647,False,6.309098e-05,-0.0051930184,0.013329726
10648,False,6.0186387e-05,0.011673791,0.011420852
10649,False,6.386675e-05,-0.011513924,0.005776206
10650,False,6.2689425e-05,-0.009913605,-0.0028806925
10651,True,6.1471925e-05,-0.009460367,0.015479974
10652,False,6.427255e-05,0.023741966,0.02557557
10653,False,6.171466e-05,0.01100995,0.021332042
10654,False,6.306556e-05,0.03916344,0.020790823
10655,False,6.420295e-05,0.030355554,-0.010489302
10656,False,6.42404e-05,0.019469751,0.010664204
10657,False,6.4512205e-05,0.0043607615,0.0022702878
10658,False,5.636036e-05,2.5499612e-06,-0.0005332399
10659,False,6.0954073e-05,0.0014453921,0.004047906
10660,False,6.168944e-05,-0.002133485,0.012487389
10661,False,6.321948e-05,0.0016315738,0.004911294
10662,False,6.222652e-05,0.0022273213,0.02120601
10663,True,6.2923405e-05,-0.008472756,0.0060769618
10664,True,6.4282496e-05,0.0051950617,0.017307894
10665,False,6.053777e-05,0.019563772,0.018073209
10666,True,5.780566e-05,0.021987028,0.015907075
10667,True,6.1002283e-05,0.0042052018,0.021395648
10668,False,5.8554167e-05,0.020891469,0.017771373
10669,True,6.079054e-05,0.017065646,0.015761612
10670,False,6.3230924e-05,0.02533893,0.03615451
10671,False,6.7171466e-05,0.0023848824,-0.0045939256
10672,False,6.48675e-05,-0.015868217,-0.013559968
10673,False,6.331155e-05,-0.008289399,0.015241958
10674,False,6.229695e-05,0.002474431,0.019945212
10675,False,6.363031e-05,0.014506366,0.017758654
10676,False,6.534911e-05,0.0008074753,0.00507122
10677,False,6.269544e-05,-0.0059770197,0.013356047
10678,True,6.762932e-05,0.01201614,0.025608916
10679,True,6.798721e-05,-0.005801972,0.012000422
10680,True,6.4481945e-05,0.03052079,0.021709953
10681,True,6.45869e-05,0.027365685,0.03060239
10682,True,6.597088e-05,0.0189074,0.023112945
10683,True,6.1547e-05,0.012980945,0.02637006
10684,True,6.317492e-05,-0.00042420626,0.009957348
10685,True,6.386356e-05,-0.001808513,0.019690754
10686,False,6.3041385e-05,-0.005209595,0.026036222
10687,False,6.353277e-05,0.018089537,0.012471944
10688,True,6.801588e-05,0.0066045374,0.027432645
10689,True,5.9399143e-05,0.009232555,0.022846898
10690,False,5.9762908e-05,7.276796e-05,0.012976013
10691,False,6.143905e-05,0.003084045,0.006651897
10692,False,6.562229e-05,0.008373011,0.028590739
10693,False,6.4244676e-05,0.02215954,0.03042082
10694,True,6.343929e-05,0.02713903,0.03926
10695,True,6.613307e-05,0.011063067,0.030264119
10696,True,6.106773e-05,0.000137344,0.024297453
10697,True,6.0993272e-05,0.0027130246,0.015546693
10698,False,6.620638e-05,0.014831014,0.039864395
10699,False,7.0065675e-05,-0.01435073,-0.0052715354
10700,False,6.532423e-05,-0.008494465,-0.005233746
10701,False,6.636987e-05,-0.012768009,-0.0032706046
10702,False,6.464898e-05,-0.0041543217,0.016329292
10703,False,6.37392e-05,-0.0104085915,0.035629407
10704,True,6.461382e-05,0.021169571,0.023984343
10705,True,6.0923394e-05,0.014735028,0.033129282
10706,False,6.619728e-05,-0.014819834,-0.01257487
10707,False,6.555396e-05,-0.008848729,-0.0072060116
10708,False,6.3306834e-05,0.0056240223,-0.02872663
10709,False,5.992843e-05,0.025811769,-0.003405396
10710,False,5.958158e-05,-0.0019642059,-0.0039736778
10711,True,6.317151e-05,0.024904184,0.031810857
10712,True,6.266089e-05,0.016584778,0.044562947
10713,True,6.407219e-05,0.021751985,0.017373912
10714,True,6.241291e-05,0.015807148,0.031015307
10715,True,6.274381e-05,0.012715905,0.015398735
10716,True,6.0676644e-05,0.024199098,0.025967654
10717,False,6.117474e-05,0.0150280185,0.029424503
10718,False,6.2194646e-05,0.01266595,0.031104289
10719,False,6.2879924e-05,-0.011837406,0.023579884
10720,False,6.0891052e-05,-0.005711939,0.008720763
10721,False,6.556623e-05,0.0050750114,-1.5163794e-05
10722,False,6.5582164e-05,-0.013221211,0.008690687
10723,False,6.6176435e-05,-0.0029845033,0.0036455095
10724,False,6.0338585e-05,0.00058696605,0.0056103133
10725,False,6.047746e-05,0.013814695,-0.017343456
10726,False,5.9642134e-05,0.011697654,-0.008195148
10727,False,6.1433755e-05,-0.00223553,0.0015221834
10728,False,6.4526466e-05,-0.0027582226,0.018256515
10729,False,6.2971696e-05,0.016467243,-0.011554794
10730,False,6.2259714e-05,0.008811546,0.0011410983
10731,False,6.053054e-05,0.005595345,-0.009344681
10732,False,6.195667e-05,0.00033949874,-0.0060886033
10733,False,6.2425264e-05,0.009046022,0.013468537
10734,True,6.142731e-05,0.0073923077,0.0054685418
10735,True,5.8904086e-05,0.0084451465,0.0013516862
10736,False,6.090726e-05,0.002932256,0.019238152
10737,False,5.993941e-05,-0.011740439,-0.004426206
10738,False,6.0764236e-05,-0.0134741515,-0.0015419573
10739,False,5.7408823e-05,0.015498927,-0.012540188
10740,False,5.8668324e-05,0.004211096,0.019250778
10741,True,6.055388e-05,0.019125918,0.0025287392
10742,True,6.0522838e-05,0.0023375507,0.0021820846
10743,False,5.7673507e-05,0.009361953,0.023651192
10744,True,6.052932e-05,0.013564126,0.008460213
10745,False,5.935343e-05,0.008530984,-0.013373506
10746,False,5.8776794e-05,-0.0023564547,0.0033473857
10747,False,5.820177e-05,0.008251337,-0.008144863
10748,True,6.0757713e-05,0.0012812736,0.011701364
10749,False,5.9183898e-05,0.0040495666,0.0066504586
10750,False,6.0619033e-05,-0.00100498,0.0038645184
10751,False,6.257446e-05,0.0016347524,0.02092867
10752,False,7.046029e-05,-0.03491923,0.014899452
10753,False,7.552152e-05,-0.012816014,0.0026026964
10754,False,7.226479e-05,-0.010773938,0.00037890207
10755,False,6.890498e-05,-0.0066519855,0.010722289
10756,False,6.777973e-05,-0.0019603036,0.00094824564
10757,False,6.9272144e-05,0.010916768,0.013289664
10758,False,6.610449e-05,-0.008848244,-0.004483669
10759,False,7.00431e-05,0.00072740845,0.0012663752
10760,False,6.832756e-05,0.00024296995,-0.004901042
10761,False,6.4037704e-05,0.0018136632,-0.013162172
10762,False,6.534239e-05,0.0030345991,0.00738227
10763,False,6.4926106e-05,-0.018212125,0.011885259
10764,False,6.77314e-05,-0.017097883,-0.007930826
10765,False,7.007772e-05,-0.018254666,0.001883544
10766,False,6.973314e-05,-0.010588243,-0.0067269504
10767,False,6.900821e-05,-0.008875365,-0.0052949963
10768,False,6.796067e-05,-0.0147944195,-0.01816288
10769,False,6.7530986e-05,-0.008393686,-0.019316003
10770,False,6.9026144e-05,-0.012839402,-0.014797919
10771,False,6.870209e-05,-0.014481932,-0.018202528
10772,False,6.845474e-05,-0.013610667,-0.014291022
10773,False,6.642617e-05,-0.016031157,-0.018562295
10774,False,6.613448e-05,-0.0063416827,-0.0023976914
10775,False,6.884417e-05,0.0028505651,-0.030245826
10776,False,6.7703004e-05,-0.012709178,0.00020359363
10777,False,6.7820416e-05,0.010977894,-0.0061341487
10778,False,6.490752e-05,-0.013573028,0.018576711
10779,True,6.3195e-05,0.037127085,0.035531722
10780,True,6.3091094e-05,0.026626593,0.01990897
10781,True,6.2181054e-05,0.02058909,0.01870652
10782,True,6.0951286e-05,0.01804208,0.021502635
10783,True,6.273001e-05,0.01808639,0.028424272
10784,True,6.265489e-05,0.030335985,0.026121585
10785,True,6.194934e-05,0.017189175,0.012843389
10786,True,6.1063845e-05,0.01902296,0.019020235
10787,True,6.0353996e-05,0.02787476,0.020726014
10788,True,5.8675923e-05,0.012914259,0.02263309
10789,True,6.1257815e-05,0.0026504137,0.014881802
10790,True,6.294981e-05,0.012076672,0.015469924
10791,True,6.227482e-05,0.019657314,0.0076679774
10792,True,6.018909e-05,-0.0018296055,0.0074398313
10793,True,5.7535315e-05,0.019426016,0.011874303
10794,True,5.9412298e-05,0.022331428,0.010321431
10795,True,6.260675e-05,0.01647643,0.013882471
10796,True,6.5168504e-05,-0.0098777,0.015506148
10797,True,6.538382e-05,-0.0006104186,0.027692353
10798,True,6.0762955e-05,0.021981418,0.012976771
10799,True,6.0859005e-05,0.030543057,0.01976656
10800,True,6.394762e-05,0.009905852,0.022530911
10801,True,6.3555526e-05,-0.0012430372,0.017678894
10802,True,6.154061e-05,0.017393129,0.0040200055
10803,True,6.39397e-05,-0.002323038,0.0043085776
10804,True,6.4851876e-05,0.014564406,0.023523867
10805,True,6.0959756e-05,0.0194266,0.01976985
10806,False,6.265752e-05,0.03068066,0.026163122
10807,False,6.409785e-05,0.014882638,-0.022920711
10808,False,6.427949e-05,0.023352046,0.027172685
10809,False,6.3663254e-05,0.030903492,0.01788386
10810,False,6.528684e-05,0.0034929872,0.01782742
10811,False,6.0625425e-05,0.010347646,0.03148202
10812,True,6.219924e-05,0.006297608,0.018055623
10813,True,6.1557614e-05,0.001769796,0.01401859
10814,True,6.3700776e-05,0.001100067,0.018792968
10815,False,6.173433e-05,0.015305541,0.0037184265
10816,True,6.603194e-05,0.012645689,0.011607208
10817,True,6.278258e-05,0.0027026879,0.010818588
10818,False,5.6686855e-05,-0.0032427986,0.013415061
10819,False,6.272674e-05,0.020590242,0.016885344
10820,False,6.294605e-05,0.015889782,0.021672681
10821,True,6.124565e-05,0.017157309,0.01935056
10822,True,6.0719674e-05,0.0076085962,0.02853151
10823,True,6.3930944e-05,0.018453334,0.011657919
10824,False,6.618677e-05,0.01271432,0.032042764
10825,False,6.472788e-05,-0.012990884,-0.016833456
10826,False,6.218805e-05,-0.0070638866,0.003986001
10827,False,6.1511266e-05,0.0020596012,0.024048474
10828,True,6.428878e-05,0.009151246,0.026406702
10829,False,6.498275e-05,-0.0057641603,0.013079204
10830,False,6.4506734e-05,-0.004439812,0.01834934
10831,True,6.462287e-05,0.0108593665,0.02022221
10832,False,6.472766e-05,0.003560476,0.028070979
10833,True,6.364297e-05,0.015093617,0.030563764
10834,True,6.339819e-05,0.015375353,0.039632283
10835,True,6.368031e-05,0.0024982467,0.0334614
10836,True,6.30592e-05,0.010615524,0.033112228
10837,True,6.36514e-05,0.0036973841,0.025558714
10838,False,6.336646e-05,0.014685884,0.027529823
10839,False,6.385321e-05,0.007820662,0.011870254
10840,False,6.3177176e-05,-0.009813558,0.013695098
10841,True,5.945227e-05,0.005457692,0.027504902
10842,True,6.272065e-05,0.0037411936,0.023868777
10843,False,6.512703e-05,0.002595339,0.0201704
10844,True,6.6351684e-05,0.0037771724,0.032082956
10845,False,6.3804866e-05,-0.0011549797,0.026159959
10846,False,6.716607e-05,0.010626361,0.028779414
10847,False,6.544477e-05,0.01222316,0.02191002
10848,False,6.724578e-05,0.0029120855,0.04367159
10849,False,6.466703e-05,-0.0027234377,0.022768531
10850,True,6.364489e-05,-0.0037746155,0.022691779
10851,False,6.613643e-05,-0.0053166617,0.044857807
10852,False,6.55951e-05,-0.0028953075,0.020307178
10853,False,6.6358756e-05,-0.009025447,0.01721862
10854,False,6.655322e-05,0.008339753,0.015831139
10855,False,6.743388e-05,-0.015175012,0.009512364
10856,False,6.282109e-05,-0.015272738,0.03330443
10857,True,6.555356e-05,0.02917428,0.029768325
10858,False,6.343811e-05,0.027680982,0.031905904
10859,False,6.27021e-05,0.021388572,0.003804002
10860,False,6.430036e-05,-0.027499989,-0.0063892957
10861,False,6.3418986e-05,-0.013817528,-0.027309196
10862,False,6.0466857e-05,0.0063342117,-0.004080478
10863,False,5.9225567e-05,0.0101205,-0.018519586
10864,False,5.859454e-05,0.0042067673,-0.0017875861
10865,True,6.485861e-05,0.01921898,0.025706518
10866,True,5.992868e-05,0.014591037,0.025921665
10867,False,6.329688e-05,0.012180687,0.026449487
10868,False,6.292761e-05,0.0035187267,0.022133756
10869,True,6.1696286e-05,0.012357893,0.03474301
10870,False,6.160073e-05,-0.003426212,0.036227245
10871,False,6.306946e-05,0.004349293,0.024699192
10872,False,6.1344384e-05,0.00051476806,0.025550062
10873,False,6.129403e-05,0.008285052,0.027058313
10874,False,6.292539e-05,-0.02429454,-0.014917411
10875,False,6.6554116e-05,-0.008511235,-0.0065265894
10876,False,6.4940825e-05,-0.02531794,0.006749356
10877,False,6.482749e-05,-0.0012108246,-0.005191209
10878,False,5.6174813e-05,0.014397585,-0.0103231445
10879,False,5.8616482e-05,0.0069702445,-0.0034606643
10880,False,5.9272435e-05,-0.0055041052,0.018153094
10881,False,6.384163e-05,0.016431727,0.015602571
10882,False,6.2201696e-05,-0.0053201504,-0.008017978
10883,True,5.6497127e-05,0.01030485,-0.003582782
10884,False,6.282212e-05,0.017144676,0.019547457
10885,False,6.1657316e-05,-0.008825982,-0.010483107
10886,False,6.239561e-05,0.004102979,0.004478259
10887,False,6.198106e-05,0.022368087,0.013592357
10888,False,5.8757287e-05,-0.011242901,0.0036702733
10889,False,6.469471e-05,0.0016515506,0.015181145
10890,False,5.9533228e-05,-0.009123268,0.00067281723
10891,True,5.843897e-05,-0.0072814543,-0.0020534936
10892,False,5.653673e-05,0.01028817,-0.007064022
10893,False,5.9107773e-05,0.01226997,-0.015672466
10894,True,5.9113856e-05,1.6091391e-05,0.0056320615
10895,True,5.9132977e-05,0.009238291,0.008781221
10896,False,5.933348e-05,0.014792211,0.012080427
10897,True,5.8740174e-05,0.006775137,0.010727199
10898,False,5.8831516e-05,0.014261341,0.006203929
10899,False,5.9691298e-05,0.014430301,0.0015477957
10900,False,6.0643073e-05,0.010413997,0.0046848366
10901,False,5.8983456e-05,0.0052940585,-0.0013149492
10902,True,6.140927e-05,0.019210003,0.0182372
10903,False,6.401428e-05,0.0017356966,0.021219512
10904,True,6.3344254e-05,0.0021591801,0.01575693
10905,False,6.4264714e-05,7.053837e-05,0.016876135
10906,False,7.122268e-05,-0.039202325,0.018111093
10907,False,7.38571e-05,-0.0060137296,-0.0017827796
10908,False,7.607943e-05,-0.020944308,0.004195001
10909,False,7.217694e-05,-0.01972098,-0.018344829
10910,False,6.9832975e-05,0.004881293,-0.0018988103
10911,False,6.995826e-05,0.009654345,0.014237937
10912,False,7.100438e-05,-0.004931733,0.0009939447
10913,False,7.114657e-05,0.0012846123,0.013323035
10914,False,6.821229e-05,0.0014777044,0.0008945265
10915,False,6.8446534e-05,-0.012490899,0.006994826
10916,False,6.846958e-05,-0.00741159,-0.008453639
10917,False,6.540207e-05,-0.008880364,-0.010157534
10918,False,6.912581e-05,-0.024086693,-0.019809807
10919,False,7.137398e-05,-0.0150347315,-0.0043725544
10920,False,6.799942e-05,-0.020274404,0.008190052
10921,False,6.8883244e-05,-0.010542501,-0.0010810075
10922,False,6.9744114e-05,-0.013790641,-0.008217337
10923,False,6.935121e-05,-0.008894999,-0.006324662
10924,False,6.828376e-05,-0.013094624,-0.004507051
10925,False,6.750782e-05,-0.01524416,-0.0069818445
10926,False,6.8105976e-05,-0.013436642,-0.011253074
10927,False,6.715114e-05,-0.031505615,-0.0029398426
10928,False,6.6816996e-05,-0.01615483,-0.002360236
10929,False,6.374191e-05,-0.008270241,-0.005097596
10930,False,6.7306464e-05,-0.013474498,-0.005102098
10931,False,6.666698e-05,-0.0025907531,-0.0066291373
10932,True,6.550655e-05,0.018339897,0.0064514466
10933,True,6.388823e-05,-0.0042796917,-0.0013481807
10934,True,6.3977604e-05,0.021287937,0.0064772666
10935,True,6.180682e-05,0.019089114,0.010677233
10936,True,6.271979e-05,0.004924413,0.010729767
10937,True,6.366562e-05,0.015246848,0.005159635
10938,True,6.587908e-05,0.011583693,-0.004667707
10939,True,6.327006e-05,0.02134114,0.008396119
10940,True,6.313516e-05,0.012812037,0.010169499
10941,True,6.3424115e-05,0.01827341,0.021520987
10942,True,6.256707e-05,-0.011855759,0.00012113899
10943,True,6.063162e-05,0.021018527,0.018742895
10944,True,6.202198e-05,0.0014277473,0.026879754
10945,True,6.0002963e-05,0.022699412,0.004688604
10946,True,6.2612125e-05,0.020236742,0.021537025
10947,True,6.069144e-05,0.02190049,0.007534776
10948,True,6.160265e-05,0.017479721,0.0128285475
10949,True,6.101171e-05,0.01731661,0.021855272
10950,False,6.853082e-05,-0.017014232,-0.01733452
10951,True,6.173612e-05,-0.00682188,0.00948715
10952,True,6.125572e-05,0.0043839216,0.009489257
10953,True,6.34541e-05,0.01737345,0.022983141
10954,True,6.544429e-05,0.011655264,0.01975257
10955,True,6.412232e-05,0.0081983805,0.0071597416
10956,True,6.547989e-05,0.016958661,0.007662628
10957,True,6.1066676e-05,0.007150134,0.019598834
10958,True,6.395118e-05,-0.003921706,0.00083370507
10959,False,6.1230174e-05,0.027362982,0.016054504
10960,True,6.0865095e-05,0.015939416,0.012451699
10961,False,5.5959794e-05,-0.0035667308,-0.007916541
10962,True,6.3910964e-05,0.007627908,-0.004393356
10963,True,6.333716e-05,0.00018822029,-3.2979995e-05
10964,True,6.3604275e-05,0.011407662,0.015187731
10965,False,6.22374e-05,0.012983246,0.008129947
10966,True,6.687051e-05,0.011748262,-0.0009006341
10967,False,6.637734e-05,-0.0014495179,0.008631364
10968,True,6.208228e-05,0.0042065387,0.0024031969
10969,True,6.442031e-05,0.0033365358,0.0059828917
10970,True,6.057357e-05,0.013987692,-0.002286788
10971,False,5.960308e-05,0.010498039,0.018200506
10972,True,6.0239516e-05,-0.005419726,0.014400862
10973,False,6.2328494e-05,0.016054448,0.003195296
10974,False,6.2338855e-05,0.0011265753,0.0074778404
10975,True,5.966543e-05,-0.004087003,0.0036055222
10976,False,6.2403305e-05,0.02214756,0.016573893
10977,False,6.279535e-05,-0.0049083475,-0.014728047
10978,False,6.555157e-05,-0.010959929,-0.015174473
10979,False,6.5333195e-05,-0.027859792,-0.0039939024
10980,False,6.1895764e-05,-0.018551594,-0.004024027
10981,False,5.9001974e-05,-0.014548559,0.008015372
10982,False,6.301408e-05,-0.0006639352,0.0007489901
10983,False,6.1651765e-05,-0.0046465807,0.012722071
10984,False,6.4049935e-05,-0.013260109,0.027218439
10985,False,6.770696e-05,0.0052624866,0.0121519165
10986,False,6.702409e-05,-0.018886868,-0.0048399847
10987,False,6.356498e-05,0.0042795427,0.036079053
10988,True,6.205862e-05,0.010410795,0.023753693
10989,False,6.8989306e-05,0.0038619637,0.019936174
10990,True,6.117644e-05,0.0014554113,0.004830878
10991,False,6.708708e-05,0.0020375475,0.03073357
10992,True,6.748484e-05,-0.0024322867,0.022306044
10993,False,6.518233e-05,0.0029499643,0.010184682
10994,False,6.205938e-05,0.0100333765,0.017325152
10995,False,6.597837e-05,0.01762842,0.0085222125
10996,False,6.4896834e-05,0.012094947,0.0082936995
10997,True,6.407968e-05,-0.004601596,0.0125648165
10998,True,6.267879e-05,0.002380393,0.020014662
10999,True,6.564944e-05,0.01594375,0.023891136
11000,True,6.639413e-05,0.011730917,0.021556497
11001,True,6.12225e-05,0.0008624848,0.020344457
11002,False,6.739838e-05,0.01551519,0.026759451
11003,True,6.127298e-05,0.012210879,0.01510049
11004,True,6.2914296e-05,0.022168659,0.034066178
11005,True,6.687297e-05,0.017354682,0.029251304
11006,False,6.3921136e-05,0.012226846,0.037302323
11007,False,6.3074454e-05,0.016092833,0.02346507
11008,False,6.35318e-05,0.015428349,0.018770114
11009,False,6.166931e-05,0.010578165,0.020276058
11010,False,6.3089334e-05,-0.01740711,0.010203978
11011,False,6.4969514e-05,-0.016394278,-0.015479796
11012,False,6.185305e-05,-0.031631332,-0.013505913
11013,False,5.8345144e-05,0.01376293,0.01084071
11014,False,5.9887687e-05,-0.0040169917,-0.013168448
11015,False,5.9480593e-05,-0.0061238855,-0.003120767
11016,False,6.198869e-05,-0.0042131394,-0.01508869
11017,False,6.2481275e-05,-0.006522443,-0.012131803
11018,False,6.180875e-05,0.000341814,-0.000363525
11019,False,6.3395135e-05,-0.018014405,0.009715545
11020,False,5.914975e-05,-0.017263971,0.0031014718
11021,False,5.9277478e-05,-0.010736991,0.000629656
11022,True,6.238871e-05,-0.009204226,-0.002923457
11023,False,6.111484e-05,0.0049361177,0.027468741
11024,False,5.9682807e-05,0.018724587,0.03021463
11025,True,6.35331e-05,0.007829901,0.035905465
11026,False,6.1333245e-05,0.0013288185,0.037455186
11027,False,6.121004e-05,0.0121797025,0.022440016
11028,False,6.14085e-05,-0.0003086049,0.026585057
11029,False,6.444409e-05,0.014827045,0.0030834638
11030,False,6.283553e-05,-0.008647779,0.018915355
11031,False,6.1272985e-05,0.0043356568,-0.0039660633
11032,False,5.830748e-05,0.009331204,-0.00631819
11033,False,5.8913185e-05,0.0044751186,-0.004065794
11034,False,5.817207e-05,-0.008634139,0.00476579
11035,False,6.131691e-05,-0.009587001,0.01392629
11036,False,6.0672814e-05,-0.008143052,-0.0021317974
11037,True,5.9443588e-05,0.0098996125,0.010172577
11038,False,6.424853e-05,0.012639797,0.0055625793
11039,False,6.233122e-05,0.0016376674,0.017504005
11040,False,6.274611e-05,0.00017249864,0.020411205
11041,False,5.9747275e-05,0.0012395233,0.00079893926
11042,False,5.6973862e-05,-0.0010496061,0.003417245
11043,False,5.8964168e-05,0.0037616384,0.0018290672
11044,True,6.1717365e-05,-0.008381245,0.005472617
11045,True,6.1482475e-05,-0.013333998,0.019586567
11046,True,5.7415917e-05,-0.0060036257,-0.0067734793
11047,False,5.9081784e-05,-0.008503504,-0.02052913
11048,False,5.9114478e-05,-0.016167777,-0.007917032
11049,True,5.9873437e-05,0.014123466,0.023439012
11050,False,6.077288e-05,-0.005452293,0.0020197444
11051,False,5.965287e-05,0.0023531504,-0.00081893895
11052,True,5.7194386e-05,0.014149761,-0.0004390087
11053,True,5.7109188e-05,0.0057165036,0.008565651
11054,True,5.8673693e-05,0.023441078,-0.0016394351
11055,False,6.148593e-05,0.00601127,-9.207614e-05
11056,True,6.3179075e-05,0.018818462,0.019361414
11057,False,6.303508e-05,0.01049529,0.013055849
11058,False,6.796969e-05,-0.0060246885,0.0071370774
11059,False,7.334354e-05,-0.023068193,0.003397651
11060,False,7.378212e-05,-0.012917258,-0.008619014
11061,False,7.254198e-05,-0.012677567,-0.0013456857
11062,False,7.245301e-05,-0.023479648,-0.011272334
11063,False,7.158512e-05,-0.0022539794,-0.0036669523
11064,False,7.3697694e-05,-0.011376085,0.010259844
11065,False,7.128645e-05,0.022456221,0.016092012
11066,False,7.142335e-05,-0.009219382,0.023333292
11067,False,7.304696e-05,-0.013917697,0.0028543137
11068,False,6.9132024e-05,-0.01011755,0.027169384
11069,False,6.992207e-05,0.004355993,0.020751558
11070,False,6.678879e-05,-0.014653028,-0.00015712902
11071,False,6.756004e-05,-0.012948996,-0.001871149
11072,False,6.912246e-05,-0.007698206,0.011387509
11073,False,6.761592e-05,-0.013488822,-0.012081743
11074,False,6.772431e-05,-0.009030464,-0.006871811
11075,False,6.854282e-05,-0.0042711254,-0.020735959
11076,False,6.849267e-05,-0.0109231435,0.0071857534
11077,False,6.766048e-05,-0.024099614,-0.003892636
11078,False,6.697789e-05,-0.013033481,-0.0103911925
11079,False,6.6335415e-05,-0.008071855,-0.0032671941
11080,False,6.7423294e-05,-0.0054642204,-0.0037983218
11081,False,6.698128e-05,-0.0055198167,0.0048072133
11082,False,6.577558e-05,-0.0008058734,-0.01170723
11083,True,6.402847e-05,0.0089507,0.0104570445
11084,True,6.5764776e-05,0.016921021,0.0013204925
11085,True,6.236743e-05,0.015052807,-0.00030536205
11086,True,6.237193e-05,0.0108158775,0.0005296953
11087,True,6.187291e-05,0.006521225,-0.0032477975
11088,True,6.282376e-05,0.009940401,0.0020026155
11089,True,6.281091e-05,0.007925097,0.022862302
11090,True,6.085749e-05,0.003676474,0.007857136
11091,True,6.354876e-05,-0.004451148,0.004844249
11092,True,6.1977276e-05,0.004240714,0.005789092
11093,True,6.296486e-05,0.01612335,0.016564693
11094,True,6.058627e-05,0.011849619,0.026687186
11095,True,6.571428e-05,0.011248507,0.03626664
11096,True,6.263934e-05,0.005070146,0.005120674
11097,True,6.564638e-05,0.026455307,0.009563645
11098,True,6.0769686e-05,0.013979606,0.024076981
11099,True,6.092654e-05,0.018223561,0.0068048732
11100,True,6.297522e-05,0.027367793,0.03092553
11101,False,6.864302e-05,0.022040166,-0.00567979
11102,False,7.203548e-05,-0.0072210785,-0.002666805
11103,False,6.792331e-05,-0.01392326,-0.0029416587
11104,True,6.222938e-05,0.00096188486,0.010000717
11105,True,6.4806634e-05,0.010596826,0.015567839
11106,True,6.3600375e-05,0.031743757,0.004619591
11107,True,6.465462e-05,0.018595956,0.01253809
11108,True,6.428469e-05,0.03014104,0.024828048
11109,True,6.196209e-05,0.013207864,0.0015164111
11110,True,6.374527e-05,0.0064604767,0.00034187175
11111,False,6.237973e-05,0.017595502,0.015144158
11112,True,6.260122e-05,0.011238016,0.0049931817
11113,False,6.465494e-05,-0.0007222239,0.0010611825
11114,False,6.535184e-05,-0.0043263845,0.0107818255
11115,False,6.296339e-05,0.018545426,-0.007939965
11116,True,6.350519e-05,0.002010513,-0.0047828117
11117,True,6.718327e-05,-0.003050983,-0.02128974
11118,True,6.5333596e-05,0.021161484,0.004706314
11119,True,6.5359854e-05,0.013540236,0.015473198
11120,True,6.129728e-05,0.0070560086,0.013175767
11121,True,6.175411e-05,0.008646508,0.015395734
11122,True,6.0429003e-05,0.0003808597,0.00756051
11123,True,6.519516e-05,0.007629161,0.004575993
11124,False,5.9017926e-05,0.0054688435,0.02835323
11125,False,6.222693e-05,0.02311353,0.01663974
11126,True,6.236361e-05,0.028236046,0.002467377
11127,False,6.45294e-05,0.031112764,0.0009938814
11128,False,6.271921e-05,-0.017506704,0.0053232796
11129,False,6.700164e-05,-0.013049611,0.0058533642
11130,False,6.3705884e-05,-0.020092763,-0.015674513
11131,False,5.9573533e-05,-0.00900279,-0.022567533
11132,False,6.174791e-05,0.0080324365,0.029068235
11133,True,6.210016e-05,-0.008098347,0.002726742
11134,False,6.504836e-05,-0.014933366,0.00477957
11135,False,6.350439e-05,-0.00916408,0.0026157275
11136,False,6.540602e-05,0.0012757443,0.02914687
11137,False,6.3548374e-05,-0.00898855,0.048592523
11138,False,6.439004e-05,0.008843334,0.0044445433
11139,True,6.315178e-05,-0.0024326146,0.010032598
11140,False,6.46748e-05,0.01416098,0.011979125
11141,True,6.492943e-05,0.003860999,0.015789486
11142,True,6.53955e-05,0.019543516,0.028051551
11143,True,6.583407e-05,0.006297931,0.004872028
11144,True,6.574721e-05,0.011357444,0.0051689297
11145,True,5.8429352e-05,0.0092215985,0.0065825935
11146,False,6.684267e-05,0.0072387904,0.015682053
11147,False,6.399116e-05,0.0049068034,0.020153346
11148,True,6.354407e-05,0.0034051053,0.017356586
11149,True,5.894219e-05,0.0057981797,0.013813689
11150,True,5.899403e-05,0.018275775,0.022679493
11151,True,6.0748098e-05,-0.006742753,0.017695883
11152,False,6.034866e-05,0.011578118,0.0068380404
11153,False,6.2697356e-05,0.0027366914,0.009662124
11154,True,6.417382e-05,-0.0020780675,0.009827602
11155,True,6.442018e-05,0.027110342,0.028289951
11156,True,6.2326166e-05,0.024855036,0.027075632
11157,False,6.527875e-05,0.015550572,0.024911845
11158,True,6.1389124e-05,0.01289736,0.008360717
11159,False,6.5595734e-05,0.008538201,0.014337302
11160,True,6.592586e-05,0.01882127,0.02408342
11161,False,6.2049316e-05,0.005517725,0.016240275
11162,False,6.632684e-05,-0.006156385,0.0043209083
11163,False,6.692444e-05,-0.010727866,0.0065128915
11164,False,6.36004e-05,0.020165294,0.03213134
11165,False,6.489323e-05,-0.013498656,-0.013918288
11166,False,5.6923254e-05,-0.0052116476,-0.01842212
11167,False,6.277267e-05,0.008059941,-0.004551135
11168,False,6.0470247e-05,3.6768615e-06,-0.018744493
11169,True,5.9711863e-05,0.011018781,0.0043002274
11170,False,6.446427e-05,-0.019847214,0.016309388
11171,False,6.153249e-05,-0.012893141,0.03271199
11172,True,6.1216255e-05,0.0074590435,0.03438009
11173,True,6.053309e-05,0.008800804,0.030267198
11174,False,6.251442e-05,-0.001193306,0.031287808
11175,False,6.422937e-05,0.00031191763,-0.003518335
11176,True,5.9289847e-05,0.0041427314,0.024069944
11177,True,6.3766805e-05,0.004915299,0.010132931
11178,False,6.2586834e-05,0.020405184,0.03217829
11179,False,6.224744e-05,-0.018500494,0.027708706
11180,False,6.395446e-05,-0.003916301,-0.0102961995
11181,False,6.1581966e-05,-0.00034741685,0.0017510876
11182,False,6.634805e-05,0.013106979,-0.001454331
11183,False,6.167098e-05,-0.011683956,-0.012998721
11184,False,5.8993584e-05,0.0012519844,0.006871484
11185,False,5.8447346e-05,-0.0010798108,-0.0123146735
11186,False,6.531322e-05,0.0012781173,-0.0038913498
11187,False,6.367093e-05,-0.012217093,-0.002200041
11188,False,6.445898e-05,-0.020701401,0.008975188
11189,False,6.0650895e-05,0.008327514,0.027026296
11190,False,6.130406e-05,0.007975839,0.009166328
11191,False,6.3208274e-05,0.0036205463,0.0004884284
11192,True,6.0844366e-05,0.010868251,0.001076927
11193,False,6.001857e-05,0.008447563,-0.010066582
11194,False,6.127877e-05,0.011724967,0.009567309
11195,True,6.551793e-05,0.01146515,0.008938432
11196,False,6.296496e-05,-0.026611269,0.014673585
11197,False,5.6106495e-05,-0.0010806778,4.8745424e-05
11198,False,6.3331485e-05,0.00040411204,0.014376853
11199,True,5.7846588e-05,0.0061855447,0.017690063
11200,False,5.9693182e-05,0.005690651,0.0030397307
11201,False,6.08014e-05,0.002090333,0.0012132525
11202,False,5.9270787e-05,0.007675335,0.0016190493
11203,False,5.9607213e-05,-0.0010750163,0.008210896
11204,False,6.1444785e-05,0.0035908036,-0.01228522
11205,True,6.0063267e-05,-0.0050612707,-0.012309179
11206,True,6.1024013e-05,-0.0022408916,-0.009336177
11207,True,6.0118815e-05,0.011452805,0.0068382053
11208,False,6.46673e-05,0.00011231005,0.003862474
11209,False,7.249043e-05,-0.004335585,0.007238088
11210,False,7.394609e-05,-0.018638954,0.004957404
11211,False,7.188885e-05,-0.010767829,-0.009999799
11212,False,7.1518e-05,-0.01921586,-0.020033961
11213,False,6.6020424e-05,-0.0017729141,0.0062519647
11214,False,7.251943e-05,-0.020171802,-0.002994936
11215,False,6.6451714e-05,-0.008065152,0.010480236
11216,False,7.153272e-05,-0.011192441,-7.98665e-05
11217,False,7.419701e-05,-0.0060287723,-0.0156155005
11218,False,6.796236e-05,-0.0016011111,0.0016375408
11219,False,6.6674394e-05,-0.009768401,0.004131537
11220,False,6.812413e-05,-0.0021236166,0.0026848558
11221,False,7.1188704e-05,-0.008336414,0.004741572
11222,False,6.6782006e-05,-0.008999615,0.01001513
11223,False,6.711564e-05,-0.0034793485,-0.005273668
11224,False,6.83676e-05,-0.004262428,-0.0026690057
11225,False,6.902619e-05,-0.020144176,0.0043650456
11226,False,6.7975205e-05,-0.01016093,-0.0021283906
11227,False,6.744444e-05,-0.011402062,0.0023739468
11228,False,6.8317735e-05,-0.013950374,0.00974266
11229,False,6.746539e-05,-0.009084931,-0.012973012
11230,False,6.736351e-05,-0.0035838764,-0.005179461
11231,False,6.472002e-05,0.016445804,0.011114754
11232,False,6.409574e-05,0.020875422,0.03291593
11233,True,6.307001e-05,0.027425004,0.011195481
11234,True,6.23228e-05,0.024825519,0.017167155
11235,True,6.159874e-05,0.032067478,0.01091619
11236,True,5.985061e-05,0.016150564,0.018657602
11237,True,6.2915315e-05,0.009842895,0.011703553
11238,True,6.191262e-05,0.030997152,0.013746038
11239,True,5.8572758e-05,0.015450619,0.018198822
11240,True,6.53735e-05,0.013008833,0.0015071146
11241,True,5.9566424e-05,0.0095359795,0.028725494
11242,True,5.8202666e-05,0.027257916,0.03130467
11243,True,6.189983e-05,0.018283237,0.025433715
11244,True,6.0200397e-05,0.020479921,0.022291517
11245,True,5.724782e-05,0.016122859,0.02098739
11246,True,6.2493134e-05,0.010715347,0.016536765
11247,True,6.248737e-05,0.027419485,0.0346561
11248,True,6.3647225e-05,0.020650167,0.010169329
11249,True,6.457799e-05,0.024215348,0.022256855
11250,True,6.6530185e-05,0.017588323,0.017033527
11251,True,6.540727e-05,0.03025626,0.03553162
11252,False,6.591779e-05,-0.00301963,0.0066662915
11253,True,6.532199e-05,0.0024951063,0.005941784
11254,False,6.7366454e-05,0.008505736,0.030332975
11255,False,6.298129e-05,0.0015789699,-0.0034553632
11256,True,6.9221904e-05,0.022062283,0.011728225
11257,True,6.250882e-05,0.032361075,0.013415877
11258,True,6.266992e-05,0.024562998,0.01307494
11259,True,6.256636e-05,0.0014388533,0.01225492
11260,True,6.5053675e-05,0.02342128,0.012907481
11261,False,6.295248e-05,0.007149311,0.017031003
11262,True,6.0524984e-05,0.013696436,0.013596641
11263,False,6.118538e-05,-0.0097419545,-0.01231523
11264,False,6.403318e-05,0.0098839775,0.014613241
11265,True,6.518347e-05,0.009405013,-0.0004505068
11266,True,6.342029e-05,-0.0018000081,0.024073828
11267,True,6.3429245e-05,0.00991636,0.02552979
11268,True,6.153479e-05,0.012144132,0.014878363
11269,True,5.8391433e-05,0.016631853,0.026766796
11270,True,6.119919e-05,0.024997301,0.012344559
11271,True,6.169659e-05,0.015656423,0.019959427
11272,True,6.297171e-05,0.020314682,0.02121475
11273,False,6.256688e-05,0.0053077145,0.025270343
11274,True,6.097935e-05,-0.0030349782,0.022350635
11275,True,6.155229e-05,0.0048328573,0.029662566
11276,False,6.536668e-05,-0.0132109355,0.00081920624
11277,False,6.3989886e-05,-0.016214598,0.0035642805
11278,False,6.126013e-05,-0.020590447,-0.0005928874
11279,False,6.301945e-05,-0.022138385,-0.014279392
11280,False,5.9769558e-05,-0.0067537446,0.014522379
11281,True,6.1573344e-05,0.007460418,0.014579983
11282,False,6.6859815e-05,0.0011852225,0.016383044
11283,True,6.382518e-05,-0.009365904,0.012405861
11284,False,6.046008e-05,4.2360043e-05,0.010704994
11285,False,6.738894e-05,-0.0134111075,-0.0063897036
11286,True,6.7038796e-05,0.0037000133,0.0054353327
11287,True,6.302712e-05,0.012005104,0.04151056
11288,True,6.725066e-05,0.007778,0.046246745
11289,False,6.606161e-05,-0.019032098,0.0053049466
11290,False,6.314825e-05,-0.013303786,0.0015621674
11291,True,6.365884e-05,-0.005564506,0.013074798
11292,True,6.174278e-05,0.015660658,0.038625166
11293,True,6.408523e-05,0.015052648,0.024479298
11294,True,6.211737e-05,0.005138878,0.02671906
11295,True,6.244049e-05,0.008286189,0.017307157
11296,False,6.42295e-05,0.020190949,0.012022423
11297,True,6.4689826e-05,0.009573916,0.02489946
11298,True,6.3321204e-05,0.030312253,0.03167543
11299,True,6.122448e-05,0.018315792,0.021931984
11300,True,6.25262e-05,0.014158968,0.025435708
11301,False,6.0224836e-05,-0.0007159142,0.0155017385
11302,False,6.173978e-05,0.013351407,0.022641376
11303,False,6.388576e-05,0.021315973,0.03288038
11304,False,6.331518e-05,0.017009811,0.031097516
11305,True,6.642745e-05,0.016929654,0.029341921
11306,True,6.378479e-05,0.024241583,0.025665822
11307,True,6.582442e-05,0.033641286,0.041374862
11308,True,6.39761e-05,0.009013522,0.027213074
11309,True,6.6866436e-05,0.006414539,0.02113294
11310,True,6.452218e-05,0.011934094,0.018265791
11311,False,6.506486e-05,-0.0027097203,0.020784508
11312,False,6.9348964e-05,-0.010408101,0.004373719
11313,False,6.843124e-05,0.0003435053,0.0041634273
11314,False,6.412388e-05,0.0061647734,0.005608199
11315,False,6.329855e-05,0.003346649,0.011094194
11316,False,5.8476166e-05,0.003132198,-0.026461817
11317,False,6.0521746e-05,0.0036480948,-0.016065158
11318,False,5.9728733e-05,0.0036440734,-0.019019451
11319,False,5.9421767e-05,0.007849067,0.037583645
11320,False,6.504098e-05,0.0025743898,0.003063636
11321,True,6.218393e-05,0.0018050158,0.024905223
11322,True,5.7807993e-05,0.006232884,0.026500713
11323,True,6.304071e-05,0.021867454,0.033674367
11324,True,6.543313e-05,0.021393497,0.03628809
11325,False,6.273792e-05,-0.02224045,0.0033377786
11326,False,6.24445e-05,0.018787969,0.030834517
11327,False,6.386706e-05,0.008016761,0.0388292
11328,True,6.199418e-05,-0.0030793808,0.027566154
11329,False,6.388729e-05,0.012161671,0.032226823
11330,False,6.570969e-05,-0.01345573,0.0013434291
11331,False,5.9458816e-05,-0.0014723763,0.0053405985
11332,False,6.281929e-05,0.018308062,0.009821323
11333,False,6.0755767e-05,0.007333372,-0.006956935
11334,False,5.7605077e-05,-0.0023507383,-0.007999636
11335,False,6.0719187e-05,-0.01028847,0.0050870124
11336,False,6.5857304e-05,-0.0023750486,0.01642308
11337,False,6.341881e-05,-0.021205856,-0.019858219
11338,False,6.135441e-05,0.01926891,0.005571369
11339,False,5.752732e-05,0.011513766,0.007725551
11340,True,5.9248825e-05,0.00067588687,-0.0031456286
11341,True,6.032739e-05,0.017593991,0.016538646
11342,True,5.9793256e-05,0.004294184,0.017550662
11343,False,5.99858e-05,0.02907939,0.019807305
11344,False,5.885989e-05,0.006447492,-0.006148515
11345,False,5.7274923e-05,0.00035543926,0.009233094
11346,False,6.206139e-05,-0.008344706,-0.0052879876
11347,False,5.670341e-05,0.0064467033,-0.006016638
11348,True,6.2306215e-05,0.0152987,0.015148092
11349,True,6.1127845e-05,0.008079933,0.012473936
11350,True,5.8802878e-05,0.0038130693,-0.01784681
11351,True,6.132492e-05,-0.0028503798,-0.0019248677
11352,False,6.214588e-05,0.0125581585,0.02076744
11353,False,6.335181e-05,0.01321307,0.011067117
11354,False,5.9096437e-05,-0.008648597,-0.016987383
11355,True,6.027831e-05,0.013599336,0.020349126
11356,True,6.34339e-05,-0.008865781,0.0043603354
11357,True,6.0816343e-05,0.010686747,-0.0037245094
11358,False,7.107015e-05,-0.032104313,0.009855857
11359,False,7.467195e-05,-0.014966718,-0.011616201
11360,False,7.451935e-05,-0.012447108,-0.022624075
11361,False,6.968803e-05,-0.005699791,-0.0047563277
11362,False,7.34478e-05,-0.010160223,-0.007706831
11363,False,6.8628986e-05,-0.016809788,0.0034825704
11364,False,6.958374e-05,-0.022099003,-0.016919298
11365,False,7.27794e-05,-0.023919811,-0.00199347
11366,False,7.542648e-05,-0.015442515,0.0059174374
11367,False,6.769871e-05,-0.016034886,-0.0108608715
11368,False,6.69123e-05,-0.0034467883,0.008324554
11369,False,6.970455e-05,0.005931274,0.01712217
11370,False,6.858124e-05,-0.0053323787,0.011499657
11371,False,6.64991e-05,-0.0024199355,0.013385575
11372,False,6.6746274e-05,-0.016931243,-0.009748741
11373,False,6.956746e-05,0.0024239272,0.0071683694
11374,False,6.907054e-05,-0.012919483,-0.0064491015
11375,False,6.944119e-05,-0.01061775,-0.0062728524
11376,False,6.898225e-05,0.0002811402,0.014328692
11377,False,6.8878006e-05,-0.0072364463,0.016329173
11378,False,6.7050496e-05,0.00019730441,0.00938058
11379,False,6.480966e-05,0.00061917305,-0.00043375418
11380,False,6.664647e-05,-0.00012044422,0.0035410821
11381,True,6.327312e-05,0.007850133,0.025841216
11382,True,6.345844e-05,-0.0063334033,0.023844551
11383,True,6.2190804e-05,0.013469858,0.0034263134
11384,False,6.1882725e-05,0.035116617,0.010191105
11385,False,6.214851e-05,0.01953493,0.022355963
11386,False,6.4528824e-05,0.011767446,0.015977379
11387,True,6.332022e-05,0.010717705,0.015327265
11388,True,6.0047965e-05,0.012688553,0.0033162013
11389,True,6.485889e-05,0.015138164,0.01963235
11390,True,6.31001e-05,0.010478802,0.0042530783
11391,True,5.8889862e-05,0.013249949,0.009861313
11392,True,6.322959e-05,0.021969624,0.02077669
11393,True,6.128318e-05,0.02419344,0.016308106
11394,True,6.0806204e-05,0.031067168,0.026393421
11395,True,6.182418e-05,0.02003628,0.021258164
11396,True,6.198761e-05,0.010925788,0.019622205
11397,True,6.0190614e-05,0.020696335,0.023617316
11398,True,6.137788e-05,0.028045624,0.030226491
11399,False,7.046672e-05,-0.028548472,0.011001635
11400,False,6.851031e-05,0.0021540578,0.01233666
11401,False,6.368768e-05,-0.004386424,0.017428283
11402,False,6.450494e-05,0.0022984277,0.009978643
11403,False,6.773835e-05,-0.0008742274,-0.0057576485
11404,True,6.4897395e-05,0.017263848,0.013038352
11405,True,6.551539e-05,0.024185594,0.013263617
11406,True,6.360453e-05,0.027932933,0.024903882
11407,True,6.2531144e-05,0.015553495,0.02414127
11408,True,6.0394428e-05,0.0151786525,0.0013152529
11409,True,6.159993e-05,0.006849953,0.004214715
11410,False,6.52581e-05,0.01936362,0.00017702207
11411,False,5.9922353e-05,0.00904555,0.02254966
11412,False,6.144629e-05,0.013378948,0.0010128678
11413,False,6.061396e-05,-0.0028269794,-0.009609282
11414,True,5.9736492e-05,0.01911357,0.021808516
11415,True,6.7864865e-05,0.0035629328,0.019320205
11416,True,6.1873856e-05,0.008311384,0.0057956204
11417,True,5.7991823e-05,0.014604816,0.021025818
11418,True,6.0378054e-05,0.0060405685,0.0058273766
11419,True,6.118391e-05,0.009372954,-0.00025488995
11420,False,6.445978e-05,0.015064582,-0.009126007
11421,False,6.613597e-05,-0.003506707,-0.00021984847
11422,False,6.668661e-05,-0.0109648295,0.025903137
11423,False,6.511364e-05,-0.0046284497,-0.006539971
11424,False,6.294553e-05,-0.026892364,0.003550671
11425,False,6.338325e-05,-0.013616285,-0.004474563
11426,False,6.648765e-05,-0.014369126,-0.028422505
11427,False,6.1289145e-05,-0.017957933,0.0031952932
11428,True,6.100094e-05,0.016808685,0.03195412
11429,True,6.191972e-05,0.023835303,0.025065254
11430,True,6.717774e-05,-0.0043215025,0.017190412
11431,False,6.0665294e-05,-0.01432681,0.014297146
11432,False,6.0635655e-05,0.0018224437,0.03101274
11433,False,6.764078e-05,0.0010376573,0.027540114
11434,True,6.2201805e-05,0.0077702925,0.033060603
11435,True,6.423847e-05,0.0031626336,0.032531504
11436,True,6.462176e-05,0.006027542,0.042589914
11437,False,6.61195e-05,-0.012574126,0.010028358
11438,False,6.704043e-05,-0.0014954414,-0.005945105
11439,False,6.7742774e-05,-0.010803148,0.010478779
11440,False,6.4270025e-05,-0.003903523,0.014249584
11441,True,6.444427e-05,0.0063440353,0.024753632
11442,True,6.398193e-05,0.03232474,0.029044718
11443,True,6.381451e-05,0.03485177,0.03795796
11444,True,6.2646664e-05,0.0056761503,0.013393056
11445,True,6.133868e-05,0.02440349,0.020657852
11446,True,6.424497e-05,0.0153534785,0.034729928
11447,False,6.253883e-05,0.013360728,0.035740297
11448,True,6.2491374e-05,0.023085125,0.031988896
11449,False,6.129043e-05,-0.0050610304,0.015308765
11450,False,6.209094e-05,0.02104812,0.01972829
11451,True,6.012215e-05,0.03250309,0.031209482
11452,True,6.5133325e-05,0.02538349,0.011817007
11453,False,6.5421555e-05,0.011021581,0.026571661
11454,True,6.4352855e-05,0.022614125,0.028387215
11455,False,6.570442e-05,0.007250387,0.037782595
11456,True,6.350753e-05,0.026437692,0.015497252
11457,True,6.5026674e-05,0.022103634,0.032931723
11458,True,6.445893e-05,0.026985206,0.034999736
11459,False,6.851846e-05,0.0043378575,0.020277515
11460,False,6.623448e-05,-0.01846793,0.015742972
11461,False,6.5032524e-05,-0.0035888553,0.03986898
11462,False,6.323809e-05,-0.012665931,0.0055252984
11463,False,6.454761e-05,-0.000989899,0.009784544
11464,False,6.085947e-05,0.009273056,-0.008809265
11465,False,5.957493e-05,0.00044938177,-0.01258117
11466,False,6.109016e-05,0.01065505,-0.01957412
11467,False,6.0405477e-05,-0.003580554,0.020121153
11468,False,6.273817e-05,-0.015075343,0.019743543
11469,False,6.3422754e-05,0.023664048,0.028868344
11470,False,6.155696e-05,0.016998785,0.019595744
11471,True,5.9164973e-05,0.0038607968,0.014801391
11472,True,6.341675e-05,-0.010146261,0.016407087
11473,False,6.381661e-05,0.0053722095,0.025207728
11474,False,6.135229e-05,0.00427441,0.04012243
11475,False,6.209731e-05,0.009573329,0.024644144
11476,False,6.111597e-05,0.011836918,0.026857512
11477,False,6.6293935e-05,0.0074889055,0.04691109
11478,False,6.227733e-05,-0.004288071,0.010941144
11479,False,6.2599705e-05,-0.0018030815,0.015048383
11480,False,6.396296e-05,0.003337983,0.0061423723
11481,False,6.082632e-05,0.0092255855,-0.019972414
11482,False,5.7895562e-05,-0.00470132,0.004221946
11483,False,6.06156e-05,0.016678426,0.0032352079
11484,False,6.0654336e-05,0.010122852,0.0034580622
11485,False,5.9619404e-05,0.004218392,-0.009748939
11486,False,5.8741032e-05,0.018934844,-0.0046400204
11487,True,6.014442e-05,0.0024822196,0.0021512546
11488,True,6.338515e-05,0.014139471,0.013482874
11489,True,5.987361e-05,0.016764898,0.011319611
11490,True,5.9525457e-05,0.02717687,0.024723552
11491,True,6.098001e-05,0.020300843,0.022679454
11492,True,5.9953734e-05,0.008639805,0.013018929
11493,False,5.9454385e-05,0.004213907,0.010708313
11494,False,5.812635e-05,-0.017370876,-0.014230341
11495,True,5.7135367e-05,-0.0026378771,-0.0147253
11496,True,6.1343344e-05,-0.0020058826,0.013624966
11497,True,5.8110934e-05,0.0015514707,0.011188584
11498,True,5.8368354e-05,0.0040480187,0.006863581
11499,True,5.9336926e-05,0.014457891,0.019573987
11500,True,6.0061997e-05,0.006998037,0.030706652
11501,False,6.139633e-05,0.013431104,0.002866786
11502,False,5.8634778e-05,0.0043763425,0.001261266
11503,False,6.152157e-05,0.006594355,0.004851387
11504,False,6.271501e-05,0.008173535,0.0047394168
11505,False,6.751363e-05,-0.02567155,0.018068075
11506,False,7.452406e-05,-0.025459737,0.00024628825
11507,False,7.383876e-05,-0.017385282,0.0038962923
11508,False,7.494276e-05,-0.019491833,0.005631957
11509,False,7.509564e-05,0.004765385,-0.008773154
11510,False,7.381238e-05,-0.01679641,-0.0018519089
11511,False,7.308062e-05,-0.021148514,-0.0053000953
11512,False,7.1381146e-05,-0.0021380484,0.0002607177
11513,False,7.3220144e-05,-0.014552195,0.0061825532
11514,False,6.979476e-05,-0.019361977,0.009883277
11515,False,7.109813e-05,-0.021641677,-0.011357624
11516,False,7.1129056e-05,-0.0057488787,-0.011249786
11517,False,6.8325e-05,-0.0027536387,0.005750413
11518,False,6.6123706e-05,0.00025421102,0.0023510568
11519,False,6.592632e-05,-0.0039272793,-0.017528102
11520,False,6.721174e-05,-0.011628037,0.0057327263
11521,False,6.905765e-05,-0.00039224606,0.0065871775
11522,False,6.706757e-05,-0.004339535,0.009126635
11523,False,6.847643e-05,-0.006095869,-0.00035944022
11524,False,6.600075e-05,-0.00835216,0.0042498857
11525,False,6.644423e-05,-0.009595954,0.008700194
11526,False,6.5878325e-05,-0.013406236,0.0038310299
11527,False,6.825222e-05,-0.012165338,-0.007417488
11528,False,6.643276e-05,-0.001180442,0.0015223045
11529,True,6.2512e-05,0.018162277,0.010951992
11530,True,6.552176e-05,0.015444897,0.004724726
11531,True,6.651398e-05,-0.006823985,-0.037534416
11532,True,6.367597e-05,0.025060538,0.017424233
11533,True,6.3486834e-05,0.02793052,0.012949791
11534,True,6.512079e-05,0.014458159,0.009335257
11535,True,6.498954e-05,0.015584086,0.0034351032
11536,True,6.330619e-05,0.024292294,0.014615055
11537,True,6.340544e-05,0.011574278,0.016456064
11538,True,6.4205844e-05,-0.00045434013,0.009529137
11539,True,6.191901e-05,0.01456771,0.024355944
11540,True,6.5035994e-05,0.009651765,0.021585014
11541,True,6.349859e-05,0.012489915,0.022248236
11542,True,6.232845e-05,0.011634387,0.016175443
11543,True,6.04216e-05,0.020724852,0.011377197
11544,True,6.2493775e-05,0.014509793,0.023193048
11545,True,6.224541e-05,0.021803059,0.018797152
11546,True,6.6989436e-05,0.010152655,0.01903424
11547,False,6.849645e-05,-0.008549161,-0.01793377
11548,True,6.663987e-05,-0.013748626,0.0008606296
11549,True,6.266324e-05,0.012832649,0.016699577
11550,False,6.498542e-05,-0.0117228925,0.008070593
11551,False,6.950107e-05,0.0040601855,-0.00859314
11552,True,6.541655e-05,0.004062079,0.0073058167
11553,True,6.149131e-05,0.03430316,-0.001730293
11554,True,6.557235e-05,0.017253064,-0.0004230328
11555,True,5.9881942e-05,0.005634092,0.0071928157
11556,True,6.5336695e-05,0.016163219,0.014380501
11557,True,6.414994e-05,0.015562119,0.015084257
11558,True,6.289241e-05,0.02984145,0.020952523
11559,True,6.340635e-05,-0.0033141766,-0.0007360652
11560,True,6.587348e-05,0.013604946,0.006187955
11561,False,6.040867e-05,-0.0049688276,0.00021314155
11562,False,6.234043e-05,0.0070304386,-0.013361819
11563,True,6.2518586e-05,0.00031722337,-0.00518281
11564,True,6.351264e-05,0.009463329,0.017773189
11565,True,6.307994e-05,0.006598195,-0.0018301923
11566,True,6.351865e-05,0.006374093,0.00476766
11567,False,6.219398e-05,0.0075427294,0.0046380367
11568,False,6.349694e-05,0.005790557,0.010517546
11569,False,6.2695806e-05,-0.0012616627,-0.003503534
11570,True,6.4977125e-05,0.0002628304,0.007241508
11571,False,6.397247e-05,-0.0048285425,-0.0075163003
11572,False,6.208631e-05,0.00055325497,-0.012081958
11573,False,6.26764e-05,-0.0015991274,-0.008019807
11574,False,6.3434905e-05,-0.03050543,-0.0009777015
11575,False,6.470907e-05,-0.012059749,0.0145959705
11576,False,6.38551e-05,0.0080710575,-0.005113857
11577,True,6.196491e-05,0.019477542,0.009157591
11578,True,6.332152e-05,0.0104807075,0.025918007
11579,True,6.447751e-05,-0.015405432,0.008983912
11580,False,6.3041065e-05,0.012646683,0.013489865
11581,True,6.319483e-05,0.0004359223,0.004911255
11582,True,6.241375e-05,9.2123635e-05,0.008003343
11583,True,6.227115e-05,0.012764331,0.021741547
11584,True,6.5768276e-05,0.006848436,0.020071963
11585,True,6.264366e-05,0.020436535,0.010888883
11586,True,6.505985e-05,0.014981287,0.018263403
11587,False,6.3114756e-05,-0.007218215,0.014102077
11588,False,6.3339554e-05,-0.0061307214,0.0033577918
11589,False,6.795245e-05,-0.0025199,-0.0013731653
11590,False,6.591448e-05,0.005585313,0.007566059
11591,True,6.646585e-05,0.027684132,0.010580724
11592,True,6.1225335e-05,0.019666612,0.02478162
11593,True,6.28517e-05,0.024330616,0.028931648
11594,True,6.346039e-05,0.019284263,0.028109722
11595,True,6.402106e-05,0.02192431,0.018527996
11596,False,6.268572e-05,0.0033857003,0.01661231
11597,False,6.30234e-05,0.014143754,0.01642773
11598,True,5.8886686e-05,0.025031049,0.029772446
11599,True,6.0218605e-05,0.02323838,0.015295384
11600,True,6.246477e-05,0.021433502,0.022657167
11601,True,6.295181e-05,0.017131995,0.015445681
11602,True,6.5096254e-05,0.013430215,0.0014473572
11603,False,6.400037e-05,0.01545196,0.015853409
11604,True,6.311069e-05,0.0023695957,0.022249037
11605,False,6.5217806e-05,0.024691515,0.024511676
11606,True,6.611069e-05,0.021212354,0.017562762
11607,True,6.4723485e-05,0.008216981,0.018686756
11608,True,6.520167e-05,0.003083378,0.04911659
11609,False,6.4295884e-05,-0.0015855506,0.015500489
11610,False,6.6518805e-05,0.0070035877,0.010844033
11611,False,6.082957e-05,-0.0131810885,-0.021117352
11612,False,6.786975e-05,-0.007247936,0.0076778755
11613,False,6.291535e-05,0.009975972,-0.0074130986
11614,False,5.8932867e-05,-0.0026359223,-0.0062224455
11615,False,6.0781087e-05,-0.003513679,-0.012867786
11616,False,6.107327e-05,-0.008860569,0.016488727
11617,False,6.341239e-05,-0.003864915,-0.0018368401
11618,False,6.176315e-05,0.008251078,0.03512768
11619,False,6.0471444e-05,0.0012013311,0.02577445
11620,False,6.3033534e-05,-0.009197832,-0.0019667977
11621,True,6.137963e-05,0.014429286,0.027760819
11622,True,6.484391e-05,0.008372688,0.028248955
11623,False,6.147007e-05,0.008140857,0.026891906
11624,False,6.195096e-05,0.018016472,0.015904188
11625,False,6.21554e-05,0.01624107,0.019516122
11626,False,6.25227e-05,0.012022095,0.029708356
11627,False,6.4240856e-05,0.0039736303,-0.0036420561
11628,False,6.122105e-05,-0.004157912,0.0029674657
11629,False,6.297311e-05,-0.013880118,-0.0059235394
11630,False,5.9132904e-05,-0.0007670559,-0.020362122
11631,False,6.130361e-05,-0.007057934,-0.017680386
11632,False,5.8961654e-05,0.0059648473,0.0043515647
11633,False,5.9008547e-05,-0.0056094993,-0.005098872
11634,False,6.214961e-05,-0.007167844,0.0009955764
11635,True,6.0877763e-05,0.005329325,0.016736394
11636,True,6.684052e-05,0.017775329,0.016439818
11637,True,6.0315724e-05,-0.002268117,-0.016244818
11638,False,5.933788e-05,0.0015251972,0.012352841
11639,True,6.176567e-05,0.013412343,0.022979323
11640,True,6.1034134e-05,0.0056418693,0.020882541
11641,False,6.401169e-05,0.013320208,0.01686758
11642,False,6.012493e-05,0.0011630794,0.01628017
11643,False,5.7752197e-05,0.0034681298,-0.0028850595
11644,True,6.0177263e-05,0.008396771,0.007312704
11645,False,6.27149e-05,-0.00029767863,0.010328477
11646,True,6.1886305e-05,0.004608144,0.014896591
11647,True,5.8368634e-05,0.008599871,0.012954316
11648,True,5.952803e-05,0.011330033,-0.0008729771
11649,False,6.37054e-05,0.009360339,0.02083516
11650,True,5.902079e-05,0.009536099,-0.00612366
11651,False,6.1113584e-05,0.0045278203,0.002004059
11652,False,5.84753e-05,0.008646784,-0.0074008275
11653,False,7.452334e-05,-0.015596198,0.017090354
11654,False,7.0727416e-05,-0.017525282,0.019252814
11655,False,7.1256065e-05,-0.030588932,0.010256065
11656,False,7.51086e-05,-0.019127056,0.011052258
11657,False,7.5486365e-05,-0.014626265,0.009274477
11658,False,7.306047e-05,-0.013660654,0.011689009
11659,False,7.199984e-05,-0.0079312585,0.023394119
11660,False,7.2967196e-05,-0.014159704,0.01896782
11661,False,7.414142e-05,-0.0063274577,0.017759375
11662,False,7.594685e-05,-0.023453468,-0.01043139
11663,False,7.2747054e-05,-0.012732003,-0.01949665
11664,False,6.768792e-05,0.0037451494,0.0041033514
11665,False,6.822838e-05,-0.0023262715,0.00879032
11666,False,6.9161666e-05,0.0028363,0.002399413
11667,False,6.6383334e-05,0.003432408,0.005768887
11668,False,6.8113426e-05,0.004189642,0.0104612075
11669,False,6.617186e-05,-0.0034989384,0.014407867
11670,False,6.418385e-05,-0.008903133,-0.0035697222
11671,False,6.431915e-05,-0.0010205884,0.00597365
11672,False,6.4904634e-05,-0.0062698256,0.018502971
11673,False,6.810046e-05,-0.014816487,-0.012175411
11674,False,6.7698566e-05,0.00038632564,0.0023135021
11675,False,6.57294e-05,0.0038967729,-0.00090338103
11676,True,5.987725e-05,0.011742283,-0.019338362
11677,True,6.23841e-05,0.004611537,-0.0068701133
11678,True,6.452254e-05,-0.0037563294,-0.012774175
11679,False,6.765142e-05,0.017755017,-0.0022147708
11680,False,6.670658e-05,0.008992183,-0.015299164
11681,True,6.283161e-05,0.010821041,0.0043924265
11682,True,6.2788895e-05,0.005454354,0.010257561
11683,True,6.1962644e-05,0.012961201,0.011971746
11684,True,6.281043e-05,-0.0064997263,-0.006630199
11685,False,6.373225e-05,0.009042606,-0.00573837
11686,True,6.50387e-05,-0.0025179423,0.007768335
11687,False,6.449859e-05,-0.014941193,-0.0012864182
11688,True,6.398718e-05,-0.00013452768,0.014676493
11689,True,6.0386606e-05,-0.010509899,-0.014652844
11690,True,6.0133323e-05,-0.007627584,0.011485651
11691,False,6.7128065e-05,0.009102028,0.012791179
11692,True,6.4643275e-05,0.006988939,0.0057866443
11693,True,6.720574e-05,-0.0076911077,0.04055857
11694,False,6.898054e-05,0.0074555306,-0.004814679
11695,False,6.6591405e-05,-0.0040996056,0.0025279317
11696,True,6.706117e-05,-0.001410611,0.029212164
11697,False,6.791963e-05,-0.006136165,-0.008512652
11698,False,6.741605e-05,0.015361782,0.013259082
11699,True,6.577814e-05,-0.006675191,0.010587063
11700,True,6.5799584e-05,-0.0021992624,0.012251683
11701,True,6.4583255e-05,0.015304573,0.00024491176
11702,True,6.250833e-05,0.0134268515,0.000438679
11703,True,6.526121e-05,0.01951662,0.0040875655
11704,False,6.484359e-05,0.012241393,0.017626679
11705,True,6.1926374e-05,-0.009139594,0.004816236
11706,True,6.0905324e-05,-0.011179564,-0.0070346463
11707,True,6.456556e-05,-0.010831945,-0.0016011335
11708,True,6.142746e-05,-0.005941514,-0.002179524
11709,False,6.35959e-05,-0.018230813,-0.031826906
11710,False,6.261406e-05,0.014982147,0.012891946
11711,False,6.101065e-05,0.019461205,0.020332873
11712,True,6.414251e-05,-0.014064176,0.009845857
11713,True,6.3833e-05,-0.0055085826,0.028913073
11714,False,6.154867e-05,0.017798757,0.020900028
11715,False,6.165e-05,0.004742953,0.0060425736
11716,False,6.33894e-05,-0.0108300885,0.01173341
11717,False,6.295898e-05,0.01678757,0.007865295
11718,False,6.679151e-05,0.003617417,-0.0278857
11719,False,6.373985e-05,-0.023626555,0.00090867095
11720,False,6.095107e-05,-0.016386196,-0.019844774
11721,False,6.278482e-05,0.0173562,0.029114854
11722,True,6.416566e-05,0.008937566,0.023694858
11723,True,5.823553e-05,0.016388867,0.011259668
11724,True,6.0928112e-05,0.020232376,0.029282637
11725,True,6.166665e-05,0.008581071,0.016504508
11726,True,6.203817e-05,-0.0037639677,0.008048542
11727,True,6.0154718e-05,-0.004108842,0.0047227163
11728,True,6.40582e-05,0.0030570626,0.014127279
11729,True,6.13016e-05,-0.014784167,0.005488918
11730,True,6.471604e-05,-0.009093676,-0.0042218054
11731,False,6.446086e-05,-0.006111786,0.0010869782
11732,True,6.326556e-05,-0.014148235,-0.0023031821
11733,True,6.331129e-05,-0.004488755,0.015324164
11734,False,6.4229724e-05,-0.002489416,0.005850438
11735,True,6.291481e-05,0.008362398,0.031997405
11736,False,6.5322834e-05,-0.0005650874,0.03515952
11737,True,6.3127525e-05,-0.00075080246,0.022707984
11738,True,6.0479844e-05,0.024347907,0.022672456
11739,True,6.034193e-05,-0.004085226,0.021936163
11740,False,6.3982574e-05,0.015636828,0.017954513
11741,True,6.234477e-05,0.02259139,0.013040595
11742,True,6.0564107e-05,0.00453778,0.039649826
11743,True,5.9926664e-05,0.013898784,0.020937385
11744,True,6.5513435e-05,0.018813938,0.0269772
11745,False,6.567966e-05,0.024443826,0.012193669
11746,False,6.497317e-05,0.012234852,0.015746815
11747,True,6.204854e-05,0.011032432,0.026893966
11748,False,6.605642e-05,0.01218918,0.015436502
11749,True,6.2536084e-05,-0.0009161979,0.016988078
11750,True,6.21508e-05,0.0021205097,0.044419408
11751,True,6.2829946e-05,0.019829484,0.025706604
11752,False,6.5371e-05,0.012377996,0.017362952
11753,False,6.04711e-05,-0.00025067478,0.03497126
11754,False,6.193699e-05,0.015010145,0.022094214
11755,False,6.1531435e-05,-0.010307686,0.0015311558
11756,False,6.0530907e-05,-0.0435299,-0.036367744
11757,False,6.3299114e-05,-0.023806188,0.0022583767
11758,False,6.677441e-05,-0.017508747,0.0055204136
11759,False,5.8882786e-05,-0.021041183,-0.0069304705
11760,False,6.163459e-05,0.0029594488,-0.018928193
11761,False,6.0935345e-05,-0.020074869,-0.008447751
11762,False,6.2514926e-05,0.0038085114,0.006389359
11763,False,6.251085e-05,0.014884563,0.010847172
11764,False,6.103236e-05,0.0024916641,0.007912092
11765,False,6.287226e-05,-0.009216033,0.017990744
11766,False,6.273385e-05,0.012833489,0.017725699
11767,False,6.0252663e-05,0.0075288927,0.034062546
11768,False,6.249959e-05,0.016190393,0.017692698
11769,True,6.587865e-05,0.013092274,0.028129438
11770,True,6.363497e-05,0.0071453378,0.0346602
11771,True,6.3360836e-05,0.02055881,0.024500893
11772,False,6.760771e-05,0.013618147,0.038757116
11773,False,6.181828e-05,0.022182759,0.040648747
11774,False,6.3561274e-05,0.0007321425,0.003653612
11775,False,6.247607e-05,-0.0050307196,0.008865455
11776,False,6.507046e-05,-0.0067043155,-0.007695064
11777,False,6.25043e-05,-0.0066337213,-0.0051332638
11778,False,5.9452013e-05,-0.0015636683,-0.004268978
11779,False,5.841494e-05,-0.001758812,-0.011217155
11780,False,6.084379e-05,0.0022149347,0.0057502203
11781,False,5.8140587e-05,0.009834342,-0.006077487
11782,True,5.7264006e-05,-0.007980848,-0.00031710463
11783,True,5.97485e-05,-0.0010652654,0.002348831
11784,False,6.068192e-05,0.0064529385,0.014209773
11785,False,6.502624e-05,0.0028667115,0.011155188
11786,True,6.487296e-05,-0.0208685,0.006488433
11787,False,6.648248e-05,0.010075907,0.009492723
11788,True,6.8305635e-05,-0.0032863654,0.0067374506
11789,False,6.7056666e-05,0.005146064,0.020562876
11790,False,6.0715585e-05,-0.004467332,-0.015781663
11791,False,6.226435e-05,-0.014778223,-0.0047847712
11792,False,6.233581e-05,-0.0072237197,0.004451601
11793,False,6.28981e-05,-0.004896283,0.025413372
11794,False,6.093819e-05,0.008112503,-0.02085525
11795,True,6.0347455e-05,0.012031191,0.0194517
11796,True,5.853757e-05,-0.000622781,0.0013868739
11797,False,6.411259e-05,0.004762532,-0.0073376717
11798,False,6.52772e-05,-0.009270979,-0.0021463893
11799,False,7.426088e-05,-0.025275793,0.010967123
11800,False,7.329069e-05,-0.028820284,0.00987279
11801,False,7.140964e-05,-0.019276196,0.022033183
11802,False,7.182062e-05,-0.017154388,0.012378661
11803,False,7.535981e-05,-0.023090381,0.0040248856
11804,False,7.549205e-05,-0.012064695,0.0024717897
11805,False,7.5209326e-05,-0.00938968,0.023465268
11806,False,7.352082e-05,-0.0035395045,-0.0010516047
11807,False,6.964642e-05,0.00023431145,0.023621
11808,False,7.490695e-05,9.341538e-05,-0.004343163
11809,False,7.482737e-05,-0.02555532,0.0069021657
11810,False,7.1641814e-05,-0.013493845,-0.0056974767
11811,False,6.9530935e-05,0.0050804536,0.0042892816
11812,False,7.093781e-05,-0.0038226629,0.012820311
11813,False,6.78828e-05,0.00022850651,0.026592592
11814,False,6.970068e-05,-0.0077014277,0.007967814
11815,False,6.546567e-05,-0.012572575,0.0077060573
11816,False,6.297331e-05,-0.013579004,-0.0008674413
11817,False,6.4138854e-05,-0.0028177164,0.010898607
11818,False,6.259668e-05,-0.0060132635,0.013647882
11819,False,6.745407e-05,-0.006690164,-0.013700424
11820,False,6.7506255e-05,-0.011920374,-0.015691642
11821,False,6.85926e-05,-0.0022485368,0.0017311331
11822,False,6.217457e-05,0.014670994,-0.006548222
11823,False,6.780112e-05,0.006353777,0.009435317
11824,False,6.577092e-05,0.029228471,0.017797649
11825,True,6.466973e-05,0.018667221,0.010538749
11826,True,6.519857e-05,0.019933911,0.014468448
11827,True,6.4566244e-05,0.003100641,0.009907689
11828,True,6.2208375e-05,0.00596191,0.0070716254
11829,True,6.4641936e-05,0.020050993,0.0018854886
11830,True,6.6138564e-05,0.009893063,0.0037889667
11831,True,6.334649e-05,-0.020695738,0.009953968
11832,False,6.3416715e-05,0.03246271,0.011965007
11833,True,6.461503e-05,-0.008268647,0.008686751
11834,True,6.2826264e-05,0.01550453,0.0121141095
11835,True,6.3009655e-05,0.005580308,0.00491409
11836,True,6.173075e-05,0.008069862,0.0045414716
11837,True,6.33574e-05,0.01460509,0.017855145
11838,True,6.074121e-05,0.013464034,0.021384656
11839,True,5.9222984e-05,0.019021682,0.02570051
11840,False,6.471244e-05,0.006201802,0.0053013563
11841,False,6.732925e-05,0.0019739643,-0.001412103
11842,False,6.771068e-05,0.007073922,0.009547256
11843,False,6.7551286e-05,-0.0069275517,0.005579409
11844,False,6.6836765e-05,0.014220603,0.037705906
11845,True,6.5703774e-05,0.012365349,0.030429918
11846,True,6.3435386e-05,0.015931558,-0.001922356
11847,True,6.448267e-05,-0.0030421298,0.029069338
11848,True,6.3968844e-05,0.0076347124,0.025232606
11849,True,6.4740074e-05,0.006366117,0.015057117
11850,False,6.486869e-05,0.011131262,0.00012168288
11851,True,6.408634e-05,0.0225677,0.012156736
11852,True,6.289505e-05,0.003505066,0.008337475
11853,True,6.191003e-05,-0.0018095765,0.013599955
11854,True,6.172927e-05,-0.009362087,0.0070729153
11855,False,6.167189e-05,0.003888566,-0.0051249955
11856,False,6.425496e-05,-0.029866293,-0.0122819245
11857,True,6.384009e-05,0.0066683604,0.025450107
11858,False,6.3924796e-05,0.00514088,0.0058320425
11859,True,6.190901e-05,0.012185302,0.013720499
11860,False,6.32733e-05,-0.0054997243,0.004637135
11861,False,6.2872285e-05,0.0063692387,0.005448782
11862,True,5.9640708e-05,0.01112461,0.02034187
11863,False,6.290403e-05,-0.003078993,0.012733087
11864,False,6.289766e-05,-0.017182648,-0.0067239874
11865,False,6.339219e-05,-0.036059573,0.016406983
11866,False,6.203612e-05,0.016868738,0.02480959
11867,True,5.845434e-05,0.03154785,0.031936776
11868,True,6.119394e-05,-0.0016968474,0.021703027
11869,True,6.311552e-05,0.007399939,0.030046305
11870,True,5.8861126e-05,0.020458482,0.022936419
11871,True,6.325277e-05,0.013038386,0.022594567
11872,True,5.989205e-05,-0.0017605126,0.011604775
11873,False,6.2573774e-05,-0.0014786124,0.016411014
11874,False,6.718903e-05,-0.00022696704,0.011886464
11875,False,6.513402e-05,-0.0030192067,0.007293714
11876,True,6.2283536e-05,0.009896457,0.023635902
11877,True,6.3519714e-05,-0.014347691,0.008379564
11878,True,6.194193e-05,0.017234689,0.0084305
11879,True,6.3063344e-05,0.0040013567,0.0068457723
11880,False,6.737875e-05,0.0051391907,0.010524366
11881,True,6.2875064e-05,0.011294927,0.027622433
11882,False,6.338594e-05,0.0017344151,0.039634787
11883,True,6.0710117e-05,0.011648197,0.01789281
11884,True,6.329568e-05,0.03007966,0.031859543
11885,False,6.049082e-05,0.027288351,0.028391495
11886,False,6.36739e-05,-0.014218497,0.021576118
11887,False,6.357506e-05,-0.0017791968,0.006994133
11888,False,6.5255364e-05,-0.007635016,0.021693287
11889,False,6.105054e-05,-0.0014705285,0.010393896
11890,False,6.4875014e-05,0.0061968826,0.023104561
11891,True,6.580707e-05,0.028613843,0.023824833
11892,True,6.1398256e-05,0.011182815,0.039815243
11893,True,6.209137e-05,0.0050935596,0.020272411
11894,False,6.4590655e-05,0.0019165929,0.01496942
11895,True,6.3058804e-05,0.0015855599,0.013758127
11896,False,6.333947e-05,-0.027800161,-0.0072214156
11897,False,6.340763e-05,-0.040071744,-0.017470084
11898,False,6.454007e-05,-0.01790011,0.013426535
11899,False,6.2065454e-05,-0.029761486,-0.008998512
11900,False,6.355226e-05,-0.022341305,0.015678972
11901,False,6.17982e-05,-0.0014157556,0.021658273
11902,False,5.9968144e-05,-0.039837897,-0.029327149
11903,False,6.441879e-05,0.0035964567,0.011676881
11904,False,6.150302e-05,-0.0068627885,0.009411348
11905,False,6.462739e-05,-0.004621234,-0.012321975
11906,False,5.8644247e-05,0.011330266,0.0060078073
11907,False,6.1827144e-05,0.0029275808,-0.0037457636
11908,False,5.597293e-05,0.00031030085,-0.02433301
11909,False,6.0460217e-05,0.0043881973,0.0065750545
11910,False,6.2535895e-05,0.0033702105,0.02329937
11911,False,6.327041e-05,0.005064049,0.01667037
11912,False,6.294306e-05,-0.0106289685,0.018175144
11913,False,6.237974e-05,0.01752182,0.030315852
11914,False,6.185311e-05,0.019765431,0.013431761
11915,True,6.0205843e-05,0.0018049674,0.023396859
11916,True,6.2204446e-05,0.021590382,0.024896298
11917,True,6.1518935e-05,0.022942655,0.017975915
11918,True,6.0877894e-05,0.015743803,0.0240247
11919,True,5.953149e-05,0.008937363,0.027531039
11920,False,6.365962e-05,-0.0013289778,-0.012558396
11921,False,6.260725e-05,-0.013593312,-0.0137689
11922,False,6.400737e-05,-0.017159335,-0.0013126209
11923,False,6.1654224e-05,-0.003512614,-0.016517334
11924,False,6.369224e-05,0.0058952197,5.7097524e-05
11925,False,6.495213e-05,-0.011269942,0.02214668
11926,False,6.211887e-05,-0.015605416,-0.014947269
11927,False,5.9390622e-05,0.0008536633,-0.009050187
11928,False,6.134673e-05,-0.01322012,0.004346952
11929,False,5.866265e-05,0.0036443053,-0.009315556
11930,False,5.683639e-05,-0.009396674,-0.0070629492
11931,False,5.8359445e-05,-0.0012467969,-0.0024075266
11932,False,6.168608e-05,-0.00538042,0.010140095
11933,False,6.429551e-05,0.0075493716,0.01245455
11934,False,6.806085e-05,-0.014535117,-0.0004775226
11935,False,6.601237e-05,-0.018840263,-0.007583173
11936,False,6.196183e-05,-0.012125237,-0.008228418
11937,False,6.6729306e-05,0.010053745,0.01849173
11938,False,6.107611e-05,0.0017227121,-0.00532669
11939,False,6.2627e-05,0.004068752,0.02200811
11940,True,6.4065985e-05,0.014057902,0.016108137
11941,False,6.1479666e-05,0.008276359,0.011998095
11942,True,5.9045557e-05,0.007621264,-0.012353333
11943,False,6.451411e-05,-0.00080508366,-0.008213971
11944,False,7.617358e-05,-0.018871145,0.014676126
11945,False,7.425003e-05,-0.025448779,0.003742747
11946,False,7.3267045e-05,-0.018654756,-0.008915601
11947,False,7.246745e-05,-0.014822774,-0.00061142445
11948,False,6.875204e-05,-0.012112536,-0.00022858009
11949,False,7.4409545e-05,-0.014094673,0.014394816
11950,False,7.312761e-05,-0.01202894,0.010871623
11951,False,7.286403e-05,-0.006276671,-0.0009003021
11952,False,7.140068e-05,-0.020433575,0.029587291
11953,False,7.615339e-05,-0.010297181,-0.0041029844
11954,False,7.355307e-05,-0.02295449,-0.009221183
11955,False,6.922295e-05,-0.017427448,-0.006905713
11956,False,6.889517e-05,-0.0026140532,-0.010888535
11957,False,7.092505e-05,0.0011944403,-0.0059322054
11958,False,7.0151225e-05,-0.00648671,0.009973221
11959,False,7.067988e-05,-0.0027140137,0.016534254
11960,False,6.861419e-05,-0.014810214,0.004059705
11961,False,6.7845525e-05,-0.017321909,0.028097162
11962,False,6.763302e-05,-0.009558665,0.018093191
11963,False,6.6608336e-05,-0.010678612,0.0145803355
11964,False,6.535961e-05,-0.0036760308,-0.010871269
11965,False,6.922284e-05,-0.012704223,-0.00029358268
11966,False,6.7741414e-05,0.0015544156,-0.008171985
11967,False,6.768045e-05,0.0021131746,-0.005570907
11968,False,6.731364e-05,0.008061163,-0.0017171241
11969,True,6.5436194e-05,0.021637954,0.017066877
11970,True,6.4335356e-05,0.03412666,0.009562701
11971,True,6.296328e-05,0.008783244,0.01093608
11972,True,6.492272e-05,0.0063866563,0.008552637
11973,True,6.474485e-05,0.0051665492,-0.0045445673
11974,True,6.4587584e-05,0.0072248355,0.0139331
11975,True,6.0919057e-05,0.01559253,0.01653964
11976,True,6.3321946e-05,-0.011599695,0.008691929
11977,True,6.2782754e-05,0.021493033,-0.007805411
11978,True,6.239539e-05,0.021962114,0.016852528
11979,True,6.209637e-05,0.03404039,0.03010356
11980,True,6.49991e-05,0.0067621246,-0.007916462
11981,True,6.6189816e-05,0.021234807,0.020048589
11982,False,6.8738416e-05,-0.0074017867,0.004019941
11983,True,6.518377e-05,0.025133237,0.022031058
11984,False,6.604625e-05,0.008263312,0.027237557
11985,False,6.961175e-05,0.0043697935,0.01168249
11986,False,6.589388e-05,0.0063881883,0.009661745
11987,False,6.798662e-05,-0.009088211,-0.008063174
11988,False,6.7009976e-05,-0.008078076,-0.0016988618
11989,False,6.781079e-05,0.019290855,0.043179713
11990,True,6.726237e-05,0.03152196,0.020506658
11991,True,6.6109445e-05,0.01701065,0.025259677
11992,True,6.346194e-05,0.014777683,0.010035275
11993,False,6.657853e-05,-0.0012811199,0.0140840495
11994,True,6.234736e-05,0.025787342,0.024922952
11995,True,6.450828e-05,0.011714939,0.0075095408
11996,True,6.4219166e-05,0.011869751,0.021434275
11997,True,6.312395e-05,0.0021170564,0.008032963
11998,True,6.2996936e-05,0.014069224,0.0033314526
11999,True,6.7864945e-05,0.006589586,0.008827337
12000,False,6.608032e-05,0.011413211,-0.009720885
12001,False,6.296535e-05,0.010015208,0.008005958
12002,False,6.5568536e-05,0.0036343997,-0.016702687
12003,False,6.550629e-05,0.012257243,-0.017450893
12004,True,5.8845526e-05,0.003169831,0.0044150865
12005,False,6.312218e-05,-0.0052080844,-0.007495092
12006,False,6.3439686e-05,0.013480399,0.030721799
12007,False,6.0286213e-05,0.010666095,-0.010868652
12008,False,6.6857894e-05,0.0017247433,0.009314505
12009,False,6.721649e-05,-0.0053505823,-0.015018724
12010,False,6.2827785e-05,0.011764028,0.021856312
12011,False,6.2643245e-05,0.030490998,0.022166375
12012,False,6.515876e-05,0.019629318,0.031564865
12013,False,6.5766595e-05,-0.022171391,0.0109305745
12014,True,6.288051e-05,0.020040883,0.01179108
12015,True,6.339787e-05,0.019919973,0.024498833
12016,True,6.2367675e-05,0.00928694,0.017838892
12017,True,6.3160034e-05,1.4297664e-05,0.0094920695
12018,True,5.9562186e-05,0.009531645,0.013500302
12019,False,6.1370876e-05,0.023749597,0.022927508
12020,True,6.067841e-05,0.014880428,0.005095139
12021,True,6.0707083e-05,-0.008866059,0.0028410023
12022,True,6.44521e-05,0.000480216,0.024794094
12023,False,6.459297e-05,-0.0053543737,0.016993213
12024,True,6.412252e-05,0.0073011518,0.027196595
12025,True,6.1992825e-05,0.019055896,0.01716965
12026,False,6.273289e-05,-0.0006330544,0.020363785
12027,False,6.3237865e-05,0.023128355,0.029009549
12028,True,5.9941354e-05,0.021744687,0.024050234
12029,True,6.0117498e-05,0.026775919,0.026170027
12030,False,6.2767394e-05,0.014244094,0.023386134
12031,False,6.174698e-05,-0.009398593,0.0012392153
12032,False,6.547582e-05,-0.006878935,0.026642688
12033,False,6.472512e-05,-0.0013877936,0.008342342
12034,False,5.9429978e-05,0.013417483,0.016914427
12035,True,6.20338e-05,0.02220501,0.012355071
12036,True,6.342892e-05,0.028547283,0.03545713
12037,True,6.4342494e-05,0.02620404,0.024277367
12038,False,6.4384585e-05,0.02123934,0.02535293
12039,True,6.2084095e-05,0.015067318,0.021714585
12040,False,6.277756e-05,0.01940707,0.008759603
12041,True,6.328221e-05,0.016227737,0.020805476
12042,True,6.789752e-05,0.0098902285,0.027410362
12043,True,6.204554e-05,0.027164176,0.03448759
12044,True,6.452768e-05,-0.004972851,0.015496265
12045,False,6.343991e-05,-0.012754621,-0.0011915057
12046,False,6.319254e-05,0.0059153857,0.030719804
12047,False,6.0336864e-05,-0.0022728052,-0.0037007788
12048,False,6.218924e-05,-0.014567306,-0.012079035
12049,False,6.0406626e-05,0.015662037,0.005095727
12050,False,6.288216e-05,0.01670593,0.01571298
12051,False,6.1133556e-05,0.012535544,-0.017692242
12052,False,6.28069e-05,0.0035588518,-0.0028039478
12053,False,6.0061462e-05,0.001659194,0.008523263
12054,False,6.1351384e-05,0.014229861,0.0039325487
12055,True,6.488669e-05,0.005209094,0.019290384
12056,False,6.3568055e-05,0.006874129,0.016332224
12057,False,6.0383354e-05,0.021099016,0.029419526
12058,True,6.0040667e-05,0.0014818122,0.025740158
12059,False,6.2136154e-05,0.022926144,0.017016726
12060,True,6.198018e-05,0.016968844,0.019451292
12061,True,6.04671e-05,-0.0020977454,0.0074620955
12062,False,6.218193e-05,-0.0031506717,-0.0058209975
12063,False,6.295237e-05,0.009274414,-0.0052306913
12064,False,5.8784626e-05,-0.001869631,0.011254739
12065,False,6.275858e-05,-0.011073792,0.019931095
12066,False,6.123191e-05,-0.0057635475,-0.019408422
12067,False,6.2714826e-05,-0.0035892492,-0.010218015
12068,False,6.419572e-05,-0.011270145,0.022405941
12069,False,6.6814806e-05,-0.019055743,0.00835822
12070,False,6.496947e-05,-0.010624384,-0.004695814
12071,False,6.171842e-05,-0.0075659556,0.021749116
12072,False,6.0546336e-05,-0.0074293464,0.00048047677
12073,False,6.0399936e-05,-0.00950927,-0.01012698
12074,False,5.9887494e-05,0.007703362,-0.013653163
12075,False,6.1011975e-05,-0.008829832,-0.022561008
12076,True,6.1525054e-05,0.021041522,0.00034418888
12077,False,6.0184982e-05,-0.016999466,-0.003685683
12078,False,6.139763e-05,0.000702003,-0.018548846
12079,False,5.802302e-05,-0.0033042263,-0.015800742
12080,False,6.3127045e-05,0.007159166,-0.0027495646
12081,False,6.0582086e-05,-0.0057807285,-0.0042137913
12082,False,6.0593487e-05,0.009947745,0.013102822
12083,True,6.121371e-05,0.016419247,0.009820693
12084,True,5.954709e-05,0.0036031008,-0.006124276
12085,False,6.152513e-05,-0.004242206,-0.004609027
12086,False,7.493477e-05,-0.035123535,0.021583317
12087,False,7.056885e-05,-0.024946783,0.0033723675
12088,False,7.59911e-05,-0.024808787,0.0046379343
12089,False,6.9661044e-05,-0.013585648,0.009443987
12090,False,7.368165e-05,-0.01665416,0.019887198
12091,False,7.523043e-05,-0.021876626,-0.0035835654
12092,False,7.343615e-05,-0.0056841373,0.002584896
12093,False,7.4532385e-05,-0.016714733,0.004760541
12094,False,7.390718e-05,-0.012242606,-0.0011720881
12095,False,7.488714e-05,-0.017868988,0.0037512258
12096,False,6.975164e-05,-0.0036896458,0.006708091
12097,False,6.857192e-05,-0.0057945587,-0.0012511164
12098,False,7.208103e-05,-0.0103327,0.0058091767
12099,False,7.107289e-05,-0.013653509,0.015194681
12100,False,6.877253e-05,-0.003996945,0.0031916015
12101,False,6.8821384e-05,-0.010729315,0.02191328
12102,False,6.511366e-05,-0.0103808725,0.008792585
12103,False,6.998352e-05,-0.020360421,0.01899691
12104,False,6.727949e-05,-0.020139212,0.03121815
12105,False,6.665536e-05,-0.013497766,0.024839643
12106,False,7.002691e-05,-0.009975103,-0.0006648083
12107,False,6.960266e-05,-0.016423155,-0.0019458858
12108,False,6.714002e-05,0.00030348822,-0.0038783979
12109,False,6.50484e-05,0.00841484,-0.0036603427
12110,False,6.89816e-05,0.009942532,6.733835e-05
12111,True,6.54604e-05,0.0059340335,0.025331514
12112,False,6.411521e-05,0.015933152,0.01834919
12113,True,6.480099e-05,0.020438984,0.019010514
12114,True,6.271388e-05,0.016991135,0.005416734
12115,True,6.111146e-05,0.014243892,0.027074123
12116,True,6.2680774e-05,0.009046931,0.021097222
12117,True,6.330382e-05,-0.0004085116,0.015358333
12118,True,6.27762e-05,0.01375654,-0.0016288534
12119,False,6.530336e-05,0.018349696,0.007949768
12120,True,6.2893785e-05,0.010878849,0.0223066
12121,True,6.5484935e-05,0.005634049,0.0076998193
12122,True,6.3428044e-05,0.010307403,0.024125673
12123,True,6.47386e-05,0.017804205,0.013144683
12124,True,6.210657e-05,0.028094525,0.013948037
12125,False,6.806753e-05,-0.013168752,0.0030730478
12126,False,6.630958e-05,0.007900492,0.011704084
12127,False,6.533398e-05,0.006060623,0.0055336524
12128,False,6.455846e-05,0.006963091,0.008502992
12129,False,6.695798e-05,0.004953336,0.004510194
12130,False,6.8783986e-05,-0.0042416044,0.008474018
12131,False,6.744889e-05,-0.0042672995,0.007874323
12132,False,6.724203e-05,-0.0051930025,0.0005475022
12133,True,6.4633394e-05,0.024815213,0.024998488
12134,True,6.4321765e-05,0.014890388,0.030031264
12135,True,6.85249e-05,0.009364773,0.035196826
12136,True,6.358336e-05,0.012141975,0.009627627
12137,True,6.4380096e-05,0.033948094,0.018287254
12138,True,6.275101e-05,0.011229016,0.01934107
12139,True,6.796953e-05,-0.0076715425,0.027486851
12140,True,6.644481e-05,-0.008629059,0.01769704
12141,True,6.625025e-05,0.019924272,0.021054063
12142,False,6.607936e-05,0.012980375,0.022885423
12143,True,6.4779895e-05,0.010576896,-0.008456405
12144,False,6.140862e-05,0.0016082004,0.020744838
12145,False,6.328264e-05,-0.008496184,-0.009561838
12146,True,6.238978e-05,0.020600896,0.018633585
12147,False,6.2028645e-05,0.018029373,0.028913807
12148,False,6.600406e-05,0.008104457,0.0054082237
12149,False,6.361937e-05,-0.004303567,0.013268068
12150,False,6.626731e-05,-0.019574761,-0.0012452714
12151,False,6.256933e-05,-0.010995609,0.020684903
12152,False,5.954744e-05,0.013111414,0.03212831
12153,False,6.612294e-05,0.025223251,0.02370893
12154,False,6.1287756e-05,-0.008382026,0.012061297
12155,True,6.541931e-05,0.009969,0.020551823
12156,False,6.104816e-05,0.020515736,0.031019777
12157,True,6.188445e-05,0.027333144,0.04277212
12158,True,6.31963e-05,0.0016623251,0.015579917
12159,True,5.9752045e-05,0.013907813,0.009148605
12160,True,6.0522e-05,0.0130359195,0.016338293
12161,True,6.425453e-05,0.014772199,0.02416312
12162,True,6.1529136e-05,0.009698272,0.017582458
12163,True,6.163303e-05,0.020153686,0.024895424
12164,True,6.460011e-05,0.014001835,0.011258893
12165,True,6.4072825e-05,0.004808884,0.022834675
12166,True,6.171213e-05,0.00815136,0.027957749
12167,False,6.31826e-05,0.019820679,0.02519586
12168,True,5.9472277e-05,0.0067522116,0.02712222
12169,True,5.752108e-05,0.014834109,0.023140077
12170,False,5.979857e-05,0.01806015,0.012395272
12171,False,6.10142e-05,-0.0058137216,0.020503554
12172,False,6.4942644e-05,-0.017213877,0.0028542578
12173,False,6.2325846e-05,-0.014801532,0.0022608014
12174,False,6.561969e-05,-0.011302826,0.016235944
12175,True,6.378536e-05,-0.0057342947,0.04662344
12176,True,6.25e-05,0.017496496,0.043302245
12177,True,6.037798e-05,0.017946543,0.02413949
12178,False,6.685499e-05,0.01579912,0.036091305
12179,True,6.716449e-05,0.021529322,0.022171099
12180,False,6.47799e-05,0.024618119,0.041820176
12181,True,6.4104795e-05,0.035495803,0.034118667
12182,True,6.337588e-05,0.016683213,0.028153215
12183,True,6.2874125e-05,0.02493989,0.028494904
12184,True,6.590398e-05,0.018290877,0.036921464
12185,True,6.278488e-05,0.022987284,0.02752256
12186,True,6.5196444e-05,0.012321547,0.030692384
12187,False,6.2278734e-05,-0.003945628,0.019517235
12188,False,6.6506575e-05,0.004455094,0.02430718
12189,False,6.4740016e-05,-0.007062016,0.017046433
12190,False,6.7012625e-05,-0.013045706,-0.0019628322
12191,False,6.0525854e-05,0.014957594,-0.0011623912
12192,False,6.300991e-05,0.0035660453,0.0038797837
12193,False,6.220583e-05,0.0145778395,0.0058955094
12194,False,6.034797e-05,0.00777438,0.0048593916
12195,False,6.336909e-05,0.014000993,0.013074083
12196,False,6.2870175e-05,0.010847579,0.015840907
12197,False,6.0226248e-05,0.002915416,0.025508074
12198,False,6.150229e-05,0.006161714,0.012401935
12199,True,6.182547e-05,0.00016605109,0.012853745
12200,False,6.342208e-05,-0.0012963088,0.010067865
12201,False,6.547111e-05,-0.023817666,-0.0031208135
12202,False,6.0574144e-05,0.0018413626,-0.0010520061
12203,False,6.0862236e-05,0.009313935,0.006162192
12204,False,6.277414e-05,-0.008133601,-0.0017878674
12205,False,6.151788e-05,0.0040894058,0.0057649724
12206,False,6.0606326e-05,0.0019214582,0.013970364
12207,False,6.0435454e-05,-0.0076136272,0.010669755
12208,False,5.9235535e-05,0.0024003033,-0.004135238
12209,False,5.897507e-05,0.0006299941,-0.010490695
12210,False,6.0665392e-05,-0.003377134,0.0076034404
12211,False,6.4972235e-05,-0.005154567,0.00015224516
12212,False,6.1011597e-05,0.013379218,0.019640181
12213,False,6.28931e-05,-0.0056655956,0.015227719
12214,False,6.088269e-05,-0.0048343875,0.023143023
12215,False,6.479107e-05,-0.011339435,0.0132212415
12216,True,6.310564e-05,-0.0065131476,0.020827018
12217,True,6.1661034e-05,0.0079608355,0.0076181795
12218,True,5.9102138e-05,-0.010033965,-0.001612125
12219,False,5.9747053e-05,0.0042666104,8.747354e-05
12220,False,6.0614464e-05,-0.013828222,-0.021366049
12221,False,6.3288615e-05,-0.007067783,-0.013523294
12222,False,6.5265536e-05,-0.025825879,-0.01580872
12223,False,6.137882e-05,-0.026575116,-0.020155527
12224,False,5.9077563e-05,-0.02165868,-0.016990516
12225,False,6.057523e-05,-0.0095376875,-0.0014424296
12226,False,5.9445727e-05,0.008621469,-0.021723725
12227,False,7.112801e-05,-0.011781672,0.0028871894
12228,False,7.5436146e-05,-0.009548299,0.0010015946
12229,False,7.3528114e-05,-0.013647374,0.02400572
12230,False,7.163773e-05,-0.017923657,0.011549346
12231,False,7.455712e-05,-0.020423044,0.005083158
12232,False,7.552503e-05,-0.019346168,0.005671149
12233,False,7.150186e-05,-0.010584436,0.003740644
12234,False,7.321394e-05,-0.019817024,-0.0013096593
12235,False,7.424747e-05,-0.011870686,0.00039681792
12236,False,7.336412e-05,-0.023318265,0.0072101923
12237,False,7.096309e-05,-0.017935216,0.012494229
12238,False,7.007454e-05,-0.0061569978,0.010154691
12239,False,7.249342e-05,0.0007478865,-0.0060499627
12240,False,7.126192e-05,0.005502211,0.0036987728
12241,False,7.0299255e-05,-0.0034295563,0.02441505
12242,False,6.8998976e-05,-0.0011520158,-0.0052144155
12243,False,6.472131e-05,0.0009130044,0.007904299
12244,False,7.051227e-05,-0.016481658,0.018665941
12245,False,6.4574495e-05,-0.006211333,0.020729216
12246,False,6.855245e-05,-0.011931185,0.015952032
12247,False,6.840061e-05,-0.00914195,-0.0022012517
12248,False,6.9125505e-05,-0.008625697,0.00030686473
12249,False,6.591919e-05,-0.008853727,-0.016118618
12250,False,6.8647656e-05,-0.0006319657,-0.033116505
12251,False,6.878817e-05,0.0015791059,-0.006504491
12252,False,6.63278e-05,-0.013704374,0.00611988
12253,False,6.8466165e-05,-0.0076382384,0.017368713
12254,True,6.559291e-05,0.0036760345,0.0019333437
12255,True,6.269486e-05,0.0071345903,0.006933242
12256,True,6.395489e-05,0.00992934,-0.016879765
12257,True,6.056151e-05,-0.0011986531,0.012236308
12258,True,6.372267e-05,0.007615868,0.022118323
12259,True,6.213415e-05,0.0012786277,0.019506805
12260,True,6.561017e-05,0.0035961699,0.020195477
12261,True,6.3853324e-05,0.0056395875,0.0013769269
12262,True,6.3989995e-05,0.003181029,-0.0016472265
12263,True,6.4576554e-05,0.012354221,0.012639385
12264,True,6.221607e-05,0.012841392,0.013662059
12265,True,6.066895e-05,0.019940246,0.0062846877
12266,False,6.939944e-05,0.0103295995,0.015135419
12267,False,6.685161e-05,0.00032726023,0.0050982293
12268,False,6.614264e-05,0.0069742026,-0.007004112
12269,False,6.695098e-05,-0.0049558175,-0.010040574
12270,False,6.7968045e-05,-0.011802055,-0.0006040344
12271,False,7.0074755e-05,-0.022652525,-0.002307104
12272,False,6.819242e-05,-0.033722468,-0.015145794
12273,True,6.664454e-05,0.0021687448,0.007956243
12274,False,6.4053675e-05,0.012141274,0.013764273
12275,True,6.7441295e-05,0.0046108216,0.01659792
12276,True,6.507013e-05,0.00034357607,0.013337294
12277,True,6.563356e-05,0.019646049,0.021354433
12278,True,6.3109765e-05,0.024957288,0.03334204
12279,True,5.9967297e-05,0.0024143942,0.023738489
12280,True,6.657716e-05,0.009777911,0.02166618
12281,True,6.6318724e-05,-0.0017426591,-0.008408882
12282,True,6.293909e-05,0.002754908,0.014971904
12283,True,6.392385e-05,0.018492412,0.029072123
12284,False,6.72544e-05,0.013068922,0.01855052
12285,False,6.695073e-05,-0.009970145,-0.013877764
12286,False,6.3594576e-05,0.0074167238,-0.007373577
12287,False,6.080861e-05,-0.008963319,-0.010651039
12288,False,6.611284e-05,-0.012370703,-0.02281368
12289,False,6.7808134e-05,-0.04035689,-0.010396315
12290,False,6.2782594e-05,-0.006195005,-0.03365046
12291,False,6.3629835e-05,0.0041080257,0.010918556
12292,True,6.0236045e-05,0.021165624,0.009413681
12293,False,6.1026316e-05,0.011604724,0.023420755
12294,True,6.158273e-05,0.024043292,0.016002197
12295,True,6.581187e-05,0.029846862,0.0312656
12296,True,6.4342035e-05,0.020629125,0.02605792
12297,True,6.058593e-05,0.019746117,0.02860922
12298,True,6.3282496e-05,0.022546217,0.030864544
12299,True,6.138917e-05,0.021522813,0.026895322
12300,True,6.235756e-05,0.014144756,0.024554964
12301,True,6.397061e-05,0.0048690587,0.03806677
12302,True,6.501575e-05,0.0053690597,0.02240286
12303,True,6.0024926e-05,0.009699874,0.023466099
12304,True,6.3358166e-05,0.026176274,0.014428098
12305,True,6.3537984e-05,0.01672253,0.024952985
12306,True,6.0573344e-05,0.015779633,0.02604469
12307,True,5.9641727e-05,0.022877399,0.016826093
12308,True,6.2216815e-05,0.011343393,0.03017827
12309,False,6.152612e-05,0.0040541124,0.019290326
12310,False,6.156063e-05,-0.013066694,-0.012670761
12311,False,6.218897e-05,-0.013196297,0.008397216
12312,False,6.547471e-05,-0.0105636045,-0.0017054835
12313,False,6.2859e-05,-0.007981438,0.0072531607
12314,False,6.332843e-05,-0.011195177,0.015169729
12315,True,6.2600186e-05,-0.010770017,0.010307621
12316,True,6.291603e-05,0.0015495159,0.012556786
12317,True,6.249584e-05,0.020256326,0.02982642
12318,True,6.445395e-05,0.008161192,0.0042418353
12319,True,6.391599e-05,0.019114118,0.029234266
12320,True,6.502858e-05,0.0059352852,0.018885162
12321,True,6.536431e-05,0.024044437,0.022485644
12322,True,6.492217e-05,0.016331237,0.024019597
12323,True,6.462721e-05,0.008872509,0.013770301
12324,True,6.491536e-05,0.0064953268,0.030182898
12325,True,6.2470965e-05,0.015525451,0.020619769
12326,True,6.5309425e-05,0.011147151,0.016286837
12327,True,6.178487e-05,0.013984182,0.013582048
12328,False,6.359129e-05,-0.0013002232,0.008477371
12329,False,6.506215e-05,-0.006513105,0.011601922
12330,False,6.2793595e-05,-0.009668939,0.005167582
12331,False,6.0763567e-05,4.3902546e-05,-0.0027830806
12332,False,5.9642913e-05,-0.004260827,-0.0072486475
12333,False,5.794668e-05,0.009293378,-0.0007941071
12334,False,5.9280526e-05,-0.008061893,0.0004911218
12335,False,6.565528e-05,-0.013905134,0.015031683
12336,False,6.3424726e-05,0.0058948305,0.011651313
12337,False,6.298189e-05,0.009040527,0.012532931
12338,False,6.24477e-05,0.003609581,-0.001470603
12339,True,6.137119e-05,-0.009401112,0.0047858264
12340,False,6.044329e-05,-0.00014067395,0.016563237
12341,False,6.716287e-05,-0.032162573,0.003965102
12342,False,6.222565e-05,-0.011683084,0.00264417
12343,False,6.1303705e-05,0.010827724,0.0257184
12344,False,6.27327e-05,0.010768954,0.022506401
12345,False,6.5103144e-05,-0.0098791635,0.010237826
12346,False,6.0694896e-05,0.009624075,-0.0034305248
12347,False,6.128794e-05,0.0009122882,0.009782484
12348,False,6.2029074e-05,-0.0022149645,-0.010383811
12349,False,5.867322e-05,-0.011600127,-0.023561643
12350,False,6.242158e-05,0.0043934807,-0.011761047
12351,False,6.3820065e-05,-0.009985786,-0.00018472597
12352,False,6.0457274e-05,0.002793122,0.00042228866
12353,False,6.2381885e-05,0.018174483,0.004977475
12354,False,6.2537096e-05,-0.0021172576,0.010762505
12355,True,6.3971536e-05,0.0026240526,-0.017629413
12356,False,6.0788e-05,0.004833367,0.029088873
12357,False,6.419606e-05,-0.01192271,-0.003225957
12358,False,6.262747e-05,-0.008957839,0.0030568987
12359,False,6.611658e-05,-0.006658894,0.0147270905
12360,False,6.0345694e-05,0.008147998,-0.0072635626
12361,False,5.9105558e-05,-0.0066131363,-0.025180012
12362,False,6.452559e-05,-0.008158663,-0.011474146
12363,False,6.350472e-05,-0.020550536,-0.018953787
12364,False,6.09382e-05,-0.001296062,-0.015893284
12365,False,5.805153e-05,-0.003132457,-0.007904846
12366,False,6.066383e-05,-0.003014043,-0.023849178
12367,False,7.164156e-05,-0.019796018,0.010525358
12368,False,7.2336654e-05,-0.0148980245,0.01578952
12369,False,7.578425e-05,-0.015686711,0.0117380135
12370,False,7.5507625e-05,-0.021510076,0.0011448693
12371,False,7.393853e-05,-0.02986407,-0.0085879695
12372,False,7.223074e-05,-0.01720893,0.010237012
12373,False,7.368521e-05,-0.018423636,-0.026411623
12374,False,7.315512e-05,-0.016163759,-0.00999776
12375,False,7.5521675e-05,-0.020436749,0.0024161786
12376,False,7.514722e-05,-0.027909085,-0.004665278
12377,False,7.1614144e-05,-0.006503811,0.00278317
12378,False,6.917362e-05,-0.01141157,0.01152805
12379,False,7.199215e-05,0.0031678006,0.006311523
12380,False,6.963352e-05,-0.0060580745,-0.0026403237
12381,False,6.956447e-05,0.0041701635,0.0075970665
12382,False,6.866892e-05,0.0050428202,0.010053983
12383,False,6.714649e-05,-0.0044839066,0.020402726
12384,False,7.1107526e-05,-0.009800261,0.013377702
12385,False,6.718093e-05,-0.0053362735,0.017097311
12386,False,7.084237e-05,-0.013969954,0.015290797
12387,False,7.052726e-05,-0.0028157197,0.0022878423
12388,False,6.955313e-05,-0.008044022,-0.01998825
12389,False,6.803354e-05,-0.014659128,-0.013682762
12390,False,6.707603e-05,-0.0069304723,-0.012867834
12391,False,6.5965745e-05,0.01092843,-0.011794016
12392,False,6.760268e-05,0.0057693087,-0.006927822
12393,False,6.745092e-05,-0.0056675076,-0.011606352
12394,False,6.6654095e-05,-0.001504913,-0.00086838566
12395,True,6.168275e-05,-0.0032790527,-0.005632937
12396,True,6.269938e-05,-0.0035330392,-0.030476663
12397,True,6.335837e-05,0.00893014,0.008362548
12398,False,6.476599e-05,-0.009897582,0.010935165
12399,True,6.2711646e-05,0.0024990328,0.01377389
12400,True,6.2158346e-05,0.013937512,0.017723087
12401,True,6.584401e-05,-0.001857765,0.022035018
12402,True,6.457331e-05,0.016171973,0.0077361427
12403,True,6.443725e-05,0.0028638989,0.015193537
12404,True,6.520754e-05,0.0064528957,0.022014182
12405,True,6.586921e-05,0.004890237,0.0023513343
12406,False,7.069545e-05,0.024190992,0.002178926
12407,False,6.7983856e-05,0.00649336,0.003855181
12408,False,6.727221e-05,-0.0062565347,0.004977951
12409,False,6.684884e-05,0.00092076603,0.0119759785
12410,False,6.977396e-05,-0.0023084795,0.0010555275
12411,False,7.08742e-05,-0.019841649,-0.016083676
12412,False,6.811086e-05,-0.0051980834,-0.03124356
12413,True,6.553256e-05,-0.0069046374,-0.0060794484
12414,True,6.417947e-05,0.011056304,0.0011604354
12415,True,6.400556e-05,0.021407863,0.01905159
12416,True,6.0698916e-05,0.011459736,0.011705503
12417,True,6.746117e-05,0.019148313,0.04060765
12418,True,6.455388e-05,0.024707843,0.020669933
12419,True,6.51895e-05,0.020776551,0.030443003
12420,True,6.6087654e-05,0.0019462127,0.0066775233
12421,True,6.269843e-05,0.004883092,0.019564439
12422,True,6.307708e-05,0.008878313,0.014171951
12423,True,6.240283e-05,0.011015972,0.00749412
12424,True,6.258181e-05,0.021098478,0.0063517243
12425,True,6.437953e-05,0.005745683,0.013567315
12426,False,6.0857936e-05,-0.019493826,-0.011763997
12427,False,6.396751e-05,-0.037567157,0.0022725426
12428,False,6.653848e-05,-0.009782724,-0.028338684
12429,False,6.775044e-05,-0.03582626,-0.023441233
12430,False,6.5877044e-05,-0.01613883,-0.0032781772
12431,False,6.089976e-05,-0.02408774,0.0067365
12432,False,6.480574e-05,-0.0044293283,0.01785046
12433,True,6.161218e-05,0.017548505,0.0010738485
12434,True,6.1734514e-05,0.013365924,0.014177516
12435,True,6.459935e-05,0.020261178,0.017739005
12436,True,6.456744e-05,0.019355062,0.023011783
12437,True,5.9949718e-05,0.032804374,0.03826126
12438,True,6.170558e-05,0.026236344,0.042636834
12439,True,5.8587815e-05,0.022596482,0.02811242
12440,True,5.9581573e-05,0.022620872,0.022762047
12441,True,6.2589184e-05,0.028798725,0.022002291
12442,True,6.2779596e-05,0.0064422935,0.036491103
12443,True,6.249826e-05,0.022941858,0.028513752
12444,True,6.448294e-05,0.02682732,0.00687699
12445,True,6.2370884e-05,0.020652179,0.03287518
12446,True,6.041947e-05,0.02664502,0.031040963
12447,True,5.6421188e-05,0.018913116,0.021768598
12448,False,6.2500134e-05,-0.0064202296,0.014582422
12449,False,6.0178525e-05,-0.0018543527,0.026885819
12450,False,5.9504153e-05,0.010611583,0.02084845
12451,False,6.3261585e-05,0.01408691,0.016130028
12452,False,6.0648985e-05,0.001965058,0.01874736
12453,False,6.129538e-05,-0.01666263,-0.0036914628
12454,False,5.9279904e-05,-0.013104202,-0.007482896
12455,False,6.0419854e-05,-0.003190549,0.017157268
12456,False,6.185303e-05,0.0019703186,0.01740457
12457,True,6.1032086e-05,0.018354647,0.02297724
12458,True,6.094385e-05,0.016056329,0.026485363
12459,True,6.2275285e-05,0.025964882,0.015806155
12460,True,6.473369e-05,0.020613413,0.03396135
12461,True,6.145023e-05,0.03199886,0.041773748
12462,True,6.15902e-05,-0.00079425424,0.01295422
12463,True,6.0456194e-05,0.015437372,0.021332633
12464,True,6.3215746e-05,0.01088368,0.022520265
12465,True,6.358418e-05,0.02249818,0.026538806
12466,True,6.635942e-05,0.015343357,0.03039925
12467,True,6.149094e-05,0.030736955,0.025741
12468,True,6.2746265e-05,0.027124546,0.013939526
12469,True,6.3084226e-05,0.015138954,0.005802798
12470,False,6.416274e-05,-0.027759861,-0.0021492895
12471,False,6.3846834e-05,-0.011780856,0.018905222
12472,False,6.162857e-05,-0.0022588074,-0.019495137
12473,False,6.233114e-05,-0.0023800898,0.007025756
12474,False,6.50891e-05,0.015862158,-0.009099951
12475,False,6.121762e-05,-0.002895127,-0.008974856
12476,False,6.070028e-05,0.008251697,-0.01630107
12477,False,6.3885454e-05,0.0032576509,-0.0042647664
12478,False,6.447061e-05,0.010435626,0.021778375
12479,False,6.0356397e-05,0.0105360625,0.0075427294
12480,False,5.5934506e-05,-0.0021901662,-0.014169272
12481,False,6.278332e-05,-0.020051185,0.0013749115
12482,False,6.346017e-05,-0.0124129355,0.001482768
12483,False,6.1943014e-05,0.0025985492,0.005721188
12484,True,6.1640785e-05,0.019197257,0.021531627
12485,False,6.391317e-05,0.007257974,0.016780825
12486,False,6.3187326e-05,0.0011405647,0.025951535
12487,False,6.0365404e-05,-0.009052913,0.019657545
12488,False,6.2776744e-05,0.018434424,0.0069674626
12489,False,6.147564e-05,-0.014321772,0.025148176
12490,False,6.037661e-05,-0.0026309285,0.007702578
12491,False,6.1860024e-05,-0.0064323153,-0.0142823905
12492,False,6.165534e-05,0.014685706,0.0069377534
12493,False,6.311861e-05,-0.013670367,-0.0018446669
12494,False,6.2178035e-05,-0.007791271,0.021826323
12495,False,6.137585e-05,-0.0018859394,0.031181224
12496,True,6.142464e-05,-0.001301744,0.011064474
12497,True,6.400711e-05,-0.004488429,0.014802165
12498,True,6.0647144e-05,0.01340621,0.024481576
12499,False,6.479317e-05,-0.0024081501,0.01512875
12500,False,6.6748114e-05,0.0083643785,-0.00026102178
12501,False,6.487784e-05,-0.0022533173,0.008450896
12502,True,6.0594408e-05,0.014836317,0.013564659
12503,False,6.3512125e-05,-0.027052015,-8.9854e-06
12504,False,5.9665108e-05,-0.01624175,-0.013793357
12505,False,6.0379254e-05,0.0044342913,0.0112140775
12506,True,6.254547e-05,0.005231291,0.018699609
12507,False,7.179902e-05,-0.031603597,0.0051699392
12508,False,7.7126606e-05,-0.019081745,0.008693248
12509,False,7.319468e-05,-0.024378434,0.0027385354
12510,False,7.07482e-05,-0.020521503,0.001012031
12511,False,7.460408e-05,-0.014728216,-0.01356007
12512,False,7.273461e-05,-0.022743046,-0.009119127
12513,False,7.545347e-05,-0.01545696,-0.020874593
12514,False,7.487136e-05,-0.014089104,-0.008383967
12515,False,7.164488e-05,-0.026237495,0.004822172
12516,False,7.3296564e-05,-0.019264579,-0.000695996
12517,False,7.095369e-05,-0.010903046,0.0053643566
12518,False,6.992288e-05,-0.006700499,0.014018934
12519,False,7.203705e-05,-0.0019513797,0.003122203
12520,False,6.947753e-05,-0.009462006,-0.0019001244
12521,False,7.008901e-05,-0.004399931,0.002356317
12522,False,6.748927e-05,-0.011837679,0.0062067155
12523,False,6.878797e-05,-0.014291104,0.018052109
12524,False,7.184376e-05,-0.0013298877,0.00026138872
12525,False,6.62873e-05,0.0030083663,0.023374885
12526,False,6.586538e-05,-0.014967871,0.027495772
12527,False,6.655718e-05,0.0017695986,-0.0030026203
12528,False,6.7382e-05,0.004879093,0.0053349547
12529,False,6.854172e-05,-0.013440892,-0.008507375
12530,False,6.8314e-05,-0.010494467,0.0039479975
12531,False,6.7022775e-05,-0.0058441833,-0.013127644
12532,False,6.584877e-05,-0.0058658784,-0.007951319
12533,False,6.782542e-05,0.010713637,-0.0108819045
12534,False,6.626668e-05,-0.0036464967,-0.00043899845
12535,True,6.389924e-05,0.0003222823,-0.00037608296
12536,True,6.442558e-05,-0.008547664,-0.0068116076
12537,True,5.926723e-05,0.018500634,0.030404124
12538,True,6.202613e-05,0.02239101,-0.0043996572
12539,True,6.386852e-05,0.034626823,0.012415461
12540,True,6.554582e-05,0.008010964,0.008112434
12541,False,6.296546e-05,0.017147426,0.0014709346
12542,True,6.4000626e-05,0.018620424,0.017497439
12543,True,6.164614e-05,0.015571229,0.03305985
12544,True,6.1557286e-05,0.020875417,0.03415003
12545,False,6.508194e-05,-0.016583897,0.020373404
12546,False,6.8493144e-05,0.0062598214,0.0071025416
12547,False,6.8163616e-05,6.800797e-05,0.0013120547
12548,False,6.8802416e-05,0.001960481,0.005392939
12549,False,6.9133086e-05,0.004831286,-0.0038763713
12550,False,7.123194e-05,-0.0103161875,-0.015267685
12551,False,6.854124e-05,-0.02583836,-0.014203689
12552,False,6.689043e-05,-0.0115448795,-0.012779015
12553,False,6.795115e-05,-0.015342051,-0.013653174
12554,True,6.304096e-05,0.021315351,0.008869581
12555,True,6.485881e-05,0.016156245,0.0063435445
12556,True,6.3708576e-05,0.006092243,-0.0061443783
12557,True,6.861143e-05,0.029618312,0.02997018
12558,True,6.287463e-05,0.033109676,0.03871008
12559,True,6.676348e-05,0.026584215,0.018585054
12560,True,6.149182e-05,0.027329521,0.0034324285
12561,True,6.333719e-05,0.018385831,0.006374011
12562,True,6.0137816e-05,0.014164177,0.02770012
12563,False,6.0948318e-05,0.030122768,0.020315893
12564,True,6.170383e-05,0.0119577665,-0.007136249
12565,True,6.226319e-05,-0.0012065666,0.00046075322
12566,False,6.378301e-05,-0.016669273,0.008469325
12567,False,6.3945285e-05,-0.020970775,-0.011239352
12568,False,6.494676e-05,-0.03345262,-0.012099467
12569,False,6.356534e-05,-0.017222201,-0.013448061
12570,False,6.291068e-05,-0.016970463,0.00823367
12571,False,6.0550836e-05,0.0013062246,0.006927341
12572,False,6.19345e-05,-0.01343625,0.010063151
12573,True,6.089698e-05,0.01958349,0.02583681
12574,True,6.183759e-05,0.01914726,0.02879285
12575,True,6.105826e-05,0.02717922,0.031973504
12576,True,6.13555e-05,0.031950984,0.03789673
12577,True,6.393358e-05,0.03628067,0.042440798
12578,False,6.0356007e-05,0.027608046,0.031126237
12579,True,6.233079e-05,0.028611865,0.028305449
12580,True,5.839503e-05,0.03181448,0.024433242
12581,True,6.26714e-05,0.02750099,0.025835328
12582,True,6.0285365e-05,0.023095114,0.024495637
12583,True,6.199737e-05,0.03630215,0.029772509
12584,True,6.2504245e-05,0.03492016,0.016973589
12585,True,5.7248093e-05,0.027104184,0.02594823
12586,True,6.318595e-05,0.015332144,0.032434497
12587,False,6.261618e-05,0.030072283,0.016147502
12588,True,6.3197884e-05,0.029824827,0.026882011
12589,False,6.284527e-05,0.022436827,0.020019796
12590,True,5.8769336e-05,0.009379141,0.01889544
12591,True,6.342151e-05,0.021048322,0.018135428
12592,True,6.1318475e-05,0.012430452,0.013470259
12593,True,6.273395e-05,0.019707002,0.036234178
12594,True,5.9766513e-05,0.02070974,0.02408948
12595,False,5.773949e-05,0.015111975,0.01331177
12596,False,6.3160696e-05,-0.009315679,0.013506167
12597,True,6.0643702e-05,0.007963188,0.024879584
12598,True,6.0967766e-05,0.026922919,0.029529259
12599,True,6.155924e-05,0.017360052,0.03176611
12600,True,5.976787e-05,0.019437186,0.02683933
12601,True,6.220729e-05,0.014578246,0.032449298
12602,True,6.529194e-05,0.020047836,0.019966248
12603,True,6.331352e-05,0.02529794,0.021379858
12604,True,6.5327826e-05,0.0058736354,0.025294783
12605,True,6.3549756e-05,0.010992024,0.034882948
12606,True,6.3047875e-05,0.024219971,0.028211867
12607,True,6.1248174e-05,0.015826315,0.03649026
12608,True,6.206619e-05,0.029983388,0.02873274
12609,False,5.8387926e-05,0.010797583,0.0138085205
12610,False,6.423163e-05,-0.020660413,0.031167787
12611,False,6.0096074e-05,0.009933138,0.031174753
12612,False,5.744096e-05,-0.0053126346,-0.028293932
12613,False,5.8423044e-05,-0.0007478446,-0.008967185
12614,False,5.7390578e-05,-0.0043360014,-0.018605534
12615,False,6.345699e-05,0.011318314,0.0037277602
12616,False,6.4625194e-05,0.002971596,0.009132806
12617,False,6.269858e-05,0.010218026,0.021922605
12618,False,6.5196524e-05,-0.00387854,0.026202764
12619,False,6.0838633e-05,0.009709019,0.01695628
12620,False,6.0985236e-05,-0.0035760459,-0.0021227784
12621,False,6.463549e-05,-0.009996826,-0.00011185929
12622,False,6.229496e-05,-0.0054755695,0.008393214
12623,True,6.332913e-05,0.009694261,-0.00824143
12624,False,6.219509e-05,0.014471117,0.028126609
12625,False,6.126997e-05,0.008859808,0.022992749
12626,True,6.158478e-05,0.017266247,0.026275761
12627,False,6.53765e-05,-0.023316886,0.00028019212
12628,False,5.99971e-05,0.003389704,-0.007283762
12629,False,6.0744896e-05,-0.015641741,-0.00070809014
12630,False,6.187518e-05,-0.018399471,0.010042995
12631,False,6.029465e-05,0.0065907054,-0.011276459
12632,False,6.251925e-05,0.01031456,-0.004691506
12633,False,6.12297e-05,-0.019765604,-0.0030511133
12634,False,6.257488e-05,-0.011785772,0.02547054
12635,True,6.067117e-05,0.00038226694,0.021650672
12636,True,6.1063554e-05,0.02337737,0.032995827
12637,False,6.249019e-05,0.004192205,-0.014955328
12638,True,6.092057e-05,-0.0027084835,0.020328522
12639,False,6.39325e-05,-0.010111042,0.015167773
12640,False,6.340742e-05,-0.0023476444,0.017951326
12641,False,6.431101e-05,0.011937804,0.009009115
12642,False,6.3290165e-05,-0.001414028,0.021991363
12643,False,6.450642e-05,-0.009553236,-0.0019009588
12644,False,6.732572e-05,-0.018002387,0.008978043
12645,False,6.234922e-05,-0.024091916,0.015683321
12646,False,7.325013e-05,-0.026171599,0.016015586
12647,False,7.397205e-05,-0.02501347,0.016021814
12648,False,7.632502e-05,-0.028197452,-0.0035132263
12649,False,7.2355455e-05,-0.016888812,-0.009812657
12650,False,7.282758e-05,-0.011028126,-0.02125958
12651,False,7.3979274e-05,-0.012284987,-0.018892866
12652,False,7.447487e-05,-0.013068493,-0.01014982
12653,False,7.330279e-05,-0.014835663,-0.004865991
12654,False,7.118994e-05,-0.02559717,0.0032773316
12655,False,7.287254e-05,-0.028324656,0.0039253905
12656,False,7.046664e-05,-0.01584253,0.013235319
12657,False,7.055638e-05,-0.0034802966,-0.0020374935
12658,False,7.155837e-05,-0.007059414,-0.0022007897
12659,False,6.947445e-05,-0.0069318465,-0.0042110886
12660,False,6.832433e-05,0.0018015194,-0.00578676
12661,False,7.12155e-05,-0.0038004816,0.00582647
12662,False,6.859524e-05,-0.008329098,0.013085329
12663,False,6.589506e-05,-2.5046524e-05,0.02415301
12664,False,6.606246e-05,-0.008585569,0.032227162
12665,False,6.7346155e-05,-0.017946893,0.011901071
12666,False,7.0313334e-05,-0.013423175,0.006941731
12667,False,7.038644e-05,-0.0077635422,-0.0029978538
12668,False,6.953855e-05,-0.0036209787,0.007876039
12669,False,6.664941e-05,-0.0049927104,0.0045999
12670,False,6.795452e-05,0.0025705397,0.0008645337
12671,False,6.6968336e-05,-0.0035671573,-0.005844686
12672,False,6.653841e-05,-0.011191305,0.00236041
12673,True,6.444201e-05,0.005497016,0.005355824
12674,True,6.3285566e-05,0.0066136783,0.0060718097
12675,True,6.4609594e-05,0.011785436,0.02709676
12676,False,6.346483e-05,0.0019664494,0.012741921
12677,True,6.200152e-05,0.028549274,0.018089205
12678,True,6.257625e-05,0.011538344,0.0043673143
12679,True,6.724717e-05,0.0015283003,0.001883015
12680,True,6.3830375e-05,0.02582414,0.021707918
12681,True,6.202089e-05,0.025281418,0.008842621
12682,True,6.491208e-05,0.005906515,0.021343373
12683,True,6.477324e-05,0.030476132,0.0014977828
12684,False,6.637353e-05,-0.0026817974,0.0040634926
12685,False,6.858406e-05,0.0028739925,0.017586008
12686,False,6.7662004e-05,-0.014022716,-0.00040633976
12687,False,6.793378e-05,0.0013326909,-0.010602329
12688,False,6.857158e-05,-0.010073508,-0.0021316782
12689,False,6.7866866e-05,-0.011546096,-0.020509064
12690,False,6.516766e-05,-0.008049649,-0.009623222
12691,False,6.830089e-05,-0.008226546,-0.010841593
12692,False,6.63281e-05,-0.01068516,0.0077499365
12693,False,6.745793e-05,-0.0021943413,0.023760095
12694,True,6.310398e-05,0.0190055,0.018410994
12695,True,6.291685e-05,0.025976127,0.025015105
12696,True,6.473785e-05,0.023724582,0.031004198
12697,True,6.313922e-05,0.010619498,0.023575101
12698,True,6.15695e-05,0.024563987,0.02831235
12699,True,6.2094536e-05,0.028361753,0.024724524
12700,True,6.0232578e-05,0.02514866,0.022992257
12701,True,6.124786e-05,0.017630724,0.030839149
12702,True,6.242845e-05,0.004994722,0.0065393876
12703,True,5.8961825e-05,0.0052074185,0.030052003
12704,False,6.4520595e-05,-0.007727135,0.0036951061
12705,False,5.9274855e-05,-0.020864591,-0.010222707
12706,False,6.0400766e-05,-0.020096011,-0.0059183463
12707,False,6.505564e-05,-0.01974174,0.0061277244
12708,False,6.0562987e-05,-0.025830682,-0.00042389892
12709,False,5.9322047e-05,-0.008051015,0.006039325
12710,False,6.683492e-05,-0.0034751613,-0.004425565
12711,True,6.179354e-05,0.014532447,0.020009454
12712,True,6.189679e-05,0.016573694,0.019019399
12713,True,6.2292245e-05,0.014627451,0.028466878
12714,True,6.194774e-05,0.024421763,0.015936954
12715,True,6.172779e-05,0.034769416,0.029749898
12716,True,6.4170454e-05,0.036601678,0.03232059
12717,True,6.397076e-05,0.023479193,0.035260126
12718,True,6.1496954e-05,0.021486761,0.03115068
12719,True,6.0882387e-05,0.028407324,0.037672248
12720,True,6.142303e-05,0.038445476,0.012994636
12721,False,5.9993432e-05,0.021075644,0.0224823
12722,False,5.9499784e-05,0.029119652,0.019632977
12723,True,6.2428306e-05,0.021751484,0.036679037
12724,True,6.252453e-05,0.0054458976,0.036367208
12725,True,5.916728e-05,0.010878332,0.02318293
12726,True,5.9268e-05,0.01872354,0.03161288
12727,True,6.404847e-05,0.025798041,0.024292069
12728,True,6.0414164e-05,0.025467731,0.034988053
12729,True,6.188318e-05,0.010275397,0.018491201
12730,True,6.254984e-05,0.023938596,0.025436945
12731,True,6.0988412e-05,0.025861083,0.017733835
12732,True,6.246705e-05,0.005019389,0.020135485
12733,True,6.512912e-05,0.016078513,0.00786745
12734,False,6.361001e-05,-0.0074833026,0.024799488
12735,False,6.1830586e-05,-0.013743462,-0.010175182
12736,True,6.0342667e-05,0.011443101,0.039792012
12737,True,6.194056e-05,0.01361233,0.022365611
12738,True,6.2587766e-05,0.025806349,0.032096483
12739,True,6.382682e-05,0.015527435,0.041197672
12740,True,6.4347216e-05,0.020313397,0.03058169
12741,True,6.565912e-05,0.017126385,0.029618884
12742,True,6.42407e-05,0.014707208,0.03369449
12743,False,6.642972e-05,-0.006968065,0.017489329
12744,True,6.5550004e-05,0.027363664,0.025049187
12745,True,6.0594968e-05,0.028125769,0.024470344
12746,True,6.352309e-05,0.020587094,0.03890079
12747,False,5.9886588e-05,-0.009419009,0.010864255
12748,False,5.9805454e-05,0.015088644,0.029242042
12749,False,6.098373e-05,-0.015673934,0.0041411463
12750,False,5.9428152e-05,0.011362593,0.009034874
12751,False,6.005576e-05,0.005027607,-0.016490435
12752,False,6.073159e-05,0.009732739,-0.012760181
12753,False,5.817271e-05,-0.008341037,0.00618124
12754,False,6.223856e-05,-0.005018173,0.0009860285
12755,False,6.4226246e-05,-0.01433601,0.015140915
12756,True,6.186231e-05,-0.0074519333,0.020058028
12757,False,6.401866e-05,-0.0132890735,0.011105467
12758,False,6.263412e-05,0.0035361457,-0.013777874
12759,False,6.327707e-05,-0.0031920057,0.01408761
12760,False,6.011981e-05,0.021848083,0.0066094045
12761,False,5.9304763e-05,0.0029566642,0.011409522
12762,False,6.319718e-05,0.0003047837,0.02098117
12763,False,6.3792526e-05,0.023581525,0.018010098
12764,True,6.173016e-05,0.00974868,0.0147485435
12765,False,6.2206185e-05,-0.0067721196,0.018729499
12766,False,6.025621e-05,0.013637729,-0.0017228499
12767,False,6.158815e-05,0.011905436,-0.010853223
12768,False,6.0900642e-05,0.0017307308,0.0067369724
12769,False,6.18166e-05,-0.007286422,-0.00411701
12770,False,6.1333536e-05,-0.0006756056,0.004128948
12771,False,6.0447856e-05,0.0039145853,-0.018531105
12772,False,6.172291e-05,0.0037520807,0.0156548
12773,True,6.0327653e-05,0.01433487,0.018198345
12774,False,6.2900406e-05,-0.0022205657,0.018639771
12775,False,6.3621366e-05,0.017142069,0.023696836
12776,True,6.241964e-05,0.016839664,0.024691459
12777,False,6.833887e-05,-0.00061659236,-0.0006134026
12778,False,6.613846e-05,-0.00064983405,0.012741103
12779,False,6.636863e-05,-0.007354008,0.014278589
12780,False,6.832525e-05,-0.01915231,0.006814506
12781,False,6.4397216e-05,-0.0037863953,0.017601341
12782,False,6.404586e-05,9.050034e-05,-0.0010231603
12783,False,7.630749e-05,-0.014769845,0.0028356835
12784,False,7.6497396e-05,-0.022966798,-0.0010011047
12785,False,7.4778916e-05,-0.018607125,-0.0041613057
12786,False,7.30213e-05,-0.021218326,0.0049564317
12787,False,7.4039206e-05,-0.021590889,-0.009534303
12788,False,7.04154e-05,-0.0012559071,0.012827363
12789,False,7.2254676e-05,-0.007230699,0.0060618464
12790,False,7.294817e-05,-0.0055391565,-0.014730815
12791,False,7.464965e-05,-0.004211897,-0.004688842
12792,False,7.270457e-05,-0.021314744,-0.001983866
12793,False,7.064378e-05,-0.011994667,0.010139257
12794,False,7.0467366e-05,-0.010418087,0.0043469723
12795,False,7.298263e-05,-0.019537851,-0.009437145
12796,False,6.9937356e-05,-0.0047713565,0.009973954
12797,False,7.029633e-05,-0.011093751,-0.011546103
12798,False,6.9609385e-05,-0.018534485,0.020227231
12799,False,6.8884394e-05,-0.008706176,0.010757569
12800,False,6.5980115e-05,-0.018527515,-0.00051280484
12801,False,6.615984e-05,-0.0012677088,0.0093631875
12802,False,6.598694e-05,-0.015999343,-0.004900202
12803,False,6.704629e-05,-0.019860698,-0.012145165
12804,False,6.834147e-05,0.0013978072,-0.0010331082
12805,False,6.609418e-05,-0.01170495,0.003967981
12806,False,6.7366105e-05,-0.013189979,0.0003973581
12807,False,6.781811e-05,-0.0061354786,-0.00542981
12808,False,6.984303e-05,-0.013458583,-0.0016027484
12809,False,6.791378e-05,-0.0056409165,-0.010743033
12810,False,6.6918125e-05,-0.0013995133,-0.00071651675
12811,False,6.4611624e-05,0.03186991,0.012188888
12812,True,6.3320935e-05,0.00025685504,0.011203847
12813,True,6.594811e-05,0.021580847,-0.004793467
12814,False,6.568685e-05,0.022383949,-0.007645026
12815,True,6.303602e-05,0.01661322,0.011404946
12816,True,6.219387e-05,0.0034662858,0.013495017
12817,True,6.4128995e-05,-0.007913761,0.008373532
12818,True,6.473178e-05,0.027232781,0.01321324
12819,False,6.3196276e-05,-0.008868545,0.010244183
12820,True,6.349436e-05,0.02080075,0.014073037
12821,False,6.749131e-05,-0.0062117344,-0.0028111637
12822,True,6.111002e-05,0.01001955,0.014305659
12823,False,6.917625e-05,0.013491668,0.017061183
12824,False,6.811167e-05,9.6728094e-05,-0.008016533
12825,False,7.01236e-05,-0.009050929,-0.0174136
12826,False,6.926236e-05,-0.011327567,-0.011365194
12827,False,6.756024e-05,-0.010846993,-0.017665008
12828,False,6.721803e-05,-0.006192358,-0.010425564
12829,False,6.799673e-05,-0.0073994156,-0.009613823
12830,False,6.7295936e-05,-0.0059835697,-0.0004121326
12831,True,6.3290005e-05,0.02450594,0.03244261
12832,True,6.057759e-05,0.03295406,0.0063475324
12833,True,5.983287e-05,0.03057836,0.00477349
12834,False,6.7590234e-05,0.0060644317,-0.009758249
12835,True,6.140141e-05,0.0135882385,0.018615847
12836,True,5.983931e-05,0.015117919,-0.0037366226
12837,True,6.2363964e-05,0.029917136,0.016704109
12838,True,6.360365e-05,0.018328547,0.011278085
12839,False,6.3701904e-05,0.003821087,0.0071415007
12840,True,5.9526094e-05,-0.0012403931,-0.0027480992
12841,False,6.18389e-05,-0.024272617,-0.023993205
12842,False,5.811137e-05,-0.011048268,-0.031525403
12843,False,6.4056665e-05,-0.03494177,0.0057181157
12844,False,6.186258e-05,-0.0040161293,-0.0055997632
12845,False,6.207636e-05,-0.0121107865,-0.0049223593
12846,False,6.136627e-05,-0.019552115,0.0030455785
12847,False,6.478255e-05,-0.0037035272,0.020117648
12848,False,6.451889e-05,-0.0036323261,0.017257394
12849,False,6.0442766e-05,0.020944308,0.029871784
12850,True,6.0527516e-05,0.012754565,0.027604893
12851,True,6.0942566e-05,0.030322699,0.019627169
12852,True,6.0618782e-05,0.033521034,0.018384999
12853,True,6.451227e-05,0.018158136,0.011098823
12854,True,6.0153972e-05,0.026673231,0.02199255
12855,False,6.1101404e-05,0.021862809,0.011900203
12856,False,6.08111e-05,0.0033675146,0.017909184
12857,False,5.735482e-05,0.019421492,0.009203871
12858,True,5.9436854e-05,0.015743252,0.015293475
12859,True,6.08728e-05,0.019731939,0.02297667
12860,True,6.239735e-05,0.031652726,0.016686104
12861,True,6.22655e-05,0.017412003,0.016700527
12862,True,6.215063e-05,0.032603532,0.02224357
12863,True,6.119487e-05,0.014838384,0.013503633
12864,True,6.141642e-05,0.0194004,0.026487509
12865,True,6.426121e-05,0.026161559,0.018723872
12866,True,6.134842e-05,0.017868333,0.020802876
12867,True,6.163342e-05,0.018071663,0.011943158
12868,False,6.3816165e-05,0.017944127,0.0073171295
12869,True,6.0526563e-05,0.02227065,0.014620966
12870,False,6.4706765e-05,0.002462903,0.007926654
12871,False,6.1760984e-05,-0.003479694,0.00937782
12872,True,5.863767e-05,0.008081973,0.012127388
12873,True,6.232142e-05,0.03014244,0.020965293
12874,True,6.428994e-05,0.023720838,0.029757265
12875,True,6.550409e-05,0.012105692,0.021987364
12876,True,6.289312e-05,0.0021314248,0.014305283
12877,False,6.844549e-05,-0.0057167676,0.013274535
12878,False,6.689931e-05,-0.009260344,0.0125079565
12879,True,6.099799e-05,0.019773759,0.028487224
12880,True,6.0378326e-05,0.02496647,0.040567048
12881,False,6.5175875e-05,-0.010110438,0.034070034
12882,True,5.9030055e-05,-0.008840995,0.00307238
12883,False,6.0089496e-05,-0.020642616,-0.010220954
12884,False,5.9654736e-05,-0.015815867,-0.023841202
12885,False,5.682009e-05,-0.0067904964,-0.018733257
12886,False,5.7691177e-05,0.0037568826,-0.022484396
12887,False,6.240767e-05,-0.0026125982,-0.006201217
12888,False,6.25613e-05,-0.005944282,0.011133803
12889,False,6.5440276e-05,-0.012436157,0.018714532
12890,False,6.344576e-05,0.001571415,0.012998673
12891,False,6.495647e-05,-0.009708742,0.016487716
12892,False,6.062739e-05,-0.029898785,-0.018051563
12893,False,5.7892168e-05,-0.024548898,-0.010723919
12894,False,5.9504207e-05,-0.007948402,0.0044917054
12895,False,6.010856e-05,0.008446986,0.023518393
12896,False,6.149069e-05,-0.0049592573,0.011683026
12897,True,6.0671646e-05,0.006649332,0.019841943
12898,False,6.0043276e-05,0.011086948,0.024141919
12899,False,6.1127546e-05,0.005076687,0.030450499
12900,False,5.8018053e-05,-0.0026768493,0.0074035227
12901,False,6.0315146e-05,0.00050720107,-0.009988695
12902,False,6.2321335e-05,0.012944138,0.0025687423
12903,False,6.450409e-05,0.017648857,0.011337091
12904,False,6.143744e-05,0.013883868,0.008791635
12905,False,6.1913925e-05,-0.00075183995,-0.0124375
12906,False,5.6983572e-05,-0.0054325676,-0.022800762
12907,False,6.2536245e-05,0.021458149,0.010317308
12908,False,6.18063e-05,0.0055685863,0.0030808374
12909,False,6.4138505e-05,0.017929014,0.0114637595
12910,False,6.4486056e-05,0.008290623,0.00395713
12911,True,6.3963154e-05,0.008096669,0.009515551
12912,False,6.692312e-05,-0.02755769,-0.00218435
12913,False,6.6133e-05,-0.016172934,-0.005348712
12914,False,6.520089e-05,-0.010703359,-0.002790464
12915,False,6.8577836e-05,-0.0060877046,0.007960817
12916,False,7.0969625e-05,-0.014721831,-0.00926823
12917,False,7.309422e-05,-0.02283847,0.009027163
12918,False,7.432862e-05,-0.011893865,-0.010317154
12919,False,7.862972e-05,-0.025756078,-0.003567973
12920,False,7.668725e-05,-0.014583532,-0.005175581
12921,False,7.365451e-05,-0.02607629,-0.01491037
12922,False,7.391663e-05,-0.0046749823,0.020487823
12923,False,7.450177e-05,-0.0061902925,-0.015137664
12924,False,7.252224e-05,0.010787902,0.010697331
12925,False,7.1491806e-05,0.00821743,-0.0026288498
12926,False,7.162612e-05,-0.017738761,-0.0116549395
12927,False,7.156359e-05,-0.018973881,-0.020318916
12928,False,7.1439885e-05,-0.015164268,-0.008053804
12929,False,6.953807e-05,-0.0009467215,-9.94578e-05
12930,False,6.96208e-05,-0.012227805,-0.011963011
12931,False,6.3757354e-05,-0.012643088,-0.0054305336
12932,False,6.533497e-05,-0.0039036414,0.010001894
12933,False,6.658479e-05,-0.01039521,0.011704836
12934,False,7.100566e-05,-0.010137264,0.0057900986
12935,False,6.5005675e-05,0.009233278,0.016984874
12936,False,6.285279e-05,-0.0024191085,-0.014333732
12937,False,6.47529e-05,0.0071646255,0.0029448085
12938,False,7.003349e-05,-0.0073692827,-0.008653659
12939,False,6.7595145e-05,-0.01166947,-0.012258774
12940,False,6.79091e-05,-0.018319424,-0.010030456
12941,False,6.957914e-05,-0.013914933,-0.018283281
12942,False,6.719054e-05,-0.019408068,-0.0074981432
12943,False,6.876796e-05,0.0006524548,-0.014345083
12944,False,6.649392e-05,-0.005027296,-0.02440105
12945,False,6.751469e-05,0.0033528232,0.001498912
12946,False,6.414687e-05,-0.0012729019,0.0031299721
12947,False,6.64792e-05,0.013694428,-0.006992463
12948,True,6.318393e-05,-0.0035825893,-0.012972839
12949,True,6.1234365e-05,0.009377785,0.009196378
12950,True,6.274044e-05,0.0033720406,-0.021231938
12951,True,6.4859574e-05,-0.0072466657,0.007851642
12952,True,6.3981395e-05,0.009685349,-0.004851412
12953,True,6.532685e-05,-0.009428411,0.01240412
12954,False,6.854805e-05,-0.00882012,0.00010709092
12955,False,6.834864e-05,-0.009592157,-0.006437078
12956,False,6.655037e-05,-0.00071628764,0.015924482
12957,False,6.6182416e-05,0.014105473,0.0017791092
12958,False,6.81983e-05,-0.009380534,0.0066167973
12959,False,6.74587e-05,-0.009446666,-0.01887236
12960,False,6.861717e-05,0.0022201147,-0.020541884
12961,False,6.752267e-05,-0.004355665,-0.0040840413
12962,False,6.972044e-05,0.0024937317,0.009942293
12963,False,6.845728e-05,0.0015079463,-0.0051606745
12964,False,6.725805e-05,-0.006574693,0.013662148
12965,True,6.2469684e-05,0.02344144,0.032037728
12966,True,6.250319e-05,0.01857813,0.008290915
12967,True,6.176968e-05,0.019405298,0.013278745
12968,False,6.5137014e-05,0.0064178254,0.0016528443
12969,True,6.583594e-05,0.011021022,0.018788572
12970,True,6.498343e-05,0.028349824,0.023572387
12971,True,6.4694206e-05,0.00028756633,0.021369547
12972,True,6.137213e-05,0.012995139,0.017689088
12973,True,6.174332e-05,0.019201592,0.010886796
12974,False,6.5698776e-05,0.0025172,-0.005396045
12975,False,6.411248e-05,-0.0036606556,0.0020280965
12976,False,6.54716e-05,-0.008496767,-0.00046380423
12977,False,6.567227e-05,-0.011182472,-0.0152162425
12978,False,6.812805e-05,0.0015902035,0.007776359
12979,False,6.426424e-05,-0.012008881,-0.008981384
12980,False,6.256671e-05,-0.021703614,0.011488643
12981,False,6.197774e-05,-0.023797426,-0.020484472
12982,False,6.5483226e-05,-0.022945562,-0.0073792636
12983,False,6.135122e-05,-0.028815454,-0.013730176
12984,False,6.1533865e-05,-0.031915557,-0.0064756833
12985,False,6.380013e-05,-0.0025169477,-0.0029856637
12986,False,6.273539e-05,0.015507635,0.000897374
12987,False,6.1161445e-05,0.0021649115,0.005864851
12988,False,6.1658546e-05,-0.011927984,-0.004222459
12989,False,6.536544e-05,-0.006705442,-0.008923218
12990,True,6.421092e-05,0.016081322,0.009653322
12991,True,6.215568e-05,0.0011820495,0.016902335
12992,True,6.306145e-05,0.02085011,0.024532903
12993,True,6.4680105e-05,0.023943532,0.024810359
12994,True,6.493246e-05,0.02741938,0.037254903
12995,True,6.1440776e-05,0.020787803,0.024107251
12996,True,6.297235e-05,0.018907716,0.029700108
12997,True,6.0168768e-05,0.033414632,0.029892195
12998,True,5.9109552e-05,0.031074151,0.02792633
12999,True,6.0375616e-05,0.030726073,0.021352343
13000,False,6.36318e-05,0.009803837,0.010000642
13001,True,6.532148e-05,0.010597866,0.009751126
13002,True,6.601162e-05,0.008421859,0.029338222
13003,True,6.2735e-05,0.020529501,0.028148517
13004,True,6.476311e-05,0.012814211,0.02102961
13005,True,6.6059576e-05,0.013000891,0.032944348
13006,True,6.3302665e-05,-0.0008827299,0.015205992
13007,False,6.1619365e-05,0.008242098,0.03997186
13008,False,6.167112e-05,-0.021999348,2.2798777e-06
13009,True,6.227374e-05,-0.0023420565,0.010853851
13010,True,6.0705068e-05,0.0092663355,0.024215331
13011,True,6.385639e-05,-0.008790905,0.011501716
13012,False,6.458378e-05,-0.01752403,0.013656133
13013,False,6.8656416e-05,-0.009166784,0.019051503
13014,True,6.22515e-05,5.0928444e-05,0.025887776
13015,False,6.210719e-05,0.0021954062,0.020078618
13016,True,6.470083e-05,0.013508974,0.012476593
13017,False,6.169906e-05,0.009808623,0.027058477
13018,False,6.465843e-05,-0.0020532757,-0.009323729
13019,False,5.5649816e-05,-0.005946316,-0.0050341114
13020,False,6.105706e-05,0.004030614,0.0007528048
13021,False,5.70549e-05,-0.002065109,-0.024596721
13022,False,5.9467573e-05,0.001636073,-0.0042761974
13023,False,6.112931e-05,0.005019814,0.023818456
13024,False,6.431615e-05,-0.005058556,0.02478838
13025,False,6.0253646e-05,0.006430033,0.03331665
13026,True,6.0538045e-05,0.00812055,0.01551043
13027,True,6.496909e-05,0.0051107723,0.034303583
13028,False,6.318952e-05,-0.0026879725,0.0029746164
13029,False,5.865728e-05,-0.0074321683,-0.0042300858
13030,False,6.0350856e-05,-0.0027376064,0.0011014491
13031,False,6.0239116e-05,-0.017434074,0.025773931
13032,True,6.181354e-05,0.00704946,0.02254931
13033,True,6.3457956e-05,0.020039707,0.039488193
13034,False,6.346655e-05,0.020367179,0.02709756
13035,False,6.130759e-05,0.014237775,-0.0016806237
13036,False,5.6993547e-05,0.0024649613,-0.0026967998
13037,False,5.8894973e-05,0.00423452,0.0066622496
13038,True,6.214792e-05,0.018916298,0.0019382108
13039,True,6.2623025e-05,0.012620797,0.007980665
13040,True,6.3927444e-05,0.023248373,0.025947345
13041,True,6.1180916e-05,0.0058748145,-0.0040970827
13042,False,5.6371475e-05,-0.0036809705,-0.015656626
13043,True,6.121439e-05,0.011626395,0.0077186283
13044,False,6.297324e-05,-0.007916114,0.012615513
13045,True,6.0721133e-05,0.0101820715,0.0012284899
13046,False,6.421685e-05,-0.0047335546,0.005559806
13047,True,6.350384e-05,0.0041780043,-0.0042116856
13048,False,6.4461165e-05,-0.0037324228,-0.016540982
13049,False,6.445748e-05,-0.013897182,-0.0009084642
13050,True,6.528879e-05,-0.0006781351,0.0001757741
13051,False,6.612619e-05,-0.005812384,0.0031922283
13052,False,7.354417e-05,-0.017975777,0.017664135
13053,False,7.1159986e-05,-0.011005847,0.014519333
13054,False,7.296148e-05,-0.012285289,-0.013642718
13055,False,7.700904e-05,-0.028123777,-0.0117147155
13056,False,7.1932e-05,-0.02180091,-0.017484706
13057,False,7.472887e-05,-0.012457121,0.005605347
13058,False,7.4898766e-05,-0.009213487,-0.009320529
13059,False,7.089346e-05,0.001773715,0.011324571
13060,False,7.1382994e-05,-0.0036396477,0.008383561
13061,False,7.254833e-05,-0.005622169,-0.010426608
13062,False,7.153812e-05,-0.007005998,-0.015801432
13063,False,7.019793e-05,-0.009563108,-0.011123933
13064,False,6.914385e-05,-0.021706227,0.025332866
13065,False,6.8260415e-05,-0.005601526,0.0027187075
13066,False,6.356617e-05,-0.01692158,-0.0027135275
13067,False,6.5437525e-05,-0.014396196,0.0025274027
13068,False,6.612649e-05,-0.008248266,0.010736743
13069,False,6.86459e-05,-0.009978369,0.009736249
13070,False,6.6182656e-05,0.0012743716,0.021462312
13071,False,6.520632e-05,-0.0007528784,0.0009984234
13072,False,6.7814675e-05,-0.0056814793,-0.01816894
13073,False,6.5231616e-05,-0.014754001,-0.0055963565
13074,False,6.661059e-05,-0.020401984,-0.011459336
13075,False,6.8222e-05,-0.005682857,-0.01150992
13076,False,6.960776e-05,-0.018120546,-0.006549783
13077,False,6.880382e-05,-0.014539563,-0.02033611
13078,False,6.9436785e-05,-0.001573124,-0.017620642
13079,False,6.8943744e-05,-0.005703589,0.005478967
13080,False,6.8700225e-05,-0.008636737,-0.011294857
13081,False,6.5802684e-05,0.00033795647,0.007351307
13082,True,6.652712e-05,-0.0018158555,-0.0007320717
13083,True,6.541508e-05,0.011407167,0.013852388
13084,True,6.108561e-05,0.001581572,-0.0076708794
13085,True,6.3709886e-05,0.023899987,0.027804367
13086,True,6.321503e-05,0.001125712,0.0102488585
13087,True,6.3563966e-05,0.0012904145,0.010665679
13088,False,6.543284e-05,-0.004046373,-0.0036844965
13089,False,6.6839064e-05,-0.01306504,-0.021784382
13090,False,6.8099354e-05,0.008132724,0.005248273
13091,False,6.875764e-05,0.008353101,-0.0064482726
13092,False,6.7904424e-05,0.0037329122,0.0035094954
13093,False,6.6121334e-05,-0.0028207283,0.0043159425
13094,False,6.700675e-05,0.001103308,-0.003395578
13095,False,6.915693e-05,0.003370382,0.0027444744
13096,False,6.857807e-05,0.0083518615,-0.011424324
13097,False,6.9712536e-05,0.0020118617,-0.011960335
13098,False,6.915374e-05,0.00058846734,-0.0053346846
13099,False,6.865341e-05,0.0036254423,-0.0043984763
13100,True,6.7691326e-05,0.0030373763,0.025559772
13101,True,6.2355975e-05,0.010908265,0.023730561
13102,True,6.184731e-05,0.019981297,0.014909808
13103,True,6.65829e-05,0.015626527,0.032707892
13104,True,6.186148e-05,0.019635681,0.01928246
13105,True,6.297011e-05,0.031459946,0.00833989
13106,True,6.34514e-05,0.019448418,0.01264663
13107,True,6.017582e-05,0.016864717,0.020188037
13108,False,6.433045e-05,0.015451092,0.02103053
13109,False,6.3003805e-05,-0.006234862,-0.017883956
13110,False,6.233225e-05,-0.015530646,0.000111185014
13111,False,6.0781553e-05,-0.023812111,-0.009826304
13112,False,6.423624e-05,-0.019162852,-0.0066419523
13113,False,6.6934816e-05,-0.01935138,0.0034042746
13114,False,5.9533722e-05,-0.029918827,0.018106721
13115,False,6.228674e-05,-0.015368901,0.014842045
13116,False,6.249124e-05,-0.03607688,0.0023454074
13117,False,5.8909205e-05,-0.031187873,-0.011442541
13118,False,6.124061e-05,-0.030900769,0.009608004
13119,False,5.756086e-05,-0.038112015,0.008394767
13120,False,6.1970575e-05,0.0012087757,0.009132785
13121,False,6.108606e-05,0.011401353,0.017856184
13122,False,6.3828404e-05,0.010689694,0.019336548
13123,True,6.231126e-05,0.015246153,0.028450152
13124,False,6.453589e-05,0.012401566,0.014905272
13125,True,6.244641e-05,0.012525711,0.015115576
13126,True,6.280179e-05,0.014033748,0.0130651
13127,True,6.5848995e-05,0.021728091,0.043824185
13128,True,6.598105e-05,0.030210234,0.015448853
13129,False,6.2663195e-05,0.0072290003,0.015400745
13130,True,6.411582e-05,0.025535874,0.035042033
13131,True,6.2454266e-05,0.023251325,0.033058595
13132,True,6.376469e-05,0.030667517,0.031166192
13133,True,6.209281e-05,0.03491442,0.020909816
13134,True,6.0198174e-05,0.019804738,0.0094624385
13135,True,6.1934836e-05,0.014895927,0.019509427
13136,True,6.611111e-05,0.015231993,0.029062495
13137,True,6.431229e-05,0.010160282,0.026691437
13138,True,6.034107e-05,0.00895728,0.02050031
13139,True,6.164455e-05,0.016247148,0.024264794
13140,False,6.189632e-05,0.0035409033,0.014443137
13141,True,6.266946e-05,0.01380966,0.029017773
13142,False,6.3424995e-05,0.00396074,0.02899535
13143,False,6.189419e-05,0.014713071,0.02407116
13144,True,6.122433e-05,0.015352879,0.031055124
13145,True,6.351698e-05,0.02527529,0.028739376
13146,True,5.995399e-05,0.024885539,0.015118625
13147,True,6.59181e-05,-0.014292415,0.033293094
13148,True,6.2353385e-05,0.016879328,0.03704948
13149,True,6.0598195e-05,0.024974562,0.03249455
13150,False,6.571426e-05,-3.4852885e-05,0.014470392
13151,True,6.204545e-05,0.020026743,0.037651673
13152,False,5.6507906e-05,0.011985995,0.011423108
13153,False,5.937732e-05,0.008304089,-0.013978237
13154,False,5.7981993e-05,0.004419755,-0.0130112
13155,False,6.0546496e-05,0.005930029,-0.005330816
13156,False,6.0618553e-05,-0.0041865846,-0.033036187
13157,False,6.562526e-05,-0.009976901,-0.010551805
13158,False,6.2575666e-05,0.015568644,0.035019174
13159,False,6.178003e-05,0.0042642727,0.03543144
13160,False,5.947356e-05,-0.008210365,0.013347506
13161,False,6.270464e-05,0.011393816,0.016090967
13162,False,6.665695e-05,-0.02167618,0.027196538
13163,False,6.325472e-05,-0.029843546,0.010366527
13164,False,5.9196926e-05,-0.0068600476,-0.0142993685
13165,False,6.171559e-05,0.01031428,0.0005453136
13166,False,6.115863e-05,0.011424955,0.017887628
13167,True,5.958574e-05,0.028188707,0.024868736
13168,True,6.4487656e-05,0.01791796,0.031705737
13169,True,6.0395807e-05,0.017887676,0.02892216
13170,True,6.260043e-05,0.02141539,0.014479719
13171,False,5.7981008e-05,0.015109593,0.007606499
13172,False,5.877089e-05,0.023210045,0.00864156
13173,True,5.9478334e-05,0.020108618,0.0077672685
13174,True,6.0784703e-05,0.012354415,0.010836324
13175,True,6.411311e-05,0.032387488,0.015120365
13176,True,6.0352002e-05,0.008233592,0.0287312
13177,False,5.9456746e-05,-0.003074428,0.0010751169
13178,False,6.344771e-05,0.0036833794,0.009328354
13179,False,6.423684e-05,0.003982908,0.025447162
13180,True,6.098653e-05,0.015125086,-0.0021872548
13181,True,6.247218e-05,0.020783626,0.011680163
13182,True,6.0223396e-05,0.002339473,-0.014692978
13183,False,6.4281805e-05,-0.0077460017,0.016796418
13184,False,7.139065e-05,-0.015135686,-0.011844937
13185,False,6.972415e-05,-0.033291608,-0.007571825
13186,False,7.2582574e-05,-0.0038701994,-0.006112976
13187,False,7.6739285e-05,-0.013928082,-0.013985874
13188,False,7.670329e-05,-0.028227545,-0.033728715
13189,False,7.620831e-05,-7.851794e-05,0.007097639
13190,False,7.398517e-05,-0.015151482,0.0024503618
13191,False,7.266777e-05,-0.0068194848,-0.0006491728
13192,False,7.269854e-05,-0.012274018,0.00039346982
13193,False,7.246962e-05,-0.0113891745,-0.0036603538
13194,False,7.2639996e-05,-0.011271669,0.0015349062
13195,False,6.900948e-05,-0.012953175,0.012135845
13196,False,6.9049005e-05,-0.017452262,0.008616008
13197,False,6.740628e-05,-0.01570471,0.0041771038
13198,False,6.8016794e-05,-0.0033880826,-0.004428842
13199,False,6.9763126e-05,-0.014116704,-0.00064549595
13200,False,6.534929e-05,0.00042724796,0.004828656
13201,False,6.915164e-05,-0.0036630295,0.012437927
13202,False,6.891665e-05,-0.0067730416,0.02189264
13203,False,6.6283355e-05,-0.0026759282,0.004441214
13204,False,6.544178e-05,-0.0052584447,-0.0049265176
13205,False,6.460405e-05,-0.010728676,-0.005777237
13206,False,6.2194085e-05,-0.0070158737,0.013846986
13207,False,6.3131e-05,-0.0037104562,-0.006532901
13208,False,6.6330875e-05,-0.017181331,0.0036848122
13209,False,6.978866e-05,-0.009278106,-0.029461572
13210,False,6.705838e-05,7.6089986e-05,-0.014053995
13211,False,6.598741e-05,0.002450576,-0.0031051598
13212,False,6.648807e-05,0.0026449766,-0.013140636
13213,False,6.764942e-05,0.014627302,-0.0066160522
13214,False,6.46584e-05,0.00071134605,0.018848706
13215,True,6.221723e-05,0.005530346,0.027422864
13216,True,6.383886e-05,0.0264479,0.01118315
13217,True,6.1978884e-05,0.02879047,0.027480623
13218,True,6.3552085e-05,0.025734913,0.0011090524
13219,False,6.6185145e-05,-0.0031862753,-0.0076777395
13220,False,6.564811e-05,0.023473404,0.028345812
13221,False,6.832384e-05,-0.003524636,-0.008710286
13222,False,6.7904526e-05,0.007922998,-0.008947719
13223,False,6.8669695e-05,0.0053030076,-0.005070001
13224,False,6.690502e-05,0.0024959333,0.009743037
13225,False,6.770146e-05,-0.003585996,0.004002314
13226,False,6.598957e-05,0.00867714,-0.0046993494
13227,False,6.791048e-05,0.0035459958,-0.0032264916
13228,False,6.8342524e-05,0.0028669164,-0.0028086752
13229,False,6.745893e-05,0.0062810704,-0.0062939357
13230,False,6.802415e-05,-0.00066598505,-3.7614256e-05
13231,False,6.920211e-05,0.0036901543,0.007216297
13232,False,6.682101e-05,-0.011970301,0.028385367
13233,True,6.389682e-05,0.010844361,0.023209494
13234,False,6.1879684e-05,0.024390064,0.019092396
13235,False,6.1183375e-05,0.014646708,0.020778544
13236,False,6.0806036e-05,0.01140093,0.013571035
13237,True,6.1533e-05,0.016835798,0.023465507
13238,True,6.245499e-05,0.026552597,0.030914703
13239,True,6.465358e-05,0.018009525,0.022220708
13240,False,5.8928003e-05,0.018484695,0.004079111
13241,False,6.353268e-05,-0.030528504,-0.017871266
13242,False,6.1450584e-05,-0.02495876,-0.004928641
13243,False,6.527797e-05,-0.029680517,-0.018269442
13244,False,6.5933564e-05,-0.01013052,-0.009883938
13245,False,6.0414935e-05,-0.014551947,-0.013716074
13246,False,5.895784e-05,-0.017463122,0.007910717
13247,False,6.2346975e-05,-0.015893798,0.01805555
13248,False,6.365764e-05,-0.020869398,-0.013503437
13249,False,6.00178e-05,-0.0067031845,0.01397264
13250,False,6.5126e-05,-0.023840886,0.014165642
13251,False,6.140106e-05,0.004595587,0.01842207
13252,False,5.8374342e-05,0.013704658,0.012506973
13253,True,6.062699e-05,0.034753866,0.009083251
13254,True,6.1554594e-05,0.032791384,0.029638518
13255,True,6.53403e-05,0.0358607,0.029896267
13256,True,6.246236e-05,0.025837407,0.0122198425
13257,True,6.269706e-05,0.0147639215,0.029295234
13258,True,6.3912245e-05,0.014300741,0.019189933
13259,True,6.575002e-05,0.028922264,0.027559053
13260,True,6.314622e-05,0.02848557,0.033658255
13261,True,6.534249e-05,0.026433699,0.021764759
13262,True,6.2516236e-05,0.031318113,0.01677069
13263,True,5.9303362e-05,0.01998565,0.033264183
13264,True,6.114115e-05,0.021260317,0.025920758
13265,False,6.103391e-05,0.008739189,0.0070534023
13266,False,6.345765e-05,0.00026572868,0.023948744
13267,True,6.111535e-05,0.006661417,0.015382967
13268,True,6.305924e-05,0.0023319642,0.009905798
13269,False,6.4946325e-05,0.0043444894,0.017933998
13270,False,5.8898255e-05,0.0073363744,0.02226822
13271,True,6.4169995e-05,0.011577342,0.02546951
13272,True,6.8268666e-05,0.012210559,0.038223237
13273,False,6.5596134e-05,0.004002355,0.03154455
13274,True,6.692249e-05,0.011251267,0.03450759
13275,True,6.205932e-05,0.023641918,0.031791925
13276,True,6.0700142e-05,0.022500347,0.035048835
13277,True,6.095275e-05,0.02145518,0.02438408
13278,True,6.3454005e-05,0.01600253,0.008290149
13279,True,6.324138e-05,0.00063367374,0.017744873
13280,True,6.198852e-05,0.02245713,0.033219114
13281,False,6.079143e-05,0.004912069,0.029846912
13282,True,6.28087e-05,0.0015419144,0.028777573
13283,False,6.293835e-05,0.005578609,0.019587623
13284,False,5.9881964e-05,0.0025011748,0.0034287712
13285,False,5.8852977e-05,0.012748921,-0.01942062
13286,False,5.8511367e-05,0.0077086017,-0.020276455
13287,False,6.166421e-05,0.0023574121,-0.014325418
13288,False,6.365843e-05,-0.012725664,-0.020206416
13289,False,6.5850385e-05,-0.011760564,0.0078407135
13290,True,6.055782e-05,0.0018444879,0.01573823
13291,False,5.9003458e-05,0.0122882305,0.021047626
13292,True,6.0648064e-05,0.009412426,0.0015617111
13293,False,6.6980145e-05,-0.0025290493,0.044440422
13294,False,6.391961e-05,-0.03313863,0.006419856
13295,True,6.344487e-05,0.0014058091,0.017461611
13296,False,6.177419e-05,-0.004922174,-0.0040730694
13297,False,6.191443e-05,-0.009064213,-0.017105538
13298,True,6.2510866e-05,0.0129987225,0.01901617
13299,False,6.337115e-05,0.023728132,0.032133546
13300,True,6.1402985e-05,-0.0055051167,0.013282097
13301,True,6.108909e-05,0.018879844,0.016896091
13302,False,6.080152e-05,0.009299688,-0.005625095
13303,False,5.689552e-05,0.010379493,-0.005753058
13304,True,5.965358e-05,0.0074032433,-0.0026623486
13305,True,6.057774e-05,0.015808545,0.023681022
13306,True,6.1869985e-05,0.014898006,0.016794998
13307,True,5.9262868e-05,0.020877363,0.019715238
13308,True,6.2071726e-05,0.0018865466,-0.011730318
13309,False,6.145168e-05,0.015430241,0.025837028
13310,True,5.9815917e-05,0.00043514464,-0.0046742056
13311,False,6.139725e-05,-0.016917877,0.021845877
13312,True,6.250897e-05,-0.0032391348,0.012432104
13313,True,5.9281265e-05,-0.00095559284,0.0011377623
13314,False,5.8608206e-05,0.00040847808,-0.0066532874
13315,False,6.613942e-05,-0.017149638,0.0029556155
13316,False,7.55211e-05,-0.021426441,-0.020946816
13317,False,7.719945e-05,-0.016824296,-0.0015886351
13318,False,7.732765e-05,-0.015553717,-0.0028648954
13319,False,7.3830284e-05,-0.017652951,-0.0022120066
13320,False,7.181378e-05,-0.019925728,-0.0028265938
13321,False,7.138876e-05,-0.019555945,-0.013276957
13322,False,7.265513e-05,-0.014333157,-0.010629669
13323,False,7.367715e-05,-0.021693684,-0.0040571145
13324,False,7.07721e-05,-0.012047101,0.016412474
13325,False,6.9603775e-05,-0.0062369797,0.0014391374
13326,False,7.004431e-05,-0.007521808,0.011994375
13327,False,7.125415e-05,-0.01079061,-0.010613274
13328,False,6.813719e-05,-0.016820718,-0.0015301039
13329,False,6.730462e-05,-0.0070287054,-0.015404915
13330,False,7.325436e-05,-0.0017828755,-0.010578273
13331,False,6.719052e-05,-0.010370137,0.018873028
13332,False,6.932467e-05,-0.00040523056,0.018563602
13333,False,7.163093e-05,-0.0030217841,0.020603023
13334,False,6.776256e-05,-0.011583041,-0.007058664
13335,False,6.331436e-05,0.0013380002,0.0025356915
13336,False,6.3290805e-05,-0.0090035675,-0.013709122
13337,False,6.345406e-05,-0.012475646,-0.015924778
13338,False,6.343286e-05,0.0022607325,-0.0018048999
13339,False,6.5385044e-05,-0.004460022,-0.0033143703
13340,False,6.4233194e-05,-0.0066500474,-0.016384378
13341,False,6.234819e-05,-0.0044474164,0.0035741292
13342,False,6.2127605e-05,0.015211934,0.0039991615
13343,False,6.5057095e-05,-0.003337523,-0.0076585347
13344,False,6.539448e-05,0.006335756,0.0018002186
13345,False,6.872544e-05,0.006589772,0.010164104
13346,False,6.749024e-05,-0.0031479746,-0.0010133907
13347,True,6.605874e-05,0.021588303,0.015423112
13348,True,6.563652e-05,0.026328348,0.031662222
13349,False,6.8604706e-05,0.001352869,0.01543389
13350,False,6.925661e-05,-0.0014355779,0.0043182336
13351,False,6.542001e-05,0.013688845,0.016940722
13352,False,6.7319954e-05,-0.0063870233,0.0076814033
13353,False,6.7530134e-05,0.007128179,0.00882544
13354,False,6.806434e-05,0.0035145683,0.0032654144
13355,False,6.835595e-05,0.0064048786,0.010160198
13356,False,6.7447596e-05,-0.0060387063,-0.0066797156
13357,False,6.840429e-05,-0.0032343636,0.00733033
13358,False,6.846063e-05,-0.0024577058,0.0018542539
13359,False,6.790317e-05,0.0024720985,0.0012253001
13360,False,6.895714e-05,-0.003437758,0.008425736
13361,False,7.0226066e-05,-0.0040613506,-0.0044404557
13362,False,6.837677e-05,-0.005397984,0.014040487
13363,False,6.2928004e-05,0.02020064,0.021395594
13364,False,6.339786e-05,0.034651205,0.011590645
13365,False,6.266644e-05,0.022267245,0.012563974
13366,False,6.415568e-05,0.017153127,0.017411225
13367,False,6.142421e-05,0.010187015,0.03002271
13368,True,6.666454e-05,0.018300645,0.0155739
13369,True,6.297969e-05,0.024027944,0.0036549084
13370,True,6.4066124e-05,0.014294701,0.019616589
13371,False,6.167995e-05,-0.025781225,-0.012717096
13372,False,6.398179e-05,-0.012290539,0.01624562
13373,False,6.465396e-05,-0.026461124,0.0030679125
13374,False,6.470136e-05,-0.027511148,-0.01842986
13375,False,6.5835324e-05,-0.021437218,-0.007786913
13376,False,6.2912964e-05,-0.013483042,-0.00097130984
13377,False,6.150543e-05,-0.0020694174,0.022150522
13378,False,5.9122667e-05,-0.027608719,0.0072610974
13379,False,5.899184e-05,-0.014133761,0.008055375
13380,False,6.1611856e-05,0.0027481029,-0.0049871784
13381,False,6.2122686e-05,0.017993838,0.021306917
13382,False,6.449952e-05,0.013476407,0.011016166
13383,False,6.230588e-05,0.028463757,0.024232838
13384,True,6.233797e-05,0.028733365,0.023074292
13385,True,6.187121e-05,0.029864144,0.023953503
13386,True,6.192494e-05,0.027069587,0.029551037
13387,True,6.325396e-05,0.021558203,0.020597182
13388,True,6.388701e-05,0.025232363,0.013848677
13389,True,6.2825755e-05,0.027951345,0.02693985
13390,True,6.254832e-05,0.023753794,0.02050532
13391,True,6.2191335e-05,0.027290275,0.026321799
13392,True,6.091288e-05,0.015247334,0.024035871
13393,True,5.937421e-05,0.017381616,0.013347991
13394,True,6.0692488e-05,0.025627745,0.024454243
13395,True,6.0062324e-05,0.017715055,0.017220942
13396,True,6.0204286e-05,0.012551948,0.03216384
13397,True,6.5172666e-05,0.015581176,0.036346063
13398,True,6.5482745e-05,0.011169564,0.015986372
13399,True,6.115415e-05,0.01922302,0.033432133
13400,False,6.124827e-05,0.015938008,0.041308984
13401,True,6.388508e-05,0.017779328,0.01895841
13402,True,6.106124e-05,0.005330812,0.024723977
13403,True,6.486214e-05,0.021368982,0.03547392
13404,True,6.3747044e-05,0.010312494,0.041968822
13405,False,6.381288e-05,-0.002458943,0.017364811
13406,True,6.3555795e-05,0.016308036,0.040318426
13407,True,6.2358275e-05,0.01277796,0.020082194
13408,False,6.3769075e-05,-0.005934423,0.04533936
13409,True,6.2809886e-05,0.020935364,0.017223086
13410,True,6.193421e-05,0.025551492,0.03203237
13411,True,6.151247e-05,0.0047637643,0.028361496
13412,False,6.221579e-05,0.0121253105,0.03553609
13413,False,5.857131e-05,0.027510194,0.03614597
13414,False,6.2825966e-05,-0.004620401,0.0108784605
13415,False,5.7134752e-05,0.007158419,0.0022973865
13416,False,5.7742225e-05,-0.0019562058,-0.015154567
13417,False,6.110789e-05,0.0066304943,-0.011221822
13418,False,6.532413e-05,-0.018265022,0.014394538
13419,False,6.7166446e-05,-0.019570436,0.004775841
13420,True,6.047807e-05,-0.0063267313,0.0019500051
13421,True,5.94851e-05,0.014145672,0.0063220058
13422,False,6.333984e-05,0.0099857915,0.014597088
13423,False,6.3972824e-05,0.006834291,0.033338238
13424,False,6.5392596e-05,-0.002094035,0.022775002
13425,False,6.449342e-05,0.0010054763,0.012207605
13426,False,6.0760503e-05,-0.008423328,0.011292502
13427,False,6.281526e-05,0.00039965333,-0.009737354
13428,False,6.4334745e-05,0.001936119,0.011798469
13429,False,6.1023613e-05,0.0073267687,0.015500385
13430,False,6.171648e-05,0.00046810508,0.008250868
13431,False,6.219496e-05,0.008074846,0.010023078
13432,True,5.945026e-05,0.014836808,0.017565658
13433,True,6.0050505e-05,0.010379638,0.0053796275
13434,False,6.273723e-05,0.014037794,0.006682085
13435,True,6.1675906e-05,0.016825767,0.025207441
13436,True,6.5718086e-05,0.019854862,0.027784623
13437,True,6.0817874e-05,-0.0007451102,0.009754285
13438,True,6.099045e-05,0.001271992,0.0053202333
13439,True,6.005043e-05,0.0013338914,0.011761721
13440,True,6.113133e-05,0.017139357,0.013492927
13441,False,5.9661514e-05,-0.0012356732,-0.0022719218
13442,True,6.2719555e-05,-0.0071657123,0.019511895
13443,True,6.199041e-05,0.0063074324,-0.015833823
13444,False,7.623536e-05,-0.025564848,-0.02419772
13445,False,7.586974e-05,-0.011789968,-0.010203736
13446,False,7.347934e-05,-0.01426487,-0.000712079
13447,False,7.492172e-05,-0.024199352,8.072704e-06
13448,False,7.0050555e-05,-0.018679019,0.0073632076
13449,False,7.26635e-05,-0.021816436,0.006169388
13450,False,7.2101684e-05,-0.024855077,0.013928475
13451,False,7.30354e-05,-0.01733753,0.045265947
13452,False,6.8860296e-05,-0.017601725,0.020562189
13453,False,6.938518e-05,-0.00278637,0.0057534636
13454,False,6.7881374e-05,-0.006304538,0.0059305727
13455,False,6.675003e-05,-0.010590836,0.0046620527
13456,False,7.1664246e-05,-0.004427694,0.001858836
13457,False,7.1002476e-05,-0.009068181,-0.016097436
13458,False,6.856886e-05,0.002739672,-0.006860692
13459,False,6.78836e-05,-0.0017454121,-0.002171169
13460,False,6.933147e-05,-0.0077066813,0.010780682
13461,False,6.5170585e-05,-0.011536414,-0.016615326
13462,False,6.5803615e-05,-0.0062238937,-0.017996974
13463,False,6.190306e-05,-0.004709378,-0.012222631
13464,False,6.161288e-05,-0.0045848396,0.00040055625
13465,False,6.545898e-05,-0.018445518,-0.006402405
13466,False,6.2331055e-05,-0.007722482,-0.020805106
13467,False,6.2843275e-05,-0.015404919,-0.024930622
13468,False,6.3229556e-05,-0.016541861,-0.010506749
13469,False,6.517111e-05,-0.013448821,-0.012331571
13470,False,6.7105764e-05,-0.0037461407,-0.005793238
13471,False,6.6047316e-05,-0.011578046,-0.0079755485
13472,False,6.85346e-05,-0.009144081,-0.0009484142
13473,False,6.884558e-05,0.007931233,0.0040188543
13474,False,6.593325e-05,0.023925234,0.020555237
13475,False,6.471903e-05,0.011678424,0.007997204
13476,False,6.651178e-05,0.00034327433,0.0020159706
13477,False,6.6156805e-05,0.00012130663,-0.0010848064
13478,True,6.537379e-05,0.018787108,0.00025696307
13479,False,6.587996e-05,0.03505938,0.02215757
13480,False,6.832204e-05,0.0016463157,-0.001680024
13481,False,7.051226e-05,-0.013017482,0.00031056628
13482,False,6.905207e-05,-0.0036162394,0.004400501
13483,False,7.01775e-05,-0.006068414,6.010756e-05
13484,False,6.822232e-05,-0.003685521,-0.009749103
13485,False,6.879462e-05,-0.0016802587,0.0054581203
13486,False,6.944233e-05,-0.012161439,0.0004281532
13487,False,6.925307e-05,-0.0033112485,0.00910913
13488,False,6.76722e-05,0.017766703,-0.001461409
13489,True,6.390617e-05,0.02310282,0.016484022
13490,True,6.445059e-05,0.01058346,0.02612416
13491,False,6.296339e-05,0.014711913,0.0098565
13492,False,6.485367e-05,0.005487535,0.006811086
13493,False,6.7571906e-05,0.0038330927,0.015952807
13494,False,6.73471e-05,-0.015074566,0.0068562515
13495,True,6.651494e-05,-0.0024581794,0.008878085
13496,False,6.493127e-05,0.013339575,0.006623704
13497,False,6.3004365e-05,0.013621768,0.008585906
13498,False,6.321236e-05,0.008112093,-0.0025038626
13499,False,6.5030465e-05,0.0096187405,0.012705095
13500,False,6.2970284e-05,-0.0024412721,0.0119915
13501,False,6.172804e-05,-0.0145169385,0.016373308
13502,False,6.062726e-05,0.013445824,0.003212694
13503,False,6.5276225e-05,-0.022951547,0.017059775
13504,False,6.1959625e-05,0.0019291863,0.014208786
13505,True,5.862153e-05,0.012300353,0.028579738
13506,True,6.0698985e-05,-0.00062982365,0.00012477487
13507,False,6.2631836e-05,0.005477531,0.00821644
13508,True,6.054782e-05,0.00037558377,0.013753439
13509,False,6.577442e-05,-0.0045967605,-0.005710492
13510,False,6.4254935e-05,0.015803855,0.0033196844
13511,True,6.2671075e-05,0.014851627,0.022252373
13512,True,6.151724e-05,0.01542237,0.017242603
13513,True,6.1909544e-05,0.01896182,0.011245504
13514,True,6.2306295e-05,0.009506524,0.0047466084
13515,True,6.18859e-05,0.0063051544,0.0074513573
13516,True,6.094485e-05,0.012091614,0.014070565
13517,False,6.37897e-05,0.011605568,0.010833928
13518,False,5.9624046e-05,-0.009712484,-0.0027144775
13519,False,6.253971e-05,0.013872319,0.016746797
13520,True,6.0694878e-05,0.007227648,0.017068624
13521,True,6.143907e-05,0.016814709,0.024356883
13522,True,6.138902e-05,0.0144184455,0.023812136
13523,True,6.344985e-05,0.018545706,0.025942065
13524,True,6.398035e-05,0.016646711,0.02910987
13525,True,6.132245e-05,0.019250773,0.034727417
13526,True,6.431867e-05,0.005627461,0.0184422
13527,True,6.478296e-05,0.007942916,0.012226701
13528,True,6.31536e-05,0.009580381,0.021724563
13529,False,6.4359716e-05,0.0073338468,2.335757e-05
13530,True,6.257313e-05,0.00029693544,0.026837295
13531,False,6.222485e-05,0.01235846,0.022606347
13532,True,6.314521e-05,0.013661096,0.023329157
13533,False,6.582085e-05,0.0030793236,0.020280626
13534,True,6.375479e-05,0.012647374,0.02827052
13535,True,6.393881e-05,-0.0063045733,0.014558097
13536,True,5.9858965e-05,-0.0053690644,0.03488045
13537,True,6.0137645e-05,0.013629712,0.0154264625
13538,False,6.029423e-05,0.0017446317,0.011177762
13539,True,6.22021e-05,0.0141368285,0.030864427
13540,False,6.3270185e-05,-0.0131869875,0.023187332
13541,False,6.319753e-05,0.0039028605,0.0030140718
13542,False,5.899582e-05,-0.004909452,-0.0038229115
13543,False,5.8258796e-05,5.4062344e-05,-0.0005685035
13544,False,5.8959336e-05,0.0042185336,-0.009469844
13545,False,6.0441635e-05,-0.0038316092,-0.011666071
13546,False,6.77495e-05,-0.012311138,0.013506202
13547,True,6.33812e-05,-0.014248472,0.012230491
13548,False,5.9227306e-05,-0.017496588,0.012505814
13549,False,6.204482e-05,-0.0074473,-0.0010850336
13550,False,6.379769e-05,-0.009328196,0.022013996
13551,True,6.317516e-05,-0.004530029,0.017299945
13552,True,6.2714076e-05,0.008504694,0.014097889
13553,False,6.527958e-05,0.0054310467,0.017582525
13554,False,6.1163206e-05,-0.00056928117,-0.0042844415
13555,False,6.0133636e-05,0.0058341958,0.012724331
13556,True,6.226051e-05,0.015375503,-0.012860423
13557,True,6.190324e-05,0.014677396,0.0044051055
13558,True,6.081598e-05,0.010474104,0.016413916
13559,True,6.231432e-05,0.0142742,0.0110103
13560,True,6.0232025e-05,0.00984564,0.019845458
13561,False,6.075281e-05,0.012137382,-0.0006649662
13562,True,6.1596445e-05,0.012961645,0.005696714
13563,True,6.427968e-05,0.017154709,0.0076881256
13564,True,6.3368185e-05,0.009698063,0.008295005
13565,True,6.3063715e-05,0.013137686,0.022497032
13566,True,6.110206e-05,-0.009246346,-0.00020933151
13567,True,5.9354374e-05,0.006998839,0.0123598995
13568,False,6.1955405e-05,0.020278735,0.012393087
13569,False,5.7900794e-05,-0.012384757,0.005616449
13570,True,6.361388e-05,-0.0034808675,-0.014494238
13571,False,7.4324445e-05,-0.022590656,0.0023502694
13572,False,7.548003e-05,-0.013343561,-0.0059790537
13573,False,7.237816e-05,-0.01455793,-0.0020621624
13574,False,7.053057e-05,-0.013205968,-0.005881691
13575,False,7.1508344e-05,-0.019991737,-0.0021269897
13576,False,7.4652045e-05,-0.009390458,-0.0012414334
13577,False,7.322719e-05,-0.016724575,0.00084049813
13578,False,7.0635855e-05,-0.008475624,0.014275144
13579,False,6.840681e-05,-0.014452437,0.015028801
13580,False,7.007461e-05,-0.009513218,0.01947742
13581,False,6.97117e-05,0.0011478793,0.015596794
13582,False,6.551929e-05,-0.008440271,0.0043238625
13583,False,7.141738e-05,-0.0074673146,0.006009408
13584,False,6.79911e-05,0.008728811,-0.0093153315
13585,False,7.008438e-05,-0.0013245926,-0.0071246317
13586,False,7.003413e-05,-0.0024264064,-0.014958069
13587,False,6.50478e-05,-0.0020764815,-0.0045704357
13588,False,6.589021e-05,-0.01553734,-0.0014764275
13589,False,6.3113985e-05,-0.010750423,0.0028893482
13590,False,6.6826964e-05,-0.005850707,-0.023927562
13591,False,6.452126e-05,-0.011902516,0.0004303474
13592,False,6.248975e-05,-0.009526989,-0.00648709
13593,False,6.177561e-05,-0.014885118,0.0009330474
13594,False,6.245851e-05,-0.0013314001,-0.008824833
13595,False,6.3926585e-05,-0.018370004,0.0086134495
13596,False,7.0030495e-05,-0.017402746,-0.005561849
13597,False,6.6049324e-05,-0.012079278,-0.021697138
13598,False,6.5596636e-05,-0.0130869625,-0.0067642657
13599,False,6.752266e-05,0.0020445902,-0.0041539483
13600,False,6.8466135e-05,0.014629692,-0.002462402
13601,False,6.624903e-05,0.021334214,-0.011639435
13602,False,6.526762e-05,0.0005128421,0.01474633
13603,False,6.720024e-05,0.0010029543,7.94651e-05
13604,False,6.619947e-05,0.013305025,0.0007306952
13605,False,6.9249865e-05,-0.0037617814,-0.0013092309
13606,False,6.991033e-05,-0.0014352687,-0.008800738
13607,False,6.751605e-05,-0.0086804405,0.013964105
13608,False,6.847304e-05,-0.008653382,0.005015691
13609,False,6.977365e-05,-0.009473139,-0.006713772
13610,False,7.061313e-05,-0.007220192,0.0026933104
13611,False,7.0059476e-05,-0.017718207,-0.005977477
13612,False,6.8344656e-05,-0.010655503,-0.006954142
13613,False,6.706921e-05,-0.001735691,0.0061030835
13614,False,6.580044e-05,-0.0031039342,0.01268538
13615,True,6.5461034e-05,0.0037898868,0.025580298
13616,False,6.191093e-05,-0.00970934,0.0033247657
13617,True,6.424955e-05,-0.007697791,0.011190671
13618,False,6.537632e-05,-0.003567895,-0.0047007175
13619,True,5.9190093e-05,-0.0016053021,0.0010325508
13620,False,6.106464e-05,-0.00714452,-0.021312827
13621,True,5.9114227e-05,-0.011515892,0.0018954026
13622,True,5.7977504e-05,0.0033197533,0.0034976872
13623,True,6.185539e-05,0.0012474228,-0.006532237
13624,True,6.217383e-05,0.012911651,0.010670271
13625,True,6.0042323e-05,0.0154994875,0.019967614
13626,False,6.636902e-05,0.0068189707,0.0104903225
13627,False,6.425494e-05,0.0039679892,0.009364776
13628,False,6.1505736e-05,-0.0074768118,0.015333798
13629,True,6.369561e-05,0.012499412,0.034142703
13630,False,6.225435e-05,0.023317065,0.022336494
13631,False,6.0735747e-05,-0.005578814,-0.00093596336
13632,False,6.271926e-05,0.010557559,0.008365126
13633,False,6.228018e-05,0.012000784,0.008215502
13634,False,6.2523555e-05,0.01125602,0.0056080883
13635,False,6.488917e-05,0.012490964,0.024329634
13636,False,6.321269e-05,0.01032549,0.008687027
13637,True,5.9758928e-05,0.015832273,0.017990047
13638,True,6.0318856e-05,0.027176818,0.02010661
13639,True,6.175706e-05,0.032138407,0.01637193
13640,True,5.9300863e-05,0.015770447,0.026158128
13641,False,6.044156e-05,0.011420846,0.009651579
13642,False,6.0617094e-05,-0.009242112,-0.0041225282
13643,True,6.1942745e-05,0.024091598,-0.004525449
13644,True,6.2637504e-05,-0.0044940077,0.017648488
13645,True,6.3197986e-05,-0.0011563338,0.027647372
13646,True,6.108513e-05,0.013387065,0.018264081
13647,True,6.170407e-05,0.013986595,0.0118824765
13648,True,5.9416478e-05,0.01906493,0.017946165
13649,True,6.0360457e-05,0.003728252,0.026821878
13650,True,6.303517e-05,0.01337342,0.016278423
13651,True,6.466212e-05,0.014356776,0.030963125
13652,False,6.553929e-05,0.010273993,0.02125818
13653,True,6.199653e-05,-0.00026929379,0.026922615
13654,False,6.38811e-05,-0.0033105314,0.009454891
13655,True,5.977247e-05,0.008499753,0.004425198
13656,False,6.1448394e-05,0.0016819667,0.004685639
13657,True,6.5604974e-05,0.017449707,0.02410777
13658,True,6.642472e-05,0.011312106,0.018695073
13659,False,6.7495355e-05,0.009102996,0.018854797
13660,True,6.5068874e-05,0.0032415465,0.01925372
13661,False,6.112796e-05,0.00033614598,0.022679605
13662,True,6.220256e-05,0.022307593,0.019454224
13663,False,6.6607645e-05,0.022217417,0.029881146
13664,False,6.251848e-05,-0.00788931,0.045033973
13665,False,6.469524e-05,-0.007338485,0.026368018
13666,False,5.752736e-05,0.0021501668,-0.01532077
13667,False,6.0303766e-05,0.0025611566,-0.01013907
13668,False,5.9160477e-05,0.008315336,0.0036935173
13669,False,5.732197e-05,-0.00364576,-0.030447414
13670,False,6.3087304e-05,0.0061571086,0.0073103844
13671,False,6.690624e-05,-0.011846447,0.00787565
13672,False,6.0892464e-05,-0.019073552,0.00917035
13673,False,6.3813226e-05,-0.0037581644,0.0019718595
13674,True,6.318443e-05,0.010021378,0.011953476
13675,False,6.64434e-05,-0.012258928,0.010379054
13676,False,6.620219e-05,-0.015244367,0.02404169
13677,False,6.403558e-05,0.008958324,0.020798456
13678,False,6.399701e-05,0.0082091745,0.0059096366
13679,False,6.0160222e-05,-0.0077955984,0.0044353306
13680,False,6.094241e-05,0.018880755,0.0047796182
13681,True,6.220019e-05,-0.00035631517,0.008681057
13682,True,6.292047e-05,0.009329997,0.0077998852
13683,True,6.121865e-05,0.0031938152,0.00376725
13684,True,6.0915827e-05,0.018747613,0.0057589654
13685,True,5.9525675e-05,0.008325125,0.014614167
13686,False,6.100059e-05,0.018445622,-0.005324684
13687,True,6.3983396e-05,0.016688192,0.015741136
13688,True,5.944159e-05,0.014851872,0.01563729
13689,True,6.3404914e-05,0.0075188437,0.007952983
13690,True,5.968095e-05,0.01590829,0.0042436607
13691,False,6.238943e-05,0.0068697277,0.004606708
13692,False,6.0966348e-05,0.001350306,0.00358307
13693,True,5.9182865e-05,-0.0047082677,0.00015225075
13694,False,7.453153e-05,-0.022809034,0.017300488
13695,False,7.689871e-05,-0.014656026,0.00456086
13696,False,7.190452e-05,-0.01566577,0.0063317586
13697,False,7.3041716e-05,-0.013373062,0.0049386416
13698,False,7.056244e-05,-0.013705185,-0.01129436
13699,False,7.141616e-05,-0.0077381236,0.011913456
13700,False,7.090208e-05,-0.0045122746,0.015420908
13701,False,7.102935e-05,-0.009514492,0.014695298
13702,False,6.927251e-05,-0.0056902654,0.018290702
13703,False,7.165995e-05,-0.012662506,0.018266087
13704,False,7.026047e-05,-0.010072752,0.014333762
13705,False,6.567519e-05,0.0035091573,0.016650293
13706,False,6.9904476e-05,0.00074543245,0.022645038
13707,False,7.078096e-05,-0.008803451,-0.00082636066
13708,False,7.019009e-05,-0.0067226356,-0.009694254
13709,False,6.753262e-05,-0.0010092594,-0.012093014
13710,False,6.8122725e-05,-0.007593506,-0.012349327
13711,False,6.514657e-05,-7.009972e-05,0.005822694
13712,False,6.338027e-05,-0.017226212,0.0008689095
13713,False,6.589447e-05,0.0009174552,0.007630692
13714,False,6.789003e-05,-0.00046456233,7.71014e-05
13715,False,6.420092e-05,0.0032718107,0.004321806
13716,False,6.214154e-05,-0.006444456,-0.006132992
13717,False,6.311189e-05,-0.017698746,-0.006539652
13718,False,6.417722e-05,-0.014305767,-0.0067802034
13719,False,6.824638e-05,-0.01511676,-0.00894204
13720,False,6.256429e-05,-0.002701506,-0.010383802
13721,False,6.400976e-05,-0.0034217536,-0.011236897
13722,False,6.753499e-05,-0.0028217472,0.0127142295
13723,False,6.8915026e-05,0.0020468757,-0.0059669632
13724,False,6.546818e-05,0.0058643166,0.015598616
13725,False,7.080264e-05,0.0029152846,0.013637256
13726,False,7.0014255e-05,-0.00818455,-0.007499719
13727,False,6.8393514e-05,-0.0032088794,-0.004310839
13728,False,6.9842856e-05,-0.00070575904,0.0049364474
13729,False,6.83702e-05,-0.0020947903,0.0010837391
13730,False,7.173361e-05,-0.007766132,-0.003834542
13731,False,7.0073496e-05,-0.0022338498,0.010864805
13732,False,7.0194365e-05,-0.002801882,0.0067709927
13733,False,7.219342e-05,-0.00976826,0.0038168784
13734,False,7.133891e-05,-0.008478252,0.0074153375
13735,False,7.151245e-05,-0.00041986583,0.0022363365
13736,False,7.133986e-05,-0.008170252,-0.0053331573
13737,False,6.877678e-05,0.0032523163,0.0015907511
13738,False,6.831102e-05,-0.0018144064,-0.002636698
13739,False,6.806668e-05,0.008702695,0.012926094
13740,True,6.1592975e-05,0.015438616,0.024841614
13741,True,6.0798422e-05,-0.002518274,0.009207882
13742,True,6.106333e-05,-0.0040842816,-0.006275817
13743,True,6.348906e-05,0.022509698,-0.00428663
13744,True,6.056894e-05,0.006636534,-0.0014607403
13745,True,6.1694445e-05,-0.005273873,-0.003011765
13746,False,6.2189276e-05,-0.01628106,-0.030399531
13747,False,6.5061286e-05,-0.018139206,-0.016936243
13748,False,6.3066036e-05,-0.002758164,0.00039093755
13749,False,6.0002043e-05,0.013867574,0.0009658653
13750,False,6.348562e-05,-0.018866794,0.012358044
13751,False,6.15908e-05,-0.011228232,-0.007835882
13752,True,6.0187373e-05,0.015803013,0.017417902
13753,False,6.27952e-05,0.010123037,0.013343895
13754,False,6.140584e-05,0.004923776,0.025206828
13755,False,5.984836e-05,-0.0024218918,0.013791547
13756,False,6.2573024e-05,0.013345851,0.00085098203
13757,False,6.216271e-05,-0.00031865202,-0.015888378
13758,False,6.483996e-05,0.020012353,0.0012653805
13759,False,6.309155e-05,0.014919121,0.021505758
13760,True,6.174806e-05,0.015807927,0.012544827
13761,False,6.551309e-05,0.021305718,0.020357393
13762,False,6.110658e-05,-0.0017702784,-0.0006743958
13763,False,6.163498e-05,0.0020375922,0.019605208
13764,False,5.9886486e-05,0.006856557,0.008400293
13765,False,6.244055e-05,-0.0071151378,0.004099226
13766,True,5.9739705e-05,0.027923763,0.010039322
13767,True,6.1942985e-05,0.0142334,0.019953016
13768,True,6.097984e-05,0.016418487,0.0018960647
13769,True,6.295723e-05,0.023643512,0.018091287
13770,True,6.480945e-05,0.03281235,0.024251977
13771,True,6.173103e-05,0.01396507,0.025837183
13772,True,5.9376194e-05,0.005268555,0.028165497
13773,True,5.888799e-05,0.018759392,0.024411634
13774,True,6.249526e-05,0.02130194,0.01848127
13775,True,6.1012997e-05,0.02222338,0.028992547
13776,True,6.643177e-05,0.011353236,0.025821751
13777,True,6.6628665e-05,0.0067749694,0.025306975
13778,True,6.118952e-05,0.01647751,0.026062155
13779,False,6.36222e-05,0.01601243,0.016759805
13780,False,6.544947e-05,0.0053405287,0.0038451338
13781,False,6.9030066e-05,0.013569433,0.006161362
13782,False,6.535898e-05,-0.008417901,0.001930438
13783,True,6.2988525e-05,0.021949789,0.030361116
13784,True,6.314359e-05,0.017233714,0.02418297
13785,True,6.369163e-05,0.0186022,0.034978893
13786,True,6.0919407e-05,0.017471163,0.026432788
13787,False,6.1383114e-05,-0.012170207,-0.024431752
13788,False,6.0780923e-05,0.0027359892,-0.0024481453
13789,False,5.9063612e-05,0.0044723283,0.00044573285
13790,False,5.743051e-05,0.016887564,0.009876125
13791,False,5.9105456e-05,0.0025933944,-0.00556379
13792,True,6.158025e-05,0.011927687,0.0132474005
13793,False,6.273579e-05,-0.005086953,0.025106419
13794,False,6.316528e-05,-0.0062571364,0.00292404
13795,False,6.240553e-05,0.012823433,0.012418539
13796,False,6.7602035e-05,-0.00870199,0.00940147
13797,False,6.608877e-05,-0.0054547624,-0.009008318
13798,False,6.522137e-05,-0.026754206,0.015747689
13799,True,6.27902e-05,0.0044680545,0.0070404443
13800,True,6.1553124e-05,0.0035882746,0.006750433
13801,False,6.335653e-05,-0.0057442263,0.0069882125
13802,False,6.0766342e-05,0.0087009715,0.016262304
13803,True,6.466841e-05,0.0101724975,0.01979645
13804,False,6.673481e-05,0.01104131,0.01578114
13805,True,6.123126e-05,0.0051344875,-0.0041900035
13806,True,5.974173e-05,0.009019768,0.004037166
13807,False,6.2158695e-05,0.00754283,-0.00012464449
13808,True,6.120612e-05,0.0062668156,-0.0018865205
13809,True,6.201895e-05,0.014773454,-0.0073552597
13810,True,6.045997e-05,0.012119652,0.018380724
13811,True,5.683765e-05,0.011571769,0.0042664483
13812,True,6.354861e-05,0.011231286,0.0153668
13813,False,6.203527e-05,-0.0004207762,-0.00666516
13814,False,6.388728e-05,-0.0019412339,-0.0047627585
13815,False,7.303937e-05,-0.01292377,0.0049838424
13816,False,7.3363466e-05,-0.01559227,-0.017359138
13817,False,7.145805e-05,-0.012289152,-0.0029577091
13818,False,7.06803e-05,-0.01974017,0.0019251322
13819,False,6.995107e-05,-0.023889387,0.013389507
13820,False,7.304358e-05,-0.012348779,-0.00092602894
13821,False,7.255341e-05,-0.014369233,0.011422711
13822,False,7.201005e-05,-0.0131460875,0.0043614125
13823,False,7.193464e-05,-0.011902597,4.692236e-05
13824,False,7.016636e-05,-0.023230914,-0.006035829
13825,False,7.108888e-05,-0.013748657,0.01487111
13826,False,7.201685e-05,-0.011030912,0.0065894723
13827,False,7.1009505e-05,-0.010147454,-0.0009927284
13828,False,7.251132e-05,-0.008117754,-0.008772664
13829,False,7.0026355e-05,0.0010549431,-0.00900372
13830,False,6.658531e-05,-0.013026366,0.0005352013
13831,False,6.441467e-05,-0.0058746524,0.004380569
13832,False,6.5470704e-05,-0.018625906,0.017163958
13833,False,6.547209e-05,-0.007029582,0.005223027
13834,False,6.474701e-05,-0.011746747,0.005298376
13835,False,6.253548e-05,-0.015979333,-0.0018912535
13836,False,6.025608e-05,0.0018154904,-0.0014145658
13837,False,5.997385e-05,-0.012770414,0.004573373
13838,False,6.22666e-05,-0.02159776,-0.0004965067
13839,False,6.3126885e-05,-0.0059578344,-0.0041971523
13840,False,6.44033e-05,-0.026820792,-0.021826487
13841,False,6.492318e-05,-0.0015535578,-0.008076524
13842,False,6.645966e-05,0.015175223,0.00056912284
13843,False,6.5115804e-05,0.008946323,0.0008387882
13844,False,6.6352324e-05,0.011683514,0.0052724592
13845,False,6.618358e-05,0.008359276,0.004732158
13846,False,6.732517e-05,0.0009911358,0.007598413
13847,False,6.690486e-05,-0.00766969,0.0029935054
13848,False,6.8537905e-05,-0.0023656168,0.0133702755
13849,False,7.087946e-05,-0.008807094,0.0072277505
13850,False,7.0590984e-05,-0.0059318524,0.0075026583
13851,False,7.388798e-05,-0.0010164473,0.009053685
13852,False,7.467287e-05,-0.008612337,0.006187631
13853,False,7.142012e-05,-0.0057007205,0.008493856
13854,False,6.878089e-05,-0.007987453,-0.005740296
13855,False,7.1530376e-05,-0.00087451655,-0.007028576
13856,False,6.951137e-05,0.0019064611,-0.0049388837
13857,False,6.754033e-05,-0.0013128929,-0.00992856
13858,False,6.721438e-05,0.010008726,-0.001691239
13859,False,6.6381406e-05,0.005699862,-0.007010881
13860,False,6.465093e-05,0.006207561,0.015540138
13861,True,6.3243446e-05,-0.008638421,0.015107907
13862,False,6.3247266e-05,0.011166921,-0.005292494
13863,True,5.9967133e-05,0.017616425,0.010512505
13864,True,6.178791e-05,0.01546952,0.009795435
13865,False,6.2513966e-05,-0.0014684303,0.0075309947
13866,False,6.286792e-05,-0.014892007,0.0022865795
13867,False,6.193485e-05,-0.021258587,0.0084049795
13868,False,6.046522e-05,0.0036714715,0.017208053
13869,False,6.129984e-05,0.022749012,0.010434624
13870,False,6.137588e-05,0.011586427,0.014484871
13871,False,6.4546504e-05,0.029216316,0.012684645
13872,False,6.098229e-05,0.0018385295,0.011896811
13873,False,5.890091e-05,-0.010702596,0.023291567
13874,False,5.9244452e-05,-0.018114664,0.004748063
13875,False,6.005286e-05,-0.007384481,0.01477086
13876,False,6.1777864e-05,0.0060352236,0.0075736046
13877,False,6.0170576e-05,0.006159568,0.006727075
13878,False,6.146864e-05,-0.0032283962,0.014920456
13879,False,6.1078266e-05,-0.020657454,-0.00034307782
13880,False,6.098621e-05,-0.029155612,0.0014173863
13881,False,6.34268e-05,-0.013831286,-0.004636717
13882,False,6.295647e-05,-0.016275829,-0.0008785911
13883,False,6.0697796e-05,-0.014896856,-0.0074552
13884,False,6.54399e-05,-0.0058914497,0.010184557
13885,True,6.018029e-05,0.019269172,0.02263349
13886,True,5.9628248e-05,0.02521315,0.022549931
13887,True,6.374311e-05,0.0175661,0.034168035
13888,True,6.466331e-05,0.015300486,0.019464215
13889,True,6.279121e-05,0.023419164,0.027460199
13890,True,6.018652e-05,0.022119118,0.011489194
13891,True,6.212244e-05,-0.00083716586,0.0234542
13892,True,6.144904e-05,0.023352161,0.025092656
13893,True,6.5274224e-05,0.014817663,0.02846011
13894,True,6.024094e-05,0.011971381,0.032708038
13895,True,5.962525e-05,0.013557836,0.026794216
13896,False,6.336132e-05,-0.025083367,0.017128494
13897,False,6.1779065e-05,-0.0033985358,0.018113047
13898,False,6.557244e-05,-0.020358492,0.021235703
13899,False,6.472189e-05,0.011542462,0.020107243
13900,True,6.3205065e-05,0.020021982,0.030153979
13901,True,6.412371e-05,0.019758977,0.024893746
13902,False,6.2004096e-05,-0.0049198344,0.011976151
13903,False,6.064823e-05,-0.006849746,-0.003003953
13904,False,5.8912545e-05,0.008690156,-0.00044634938
13905,False,5.7556128e-05,0.0012647249,0.0020801295
13906,False,6.0188235e-05,0.0013299659,-0.02012952
13907,True,6.433837e-05,0.0065505467,0.007703405
13908,True,6.088409e-05,0.0234235,0.018899964
13909,False,5.8358488e-05,-0.003984414,0.008729905
13910,False,6.24303e-05,-0.0069511756,-0.0005012788
13911,False,6.736584e-05,-0.006066067,0.0044560265
13912,False,6.9371534e-05,-0.018870056,0.0012828782
13913,False,6.4994136e-05,-0.004314141,-0.0061091343
13914,False,6.616602e-05,-0.022184052,0.0130088255
13915,False,6.356515e-05,0.0050653545,0.024221621
13916,False,6.1149556e-05,0.0105763925,-0.0015395763
13917,False,5.762203e-05,-0.0070161223,0.00022491068
13918,False,6.0378537e-05,0.013839263,0.0015444546
13919,True,6.061604e-05,0.019074049,0.01901149
13920,True,6.0169303e-05,0.016960498,0.01292767
13921,True,5.920322e-05,0.0064847413,0.0077534094
13922,True,6.523335e-05,0.018311204,0.014792224
13923,True,6.499362e-05,0.014165854,0.015264448
13924,True,6.387862e-05,0.018390412,0.030874413
13925,True,5.82529e-05,0.007379167,0.014555918
13926,True,5.979474e-05,0.013886731,0.011770256
13927,True,6.139817e-05,0.01022647,-0.006680811
13928,False,6.1331695e-05,0.0024918504,0.011053486
13929,False,7.076791e-05,-0.02254866,-0.0057871556
13930,False,7.468949e-05,-0.008209709,-0.008332172
13931,False,6.983216e-05,-0.009753,-0.011100922
13932,False,7.2130264e-05,-0.022444956,-0.013650877
13933,False,7.113476e-05,-0.007967271,0.009467515
13934,False,7.488167e-05,0.001910165,-0.0017380598
13935,False,7.371883e-05,-0.0022579394,0.0022503827
13936,False,7.242016e-05,-0.022377674,-0.00026050024
13937,False,6.938356e-05,-0.013471781,-0.008595919
13938,False,7.1547925e-05,-0.019547924,0.0038524545
13939,False,7.2748924e-05,0.0018688552,-0.007087741
13940,False,7.0140406e-05,-0.0064057913,0.008243123
13941,False,6.918415e-05,0.004380861,-0.006977372
13942,False,7.228862e-05,-0.0076875547,-0.008671216
13943,False,6.915683e-05,-0.007948035,-0.015732225
13944,False,6.8920934e-05,-0.008989455,-0.0024656486
13945,False,6.7928944e-05,-0.010227028,-0.0130761145
13946,False,6.971112e-05,-0.014218744,-0.0049604205
13947,False,6.471461e-05,0.0027916655,-0.0028399862
13948,False,6.641514e-05,-0.009992505,-0.018791687
13949,False,6.781955e-05,-0.0106961,0.004637304
13950,False,6.5194254e-05,-0.00948945,-0.0067950217
13951,False,6.484973e-05,-0.002596667,-0.006839251
13952,False,6.378402e-05,-0.015626637,-0.0091752745
13953,False,6.587359e-05,-0.014494273,-0.005352022
13954,False,6.6818735e-05,-0.027520532,-0.005202951
13955,False,6.667636e-05,-0.025118249,-0.011334088
13956,False,6.591356e-05,-0.0010106182,0.0026242705
13957,False,6.4976004e-05,-0.0049318243,-0.008474821
13958,False,6.3368956e-05,-0.014844653,-0.008516179
13959,False,6.295586e-05,-0.008611126,0.010974009
13960,False,6.764787e-05,-0.008137036,0.00088326633
13961,False,6.673245e-05,0.0062661804,0.00047596171
13962,False,6.633796e-05,-0.0046212953,0.0017016418
13963,False,6.834279e-05,-0.0047068563,-0.0016519222
13964,False,7.13416e-05,-0.0061131846,-0.003914099
13965,False,7.001416e-05,-0.006958374,0.012239199
13966,False,7.181417e-05,-0.008543406,0.02487543
13967,False,6.945997e-05,0.006295125,0.014622152
13968,False,7.154379e-05,-0.00046692777,-0.0007991772
13969,False,7.206162e-05,-0.012905719,-0.004935762
13970,False,6.780313e-05,-0.01123118,-0.016159756
13971,False,6.826925e-05,-0.0023222081,-0.0076277535
13972,False,6.8107016e-05,0.0026738015,-0.009379648
13973,False,6.566848e-05,0.0033926596,-0.0040162336
13974,False,6.804961e-05,-0.009485457,-0.012710415
13975,True,6.533765e-05,-0.0008842088,0.0062222965
13976,True,6.1004168e-05,-0.0019878,0.00914415
13977,True,6.239123e-05,-0.00062905066,-0.015370466
13978,True,6.2624174e-05,-0.013040982,0.005437483
13979,False,6.0869366e-05,-0.013709043,-0.00074782316
13980,False,6.136521e-05,-0.014981256,0.004196061
13981,False,6.0222468e-05,-0.012432986,0.013207592
13982,True,6.195532e-05,-0.002159495,0.02220615
13983,True,6.2137784e-05,0.005671229,0.009034046
13984,True,5.8746253e-05,0.030036975,0.024607759
13985,False,5.9649148e-05,0.017574687,0.0033545997
13986,False,6.2212326e-05,-0.030351728,0.01134859
13987,False,5.7604007e-05,-0.019016758,0.0069972016
13988,False,5.9571314e-05,-0.0022433773,0.002035942
13989,False,6.0991017e-05,-0.020877497,0.012793716
13990,False,6.419569e-05,-0.00084905233,0.0014037713
13991,False,6.119476e-05,-0.0073147602,0.003880404
13992,False,6.364835e-05,-0.019217595,0.024126222
13993,False,6.513104e-05,-0.045975626,-0.01622684
13994,False,6.1450286e-05,-0.026789268,0.00073422864
13995,False,6.1239916e-05,-0.0030840528,-0.0072920807
13996,False,6.221073e-05,0.0037014876,0.016661722
13997,True,6.408828e-05,0.022837779,0.012762126
13998,True,6.475565e-05,0.021766184,0.01823509
13999,True,6.164442e-05,0.013477165,0.020651285
14000,True,6.434848e-05,0.024747683,0.02439116
14001,True,6.0014947e-05,0.012117349,0.0077751
14002,True,6.074862e-05,0.021242023,0.010143783
14003,True,6.4467e-05,0.003130055,0.020568063
14004,True,6.1769075e-05,0.016041517,0.015322171
14005,True,6.268103e-05,0.015066806,0.02031311
14006,True,6.262064e-05,0.00940302,0.021574106
14007,True,6.3954794e-05,0.019340746,0.022199977
14008,True,5.9917726e-05,0.01748677,0.012576725
14009,True,6.20165e-05,0.0102159865,0.03845197
14010,False,6.669845e-05,0.0015490078,0.021050643
14011,False,6.447031e-05,-0.0057055466,0.01668559
14012,True,6.4646345e-05,0.005937882,0.02507029
14013,False,5.905807e-05,-0.0012300387,0.0033264412
14014,False,5.8520174e-05,0.0038583213,-0.020291138
14015,False,6.163046e-05,-0.0071715014,0.00559777
14016,False,5.9632697e-05,-0.007971746,-0.0008918289
14017,False,5.6710604e-05,0.01572315,-0.02249146
14018,False,5.9717066e-05,-0.0039733276,-0.009811329
14019,False,6.21226e-05,0.0055226637,-0.0018502134
14020,True,6.145865e-05,0.011049598,0.009206507
14021,False,5.8350528e-05,-0.00534664,-0.018098861
14022,False,6.275062e-05,-0.02358922,-0.030507168
14023,False,6.5375054e-05,-0.024795052,-0.009908058
14024,False,6.8632864e-05,-0.011010496,-0.005597649
14025,False,6.7750836e-05,-0.005895381,-0.016508527
14026,False,6.710645e-05,-0.014805614,0.003113171
14027,False,6.205905e-05,0.007815262,0.015334472
14028,False,6.0847487e-05,-0.0031353142,-0.02362138
14029,False,6.135268e-05,0.0150001105,-0.008546698
14030,True,6.0647217e-05,0.015569826,-0.018498346
14031,True,6.2791245e-05,0.028676756,0.016425686
14032,True,6.407035e-05,0.017241195,-0.0016767997
14033,True,6.348538e-05,0.010759117,0.014709243
14034,False,6.265187e-05,0.028411549,-0.008946451
14035,True,6.052849e-05,0.02107971,0.005678324
14036,True,6.0646988e-05,0.012861969,0.011525895
14037,True,5.779137e-05,0.021657152,-0.0014394801
14038,True,5.9857193e-05,0.014493668,-0.0040238635
14039,False,7.6905635e-05,-0.0037911572,0.021158257
14040,False,7.334479e-05,-0.021810245,-0.014136283
14041,False,7.441625e-05,-0.017134294,-0.017581496
14042,False,7.439413e-05,-0.019955985,-0.020176638
14043,False,7.262624e-05,-0.0040146396,-0.012912559
14044,False,7.1936e-05,-0.0063448,-0.023359444
14045,False,7.014913e-05,0.020608937,-0.0071051177
14046,False,7.324871e-05,-0.005802149,-0.011325715
14047,False,7.1045346e-05,-0.010152884,0.0019607358
14048,False,7.169243e-05,-0.01719913,-0.007921203
14049,False,6.924596e-05,0.0071952674,-0.0011952948
14050,False,7.064185e-05,-0.003036588,0.0057440475
14051,False,7.1764516e-05,0.0055767344,0.002187428
14052,False,6.783185e-05,0.00392389,0.0026626457
14053,False,6.970237e-05,-0.00047457102,-0.001645078
14054,False,7.241883e-05,-0.0025454555,0.0076722205
14055,False,7.201954e-05,-0.01070534,-0.015294003
14056,False,6.540296e-05,-0.0034157904,-0.023125427
14057,False,6.8205765e-05,-0.0026018862,-0.0054356623
14058,False,6.765226e-05,-0.0045073614,-0.008257894
14059,False,6.8604466e-05,-0.020094812,-0.012662436
14060,False,6.825342e-05,-0.0007575769,-0.008580111
14061,False,6.4710424e-05,-0.00096755195,0.0007194318
14062,False,6.611998e-05,-0.01311768,0.004916839
14063,False,6.583594e-05,-0.008677488,-0.007616628
14064,False,6.24061e-05,-0.010793829,-0.0044012917
14065,False,6.154895e-05,-0.016621325,-0.004921874
14066,False,6.326607e-05,-0.013887292,-0.013560968
14067,False,6.148342e-05,-0.0045935437,0.0073370785
14068,False,6.1387895e-05,-0.0060342634,0.0007652566
14069,False,6.316592e-05,-0.007900018,-0.0119583765
14070,False,6.638331e-05,-0.017595205,0.016300047
14071,False,6.751085e-05,-0.005574758,0.0029802877
14072,False,6.907044e-05,-0.013665531,-0.0032299776
14073,False,7.048473e-05,-0.0030435983,0.00017424673
14074,False,6.981585e-05,-0.0065287203,-0.01079217
14075,False,6.623293e-05,-0.0075929654,-0.017233
14076,False,6.862631e-05,-0.0089463815,-0.00777122
14077,False,6.998282e-05,0.003186476,0.016067907
14078,False,6.99057e-05,-0.0043370463,0.0014736783
14079,False,7.023652e-05,-0.015392315,-0.016876768
14080,False,6.871224e-05,0.0029374068,-0.012596684
14081,False,6.5556866e-05,-0.0052260025,-0.004257489
14082,False,6.5103595e-05,0.0016041794,-0.0074444935
14083,False,6.4529464e-05,-0.00299486,0.00444982
14084,False,6.770185e-05,-0.000107622705,0.0012000334
14085,False,6.4455446e-05,0.001620979,0.011091504
14086,True,6.2918545e-05,0.013898658,0.010717329
14087,False,5.942591e-05,-0.009603175,-0.0021573193
14088,True,6.0128415e-05,0.019225845,0.011432514
14089,False,6.268402e-05,-0.024580956,-0.0054844236
14090,False,5.9285914e-05,-0.012865452,-0.010075977
14091,False,6.1574974e-05,0.0066050394,0.021499071
14092,True,5.876323e-05,0.026953332,0.011392638
14093,False,6.379065e-05,0.008618876,-0.003047958
14094,False,6.1483006e-05,-0.0016314369,0.007319074
14095,False,6.0458144e-05,-0.00043166056,0.008532711
14096,False,6.25474e-05,-0.0010905098,-0.024643436
14097,False,6.29971e-05,0.008358158,-0.0045245793
14098,False,6.310055e-05,0.004048693,-0.0052976497
14099,False,6.2991996e-05,0.021371344,-0.012018187
14100,False,6.270863e-05,0.009961441,-0.004637373
14101,False,6.523034e-05,-0.00021449104,0.0012167133
14102,False,6.2304534e-05,-0.008274204,-0.030942895
14103,False,6.044397e-05,-0.009943256,-0.0085646855
14104,False,6.327935e-05,-0.0029763412,-0.0033841813
14105,False,6.253428e-05,0.0082298005,0.016662508
14106,True,6.0132934e-05,0.017609898,0.0116512235
14107,True,6.13898e-05,0.009654492,0.023729082
14108,True,6.283296e-05,0.007297814,0.011797972
14109,True,6.373712e-05,0.0119878035,0.014644089
14110,True,5.986926e-05,0.010554763,0.0232937
14111,True,6.168565e-05,0.018557735,0.02594331
14112,True,6.108355e-05,0.023588778,0.01409322
14113,True,5.9899307e-05,0.023386773,0.034296904
14114,True,6.227651e-05,0.019122299,0.01785355
14115,True,6.4419975e-05,0.014387602,0.011258736
14116,True,6.6270186e-05,0.010846654,0.020412344
14117,True,6.293763e-05,0.01919098,0.025594905
14118,True,6.31985e-05,0.019875385,0.01685315
14119,True,6.420667e-05,0.029759081,0.019462299
14120,False,6.391434e-05,-0.0070417915,0.025334261
14121,False,6.61944e-05,-0.012751748,0.023158206
14122,True,6.406578e-05,-0.023367476,-0.0012818426
14123,False,5.613149e-05,-0.013770601,-0.014690299
14124,False,5.861466e-05,-0.0021328945,0.0052691177
14125,False,5.8483918e-05,0.010014283,0.017837195
14126,False,5.8960548e-05,0.002131464,-0.0050474647
14127,False,6.437491e-05,-0.0009843186,-0.010452358
14128,False,6.514963e-05,0.0022813352,0.0110080205
14129,False,6.116777e-05,0.018795492,-0.014380559
14130,False,5.940828e-05,0.0029269513,-0.011554596
14131,False,5.916035e-05,-0.029549941,-0.014450929
14132,False,5.9584712e-05,-0.02913056,-0.009888468
14133,False,6.68027e-05,-0.020194732,0.01957992
14134,False,6.7537825e-05,-0.0037699235,-0.008834712
14135,False,6.7558496e-05,0.0064749448,-0.012270913
14136,False,6.596989e-05,-0.0062600914,0.012634864
14137,False,6.1613326e-05,-0.0015326831,0.006101981
14138,False,6.256323e-05,-0.004769521,0.011635369
14139,True,6.172504e-05,0.017067038,0.028257893
14140,True,6.1191065e-05,-0.0021628812,0.0074603595
14141,True,6.1840634e-05,0.012058547,0.004979018
14142,True,5.951976e-05,0.018542718,0.011150375
14143,True,6.135019e-05,0.004492486,0.0049901903
14144,False,5.9265814e-05,0.012565536,-0.0025659688
14145,False,6.189453e-05,0.012519886,0.0019177143
14146,False,7.419733e-05,-0.0045851264,-0.020990573
14147,False,7.286182e-05,-0.016616857,-0.016563484
14148,False,7.553559e-05,-0.00720047,0.0041066892
14149,False,7.1693285e-05,-0.017640464,-0.016199563
14150,False,7.261173e-05,-0.00023606513,-0.013194987
14151,False,7.181602e-05,-0.007888944,-0.010176895
14152,False,7.006566e-05,-0.005898215,-0.011761051
14153,False,7.0643306e-05,0.005426387,0.008808315
14154,False,7.098522e-05,-0.01496521,0.0045822556
14155,False,6.933877e-05,-0.004207,0.0058948966
14156,False,7.005631e-05,-2.5411136e-05,0.00043865852
14157,False,6.956906e-05,-0.006300328,0.00015696231
14158,False,6.913878e-05,-0.0034302697,0.0016143657
14159,False,7.180594e-05,-0.012444732,0.0025152056
14160,False,7.2894116e-05,0.0017359313,0.0019094595
14161,False,6.847056e-05,-0.01193336,-0.010706144
14162,False,7.0777314e-05,-0.0058510154,0.0014013904
14163,False,6.925075e-05,0.0036151651,-0.007718089
14164,False,6.987172e-05,-0.011491952,-0.008553968
14165,False,6.748776e-05,-0.005099267,0.0024431911
14166,False,6.831386e-05,-0.00268909,0.0012624273
14167,False,7.089249e-05,-0.0058321394,-0.0063519673
14168,False,6.759799e-05,-0.0043582665,0.012219341
14169,False,6.55448e-05,0.0049679317,0.0005991347
14170,False,6.375877e-05,-0.002554725,-0.013164517
14171,False,6.283871e-05,-0.01443005,-0.00039775856
14172,False,5.9978098e-05,0.00094669685,0.0072072167
14173,False,6.5264685e-05,-0.021982264,0.0036810096
14174,False,6.0612907e-05,-0.022003029,-0.008609895
14175,False,6.415614e-05,0.005514834,0.0043155607
14176,False,6.445493e-05,-0.003497722,0.015100963
14177,False,6.706089e-05,-0.00086592184,0.009117408
14178,False,7.01036e-05,-0.011609035,-0.010378195
14179,False,7.127059e-05,-0.00813431,0.008031098
14180,False,7.04673e-05,0.0007923688,-0.010712411
14181,False,6.73706e-05,0.002218661,0.012137023
14182,False,6.937783e-05,-0.0009259337,0.007771762
14183,False,6.804776e-05,-0.0067778938,0.008448997
14184,False,6.935222e-05,-0.011139456,-0.008950596
14185,False,7.005489e-05,-0.014971176,-0.009820584
14186,False,6.961861e-05,-0.007123432,-0.002255022
14187,False,6.502791e-05,-0.0134325735,-0.0042566005
14188,False,6.62435e-05,-0.0004241122,-0.013905769
14189,False,6.601953e-05,-0.005043147,-0.010329787
14190,False,6.578925e-05,0.0021378733,0.0153429955
14191,False,6.523338e-05,-0.0056407033,0.00053105317
14192,True,6.256933e-05,0.017534547,0.026443698
14193,False,6.2440224e-05,0.0032357313,0.0032851305
14194,False,6.4089494e-05,-0.0029111914,0.014799863
14195,False,5.9836933e-05,-0.01655059,0.010523149
14196,False,6.013582e-05,-0.010465373,-0.021046825
14197,False,6.0082006e-05,-0.01401744,-0.005125909
14198,False,5.7609002e-05,-0.010262191,-0.021483563
14199,False,6.0513943e-05,-0.0043800143,0.015904805
14200,False,6.24465e-05,-0.004792827,0.016608587
14201,False,6.276667e-05,0.0024163711,0.00947712
14202,True,6.1942505e-05,0.022985268,0.0093263425
14203,True,6.035001e-05,0.017041275,0.01833035
14204,True,6.19688e-05,-0.0011148844,0.005098478
14205,False,5.994997e-05,0.015894715,0.037311535
14206,False,6.4283086e-05,0.018506505,0.027631115
14207,False,6.218943e-05,0.018284112,0.022370167
14208,False,6.163827e-05,0.011976957,0.026201982
14209,False,6.256578e-05,-0.012937043,0.00088988617
14210,False,6.196135e-05,0.012180499,0.007476736
14211,True,6.1325074e-05,0.026883746,0.014874527
14212,True,6.020261e-05,0.027201721,0.0228624
14213,True,6.2739775e-05,0.022908697,0.022749163
14214,True,6.298652e-05,0.01992664,0.03841479
14215,True,6.620032e-05,0.016653948,0.0062492155
14216,True,6.366092e-05,0.018856661,0.01775207
14217,True,6.6986686e-05,0.015970878,0.023817781
14218,True,6.250553e-05,0.028321147,0.02443048
14219,True,6.2587795e-05,0.022943929,0.024960682
14220,True,6.2434214e-05,0.018835545,0.023551807
14221,True,6.350785e-05,0.010854762,0.021149553
14222,True,6.2854684e-05,0.012799043,0.022811621
14223,True,6.607612e-05,0.025886182,0.01673456
14224,True,6.3073e-05,0.02700999,0.0072807744
14225,True,6.5617336e-05,0.01787411,0.0027304292
14226,True,6.87882e-05,0.010608882,0.01930657
14227,False,6.59746e-05,-0.010825418,0.01731611
14228,False,6.410064e-05,0.002129227,0.0040176883
14229,False,6.117018e-05,0.004049057,-0.030400947
14230,False,6.030969e-05,0.005782362,-0.0007354226
14231,False,6.190599e-05,-0.0013141464,0.0094158575
14232,False,6.246774e-05,-0.0047333147,-0.00088321604
14233,False,5.954753e-05,-5.526468e-06,-0.0035827337
14234,False,6.0983424e-05,-0.0065282583,-0.004562417
14235,False,5.9886377e-05,0.024160236,-0.00031765364
14236,False,6.283777e-05,-0.0016542478,-0.012960127
14237,False,5.8615606e-05,-0.021893509,0.0034508985
14238,False,6.67019e-05,-0.011497028,0.0042496175
14239,False,6.974989e-05,-0.007456337,0.0024014264
14240,False,6.759014e-05,-0.013491901,0.009851955
14241,False,6.678229e-05,0.0050088894,-0.014720219
14242,False,6.509597e-05,-0.018465428,0.004940469
14243,False,6.656137e-05,-0.0025883908,-0.0030513722
14244,False,6.370313e-05,0.0024981904,0.014129275
14245,False,6.3431806e-05,0.0058233123,0.01347018
14246,True,6.231889e-05,0.013095732,0.0043646432
14247,True,6.051797e-05,0.02538059,0.016263802
14248,True,6.0582857e-05,0.016965246,0.0034500565
14249,False,5.876938e-05,0.014955371,-0.00752395
14250,False,7.489391e-05,-0.028574323,-0.031821854
14251,False,7.336979e-05,-0.017832672,-0.012756843
14252,False,7.3868294e-05,-0.009012505,-0.010421457
14253,False,6.7747e-05,-0.009540934,0.0069139265
14254,False,7.243227e-05,-0.019991975,-0.0049610073
14255,False,7.221006e-05,-0.021443063,-0.013349144
14256,False,6.915873e-05,-0.014012672,0.0032008328
14257,False,7.37134e-05,-0.008029282,0.0052359654
14258,False,7.2321214e-05,-0.012208529,0.0031298772
14259,False,6.636006e-05,-0.004574123,0.010807502
14260,False,7.0430324e-05,-0.0043873433,-0.0062473835
14261,False,7.1889364e-05,-0.0011967947,0.0046260245
14262,False,7.097967e-05,-0.010331259,-0.0046240482
14263,False,7.320658e-05,-0.005166522,0.0026933542
14264,False,7.160004e-05,-0.0029498716,-0.00920499
14265,False,6.834296e-05,-0.015258043,-0.0054522483
14266,False,7.016194e-05,-0.010710122,-0.0070015453
14267,False,6.831385e-05,-0.0018011527,0.0026261928
14268,False,6.712419e-05,-0.01057846,0.002516018
14269,False,6.7193774e-05,-0.012486864,-0.0082101235
14270,False,6.6247376e-05,-0.0057778433,0.0048388075
14271,False,6.6542074e-05,-0.012027187,0.009536367
14272,False,6.5412976e-05,-0.007665221,-0.0031081839
14273,False,6.4745305e-05,-0.006809951,0.01207062
14274,False,6.322336e-05,-0.013143689,-0.008454927
14275,False,6.630518e-05,-0.005864985,0.0041605346
14276,False,6.3655665e-05,-0.010972249,0.0009128647
14277,False,6.1688e-05,-0.008034775,0.0070835687
14278,False,6.218661e-05,-0.0059490437,0.015182456
14279,False,6.2136394e-05,-0.017607816,0.0059293434
14280,False,6.186145e-05,-0.008519402,-0.0018007103
14281,False,6.854193e-05,-0.01676571,-0.0070010573
14282,False,6.883062e-05,-0.019182308,0.0003635548
14283,False,7.06657e-05,-0.008507822,0.0031600865
14284,False,6.916709e-05,-0.015643956,-0.00464198
14285,False,6.784285e-05,-0.0028573256,0.00023084879
14286,False,7.042676e-05,-0.0065672193,-0.009273108
14287,False,6.924704e-05,-0.0179799,0.00067814253
14288,False,6.956531e-05,-0.00067276694,-0.0052174944
14289,False,6.883578e-05,-0.0014188276,0.0028746277
14290,False,6.965118e-05,-0.0041707014,-0.013429001
14291,False,6.778618e-05,-0.0017936258,0.01493432
14292,False,6.852754e-05,0.004105117,0.006016802
14293,False,6.7485285e-05,-0.00826708,0.009806498
14294,False,6.679723e-05,0.00048432685,0.0114838015
14295,False,6.605615e-05,0.004642333,0.011460227
14296,False,6.382685e-05,-0.010531103,0.009707985
14297,False,6.152057e-05,0.0056337994,0.025434384
14298,False,6.2899766e-05,-0.0048671924,0.03522267
14299,False,6.5678396e-05,-0.005908396,0.00978176
14300,False,6.143183e-05,-0.011330011,-0.014746873
14301,False,6.0575494e-05,-0.00893113,-0.0029980252
14302,False,6.062447e-05,0.004757121,0.0009826422
14303,False,6.210701e-05,-0.016892737,-0.011757754
14304,False,6.323022e-05,0.018235706,0.009311629
14305,True,6.1823324e-05,0.02611186,0.013534509
14306,True,6.19435e-05,0.025216762,0.021973219
14307,True,6.2074796e-05,0.0344955,0.022287913
14308,True,6.301265e-05,0.020398745,0.021696575
14309,False,6.8420035e-05,0.010643398,0.018808775
14310,False,6.232633e-05,0.016714312,0.022438873
14311,False,6.0760613e-05,0.012740217,0.033171866
14312,False,6.192422e-05,0.021351788,0.0007655956
14313,False,6.1629566e-05,-0.0063318773,0.02219744
14314,True,6.377005e-05,0.02252069,0.015830075
14315,True,6.409834e-05,0.0269567,0.02305442
14316,True,6.506767e-05,0.02096112,0.026538149
14317,True,6.518064e-05,0.029879514,0.02294797
14318,True,6.282059e-05,0.0239564,0.02427663
14319,True,6.308466e-05,0.008849994,0.015460962
14320,True,6.398395e-05,0.018564716,0.025808407
14321,True,6.3413405e-05,0.029880006,0.036768325
14322,True,6.393849e-05,0.033333093,0.025858965
14323,True,6.1504565e-05,0.019449655,0.02489503
14324,True,6.25441e-05,0.017418897,0.028710369
14325,True,6.385944e-05,0.016372789,0.018365083
14326,False,6.375241e-05,-0.0042557474,0.016868606
14327,True,6.5214816e-05,0.0015025251,0.026524166
14328,True,6.271056e-05,0.000111516565,0.018920438
14329,True,6.171775e-05,0.030060912,0.018771835
14330,False,6.618604e-05,-0.026242036,0.014786111
14331,False,6.3290805e-05,-0.0032122247,0.009800121
14332,False,6.1030558e-05,0.0065432824,0.0053070188
14333,False,5.982743e-05,-0.011809755,0.002942996
14334,False,6.180393e-05,0.014470456,-0.014843095
14335,False,6.280651e-05,-0.014034832,-0.0014493526
14336,False,6.3249885e-05,0.0028209016,0.0032309499
14337,False,6.275267e-05,-0.008899048,-0.02236152
14338,False,6.056498e-05,-0.0011490434,-0.012643738
14339,False,6.557204e-05,-0.020752653,-0.0037269667
14340,False,6.88443e-05,-0.009856798,0.0047783777
14341,False,6.869659e-05,-0.01771316,-0.013290184
14342,False,6.814564e-05,-0.004928449,-0.005398959
14343,False,6.7576e-05,-0.001913283,-0.0068708113
14344,False,6.5348126e-05,-0.010257045,0.005882539
14345,False,6.2339706e-05,0.019395601,0.016825322
14346,False,6.096644e-05,0.030991945,0.013612529
14347,False,6.020053e-05,0.0023042252,0.0016961452
14348,False,6.204318e-05,0.020419983,0.012118906
14349,True,6.343077e-05,0.012381979,-0.011987228
14350,False,7.350977e-05,-0.024668701,-0.011077922
14351,False,7.052637e-05,-0.012396952,-0.0031388076
14352,False,7.22089e-05,-0.011513706,0.0041440027
14353,False,7.451715e-05,-0.014573946,0.0024764752
14354,False,7.117474e-05,-0.007541299,-0.004313358
14355,False,7.203987e-05,-0.01879004,-0.0019265786
14356,False,7.497904e-05,-0.007355621,0.0012858419
14357,False,7.2962626e-05,-0.014696822,0.006330196
14358,False,6.9874266e-05,-0.006015599,0.0028862245
14359,False,7.0125934e-05,-0.008224228,0.0080043515
14360,False,6.8632406e-05,-0.0028483984,-0.010618182
14361,False,6.932508e-05,-0.014981069,0.0005803639
14362,False,7.041295e-05,-0.002308751,0.0015713144
14363,False,6.91092e-05,-0.018728944,-0.0011375118
14364,False,6.9044945e-05,0.0098028,0.005718479
14365,False,6.869372e-05,0.0010083169,0.002069435
14366,False,6.9652175e-05,-0.0042623095,0.0016444139
14367,False,6.871144e-05,-0.0204466,0.0031725802
14368,False,6.646782e-05,-0.0040324684,-0.0040809587
14369,False,6.738875e-05,-0.0030240626,0.007655032
14370,False,6.807592e-05,-0.0052833245,0.010349549
14371,False,6.747026e-05,-0.0057990532,0.018246
14372,False,6.538292e-05,-0.005203447,0.015161844
14373,False,6.586113e-05,-0.0093688015,-0.0076551586
14374,False,6.7473295e-05,-0.004456885,0.0001426395
14375,False,6.504231e-05,-0.008775665,0.020106645
14376,False,6.247591e-05,0.0053503904,-0.0043354016
14377,False,6.6228386e-05,-0.01546449,0.01951723
14378,False,6.650671e-05,-0.0005162358,0.01641569
14379,False,6.72932e-05,-0.022605285,0.0049193352
14380,False,6.837242e-05,-0.016172433,0.0014983639
14381,False,6.9539296e-05,-0.015919652,-0.0012779604
14382,False,7.1333896e-05,-0.0015242733,0.012983569
14383,False,7.1408955e-05,-0.0040837014,-0.005809932
14384,False,7.1727416e-05,0.0029298766,-0.010215352
14385,False,6.919993e-05,-0.0113573875,-0.011139849
14386,False,6.8281945e-05,-0.0014114212,0.0041482616
14387,False,7.056298e-05,-0.009045273,-0.013238052
14388,False,6.870762e-05,-0.019868817,-0.01821607
14389,False,6.913294e-05,-0.001563305,-0.0035071075
14390,False,6.835733e-05,-0.0028286339,0.0049836654
14391,False,6.8434e-05,-0.00020451844,0.011894552
14392,False,6.992833e-05,0.007689163,-0.0025193654
14393,False,6.4719585e-05,0.0058016125,0.0073682684
14394,False,6.374131e-05,0.00921201,0.0067703063
14395,False,6.395102e-05,-0.002729388,0.020691905
14396,False,6.3751526e-05,-0.008528391,0.006864583
14397,False,6.235405e-05,-0.0020616055,0.03137948
14398,False,6.064458e-05,-0.015184,0.0018403251
14399,False,6.049123e-05,-0.021704193,0.012903018
14400,False,5.959972e-05,-0.01246407,0.002821221
14401,False,6.4477594e-05,-0.00086090714,0.006882865
14402,False,6.4386375e-05,0.011469204,0.0060226005
14403,False,6.023327e-05,0.020020477,0.024274658
14404,True,5.9056943e-05,0.016507212,0.026290586
14405,True,6.3588646e-05,0.021823771,0.017246163
14406,False,6.525618e-05,0.016777042,0.029077843
14407,True,6.511491e-05,0.017675076,0.019140013
14408,False,6.498995e-05,0.029344287,0.03531342
14409,False,6.127046e-05,0.005222151,0.02485169
14410,True,6.0737566e-05,0.026355192,0.025588103
14411,False,6.274057e-05,0.029095484,0.021884274
14412,False,6.180706e-05,0.0078880405,0.012819303
14413,False,6.261304e-05,0.028501615,0.007215645
14414,True,6.2472864e-05,0.010202119,0.01710393
14415,False,6.204361e-05,-0.016402751,-0.012470167
14416,False,6.132717e-05,-0.0011943011,0.01650788
14417,True,6.6119246e-05,0.011517018,0.017029634
14418,True,6.1872255e-05,0.011447169,0.026234768
14419,True,6.63469e-05,0.0048548654,0.010225939
14420,True,6.2930674e-05,0.024407426,-0.009222724
14421,True,6.417627e-05,0.021654744,0.013282585
14422,True,6.219371e-05,0.023591883,0.028030142
14423,True,6.0112223e-05,0.011677042,0.012634536
14424,True,6.032694e-05,0.025325475,0.023391759
14425,False,6.433566e-05,0.005984854,0.024712745
14426,False,6.6484004e-05,0.016226321,0.027178872
14427,False,6.879648e-05,0.005928915,0.021973569
14428,False,6.47427e-05,-0.008885797,0.04058145
14429,False,6.457764e-05,-0.025205363,0.018797638
14430,False,6.296067e-05,-0.026233248,-0.0022607278
14431,False,6.401412e-05,-0.0035211965,-0.0057400223
14432,False,6.1885425e-05,0.0092210695,0.0018077595
14433,False,6.0322287e-05,0.003494393,-0.019885566
14434,False,6.3770385e-05,0.0041315053,-0.006680617
14435,False,6.311258e-05,0.009744816,0.02787112
14436,False,6.5083834e-05,-0.015417673,0.016882077
14437,False,6.328501e-05,-0.012593389,0.011355375
14438,False,6.162593e-05,-0.010262154,0.007019898
14439,False,6.680632e-05,-0.018839352,0.01059562
14440,False,6.9594425e-05,-0.0034817737,0.009517413
14441,False,6.9484835e-05,-0.018971667,-0.0027819127
14442,False,6.836614e-05,-0.016546693,0.008830246
14443,False,6.6684035e-05,-0.0014200658,0.0058344696
14444,False,6.6119064e-05,0.0015108495,0.0078481
14445,False,6.5945744e-05,-0.015883015,0.015840277
14446,False,6.0745766e-05,0.019359224,0.022332769
14447,False,5.9636044e-05,0.010632463,0.009153106
14448,False,6.312479e-05,-0.019577598,0.0006929552
14449,False,7.6102995e-05,-0.019611228,0.015778963
14450,False,7.449124e-05,-0.010555349,0.010829993
14451,False,7.129562e-05,-0.012111023,0.0074564666
14452,False,7.422757e-05,-0.014786494,-0.018969942
14453,False,7.1605034e-05,-0.017056495,-0.019683395
14454,False,7.398754e-05,-0.005767258,-0.003498776
14455,False,7.2384384e-05,-0.018893532,-0.016043734
14456,False,7.086386e-05,-0.023727123,-0.011489745
14457,False,7.271069e-05,-0.0034695342,0.007923735
14458,False,7.202489e-05,0.006627936,0.013606999
14459,False,6.8248e-05,0.0013176501,0.01338153
14460,False,6.9962676e-05,0.0069900984,-0.0060480554
14461,False,6.8547066e-05,-0.008445278,-0.012007978
14462,False,6.968502e-05,-0.0156777,-0.0020341189
14463,False,7.004563e-05,0.004553477,-0.006896344
14464,False,6.6603396e-05,-0.006402742,0.0054578613
14465,False,7.048519e-05,-0.00016688253,-0.004870776
14466,False,6.5035456e-05,-0.0121892,-0.015407338
14467,False,7.017905e-05,-0.005466516,-0.014460437
14468,False,7.069776e-05,-0.004158576,-0.0024235877
14469,False,6.891432e-05,-0.005573865,-0.0070099942
14470,False,6.831178e-05,-0.0092461,-0.009458776
14471,False,6.7034765e-05,-0.0067033526,-0.008273907
14472,False,7.169977e-05,-0.0061070463,-0.0033091705
14473,False,7.029935e-05,-0.005762563,0.005981279
14474,False,7.0159185e-05,-0.007621482,-0.008792898
14475,False,6.818604e-05,-0.014473639,-0.0061520357
14476,False,6.842292e-05,-0.010085649,-0.012722788
14477,False,6.8663525e-05,-0.005870013,-0.0169688
14478,False,7.058095e-05,-0.005887495,-0.007433031
14479,False,6.723511e-05,-0.010851543,-0.011577356
14480,False,6.9336194e-05,0.0061801556,-0.001955146
14481,False,6.8835165e-05,-0.014315059,0.005874388
14482,False,7.0031216e-05,-0.0026129913,-0.002429911
14483,False,7.008472e-05,-0.0012712786,0.0049444363
14484,False,7.2218725e-05,-0.015561823,-0.0007246607
14485,False,7.031288e-05,-0.010359029,-0.0066331048
14486,False,6.7028006e-05,-0.019978847,-0.0038887085
14487,False,7.1413044e-05,-0.044939965,0.0012190882
14488,False,6.805354e-05,-0.016671512,0.0010216702
14489,False,6.96488e-05,-0.028652571,0.013723758
14490,False,6.947498e-05,-0.017586697,0.0024456587
14491,False,6.8410816e-05,0.0017963047,-0.010695268
14492,False,6.731515e-05,0.007437326,0.015979717
14493,False,6.5524495e-05,-0.038842812,-0.012988634
14494,False,6.6164e-05,-0.014867461,-0.011993569
14495,False,6.067248e-05,-0.030921923,-0.013495712
14496,False,6.163797e-05,-0.031441435,0.005130507
14497,False,6.0920367e-05,-0.0074343197,-0.002876088
14498,False,6.17367e-05,-0.01623483,-0.011833603
14499,False,5.897056e-05,-0.018074954,-0.0036432054
14500,False,6.005338e-05,-0.015396647,-0.022202501
14501,False,6.030819e-05,-0.004554551,0.011305328
14502,True,6.3184176e-05,0.011288572,0.01598496
14503,True,6.2549254e-05,0.0074499287,0.01839051
14504,True,6.30893e-05,-0.005751461,0.009746425
14505,True,6.6257526e-05,0.014368083,0.006932348
14506,True,6.242526e-05,0.017174538,0.028109372
14507,False,6.72774e-05,0.00422417,-0.0011251625
14508,True,6.448212e-05,0.019441783,0.010378673
14509,True,5.968012e-05,0.024890292,0.0043369606
14510,False,6.317671e-05,0.0094557665,0.022302203
14511,False,6.2904954e-05,0.011141352,0.035800092
14512,False,6.305914e-05,-0.024374738,0.0077832583
14513,False,6.3967746e-05,-0.0148489475,-0.0070737414
14514,False,6.00926e-05,-0.021043567,0.0019942783
14515,False,5.912192e-05,-0.004448998,0.0043892367
14516,True,6.213476e-05,0.017493244,0.017527599
14517,True,6.258721e-05,0.022378566,0.018657623
14518,True,6.178438e-05,0.014560567,0.017087031
14519,True,5.9545004e-05,0.008200513,0.027690338
14520,True,6.264498e-05,0.016699284,-0.0021070107
14521,False,6.0843515e-05,0.0016848389,-0.02111031
14522,True,6.14538e-05,0.033178378,0.007288534
14523,False,6.152118e-05,0.008674357,-0.006145976
14524,False,6.0371432e-05,-0.0008851839,-0.018489305
14525,False,5.8980277e-05,-0.0057034753,-0.008122195
14526,False,6.135328e-05,-0.012105038,-0.020174008
14527,False,6.158161e-05,-0.013389047,-0.013743225
14528,False,6.427498e-05,-0.010317069,-0.01779357
14529,False,6.326068e-05,-0.010400239,-0.011564838
14530,False,6.170427e-05,-0.004447479,-0.0024718135
14531,False,6.2681975e-05,-0.017667646,-0.018236801
14532,False,6.439089e-05,-0.009296805,-0.01451251
14533,False,6.492952e-05,-0.010272594,6.76699e-05
14534,False,6.577587e-05,-0.020151291,0.0017378526
14535,False,6.352072e-05,-0.009592023,0.00020854361
14536,False,5.9563565e-05,0.0017338395,-0.011418695
14537,False,5.922889e-05,-0.0020248955,-0.01859417
14538,False,6.117562e-05,-0.010667618,-0.028883245
14539,False,6.167338e-05,0.010458652,-0.006982671
14540,False,6.511173e-05,-0.018168,-0.0097413175
14541,False,6.3545434e-05,-0.0097245285,-0.0041588317
14542,False,6.4850174e-05,-0.02161676,0.0066740774
14543,False,6.75883e-05,-0.001575822,0.003461372
14544,False,7.108202e-05,-0.008084333,0.0070343316
14545,False,6.9488946e-05,-0.009404991,0.0035805157
14546,False,6.8351605e-05,-0.0093418965,-0.020915369
14547,False,6.849328e-05,0.008507463,-0.0018864721
14548,False,6.5598695e-05,0.001021808,0.010719404
14549,False,6.527297e-05,-0.01426065,0.011004148
14550,False,7.4195006e-05,-0.02587516,0.004090552
14551,False,7.193128e-05,-0.005547138,0.00205391
14552,False,7.3527204e-05,-0.008805778,-0.014980755
14553,False,7.409657e-05,-0.006425529,-0.010351691
14554,False,7.434034e-05,-0.014341103,-0.006763745
14555,False,7.3086114e-05,-0.0040476806,-0.004991277
14556,False,7.237892e-05,-0.008462532,-0.0055721495
14557,False,7.010498e-05,-0.004397628,-0.0033422075
14558,False,7.0928036e-05,-0.0073276246,0.0010834006
14559,False,7.0392605e-05,-0.0074543934,-0.020569675
14560,False,7.125678e-05,-0.017744739,-0.013219063
14561,False,7.0713584e-05,-0.016807323,-0.010684857
14562,False,6.949993e-05,0.0029866546,-0.003995223
14563,False,6.862517e-05,-0.0013195453,-0.000890282
14564,False,6.992871e-05,-0.0060475324,-0.0054805
14565,False,6.947221e-05,0.0031499695,-0.005952987
14566,False,6.967406e-05,-0.0024288292,-0.006551548
14567,False,6.994211e-05,-0.011236377,-0.010722162
14568,False,7.259217e-05,-0.003987682,7.863715e-05
14569,False,6.81024e-05,-0.005931237,-0.007875587
14570,False,6.869094e-05,-0.0015320648,-0.005250912
14571,False,7.397543e-05,-0.0039143553,0.01156219
14572,False,7.06768e-05,0.0016559903,-0.0066714073
14573,False,7.123971e-05,-0.014355806,0.016028244
14574,False,6.643536e-05,-0.019336438,-0.0029727407
14575,False,6.854622e-05,0.004100401,-0.0015528612
14576,False,6.848067e-05,-0.014250278,-0.012968775
14577,False,7.0019174e-05,-0.01314068,-0.009182685
14578,False,6.703532e-05,-0.0023683049,-0.015912933
14579,False,6.724231e-05,-0.005141659,-0.0038223816
14580,False,6.922849e-05,-0.016179916,0.018649438
14581,False,6.4976135e-05,0.001827212,0.013187897
14582,False,7.163373e-05,-0.0059827506,0.004365775
14583,False,6.7012894e-05,-0.0039767693,0.0043779435
14584,False,7.0122354e-05,-0.0070277927,0.0069603305
14585,False,6.7343026e-05,-0.00406147,-0.0024858061
14586,False,6.826622e-05,-2.1206215e-06,0.0048335223
14587,False,6.579897e-05,-0.006923355,0.0057845283
14588,False,6.866451e-05,-0.034395505,-0.00066278875
14589,False,6.967108e-05,-0.018534873,0.024950108
14590,False,6.6473964e-05,-0.008401759,0.0040371604
14591,False,6.8043075e-05,-0.0023429114,0.0015593367
14592,False,6.614325e-05,8.896738e-05,0.009986451
14593,False,6.720757e-05,-0.0022409074,-0.011035353
14594,False,6.9899e-05,-0.009752125,-0.001913324
14595,False,6.553205e-05,-0.006902214,0.009660808
14596,False,5.9340346e-05,-0.03240024,-0.024140568
14597,False,6.1159306e-05,-0.021461293,-0.01592777
14598,False,5.982171e-05,0.0007398557,6.815046e-05
14599,True,5.85692e-05,0.012373149,0.014719337
14600,True,6.0639937e-05,0.020565156,0.009723404
14601,True,5.9395046e-05,0.0189209,0.00962054
14602,True,6.2512096e-05,0.023307905,0.021109272
14603,True,6.7622546e-05,0.018661339,0.0024726093
14604,False,6.491672e-05,-0.014013404,0.004139766
14605,False,6.67224e-05,0.0065924153,0.011179822
14606,False,6.246371e-05,0.0127103925,0.016063593
14607,False,6.5048065e-05,0.011211041,0.037649512
14608,True,6.35991e-05,0.038672026,0.018858941
14609,True,6.1550716e-05,0.031656586,0.017334223
14610,True,6.0055245e-05,0.03535244,0.0069609433
14611,False,6.208503e-05,-0.023931123,0.005109085
14612,False,6.19061e-05,-0.017675787,-0.008824458
14613,False,6.174497e-05,-0.004783336,0.0031749438
14614,False,6.2412655e-05,-0.006270391,-0.0025994275
14615,True,6.275675e-05,0.0019397177,0.007836215
14616,True,6.354791e-05,0.026492182,0.015724435
14617,True,6.191711e-05,0.023363542,0.018183243
14618,False,6.416375e-05,0.010218017,0.015500472
14619,False,6.343004e-05,0.015483547,0.026827946
14620,False,6.0844737e-05,0.022127848,0.01973841
14621,False,5.8222864e-05,0.006037608,-0.0012230771
14622,True,6.096754e-05,0.013214327,0.015831009
14623,True,6.220335e-05,0.008111186,0.012425445
14624,True,6.084631e-05,0.010708537,-0.00030407868
14625,True,6.0163744e-05,0.011856944,-0.0018495964
14626,False,6.219099e-05,-0.0070121586,0.0014661923
14627,False,6.5582215e-05,-0.017005112,-0.018624434
14628,False,6.4595246e-05,-0.013397878,-0.007708405
14629,False,6.552045e-05,-0.009869112,0.0026309341
14630,False,6.540524e-05,-0.01631133,-0.026350822
14631,False,6.378606e-05,0.007136099,-0.014336201
14632,False,6.244567e-05,-0.014315503,-0.014509413
14633,False,6.0165163e-05,-0.029556166,-0.0076552965
14634,False,6.3692685e-05,0.008402683,-0.0054538734
14635,False,6.554855e-05,0.0028625876,-0.0031636273
14636,False,6.631117e-05,-0.0070570074,0.019490104
14637,False,6.302888e-05,0.0064519364,0.008490738
14638,False,6.241381e-05,-0.0042494405,-0.0073623722
14639,False,6.0646726e-05,-0.0065938383,-0.0225776
14640,False,6.2097155e-05,-0.012396956,-0.014674623
14641,False,6.4219435e-05,-0.023452356,0.0063421577
14642,False,6.7094756e-05,-0.012411896,0.007385716
14643,False,6.668501e-05,-0.007849481,0.0068634525
14644,False,6.781073e-05,-0.024232727,0.005530623
14645,False,6.777512e-05,-0.017493246,-0.008285358
14646,False,6.7061526e-05,-0.020115126,0.0085888505
14647,False,6.8290756e-05,-0.008338407,0.012117801
14648,False,6.798807e-05,-0.014713834,-0.004196624
14649,False,6.7032466e-05,-0.010001313,-0.0041739284
14650,False,6.754566e-05,-0.0063568093,-0.025856853
14651,False,7.559687e-05,-0.014342375,0.0020676916
14652,False,7.3909505e-05,-0.027664233,-0.012543994
14653,False,7.558515e-05,-0.0004780474,-0.021823082
14654,False,7.3617906e-05,-0.0073145777,-0.0044650966
14655,False,7.43293e-05,-0.011709277,0.0023923377
14656,False,7.11657e-05,0.0019717403,0.005587509
14657,False,7.5383476e-05,-0.021051096,-0.014321639
14658,False,7.066964e-05,-0.00632558,-0.001183941
14659,False,7.176534e-05,-0.008983043,-0.020617677
14660,False,7.2396004e-05,-0.018669304,-0.015466398
14661,False,7.074147e-05,-0.016758416,0.007860734
14662,False,6.96953e-05,-0.013023347,0.0012952271
14663,False,6.914549e-05,-0.013887571,-0.017995792
14664,False,6.910618e-05,-0.0007070303,0.022352342
14665,False,7.133519e-05,0.0002675471,0.00026889285
14666,False,7.2619536e-05,0.0130762905,0.002783903
14667,False,7.020986e-05,-0.0016702362,-0.0074840067
14668,False,7.048008e-05,0.0033554435,0.011470741
14669,False,7.1714254e-05,-0.0023495601,0.013790316
14670,False,7.122636e-05,0.0040438697,-0.0028065746
14671,False,7.116927e-05,-0.00648648,0.018142913
14672,False,6.9096524e-05,-0.009458804,0.005145289
14673,False,7.119797e-05,-0.019146545,-0.0047345227
14674,False,6.809095e-05,-0.0054439423,-0.008452337
14675,False,6.747761e-05,-0.012155419,-0.009965082
14676,False,7.3391835e-05,-0.007075862,0.009946365
14677,False,6.933653e-05,0.0007166462,-0.008608146
14678,False,6.73937e-05,-0.019171,0.015661145
14679,False,6.821272e-05,0.0015561893,-0.01248077
14680,False,6.841382e-05,-0.0022327425,0.009097913
14681,False,6.825644e-05,0.009795921,0.007850185
14682,False,6.8647954e-05,0.00082014315,0.007443671
14683,False,6.959936e-05,-0.011204368,0.023696192
14684,False,6.607892e-05,-0.004764635,-0.004601894
14685,False,6.953684e-05,-0.014133205,0.0014415383
14686,False,6.893467e-05,-0.008614212,0.011065825
14687,False,6.569247e-05,-0.017379738,0.0052900827
14688,False,6.859462e-05,-0.016334133,0.008351749
14689,False,6.943559e-05,-0.006099441,-0.004536677
14690,False,6.901037e-05,-0.016474456,0.0081449635
14691,False,6.926935e-05,-0.007060172,0.01112645
14692,False,6.757272e-05,0.01506,0.008332007
14693,False,6.693379e-05,-0.0198917,-0.008198084
14694,False,7.1329436e-05,-0.009155109,0.012363589
14695,False,6.626327e-05,-0.001075998,0.012930047
14696,False,5.97541e-05,-0.029794676,-0.00046504103
14697,False,5.776894e-05,-0.025153017,-0.027672669
14698,False,6.0849437e-05,0.003320938,0.0024054889
14699,True,6.0834827e-05,0.022559397,0.021421585
14700,True,6.1560066e-05,0.01172353,0.014959015
14701,True,6.42202e-05,0.013487164,0.020706192
14702,True,6.35729e-05,0.017700795,0.029797014
14703,False,6.6201574e-05,-0.012650077,0.022182647
14704,False,6.729219e-05,-0.0031110551,0.0008368343
14705,False,6.66497e-05,0.004235182,0.029770177
14706,True,6.489914e-05,-0.0014610644,0.02330621
14707,False,6.401287e-05,0.032497983,0.031722035
14708,True,6.297187e-05,0.029446926,0.01969105
14709,True,6.356866e-05,0.028895183,0.027901946
14710,False,6.0260903e-05,-0.001121839,0.01871853
14711,False,6.231236e-05,-0.01231494,0.021236777
14712,False,6.335227e-05,-0.018574433,0.018261189
14713,False,6.0656308e-05,-0.023036622,0.0006371457
14714,False,6.553377e-05,-0.004845636,-0.01893377
14715,False,6.357779e-05,0.012133427,0.011105051
14716,False,6.214153e-05,0.0027292995,0.0025092065
14717,False,6.473462e-05,-0.0010808883,-0.0044689104
14718,False,6.203464e-05,-0.007660214,-0.002873674
14719,False,6.3428626e-05,-0.0015959535,0.017332748
14720,False,6.401619e-05,0.024340484,0.017491926
14721,True,5.9682214e-05,-0.00013158191,0.009219255
14722,True,6.458215e-05,0.029262248,0.021525003
14723,False,6.799808e-05,0.021221174,0.03604172
14724,False,6.238368e-05,-0.014830392,0.020343887
14725,False,6.0793493e-05,-0.015002085,-0.01702333
14726,False,6.0328326e-05,-0.013088902,-0.0044261906
14727,False,5.805467e-05,-0.00704454,0.0010916553
14728,False,6.152579e-05,-0.013457824,-0.015927084
14729,False,6.0472732e-05,-0.0046006087,-0.019692907
14730,False,6.350619e-05,0.0019400101,-0.010529526
14731,False,5.8439535e-05,0.0008740723,-0.023042042
14732,False,5.848614e-05,-0.001951836,-0.030733788
14733,False,6.136832e-05,-0.007833081,-0.028678551
14734,False,6.090361e-05,-0.008180909,-0.007204246
14735,False,6.326844e-05,-0.015046947,-0.007147055
14736,False,6.181257e-05,-0.019334396,-0.009946667
14737,False,6.3801526e-05,-0.013899391,0.004273949
14738,False,6.8906156e-05,-0.02014517,-0.00035832077
14739,False,7.025309e-05,-0.016327819,-0.0013953485
14740,False,6.953633e-05,0.00012063701,-0.0022931453
14741,False,6.897802e-05,-0.005034789,0.004021177
14742,False,6.684873e-05,-0.02313174,0.008548144
14743,False,6.7293986e-05,-0.014629657,-0.0062492657
14744,False,6.801555e-05,-0.014420953,-0.003644147
14745,False,7.3778414e-05,-0.044763148,0.0073688105
14746,False,7.583548e-05,-0.016433068,-0.001752736
14747,False,7.5222575e-05,-0.011492287,-0.006069187
14748,False,7.241806e-05,-0.0324196,0.0022968687
14749,False,7.2449264e-05,-0.017150741,-0.010963697
14750,False,7.3872805e-05,-0.014358017,-0.015185862
14751,False,7.2418436e-05,-0.017473731,-0.012168322
14752,False,7.0131995e-05,-0.014026574,-0.014189284
14753,False,7.2049515e-05,-0.0144579355,-0.017629012
14754,False,7.031155e-05,-0.022278385,-0.006081666
14755,False,6.613653e-05,-0.016850155,-0.01903836
14756,False,6.947962e-05,-0.00484382,-0.005699422
14757,False,6.7565896e-05,-0.018643286,-0.020244537
14758,False,6.771175e-05,-0.012611497,0.007986726
14759,False,6.801164e-05,-0.0021719998,0.0012521483
14760,False,6.777031e-05,0.00089316815,-0.0024702307
14761,False,6.615141e-05,-0.003065722,-0.00561426
14762,False,6.943961e-05,0.004502804,0.002780849
14763,False,6.956071e-05,-0.015166594,-0.005025476
14764,False,7.267302e-05,-0.014680292,-0.0018521724
14765,False,7.1572016e-05,-0.013726473,-0.0014480045
14766,False,7.017396e-05,-0.027683144,-0.0062903035
14767,False,7.096215e-05,-0.010868549,-0.015349482
14768,False,7.12388e-05,-0.0022220546,-0.010393304
14769,False,6.735774e-05,-0.0025429064,0.0012395941
14770,False,7.112565e-05,-0.00933327,-0.006674069
14771,False,7.1078524e-05,-0.023918051,0.0026206682
14772,False,6.7748246e-05,-0.013253132,-0.004831303
14773,False,6.8611065e-05,0.008988235,0.0046152454
14774,False,7.002694e-05,-0.0019153059,0.0004906617
14775,False,6.610948e-05,-0.005240337,0.0004971074
14776,False,6.662027e-05,-0.005935851,0.014656332
14777,False,6.5062e-05,0.003514348,0.008895284
14778,False,6.690464e-05,0.0012606643,-0.010884903
14779,False,6.643407e-05,-0.01834355,0.005906502
14780,False,6.777361e-05,-0.0039513246,0.01387809
14781,False,6.8552974e-05,-0.00084288605,0.019216765
14782,False,6.8977046e-05,-0.0066596083,0.016631557
14783,False,6.996729e-05,-0.011382029,-0.005965526
14784,False,6.974429e-05,-0.008270169,-0.0022521652
14785,False,7.271697e-05,-0.016778704,0.028038548
14786,False,6.982527e-05,-0.018415708,-0.013799622
14787,False,6.629618e-05,-0.024383172,-0.010615375
14788,False,6.5656095e-05,-0.0071980357,-0.0015100352
14789,False,6.090759e-05,-0.016356777,-0.0055189235
14790,False,6.0875358e-05,-0.021107975,0.0085950345
14791,False,6.424088e-05,-0.019315038,0.0031457841
14792,False,6.397346e-05,-0.008360343,-0.00860435
14793,False,6.530025e-05,0.015024453,0.006298285
14794,True,6.562604e-05,-0.019181423,0.0022937246
14795,True,6.687896e-05,0.0025209151,0.021986496
14796,False,6.466162e-05,0.013680802,0.032015324
14797,False,6.586666e-05,0.0048669036,0.02612813
14798,True,6.1462786e-05,0.0237979,0.01620963
14799,True,6.2151004e-05,0.013509942,0.031683557
14800,True,6.06967e-05,0.025248088,0.026028976
14801,False,6.3332736e-05,0.022934359,0.00437703
14802,False,5.9899325e-05,-0.004258192,-0.003629122
14803,False,6.27642e-05,-0.019783873,0.0072651003
14804,False,6.5967615e-05,-0.0047406573,0.021156881
14805,False,6.263758e-05,-0.0108112395,-0.007982136
14806,True,6.042773e-05,0.027985422,0.02425278
14807,True,6.4267275e-05,0.025368933,0.013862204
14808,False,5.901508e-05,0.018334435,0.022521311
14809,False,6.413475e-05,-0.0095612025,0.007427875
14810,False,6.0237016e-05,-0.011400428,0.0030474178
14811,False,6.198378e-05,0.00030152686,0.006647557
14812,False,5.9443577e-05,0.009629494,0.009567313
14813,False,6.1301726e-05,0.0119230775,0.011265488
14814,False,6.568767e-05,-0.003420161,-0.0027256217
14815,False,6.587905e-05,-0.023071215,-0.0013606995
14816,False,5.7122616e-05,0.0045950506,0.014188322
14817,False,6.268318e-05,-0.01082422,-0.012321185
14818,False,6.6422894e-05,-0.014322437,0.011332375
14819,False,6.3594336e-05,-0.011728659,-0.006762523
14820,False,6.095707e-05,-0.007785309,-0.020338304
14821,False,5.988442e-05,-0.013877517,-0.008209884
14822,False,6.3326064e-05,-0.023248272,-0.015697518
14823,False,5.9398088e-05,-0.0030121878,0.0007586684
14824,False,6.06593e-05,-0.019656051,-0.00675644
14825,False,6.4684165e-05,-0.0047997385,0.0093256645
14826,False,7.0410955e-05,-0.023106378,0.012103497
14827,False,6.80809e-05,-0.010743044,0.00454453
14828,False,6.6646404e-05,-0.025147803,-0.0073401555
14829,False,6.7314126e-05,0.0025084596,-0.006623037
14830,False,6.7730114e-05,-0.0021450296,-0.009947866
14831,False,7.710946e-05,-0.016495615,-0.006692631
14832,False,7.406515e-05,-0.013236774,0.0067809373
14833,False,7.286044e-05,-0.017016008,-0.003631439
14834,False,7.406704e-05,-0.0015161522,-0.003991211
14835,False,7.2174975e-05,-0.019680044,-0.014481956
14836,False,7.1070535e-05,-0.016946219,-0.015787411
14837,False,7.251077e-05,-0.017105635,0.0017726761
14838,False,7.176473e-05,-0.007799795,-0.01131285
14839,False,6.863645e-05,-0.015576416,-0.013433575
14840,False,6.90389e-05,-0.00616087,-0.00468723
14841,False,7.1990915e-05,-0.011316868,-0.009899737
14842,False,7.246378e-05,-0.023413923,0.004946227
14843,False,6.64456e-05,-0.023436543,-0.009668643
14844,False,6.676125e-05,-0.008494956,0.0072766896
14845,False,7.0175614e-05,-0.017032389,-0.0030812183
14846,False,7.0184724e-05,-0.023568377,-0.014465665
14847,False,6.921451e-05,0.00583636,0.010892356
14848,False,6.819322e-05,0.0034483988,0.009670362
14849,False,7.1468865e-05,0.0026987675,-0.0004287036
14850,False,7.020012e-05,0.0007104436,-0.010226096
14851,False,7.1644965e-05,-0.008371504,-0.00027073734
14852,False,7.55708e-05,-0.020179052,-0.012368929
14853,False,7.008119e-05,-0.019370092,-0.00021903403
14854,False,7.1201255e-05,-0.016061502,-0.013978373
14855,False,7.275912e-05,-0.012147741,-0.008290667
14856,False,6.819734e-05,-0.00095498003,-0.0028166547
14857,False,7.044272e-05,-0.00638433,-0.008305803
14858,False,6.7118934e-05,-0.008085607,-0.008452985
14859,False,6.572767e-05,-0.016466498,0.005826818
14860,False,6.5856104e-05,-0.0066321525,0.01453122
14861,False,7.1358285e-05,-0.015440278,0.007966721
14862,False,6.784669e-05,-0.018688003,0.00346587
14863,False,6.731901e-05,0.0044717044,0.020719687
14864,False,6.91593e-05,-0.009831429,0.005674091
14865,False,6.6285465e-05,-0.0015307777,0.011573946
14866,False,6.884522e-05,-0.0017612353,0.02204063
14867,False,6.9945825e-05,-0.008964737,0.009538463
14868,False,6.903035e-05,-0.022021865,-0.0050048544
14869,False,6.720316e-05,-0.017886829,-0.0067334045
14870,False,6.753103e-05,-0.029242583,0.022514554
14871,False,6.5050735e-05,-0.028176539,-0.014479149
14872,False,6.3873595e-05,-0.0253703,-0.0005293451
14873,False,6.452611e-05,-0.020336546,0.016087165
14874,True,6.299946e-05,0.01868304,0.013050098
14875,True,6.145613e-05,0.00540499,0.018562082
14876,False,6.678909e-05,-0.01481078,-0.008000521
14877,False,6.640239e-05,-0.009866984,0.006412142
14878,False,6.34025e-05,-0.0058137886,0.01594659
14879,False,6.3184474e-05,-0.013206508,0.012576422
14880,True,6.434367e-05,-0.0046049636,0.015065379
14881,True,6.0201328e-05,0.018904194,0.025358565
14882,True,6.269786e-05,0.008984432,0.031877436
14883,False,6.17513e-05,-0.003231735,0.023612725
14884,False,5.856391e-05,-0.0044257753,0.0020130537
14885,False,6.1957646e-05,-0.017203037,0.0043524615
14886,False,6.202063e-05,0.0014167465,-0.0074668955
14887,False,6.177312e-05,-0.010198382,0.0016326453
14888,False,6.296614e-05,-0.024342507,0.017486777
14889,False,6.55651e-05,-0.0107377805,0.010838591
14890,False,6.0172602e-05,-0.004686429,0.019723207
14891,False,6.112742e-05,-0.0029600314,0.02877784
14892,True,6.43621e-05,0.016021583,0.0157662
14893,False,6.332998e-05,-0.015728937,0.010612263
14894,False,6.219899e-05,-0.016923383,-0.005126423
14895,False,6.254275e-05,0.004891485,-0.022282008
14896,False,6.180521e-05,-0.012422368,-0.020791238
14897,False,5.905337e-05,-0.00078783184,0.0069484375
14898,False,6.108742e-05,0.004074428,0.015818156
14899,False,5.838682e-05,0.012717713,0.008838734
14900,False,6.0333325e-05,-0.016335944,-0.01384068
14901,False,6.035812e-05,-0.017706282,-0.015035339
14902,False,6.4147454e-05,-0.021406017,-0.015332714
14903,False,5.8725458e-05,-0.006512195,-0.0093233995
14904,False,6.1131e-05,0.004178278,0.0191463
14905,False,6.447255e-05,-0.037639946,0.012193324
14906,False,7.148413e-05,-0.018390475,-0.009074952
14907,False,7.44239e-05,-0.0197718,-0.0105677955
14908,False,7.450515e-05,-0.013433033,-0.0054498203
14909,False,7.213518e-05,-0.003250353,0.00065751234
14910,False,7.2659815e-05,-0.02357372,-0.00925825
14911,False,7.226979e-05,-0.013691718,-0.018662874
14912,False,7.104824e-05,-0.008561413,-0.005145738
14913,False,7.3960204e-05,-0.0049992576,0.0009461199
14914,False,7.0104565e-05,-0.009463485,-0.013393598
14915,False,7.2221796e-05,-0.005680031,-0.0054829316
14916,False,6.692145e-05,-0.0061539225,0.0030321982
14917,False,7.0815935e-05,-0.003820031,0.0067777783
14918,False,7.053732e-05,0.0019163997,-0.013804978
14919,False,7.121198e-05,-0.026708774,-0.0063312594
14920,False,6.992255e-05,-0.0021635378,0.014901044
14921,False,7.431917e-05,0.0069349725,0.026907157
14922,False,7.244323e-05,-0.006774755,-0.010890115
14923,False,7.040153e-05,0.0015953737,-0.0018575187
14924,False,6.862008e-05,-0.007846721,-0.0012324471
14925,False,7.306157e-05,-0.02462664,-0.0042289207
14926,False,7.34375e-05,-0.020128805,-0.01741466
14927,False,7.3261835e-05,-0.011651856,-0.010873273
14928,False,6.9975824e-05,-0.015070047,-0.0004087165
14929,False,7.049859e-05,0.0031987624,0.008545349
14930,False,6.7785055e-05,0.00044946373,0.0033368263
14931,False,6.571916e-05,0.009144511,0.020658499
14932,False,6.678935e-05,0.0071544377,0.015756937
14933,False,6.991532e-05,0.0077891075,0.016842552
14934,False,7.02425e-05,0.0037523303,0.037326995
14935,False,6.892591e-05,-0.015066907,0.02957039
14936,False,6.940597e-05,-0.01162703,0.045341805
14937,False,7.140803e-05,-0.0050611207,0.0061263107
14938,False,6.938356e-05,0.0052584377,0.0021607392
14939,False,6.98292e-05,-0.01565269,0.00020254869
14940,False,6.962726e-05,-0.010957358,0.006986467
14941,False,7.1613526e-05,-0.010965437,-0.015317624
14942,False,7.037438e-05,-0.010154512,0.0042307433
14943,False,6.3161795e-05,-0.016714636,0.0019144262
14944,False,6.439838e-05,-0.036905244,0.019488696
14945,False,6.2525e-05,-0.0096182665,0.014177324
14946,False,6.3927386e-05,-0.01503487,0.0067256335
14947,False,6.434145e-05,-0.0087325275,0.010751992
14948,True,6.189071e-05,-0.00028782338,0.007432103
14949,True,6.038153e-05,-0.0066314507,0.008324719
14950,False,6.303736e-05,-0.0015793946,-0.01085132
14951,True,6.3348176e-05,-0.028108943,-0.0019763946
14952,False,6.8261346e-05,-0.026350215,-0.0023456742
14953,True,6.6091816e-05,-0.018800128,-0.0058126077
14954,True,6.284774e-05,-0.01732573,-0.005722029
14955,False,6.2439976e-05,0.0069458433,0.016985666
14956,True,6.377984e-05,0.013701472,0.0058036726
14957,False,6.539033e-05,-0.013995672,0.010256694
14958,False,6.051382e-05,-0.016470833,-0.016070282
14959,True,6.1109626e-05,-0.015612174,-0.003129715
14960,True,5.810529e-05,-0.011414543,0.017698873
14961,False,6.536635e-05,-0.000637196,-0.014427958
14962,False,6.126137e-05,0.0048287576,-0.011430038
14963,False,6.211774e-05,-0.011411201,-0.0023181662
14964,False,5.7194662e-05,-0.0010143798,-0.0095211305
14965,False,5.833606e-05,-0.006646063,-0.021038245
14966,False,6.45824e-05,-0.004813805,-0.016568698
14967,False,6.318196e-05,-0.0051551126,-0.019063879
14968,False,6.1805295e-05,-0.023115102,-0.01864166
14969,False,6.3723906e-05,-0.028349947,-0.009797401
14970,True,5.9444028e-05,0.006843282,0.020105049
14971,False,6.207726e-05,-0.01987018,-0.00067133456
14972,False,6.326728e-05,-0.019649047,0.004263943
14973,False,6.319407e-05,-0.038279153,0.014636956
14974,False,6.416966e-05,-0.009968655,-0.015084827
14975,False,6.265589e-05,-0.03269049,-0.019132406
14976,False,6.7213135e-05,-0.006022994,0.018457688
14977,False,6.453743e-05,-0.01876685,-0.00445826
14978,False,6.736628e-05,-0.025962126,0.0005333256
14979,False,7.3597985e-05,-0.011745023,0.0008003176
14980,False,7.353226e-05,-0.005809119,-0.014810734
14981,False,7.4627605e-05,-0.013160432,0.0041203657
14982,False,7.3380026e-05,-0.012578512,-0.0036849165
14983,False,7.134069e-05,-0.01539268,-0.0062281415
14984,False,7.266105e-05,-0.01933467,-0.015365733
14985,False,7.236828e-05,-0.008545792,-0.0005980474
14986,False,7.217213e-05,-0.017114911,-0.004457663
14987,False,7.1915805e-05,0.006786721,-0.010700429
14988,False,6.921596e-05,-0.0067137443,-0.003242501
14989,False,6.9189286e-05,0.00046967994,0.004141434
14990,False,6.783278e-05,-0.008575957,0.012143549
14991,False,7.153325e-05,-0.014991875,0.004488284
14992,False,7.2236406e-05,0.0008840719,0.01736048
14993,False,7.328206e-05,-0.00074988743,0.012656796
14994,False,7.0995586e-05,-0.0028920947,0.017638832
14995,False,7.252828e-05,-0.004137529,0.018303439
14996,False,7.1262584e-05,-0.01398807,0.028747356
14997,False,6.9881055e-05,-0.016806703,0.0018919995
14998,False,6.972377e-05,-0.029565472,-0.0032819547
14999,False,7.618529e-05,-0.027098099,-0.01234379
15000,False,7.3474024e-05,-0.0057139657,-0.0036024125
15001,False,7.318179e-05,-0.019285522,-0.010319123
15002,False,7.094481e-05,-0.01930274,-0.0062270453
15003,False,7.032779e-05,-0.014234282,0.005545495
15004,False,7.2055765e-05,-0.005225634,0.00036641955
15005,False,7.140274e-05,0.011509555,0.012713779
15006,False,6.917137e-05,-0.008318126,0.010819914
15007,False,7.070851e-05,0.0034459867,0.014307015
15008,False,7.1867995e-05,0.0009840026,0.018972524
15009,False,6.9279806e-05,0.0020611808,0.009185085
15010,False,7.00004e-05,0.010330627,0.024633687
15011,False,6.634024e-05,-0.004530119,0.00404457
15012,False,6.719488e-05,-0.01170609,0.0024513705
15013,False,6.8760746e-05,-0.024335532,0.007735826
15014,False,7.132514e-05,-0.019019725,0.003943894
15015,False,6.87724e-05,-0.011615112,0.0088701565
15016,False,6.765968e-05,-0.019727916,0.028776342
15017,False,6.922737e-05,-0.018921345,0.027006246
15018,False,7.1019356e-05,-0.018089417,0.01722313
15019,False,6.942472e-05,-0.00091777276,0.013092214
15020,False,6.6115106e-05,-0.008859757,0.005622022
15021,False,6.529885e-05,-0.008905372,0.007959746
15022,False,6.412358e-05,0.008689323,0.023510516
15023,False,6.126444e-05,0.012287894,0.002996076
15024,False,6.331335e-05,-0.0032589529,-0.011209892
15025,False,6.0779927e-05,0.0025500949,-0.004658806
15026,False,6.4112624e-05,-0.0044208243,0.014841079
15027,False,6.064319e-05,-0.0047113355,0.005578289
15028,False,6.585943e-05,-0.0056551713,0.013629928
15029,False,6.319253e-05,-0.008397577,0.013075002
15030,False,6.16428e-05,-0.006898921,0.0107426215
15031,False,6.4555476e-05,-0.03121122,-0.004103329
15032,False,6.191119e-05,-0.010993601,-0.022490583
15033,False,6.203429e-05,0.002866365,0.005670756
15034,False,6.078959e-05,-0.0053057503,0.024914224
15035,False,6.0990264e-05,0.0010441523,0.004761506
15036,False,6.1284314e-05,-0.0074555,0.01903924
15037,False,5.999244e-05,-0.015278955,0.0074548014
15038,False,6.0272287e-05,-0.0042026993,-0.016557477
15039,False,6.1507104e-05,-0.011935376,-0.0052308477
15040,False,6.665285e-05,-0.012039781,0.0005779844
15041,False,6.418145e-05,-0.010975486,0.010751672
15042,False,6.231989e-05,-0.01713913,-0.01668578
15043,False,6.341439e-05,-0.017125951,0.0060664658
15044,True,6.3918604e-05,0.017993938,-0.01047305
15045,False,6.175326e-05,0.020129092,0.024340559
15046,False,6.289721e-05,0.01251054,0.009486061
15047,False,6.1459556e-05,-0.0017165076,0.0012216568
15048,False,6.226691e-05,-0.013159819,0.009476269
15049,False,6.382573e-05,0.006860733,0.016270127
15050,False,6.445653e-05,0.00081536174,0.029458594
15051,False,6.5494874e-05,-0.0062464857,0.006332036
15052,False,7.4076714e-05,-0.020181714,-0.001686071
15053,False,7.10419e-05,-0.022924963,0.0018539377
15054,False,7.2509036e-05,-0.012117839,-0.0031353189
15055,False,7.480512e-05,-0.016458163,-0.0031155944
15056,False,7.3894415e-05,-0.021095788,-0.0006969962
15057,False,7.45235e-05,-0.016271532,-0.00135497
15058,False,7.117619e-05,-0.0021820925,0.008149611
15059,False,7.1452945e-05,-0.004097428,-0.007967396
15060,False,6.932575e-05,-0.0070651295,-0.005048815
15061,False,6.643303e-05,-0.0030592345,0.00053519383
15062,False,7.361142e-05,0.0027443413,0.005506346
15063,False,7.156913e-05,-0.01476655,0.018191358
15064,False,7.179086e-05,-0.015426753,0.014104089
15065,False,6.973245e-05,0.0019344571,0.0066135903
15066,False,7.024918e-05,8.40947e-05,0.007939055
15067,False,6.887893e-05,0.00011895783,0.013342393
15068,False,6.80877e-05,-0.022290308,0.01160419
15069,False,7.038245e-05,-0.012017141,-0.0018721856
15070,False,7.300712e-05,-0.021846417,-0.003880171
15071,False,7.563075e-05,-0.012328433,-0.008686911
15072,False,7.359997e-05,-0.015515983,-0.009136263
15073,False,7.34838e-05,-0.026469007,-0.008055046
15074,False,7.0374444e-05,-0.037485063,-0.010586396
15075,False,7.091127e-05,-0.029334873,-0.004082212
15076,False,7.145158e-05,-0.015743114,-0.007267598
15077,False,6.9469475e-05,-0.012384047,0.0008457145
15078,False,7.18049e-05,-0.013201484,0.005523226
15079,False,7.140733e-05,0.0020998796,0.002519575
15080,False,6.9467154e-05,-0.003761298,0.03176088
15081,False,6.727453e-05,0.0049059233,0.006713975
15082,False,6.8765265e-05,0.013427991,0.015080187
15083,False,6.9379705e-05,-0.005160723,0.016524695
15084,False,7.090472e-05,-0.012166444,-0.010869287
15085,False,7.1442715e-05,-0.006870285,0.004062389
15086,False,7.0650116e-05,-0.008028288,0.018667042
15087,False,7.152181e-05,-0.03016965,0.009228623
15088,False,6.6404624e-05,-0.017087765,0.02186169
15089,False,7.379784e-05,-0.013395252,2.8185546e-05
15090,False,6.812184e-05,-0.01926234,0.013732392
15091,False,6.6476845e-05,-0.010007,0.014782291
15092,False,6.400334e-05,0.008706494,0.02471839
15093,False,6.4790314e-05,0.00022510719,0.018439174
15094,False,6.871386e-05,-0.020066474,0.015577137
15095,False,6.331427e-05,-0.008960944,-0.011378596
15096,False,6.0837185e-05,-0.009395067,-0.015277619
15097,False,6.294742e-05,-0.014484096,0.0071071703
15098,False,6.202279e-05,-0.005746564,-0.002571878
15099,False,6.53141e-05,-0.013051553,0.017490342
15100,False,6.344941e-05,-0.01698474,0.025680652
15101,False,6.403372e-05,-0.010842586,-0.001795127
15102,False,6.1250015e-05,-0.015461437,-0.014248598
15103,False,6.04237e-05,-0.005804032,-0.0058432072
15104,False,6.0172148e-05,-0.0009810533,-0.009048039
15105,False,6.204243e-05,-0.004010629,0.007100044
15106,False,6.4354965e-05,0.0060738847,0.0032908898
15107,False,6.473825e-05,0.002443513,0.013202457
15108,False,6.3346764e-05,0.00197409,-0.0037879292
15109,False,6.19815e-05,-0.013442253,-0.0020668413
15110,False,6.391161e-05,-0.015985593,0.008021567
15111,False,6.507901e-05,-0.010441796,-0.0043833256
15112,False,6.569183e-05,-0.005537656,-0.0038754013
15113,False,6.144005e-05,0.004559288,-0.0075071976
15114,False,6.2625186e-05,-0.025622046,0.013018692
15115,False,6.1225604e-05,-0.01647114,-0.0061281696
15116,False,6.3975276e-05,-0.03212955,0.0031493488
15117,False,6.0432292e-05,0.021318981,0.010632919
15118,False,6.176427e-05,-0.004129201,0.025057338
15119,False,6.285102e-05,0.009553775,0.013439763
15120,False,6.585324e-05,-0.01869921,0.00011858344
15121,False,6.426681e-05,-0.012543865,0.011060657
15122,False,6.5022745e-05,-0.004317336,0.0037139095
15123,False,7.548957e-05,-0.020084396,-0.0032518767
15124,False,7.22154e-05,-0.021578189,-0.014018886
15125,False,7.4222065e-05,-0.014660101,-0.0043659154
15126,False,7.285325e-05,-0.0063853916,-0.00917099
15127,False,7.1737355e-05,-0.022622136,-0.017203258
15128,False,7.038676e-05,-0.019232124,-0.010459712
15129,False,7.3113246e-05,-0.022896513,-0.0003733132
15130,False,6.779853e-05,-0.013873692,-0.0007316675
15131,False,7.166779e-05,0.0013294443,0.0011237506
15132,False,7.0923925e-05,0.0044510867,0.010532448
15133,False,7.252852e-05,-0.01091072,0.0011838693
15134,False,7.4356525e-05,-0.0072963424,0.011541488
15135,False,7.166044e-05,-0.0025303718,0.0020518638
15136,False,7.3151605e-05,-0.0016968651,-0.0017891433
15137,False,6.8721034e-05,-0.0006481409,0.009434821
15138,False,6.725512e-05,-0.0043886374,0.011907354
15139,False,7.3713694e-05,-0.015285784,-0.0035503032
15140,False,7.104042e-05,-0.028555665,0.0020643063
15141,False,7.274182e-05,-0.012393488,-0.003277121
15142,False,7.531117e-05,-0.013475694,-0.006543465
15143,False,7.518038e-05,-0.019324925,0.0023007188
15144,False,7.253554e-05,-0.027464285,-0.00069600716
15145,False,6.851369e-05,-0.005864421,-0.0031197402
15146,False,7.478307e-05,-0.005928429,-0.002952721
15147,False,7.46912e-05,-0.022744888,-0.017615061
15148,False,7.519767e-05,-0.026857188,-0.012239687
15149,False,7.406898e-05,-0.019198237,-0.0059746504
15150,False,7.097788e-05,0.0053792205,0.007943877
15151,False,6.5356915e-05,-0.012801424,-0.008504916
15152,False,6.7863926e-05,-0.012478251,0.007577587
15153,False,6.951136e-05,-0.015881067,0.009346567
15154,False,7.397239e-05,0.0077795573,0.000899056
15155,False,7.360239e-05,-0.02139568,0.012829024
15156,True,6.6043925e-05,-0.0030655116,0.01614091
15157,False,7.019497e-05,-0.014995413,0.023070574
15158,False,7.093703e-05,-0.014710405,0.016158083
15159,False,6.769077e-05,-0.013753712,0.009365075
15160,False,6.815196e-05,-0.0023635696,0.0054111974
15161,False,6.692987e-05,-0.016265998,0.006955914
15162,False,7.0948015e-05,-0.016611055,0.011595218
15163,False,6.8473804e-05,-0.01345065,-0.01584708
15164,False,7.1306305e-05,-0.0223885,-0.0006381422
15165,False,7.140098e-05,-0.011186064,-0.011008489
15166,False,6.8495225e-05,-0.035629272,-0.009333139
15167,False,6.4130705e-05,-0.008375706,0.0028240941
15168,False,6.254907e-05,-0.0105655305,-0.0038892198
15169,False,6.509787e-05,-0.011402876,0.0007734336
15170,False,6.50765e-05,-0.019481836,-0.0049970634
15171,False,6.526401e-05,-0.009635337,-0.011858775
15172,False,6.4226224e-05,-0.002738378,-0.0075896364
15173,False,6.6019864e-05,-0.00854836,-0.012369178
15174,False,7.268569e-05,-0.0137559995,-0.019838665
15175,False,7.0349626e-05,-0.019632326,0.0034284405
15176,False,6.768668e-05,-0.0198222,-0.011375638
15177,False,6.65309e-05,-0.01366505,-0.004376824
15178,False,6.812813e-05,-0.0161843,0.011718596
15179,False,6.657311e-05,-0.023873165,-0.0128604565
15180,False,6.609869e-05,-0.008042508,-0.003881704
15181,False,6.890092e-05,-0.01244113,-0.0020267367
15182,False,6.574596e-05,-0.0019818172,-0.0070198495
15183,False,6.538645e-05,-0.0067149214,0.027967567
15184,False,6.7283174e-05,-0.015833355,-0.0005403254
15185,False,6.68664e-05,-0.014791525,0.017198462
15186,False,6.1002276e-05,-0.01193133,-0.014572023
15187,False,6.1847255e-05,0.0042387806,0.011024785
15188,False,6.7432324e-05,-0.019537885,0.012557536
15189,False,7.569736e-05,-0.020029038,-0.011093326
15190,False,7.4135096e-05,-0.016295193,-0.0016756575
15191,False,7.43522e-05,-0.016625788,0.0048082303
15192,False,7.299749e-05,-0.012145801,-0.016108835
15193,False,7.201559e-05,-0.028419178,-0.004274521
15194,False,7.417536e-05,-0.008696902,-0.01796275
15195,False,6.909641e-05,-0.016318303,-0.0015095109
15196,False,7.041925e-05,0.0016326909,-0.015459879
15197,False,7.304906e-05,-0.02475198,0.0028343666
15198,False,7.009233e-05,-0.004767021,-0.0015735263
15199,False,6.972186e-05,-0.006697418,-0.002999233
15200,False,7.032611e-05,-0.0018910123,0.00020052725
15201,False,7.165436e-05,0.0046502114,0.0011368264
15202,False,7.1590184e-05,-0.004702963,-0.00052755326
15203,False,7.0499154e-05,-0.014624653,0.0041998494
15204,False,7.224393e-05,-0.00029111095,-0.01195306
15205,False,7.2736286e-05,-0.019766692,-0.0057985634
15206,False,7.075596e-05,-0.011589905,-0.00467697
15207,False,7.308627e-05,-0.017641978,-0.016400412
15208,False,7.1688635e-05,-0.008896466,-0.010293812
15209,False,7.097754e-05,-0.01866641,-0.013947498
15210,False,7.4161835e-05,-0.029252347,-0.012916129
15211,False,7.230288e-05,-0.0068946695,0.0098757
15212,False,7.330522e-05,-0.009748517,-0.011835234
15213,False,7.226405e-05,-0.021454131,-0.025892239
15214,False,7.3433206e-05,-0.02316818,-0.00596139
15215,False,7.291164e-05,-0.012726617,-0.010625455
15216,False,7.233619e-05,-0.009587016,-0.019318113
15217,False,6.617396e-05,-0.020409381,-0.025208123
15218,False,7.18726e-05,-0.023684174,0.0016288478
15219,False,7.666116e-05,-0.033102028,-0.0046047904
15220,False,7.316201e-05,-0.014971287,-0.0027016941
15221,False,7.030644e-05,0.007701776,0.0063903183
15222,False,6.8046334e-05,-0.013068136,0.02064493
15223,False,6.627382e-05,-0.008858818,-0.009684565
15224,False,6.768347e-05,-0.020115146,-0.014110599
15225,False,6.909481e-05,-0.009590987,0.0039523453
15226,False,6.7632034e-05,-0.012214647,-0.007820052
15227,False,6.744178e-05,-0.012419916,-0.01086103
15228,False,7.195029e-05,-0.024254335,-0.0032736156
15229,False,6.888251e-05,-0.011849678,-0.011293275
15230,False,6.3356114e-05,-0.029153481,-0.0070654918
15231,False,6.729035e-05,-0.025333885,-0.008798853
15232,False,6.931489e-05,-0.012160942,-0.0051404377
15233,False,6.6659755e-05,-0.0071371067,-0.005444629
15234,False,6.638279e-05,-0.017199881,5.3082593e-05
15235,False,6.8003086e-05,-0.005496814,-0.0056496207
15236,False,6.776604e-05,-0.01142653,-0.00695275
15237,False,6.637961e-05,-0.010597479,0.00071394444
15238,False,6.823065e-05,-0.0045879926,0.016665395
15239,False,6.7698136e-05,-0.008253079,0.026775498
15240,False,6.7987785e-05,-0.015361816,0.022559466
15241,False,6.7721216e-05,-0.015675783,0.022666987
15242,False,7.088045e-05,-0.0072314264,-0.003564436
15243,False,6.821936e-05,-0.019523337,-0.0067640487
15244,False,6.711652e-05,-0.02356055,0.01422907
15245,False,6.6647895e-05,-0.0039678626,-0.0077067893
15246,False,6.61499e-05,-0.0015090555,-0.0010492727
15247,False,6.654741e-05,-0.003947202,0.010851668
15248,False,6.651707e-05,-0.008544115,0.00976051
15249,False,6.744258e-05,-0.018985994,0.00832667
15250,False,6.863758e-05,-0.015630364,0.006485803
15251,False,6.9338246e-05,-0.020702474,0.00388949
15252,False,6.609606e-05,-0.013530468,0.0015861169
15253,False,7.527237e-05,-0.022267913,-0.005127413
15254,False,7.2994735e-05,-0.017945718,-0.010644363
15255,False,7.466907e-05,-0.016179226,-0.012469681
15256,False,7.4577045e-05,-0.013556058,-0.020894915
15257,False,7.038666e-05,-0.004465102,-0.017025512
15258,False,7.172413e-05,-0.011517772,0.006666177
15259,False,7.124529e-05,-0.0055634454,0.010873407
15260,False,7.1631664e-05,-0.031422064,0.0049489574
15261,False,6.988861e-05,-0.009434774,-0.0028051175
15262,False,6.884512e-05,0.009463153,0.0030552782
15263,False,7.174174e-05,-0.010772353,0.007347719
15264,False,7.1594885e-05,-0.0029136054,-0.003917072
15265,False,7.219589e-05,-0.009420948,0.0045560827
15266,False,7.319239e-05,-0.005424238,-0.009936528
15267,False,7.155947e-05,-0.02504583,-0.0030188216
15268,False,7.246041e-05,-0.01617461,0.010687489
15269,False,7.222492e-05,-0.018091537,-0.010649221
15270,False,7.3339455e-05,-0.012809164,-0.009876408
15271,False,7.420274e-05,-0.018569183,-0.015347954
15272,False,7.306907e-05,-0.023903046,-0.02622966
15273,False,7.431215e-05,-0.01974131,-0.008783873
15274,False,7.4208496e-05,-0.0153643135,-0.01778635
15275,False,7.545881e-05,-0.01963583,-0.015227305
15276,False,7.545298e-05,-0.019956108,-0.0054539014
15277,False,7.3260475e-05,-0.019579506,-0.015443433
15278,False,7.2403214e-05,-0.0056811664,-0.0051180217
15279,False,6.8783804e-05,-0.025493124,-0.0107065635
15280,False,7.472289e-05,-0.03224603,0.003576586
15281,False,7.3867406e-05,-0.029792907,-0.015415378
15282,False,7.416467e-05,-0.029548453,0.012634404
15283,False,7.3577525e-05,-0.025074616,0.0058841184
15284,False,6.765627e-05,-0.0068559865,0.0022760108
15285,False,6.990486e-05,-0.0064930646,0.01772298
15286,False,6.9182766e-05,-0.012517145,0.0036155805
15287,False,6.826577e-05,-0.011649419,-0.0010398151
15288,False,6.57236e-05,-0.016340883,-0.024986532
15289,False,6.529031e-05,-0.01728219,-0.008776436
15290,False,6.432645e-05,-0.014689857,-0.010892702
15291,False,6.449945e-05,0.0027550356,-0.005906457
15292,False,6.3571395e-05,-0.008956134,-0.0046209106
15293,False,6.5937566e-05,-0.0115552135,0.012408256
15294,False,6.962863e-05,-0.018014377,0.008197153
15295,False,6.8959926e-05,-0.02924367,-0.010346366
15296,False,6.632367e-05,-0.009246861,-0.0063659903
15297,False,6.5790045e-05,-0.002237245,-0.015255026
15298,False,6.8533474e-05,-0.009811402,0.016080922
15299,False,6.729337e-05,-0.006103728,-0.001179399
15300,False,6.685515e-05,-0.006546071,0.004313737
15301,False,6.875446e-05,-0.017562218,-0.004748406
15302,False,6.850191e-05,-0.0046376167,0.009699304
15303,False,6.8248184e-05,-0.010849775,0.016967619
15304,False,6.7294895e-05,-0.010750009,0.015866447
15305,False,6.8076886e-05,-0.01477478,0.005771335
15306,False,6.84482e-05,-0.034294307,0.003870448
15307,False,6.745302e-05,-0.012314954,0.0042325985
15308,False,6.653117e-05,-0.003976863,-0.003478039
15309,False,6.5335684e-05,-0.012964978,0.0074113943
15310,False,6.4769025e-05,0.01065986,0.007930275
15311,False,6.832509e-05,-0.009551247,0.0048265606
15312,False,6.6566434e-05,-0.008342122,0.0072474927
15313,False,6.81042e-05,-0.030003835,0.035683427
15314,False,7.1509014e-05,-0.026431438,0.0012800768
15315,False,7.448135e-05,-0.00941688,-0.0086175855
15316,False,7.135501e-05,-0.01790624,-0.017563336
15317,False,7.178581e-05,-0.012724131,-0.002336172
15318,False,7.383248e-05,-0.013736296,0.008108027
15319,False,7.458386e-05,-0.016305694,0.013900617
15320,False,6.877282e-05,-0.0063471124,0.016096909
15321,False,7.108117e-05,-0.010169148,0.00080968346
15322,False,7.5053176e-05,-0.007334674,-0.006638308
15323,False,7.055561e-05,-0.01077361,-0.006808322
15324,False,7.3644005e-05,0.0030544782,0.006399396
15325,False,7.275661e-05,-0.012587923,-0.007912347
15326,False,7.40311e-05,-0.011990616,-0.0125346845
15327,False,7.3265524e-05,-0.008210482,-0.00056822784
15328,False,6.991784e-05,-0.010450086,-0.0033314005
15329,False,7.475661e-05,-0.011748359,-0.0022225957
15330,False,7.2903655e-05,-0.007109382,-0.014714264
15331,False,7.460155e-05,-0.01817397,-0.015150033
15332,False,7.477315e-05,-0.014033055,-0.00010848977
15333,False,7.427795e-05,-0.00932218,-0.0065489635
15334,False,7.2972456e-05,-0.020901399,-0.021442018
15335,False,7.568508e-05,-0.014143559,-0.008722885
15336,False,7.3887764e-05,-0.009714367,-0.02537417
15337,False,6.9712245e-05,-0.008148463,-0.012123122
15338,False,7.5295786e-05,-0.017241672,-0.004982407
15339,False,7.571504e-05,-0.036288366,-0.0048430497
15340,False,7.296202e-05,-0.019368446,0.0019176211
15341,False,7.379132e-05,-0.018775363,-0.005628244
15342,False,7.418249e-05,-0.019089065,-0.003880281
15343,False,6.882362e-05,-0.019789223,-0.0005842298
15344,False,7.2510666e-05,-0.015673965,0.0023276247
15345,False,6.699318e-05,-0.0023903847,-0.004956048
15346,False,6.743718e-05,-0.010800783,-0.003998846
15347,False,6.191606e-05,-0.0034539942,-0.00558177
15348,False,6.9855596e-05,-0.008984519,0.004102153
15349,False,6.9257396e-05,0.0057182885,0.0059101228
15350,False,6.332584e-05,-0.01365618,-0.015798684
15351,False,6.340531e-05,-0.015025423,-0.011001228
15352,False,6.621305e-05,-0.0113908425,0.0011078827
15353,False,6.622371e-05,-0.014334756,-0.00093582645
15354,False,6.767399e-05,-0.015107613,0.009848618
15355,False,7.4215786e-05,-0.021313962,0.0146427415
15356,False,6.9333066e-05,-0.0272969,0.00069159083
15357,False,6.859229e-05,-0.017355623,0.009347561
15358,False,6.788352e-05,-0.015138937,0.013990872
15359,False,6.8847774e-05,-0.019951712,0.016061056
15360,False,6.913343e-05,-0.0035974383,0.029645728
15361,False,7.1260205e-05,-0.010621211,0.017701816
15362,False,6.876678e-05,-0.009189235,0.016364878
15363,False,6.990345e-05,-0.012510359,0.005009081
15364,False,6.9834605e-05,-0.008385924,0.01046456
15365,False,6.75924e-05,-0.004792192,0.00776509
15366,False,6.9987036e-05,-0.014464649,0.0019962713
15367,False,6.624111e-05,-0.008967966,0.0066996226
15368,False,6.755451e-05,0.0016028099,0.004752311
15369,False,6.7584646e-05,-0.012643435,0.012420053
15370,False,6.723109e-05,-0.011089511,-0.0010993313
15371,False,6.810635e-05,-0.0044153025,0.01882603
15372,False,6.67339e-05,-0.0134028215,0.029818002
15373,False,7.395966e-05,-0.0103027355,-0.003117261
15374,False,7.494834e-05,-0.017594531,-0.011146356
15375,False,7.369204e-05,-0.018394468,-0.0017016036
15376,False,7.533677e-05,-0.010308886,0.007812381
15377,False,7.472155e-05,-0.0034001581,0.0025302581
15378,False,7.438816e-05,-0.013985433,-0.0052073635
15379,False,7.441526e-05,-0.021924557,-0.022470415
15380,False,7.142337e-05,-0.024642762,0.0030226572
15381,False,7.228556e-05,-0.0040220637,-0.00016098842
15382,False,7.2929586e-05,-0.023961047,-0.0026876787
15383,False,7.489389e-05,-0.017722424,-0.014678417
15384,False,7.636316e-05,-0.010011416,0.00035076123
15385,False,7.273335e-05,-0.01237462,-0.010345817
15386,False,7.550185e-05,-0.03015244,-0.020711176
15387,False,7.327309e-05,0.0016925624,0.00036774948
15388,False,7.625024e-05,-0.0127564855,-0.010576155
15389,False,7.286404e-05,-0.025843412,-0.010267282
15390,False,7.493145e-05,-0.01990081,0.010865118
15391,False,7.484119e-05,-0.017363265,0.009118108
15392,False,7.453619e-05,-0.03216766,-0.015687456
15393,False,7.3026786e-05,-0.025903415,-0.016552832
15394,False,7.326495e-05,-0.010649744,-0.014478348
15395,False,7.165598e-05,-0.024799928,-0.019086566
15396,False,7.582211e-05,-0.011553701,0.003376115
15397,False,7.2972995e-05,-0.01301809,0.0123538375
15398,False,7.311695e-05,-0.017647753,-0.02268767
15399,False,7.421562e-05,-0.022218205,0.0059940964
15400,False,7.56715e-05,-0.020809248,0.0078198835
15401,False,7.282808e-05,-0.010884867,-0.002236519
15402,False,7.109184e-05,-0.020041319,0.0007242672
15403,False,6.966792e-05,-0.010353094,0.006826952
15404,False,6.655125e-05,-0.0051262877,0.010714242
15405,False,6.7295536e-05,0.0064490233,0.014716875
15406,False,6.383786e-05,-0.0062025683,-0.0044519976
15407,False,6.95584e-05,-0.00275906,-0.008092084
15408,False,6.604933e-05,-0.02221125,0.005734928
15409,False,6.82972e-05,-0.011176607,0.0065761954
15410,False,7.107346e-05,-0.010375783,0.00026956596
15411,False,6.7954286e-05,-0.010064031,-0.009057353
15412,False,7.401763e-05,-0.01481379,0.015697781
15413,False,7.1881135e-05,-0.030722175,0.007646382
15414,False,6.892685e-05,-0.02546451,0.011949071
15415,False,6.752063e-05,-0.0062968284,0.017712917
15416,False,6.714477e-05,-0.022975726,0.012587318
15417,False,6.924632e-05,-0.007879852,0.010535637
15418,False,7.0049515e-05,-0.013265202,0.0018241014
15419,False,6.873995e-05,-0.010160188,0.017605145
15420,False,6.935222e-05,-0.0029387954,0.00029968284
15421,False,7.128713e-05,-0.0061338423,0.0041753976
15422,False,6.9243484e-05,-0.015878834,0.0017774161
15423,False,7.136914e-05,-0.019297726,-0.021662595
15424,False,6.889881e-05,-0.012863036,-0.0025985315
15425,False,6.761571e-05,-0.00855195,-0.00076740235
15426,False,7.509628e-05,-0.016783882,0.005341784
15427,False,7.572631e-05,-0.017605748,0.01816352
15428,False,7.2023286e-05,-0.0052334443,0.006719079
15429,False,7.026544e-05,-0.020719308,0.007992877
15430,False,7.201152e-05,-0.02422426,0.001877144
15431,False,6.985285e-05,-0.014997333,-0.0051006535
15432,False,7.17433e-05,-0.026053654,-0.0032439067
15433,False,7.223729e-05,-0.023095433,-0.009751537
15434,False,7.542674e-05,-0.023624746,-0.004254084
15435,False,7.0656184e-05,-0.020169612,0.0011247769
15436,False,7.2172355e-05,-0.020493085,-0.0064177923
15437,False,7.088126e-05,-0.0301995,-0.01982946
15438,False,7.4024734e-05,-0.009286194,-0.002701147
15439,False,7.486126e-05,-0.02660661,-0.008754827
15440,False,7.5294556e-05,-0.011343023,-0.007798244
15441,False,7.3363684e-05,-0.01566174,-0.006363171
15442,False,7.25324e-05,-0.008537587,0.0076093003
15443,False,7.110203e-05,-0.019474447,0.0021578688
15444,False,7.234158e-05,-0.019213099,-0.007692877
15445,False,7.6623845e-05,-0.024199758,-0.0004839711
15446,False,7.419538e-05,-0.022439705,-0.0046901666
15447,False,7.377346e-05,-0.011998819,0.006956823
15448,False,6.775387e-05,-0.031149555,0.007513728
15449,False,7.615256e-05,-0.015365758,0.010771662
15450,False,7.378691e-05,-0.011434553,-0.0097523965
15451,False,7.58004e-05,-0.019540582,-0.010680364
15452,False,7.4050964e-05,-0.01639963,-0.017232496
15453,False,6.877404e-05,-0.01429501,0.012488486
15454,False,7.1331444e-05,-0.008523095,0.0006827954
15455,False,6.619165e-05,0.00063135475,-0.0059568286
15456,False,6.263373e-05,-0.015153828,-0.009195156
15457,False,6.835559e-05,-0.014876299,-0.014737093
15458,False,6.915243e-05,-0.003025312,-0.0024723678
15459,False,7.641777e-05,-0.0220574,-0.007583672
15460,False,7.0160866e-05,-0.01593098,-0.0013799239
15461,False,7.2270734e-05,-0.014986933,0.008238627
15462,False,6.9141766e-05,-0.010097823,0.0146631375
15463,False,7.0063055e-05,-0.0012990986,0.008342896
15464,False,7.2241106e-05,-0.026362436,-0.00034934655
15465,False,7.2427814e-05,-0.035214327,-0.00024643354
15466,False,6.706105e-05,-0.013290159,0.011978346
15467,False,7.2516086e-05,-0.007906361,0.010949254
15468,False,6.986215e-05,-0.022626396,-0.016450355
15469,False,7.273262e-05,-0.015431689,0.00070990855
15470,False,7.061911e-05,-0.010956681,0.0016262569
15471,False,7.381888e-05,-0.030507676,-0.0053265234
15472,False,7.360137e-05,-0.016819572,0.0009784158
15473,False,7.447189e-05,-0.021402698,0.0010419115
15474,False,7.47251e-05,-0.018435553,-5.0366856e-05
15475,False,7.291388e-05,-0.015086286,-0.0037317034
15476,False,7.555825e-05,-0.012848798,-6.005168e-05
15477,False,7.624843e-05,-0.0182768,0.020558875
15478,False,7.331608e-05,-0.017833538,0.004336099
15479,False,7.119652e-05,-0.032431953,0.0013395287
15480,False,7.1823386e-05,-0.02134293,0.00963456
15481,False,7.30907e-05,-0.024174286,0.021293974
15482,False,7.499233e-05,-0.013828056,0.018517677
15483,False,7.321659e-05,-0.0007307702,0.008167407
15484,False,7.047924e-05,-0.020284384,0.010833351
15485,False,7.333273e-05,-0.019758577,-0.0027450211
15486,False,6.680425e-05,-0.0056279725,0.012600565
15487,False,7.347954e-05,-0.0011766572,0.0043951347
15488,False,7.066628e-05,-0.005843594,0.017030414
15489,False,6.931345e-05,-0.012132526,-0.0033091228
15490,False,7.377122e-05,-0.027605759,0.0075339675
15491,False,7.4335425e-05,-0.0121507505,0.006652154
15492,False,7.649354e-05,-0.017969083,0.0049540885
15493,False,7.611694e-05,-0.011172866,0.00659851
15494,False,7.641087e-05,-0.0030648746,-0.006700646
15495,False,7.6980425e-05,-0.007275244,0.00019074231
15496,False,7.52657e-05,-0.014044829,0.004812464
15497,False,7.218606e-05,-0.012394752,-0.0027090684
15498,False,7.669045e-05,-0.021010462,-0.010436487
15499,False,7.594928e-05,-0.018023085,0.0025791943
15500,False,7.393232e-05,-0.036581974,0.018414583
15501,False,7.414789e-05,-0.029578473,-0.0016133972
15502,False,7.310678e-05,-0.017829578,0.003728168
15503,False,7.047411e-05,-0.008328872,-0.0037042806
15504,False,7.5914366e-05,-0.020927869,0.004475355
