slide_id,n_tiles_used,tumor_fraction,mean_p_tum,status,frac_ADI,meanP_ADI,frac_BACK,meanP_BACK,frac_DEB,meanP_DEB,frac_LYM,meanP_LYM,frac_MUC,meanP_MUC,frac_MUS,meanP_MUS,frac_NORM,meanP_NORM,frac_STR,meanP_STR,frac_TUM,meanP_TUM
1210-2-16,4744.0,0.0006323777403035413,0.007305518400287387,ok,0.0008431703204047217,0.0038625145368605075,0.08347386172006746,0.09122689726915194,0.002318718381112985,0.007476911563465571,0.0,0.000817153447028724,0.8216694772344013,0.7724036638343659,0.09000843170320405,0.1065280293657698,0.0008431703204047217,0.006268499893829418,0.00021079258010118043,0.004110811689240828,0.0006323777403035413,0.007305518400287387
HP1353_21_1.pyramidal,3604.0,0.0,2.2800117346520395e-05,ok,0.0,2.2324162892173577e-06,1.0,0.9990826537397125,0.0,0.0006184698220185859,0.0,2.451073775896615e-05,0.0,0.00011708723645647544,0.0,8.029017392981852e-05,0.0,1.0444126653685016e-05,0.0,4.151162983421619e-05,0.0,2.2800117346520395e-05
HP1458_22.pyramidal,12877.0,0.010561466180010873,0.014371380627027504,ok,0.22730449638891045,0.21229949381582416,0.011881649452512232,0.017106628649223972,0.024928166498408014,0.026981873615777398,0.08231730993243767,0.08100459754241178,0.20633687970800652,0.21252678616811616,0.3375009707229945,0.33214509082619464,0.08091946882037741,0.08037218519950515,0.018249592296342317,0.023191963555919227,0.010561466180010873,0.014371380627027504
MSI_B23_2132,1885.0,0.0,7.612358053001831e-06,ok,0.0,2.4599196501400585e-06,1.0,0.9990411650581555,0.0,0.00048770787799350845,0.0,1.6241038240564438e-05,0.0,0.000355601348529744,0.0,2.0269448002843826e-05,0.0,1.8136022223230767e-05,0.0,5.080692915136341e-05,0.0,7.612358053001831e-06
1210-3-16,3897.0,0.14062099050551707,0.14770916943166076,ok,0.003849114703618168,0.008379729949508767,0.06979727995894278,0.07820628613127475,0.1147036181678214,0.11311430592777993,0.004618937644341801,0.01126497958121832,0.30484988452655887,0.2945930491779972,0.35642802155504233,0.32374239500316976,0.003079291762894534,0.011121785140363853,0.002052861175263023,0.011868299657026585,0.14062099050551707,0.14770916943166076
b22_1101_msi,20121.0,0.2212116694001292,0.2155626612421307,ok,0.22165896327220316,0.20967658211222062,0.043238407633815416,0.05802523169168897,0.11291685303911336,0.11362230978063582,0.006460911485512648,0.010816566323562257,0.26832662392525225,0.25821678489091066,0.05138909596938522,0.05323253629230565,0.004174742806023557,0.009628285447624885,0.07062273246856518,0.07121904221892048,0.2212116694001292,0.2155626612421307
HP2074_21_5.pyramidal,11410.0,0.0,1.92047919496087e-05,ok,0.0,7.115958810592074e-07,1.0,0.998951932060658,0.0,0.0007874652799973569,0.0,1.945644649025158e-05,0.0,3.1094438758839554e-05,0.0,0.00015897286791912286,0.0,8.083419441699689e-06,0.0,2.3079098904149048e-05,0.0,1.92047919496087e-05
B22_3700_MSI.pyramidal,13044.0,0.012649494020239191,0.023009355718365175,ok,7.666360012266176e-05,0.0008728189316319078,0.06539405090463048,0.09142941116801018,0.3430696105489114,0.33158194032561916,0.49294694878871514,0.4360194903082314,0.02491567003986507,0.032633525292278795,0.016712664826740265,0.03001650551270935,0.002529898804047838,0.008130300825337956,0.041704998466728,0.04630665191781601,0.012649494020239191,0.023009355718365175
HP2911_22_5.pyramidal,17924.0,0.2145726400357063,0.21222224710215734,ok,0.033418879714349474,0.030593802485712432,0.02393438964516849,0.02524852995554524,0.07096630216469538,0.07604198139084364,0.03018299486721714,0.03294566022096759,0.08642044186565499,0.10800579576666211,0.43623075206427137,0.39918089910540927,0.0798928810533363,0.07956777587183589,0.024380718589600534,0.03619330810086646,0.2145726400357063,0.21222224710215734
b22_1285_22,13148.0,0.06708244599939155,0.06818623206389028,ok,0.16565257073319137,0.1568536415006297,0.04928506236689991,0.05565246082509996,0.12838454517797385,0.1248560356553771,0.06388804380894432,0.06733401815328643,0.3030879221174323,0.2888135686561235,0.1410100395497414,0.1465561856089803,0.003118344995436568,0.009998441533818625,0.07849102525098875,0.08174941600279419,0.06708244599939155,0.06818623206389028
HP2321_21.pyramidal,7679.0,0.13217866909753875,0.13289454051414148,ok,0.0002604505795025394,0.0011562666358576122,0.03841646047662456,0.04735769245068706,0.649433519989582,0.6137711377125672,0.0023440552155228546,0.0074696694831789725,0.12384425055345748,0.12385638005766147,0.045969527282198205,0.05723652964581244,0.007422841515822373,0.013563445883447978,0.0001302252897512697,0.0026943376166457347,0.13217866909753875,0.13289454051414148
HP2069_21.pyramidal,14130.0,0.05421089879688606,0.06282447025603775,ok,0.03205944798301486,0.03185693444008996,0.045647558386411886,0.044733541239043585,0.06779900920028309,0.06974649504478656,0.0051663128096249115,0.009727663271286234,0.08789808917197452,0.08931274158742687,0.6006369426751592,0.5857089563777372,0.10438782731776362,0.1017040005809329,0.0021939136588818116,0.004385197202658861,0.05421089879688606,0.06282447025603775
b23_2222msi,1460.0,0.11986301369863013,0.10898722657924159,ok,0.0013698630136986301,0.003477442019919367,0.6753424657534246,0.6577523391397561,0.04863013698630137,0.05592457348818692,0.023972602739726026,0.02968298957484377,0.04246575342465753,0.05445642571341939,0.01643835616438356,0.016437239193345724,0.0684931506849315,0.06818141252753919,0.003424657534246575,0.005100351763748025,0.11986301369863013,0.10898722657924159
1210-4-16,1687.0,0.13870776526378187,0.13750834314585317,ok,0.005334914048606995,0.01483974811465002,0.06935388263189093,0.07438355600972897,0.10729104919976289,0.11008756972117488,0.016597510373443983,0.020444356524710373,0.3805572021339656,0.34797918560882074,0.2548903378778897,0.2473096470294726,0.005334914048606995,0.0165439175901421,0.021932424422050976,0.030903676255447186,0.13870776526378187,0.13750834314585317
HP2020_22.pyramidal,12164.0,0.23783294968760277,0.2264689174462705,ok,0.008549819138441302,0.01104732923902444,0.020141400854981915,0.024630295956883517,0.05055902663597501,0.061635183859581874,0.004685958566261098,0.008245822713889196,0.37742518908253864,0.35902231087288605,0.24580730023018743,0.23253869912977984,0.03066425517921736,0.049195037322652395,0.024334100624794474,0.027216403459032198,0.23783294968760277,0.2264689174462705
B2581_22_MSI.pyramidal,2992.0,0.052807486631016046,0.04317857858110771,ok,0.002005347593582888,0.009143294545329108,0.1443850267379679,0.1301926704145469,0.009692513368983958,0.014246959232561992,0.0053475935828877,0.016051528814449142,0.03442513368983957,0.04551326856590469,0.0016711229946524064,0.003975249238159008,0.7453208556149733,0.7331384037245033,0.004344919786096257,0.004560046883438077,0.052807486631016046,0.04317857858110771
MSI-B464-23-,20440.0,0.00014677103718199608,0.00024244339239438886,ok,0.0053816046966731895,0.005290941275171136,0.9836594911937377,0.9828017406960086,0.0,0.0005157529032394716,0.0007338551859099804,0.0007270248746135836,0.006457925636007828,0.006438048158218779,0.0021037181996086105,0.002157554739961302,4.892367906066536e-05,0.0001878501151977349,0.0014677103718199608,0.0016386438451951087,0.00014677103718199608,0.00024244339239438886
MSI-B985-22,16920.0,0.0,3.800870028312865e-05,ok,0.0,9.224819640833437e-07,1.0,0.9992901157237809,0.0,0.0004821370803044194,0.0,3.486394153898765e-05,0.0,5.482806569072025e-05,0.0,6.0002638237986576e-05,0.0,8.669060299388495e-06,0.0,3.0452307900541193e-05,0.0,3.800870028312865e-05
MSI-B985_3_22,16995.0,0.0,4.0421162112605774e-05,ok,0.0,9.942324380599258e-07,1.0,0.9992688668845094,0.0,0.0004924607862475039,0.0,3.656717864007527e-05,0.0,5.028111404450702e-05,0.0,7.026998293050191e-05,0.0,8.504833859074907e-06,0.0,3.163382521822271e-05,0.0,4.0421162112605774e-05
MSI-B1919-22,15505.0,0.25191873589164787,0.20836355402774645,ok,0.08087713640761045,0.08150371878746755,0.06694614640438568,0.09302085381632806,0.1705901322154144,0.1601533096370949,0.1489197033215092,0.1446528470260101,0.12054176072234762,0.12774636596526695,0.017542728152208965,0.02041091427614095,0.06468881006127056,0.07531977565376484,0.0779748468236053,0.0888286608101802,0.25191873589164787,0.20836355402774645
MSI_B975-22,55.0,0.0,2.2497354545238764e-05,ok,0.0,9.158113817117234e-07,1.0,0.9995252205648939,0.0,0.00027148957467359216,0.0,2.2702916646771146e-05,0.0,0.00011066400796048693,0.0,5.452346365963796e-06,0.0,9.270242873336073e-06,0.0,3.178718065891111e-05,0.0,2.2497354545238764e-05
MSI_B2581-22,468.0,0.0,0.002610913906844577,ok,0.2905982905982906,0.27325468419869886,0.19444444444444445,0.20502674032204957,0.0,0.0032522029138484614,0.14316239316239315,0.13775602835194767,0.3482905982905983,0.31175727267747033,0.0,0.0001875587424252777,0.01282051282051282,0.0434740130669875,0.010683760683760684,0.022680585819727813,0.0,0.002610913906844577
MSI-B2912_3_22,22078.0,0.040628680134070116,0.03947920325276685,ok,0.008515264063773892,0.00912826859174075,0.7229368602228463,0.7113784836133574,0.02631578947368421,0.029108511482357793,0.0012229368602228463,0.0026781368210882887,0.07147386538635746,0.07806932274972031,0.08678322311803606,0.08485964326446044,0.03578222665096476,0.03582789994536184,0.0063411540900443885,0.009470530279146277,0.040628680134070116,0.03947920325276685
MSI-B2912-2-22A,22232.0,0.19296509535804246,0.18679100200341275,ok,0.050467794170564954,0.049049322417624046,0.010300467794170565,0.014156285531451965,0.06013853904282116,0.06242288262766996,0.007871536523929471,0.010350005245986078,0.12625944584382873,0.12755448596165922,0.27356962936308027,0.27016749278097346,0.241453760345448,0.24041656636842776,0.03697373155811443,0.03909195706279473,0.19296509535804246,0.18679100200341275
MSI-B2912-2-22,22185.0,0.03786342123056119,0.03681334919344712,ok,0.0064007212080234395,0.007249134558022774,0.7587108406581023,0.7473129977567441,0.022402524228082036,0.024623927947443783,0.0013973405454135678,0.0028090376610893043,0.06562993013297273,0.07285785184440986,0.06378183457290962,0.062241590721465345,0.036511156186612576,0.03668213879678056,0.007302231237322515,0.009409971520597329,0.03786342123056119,0.03681334919344712
MSI-B138-22,26046.0,0.150349381862858,0.1429078737207248,ok,0.034707824617983565,0.04397913097478589,0.026952315134761574,0.03450046452152908,0.016317284803808646,0.021545055845091636,0.06757275589341934,0.06817882142068682,0.2611149504722414,0.24696940316313537,0.25278353681947324,0.25268436985782977,0.17557398448898104,0.17036766833085518,0.014627965906473164,0.01886721216536142,0.150349381862858,0.1429078737207248
MSI_B110-23,3315.0,0.04193061840120663,0.05224963092885839,ok,0.058823529411764705,0.10482598849369565,0.05007541478129714,0.08516330555241142,0.0018099547511312218,0.002903872212593754,0.0,0.0015490987603018513,0.8280542986425339,0.7202385366223564,0.00030165912518853697,0.0009997890142497265,0.019004524886877826,0.029230024465972594,0.0,0.0028397539495601345,0.04193061840120663,0.05224963092885839
MSI-B634_2_22,1807.0,0.0,2.1893830459515627e-05,ok,0.0,7.060778186407722e-07,1.0,0.9994989412832065,0.0,0.00032767787536977055,0.0,2.2033701232756222e-05,0.0,7.915964067362647e-05,0.0,1.7151696867732748e-05,0.0,7.390393218693686e-06,0.0,2.50455011527988e-05,0.0,2.1893830459515627e-05
MSI-B138-22-,26015.0,0.18297136267537958,0.1775782951939805,ok,0.008610417067076687,0.01512804849543696,0.014261003267345761,0.02062371885048805,0.010532385162406304,0.01615847780871017,0.070344032289064,0.07059491831582725,0.21979627138189506,0.20816803970791867,0.2990582356332885,0.2964962455430095,0.18362483182779166,0.1800434389025957,0.010801460695752451,0.015208817182033185,0.18297136267537958,0.1775782951939805
MSI-B985-22-,16459.0,0.19162768090406465,0.1770455162703229,ok,0.06434169755149159,0.07014646233338864,0.059481134941369466,0.06496350806930305,0.013609575308341941,0.01883176400818796,0.09745428033294853,0.09893711652865182,0.25785284646697854,0.24431780193185007,0.1842153229236284,0.18646543983429217,0.11495230572938818,0.12061973863551756,0.016465155841788686,0.01867265238848578,0.19162768090406465,0.1770455162703229
B-1650-4-23,5061.0,0.03260225251926497,0.034640461680741856,ok,0.03576368306658763,0.034059746646946484,0.0027662517289073307,0.007704612266804064,0.034973325429756966,0.03641923703021959,0.02529144437858131,0.030129919918438552,0.15313179213594152,0.16944050497237914,0.04781663702825528,0.04617451032461384,0.66469077257459,0.636495682059475,0.002963841138114997,0.004935325100381438,0.03260225251926497,0.034640461680741856
MSI_B111-23,14058.0,0.4425949637217243,0.41602685737157385,ok,0.08621425522833974,0.09996559093948797,0.0398349694124342,0.047416849030160295,0.001778346848769384,0.0037664858801106597,0.02055768957177408,0.024602560881369116,0.17506046379285817,0.17643585354825284,0.11687295490112391,0.10756616317582221,0.08201735666524398,0.08795344068000276,0.03506899985773225,0.03626619849322028,0.4425949637217243,0.41602685737157385
B1096_22_MSI.pyramidal,863.0,0.0,0.005292860675631881,ok,0.0,0.0036568792021763378,0.0996523754345307,0.10559216863527146,0.006952491309385863,0.013543357646312619,0.22711471610660486,0.18933261997288356,0.0880648899188876,0.09366162601329031,0.002317497103128621,0.006886696212486139,0.5712630359212051,0.5686330628208484,0.004634994206257242,0.013400728821099352,0.0,0.005292860675631881
MSI--634-22B,1765.0,0.0,2.214842451835859e-05,ok,0.0,6.338922607841778e-07,1.0,0.9995187659891952,0.0,0.0003219480495873119,0.0,2.234855038576755e-05,0.0,6.573130828799283e-05,0.0,1.7407598292905894e-05,0.0,7.102546220448999e-06,0.0,2.3913641251288956e-05,0.0,2.214842451835859e-05
MSI-B516-23,4614.0,0.003684438664932813,0.012626322518095204,ok,0.025574338968357174,0.036794998252617735,0.03142609449501517,0.03952949765635148,0.10793237971391417,0.1080349898025791,0.00021673168617251842,0.0016964662494541643,0.4895968790637191,0.4440612612827068,0.3318162115301257,0.3314285437566388,0.00021673168617251842,0.0016420240738159269,0.00953619419159081,0.02418589640774081,0.003684438664932813,0.012626322518095204
MSI_B955_4_21,9154.0,0.14824120603015076,0.1358085563815793,ok,0.17063578763382128,0.17551278066706524,0.06292331221324012,0.07814168124959482,0.005352851212584662,0.012262176910430331,0.10651081494428664,0.11011128974171511,0.2502731046537033,0.23253401315146052,0.016932488529604543,0.024938432834747785,0.0689316145947127,0.07873139023542795,0.170198820187896,0.15195967882797895,0.14824120603015076,0.1358085563815793
MSI-B634-22,1815.0,0.0,2.1541257699728408e-05,ok,0.0,6.721208452020431e-07,1.0,0.9994930440156177,0.0,0.0003343403883139737,0.0,2.2211057732603472e-05,0.0,7.984754025690636e-05,0.0,1.548176220070271e-05,0.0,7.3592910531106865e-06,0.0,2.5502566280131294e-05,0.0,2.1541257699728408e-05
MSI_B951_7_21,21564.0,0.11950473010573177,0.11030665841266625,ok,0.11287330736412539,0.11462771823412332,0.09061398627341866,0.106747114685211,0.02003338898163606,0.02510405202482545,0.09840474865516602,0.10375093762853818,0.2681784455574105,0.25423823908535975,0.010573177518085699,0.016391668414776305,0.09372101650899647,0.0974075219757812,0.18609719903542943,0.17142608953871857,0.11950473010573177,0.11030665841266625
MSI_B957_23.pyramidal,13952.0,0.0,7.21054375431887e-05,ok,0.0,1.4712212418689842e-05,0.9805045871559633,0.9786085529815852,0.01784690366972477,0.01853761373101227,0.0,4.5856800382539125e-05,0.0016485091743119267,0.0024007347511578766,0.0,0.00012143229223159308,0.0,7.964308982869285e-05,0.0,0.00011934870383987955,0.0,7.21054375431887e-05
MSI_B900_23.pyramidal,1192.0,0.0436241610738255,0.05543039871979259,ok,0.0041946308724832215,0.008329781098193738,0.026006711409395974,0.03853024022652037,0.10151006711409397,0.09700920973249956,0.008389261744966443,0.021915024469849505,0.29697986577181207,0.28474129387625974,0.006711409395973154,0.016689812796977115,0.511744966442953,0.4715220539905441,0.0008389261744966443,0.005832185089363299,0.0436241610738255,0.05543039871979259
MSI-B634-22B,1625.0,0.0,2.594093294351725e-05,ok,0.0,5.302229674106744e-07,1.0,0.9994674298562246,0.0,0.00036502020956025074,0.0,2.608679564311576e-05,0.0,5.342445118718474e-05,0.0,3.073591626735919e-05,0.0,7.445606579061273e-06,0.0,2.338600862754535e-05,0.0,2.594093294351725e-05
MSI_B1559_12,15624.0,0.1827956989247312,0.1741033722788396,ok,0.15725806451612903,0.15527306930497203,0.03430619559651818,0.04515527934068438,0.08832565284178187,0.08702106409446159,0.019009216589861752,0.02334377276013618,0.4536610343061956,0.4270060758309836,0.0016001024065540196,0.002605974948585548,0.020289298515104966,0.03182629671214284,0.0427547363031234,0.05366509472919428,0.1827956989247312,0.1741033722788396
MSI_B1988_2_21,17440.0,0.2345756880733945,0.22083545940209204,ok,0.09243119266055046,0.09112764979898112,0.007626146788990826,0.014738625352605533,0.09707568807339449,0.10016736951622437,0.034977064220183485,0.03987418663638417,0.22654816513761467,0.22043860005971344,0.22568807339449543,0.229905908328393,0.04982798165137615,0.04971692453554704,0.03125,0.0331952763700593,0.2345756880733945,0.22083545940209204
MSI_B1719_21,1138.0,0.2741652021089631,0.24990885922023512,ok,0.008787346221441126,0.013988333301758632,0.07381370826010544,0.09970304407657408,0.005272407732864675,0.011854690157154023,0.27943760984182775,0.24992073601848244,0.04657293497363796,0.06373513741218931,0.012302284710017574,0.011725107838232421,0.29701230228471004,0.29360272568009704,0.0026362038664323375,0.005561366295276868,0.2741652021089631,0.24990885922023512
MSI-B985-3-22-,16567.0,0.15301502987867446,0.1380894675033276,ok,0.1297760608438462,0.13424444835076701,0.12289491157119575,0.12398996463322311,0.008631617070079072,0.013616321068671755,0.0623528701635782,0.06579910625120271,0.2145832075813364,0.21087435025519172,0.16333675378765014,0.16444363863760952,0.13182833343393494,0.13312921203785197,0.013581215669704836,0.01581349126215457,0.15301502987867446,0.1380894675033276
MSI_B975-22_,716.0,0.04888268156424581,0.062817495073715,ok,0.0111731843575419,0.015731734155703544,0.10614525139664804,0.11043654934872367,0.019553072625698324,0.025023191440612793,0.1941340782122905,0.18255491020579098,0.15083798882681565,0.14104616264804384,0.0,0.003047507163598003,0.46089385474860334,0.4444437109598228,0.008379888268156424,0.014898739003989352,0.04888268156424581,0.062817495073715
H1487-22-A11,3579.0,0.04666107851355127,0.06025745140902978,ok,0.007823414361553507,0.014635978285556574,0.18161497625034925,0.17782285738722173,0.1103660240290584,0.11350207848042605,0.0002794076557697681,0.008374988784646058,0.40681754680078236,0.36841723848403624,0.2355406538139145,0.2261667002982875,0.006705783738474434,0.018281951164730994,0.004191114836546521,0.012540755706065087,0.04666107851355127,0.06025745140902978
H905-22-5,3045.0,0.3155993431855501,0.3006358638011899,ok,0.0,7.906115134516865e-05,0.0361247947454844,0.050008267492504345,0.4354679802955665,0.4053503238565147,0.0003284072249589491,0.0023906580725188723,0.18686371100164204,0.19915082107369259,0.003284072249589491,0.008444853898121777,0.019704433497536946,0.026110281871580918,0.002627257799671593,0.00782986878253177,0.3155993431855501,0.3006358638011899
H79-21-B-1,981.0,0.6391437308868502,0.6062455387373579,ok,0.0,0.0001913927406058055,0.01529051987767584,0.022772828034924062,0.01834862385321101,0.027601874078682538,0.0254841997961264,0.029158905161430198,0.03058103975535168,0.041300033424660876,0.021406727828746176,0.020395973612089675,0.24974515800203873,0.2517296717639311,0.0,0.0006037824463177914,0.6391437308868502,0.6062455387373579
H970-23-EX3,2258.0,0.07218777679362268,0.07754167001000956,ok,0.4171833480956599,0.36149703602180044,0.02878653675819309,0.04083666859815653,0.03365810451727192,0.03549877875795288,0.0,0.007226052110587882,0.16386182462356066,0.17056729955091995,0.27147918511957486,0.27769523871561563,0.001771479185119575,0.015401587422303074,0.011071744906997343,0.013735668812654011,0.07218777679362268,0.07754167001000956
H1986-22-A4,7363.0,0.0019013988863235095,0.010216787731423186,ok,0.0,0.003140413048537255,0.8311829417357055,0.7790424617024115,0.0006790710308298248,0.010512524396934123,0.010457693874779302,0.015402244685353918,0.0035311693603150888,0.008606857582498077,0.0,8.697685186437925e-05,0.1519760966997148,0.17205573459193718,0.00027162841233192993,0.0009359994090403899,0.0019013988863235095,0.010216787731423186
H1633-22-8,7280.0,0.001510989010989011,0.006180991257426109,ok,0.08887362637362638,0.08733820409911233,0.03942307692307692,0.046783399005931606,0.016483516483516484,0.019824127267392095,0.38956043956043956,0.3653005273958468,0.22678571428571428,0.20600107688965613,0.17898351648351649,0.1757565266972273,0.001510989010989011,0.007942461302267003,0.05686813186813187,0.08487268608514056,0.001510989010989011,0.006180991257426109
H-353-1-22-B,5678.0,0.011623811201127158,0.017172955029504295,ok,0.055829517435716805,0.06538077992127828,0.012680521310320535,0.019111424872300855,0.017964071856287425,0.018017265731317098,0.08805917576611483,0.08682675610282894,0.029764001408946812,0.040082927280401345,0.5980979218034519,0.5787735800374996,0.1852765058119056,0.17249977571173186,0.0007044734061289186,0.0021345353131376732,0.011623811201127158,0.017172955029504295
H-350-5-22,4437.0,0.14965066486364662,0.15840788303263775,ok,0.0,0.0009340403946815615,0.009240477800315528,0.011645812365071662,0.004056795131845842,0.007025518253232716,0.036285778679287804,0.03968394563357677,0.011945007888212756,0.02182946214329333,0.027496055893621817,0.026033355988669796,0.7601983322064458,0.7314969743931072,0.001126887536623845,0.0029430077957290496,0.14965066486364662,0.15840788303263775
H1628-22-B1,3641.0,0.03350727822026916,0.0433084646219528,ok,0.009338093930238945,0.02713414600242059,0.7942872837132656,0.7085748878731989,0.1010711343037627,0.10880711661603429,0.0,0.004038278278594495,0.061246910189508376,0.08710650638636416,0.0,0.0013716876167656476,0.0005492996429552321,0.015110546768159941,0.0,0.004548365836509133,0.03350727822026916,0.0433084646219528
H1628-22-B9-1,2631.0,0.02774610414291144,0.03442072003059165,ok,0.0,0.010436906947713353,0.7871531736982136,0.6861001736541094,0.03344735841885215,0.04561916377468936,0.014063093880653743,0.014227771025253664,0.1337894336754086,0.16101724261846995,0.0,0.0012557520143052752,0.003800836183960471,0.04199083581864782,0.0,0.00493143411621968,0.02774610414291144,0.03442072003059165
H1440-21-21,745.0,0.0,0.00015297440594469453,ok,0.010738255033557046,0.012138335574109106,0.042953020134228186,0.04408646226631534,0.0,0.0008729111979435868,0.9436241610738255,0.9344511821167911,0.0026845637583892616,0.0060738327649748165,0.0,0.0005685859222594867,0.0,0.0015018728031982172,0.0,0.0001538429484636961,0.0,0.00015297440594469453
H744-22-4,4361.0,0.06741573033707865,0.05871128315414719,ok,0.24948406328823663,0.21305472802305828,0.04998853473973859,0.05480233860641952,0.005732630130703967,0.011172721999556691,0.010089429030038982,0.02069065586471579,0.13735381793166704,0.16183304595694273,0.4434762669112589,0.41624652890663744,0.005274019720247649,0.016691052200879207,0.03118550791102958,0.04679764528764309,0.06741573033707865,0.05871128315414719
H742-22-37,2851.0,0.12872676253945983,0.14939607105451247,ok,0.03472465801473167,0.03729843753472548,0.02630655910206945,0.029206653538968598,0.15713784636969486,0.16130659021989668,0.326902841108383,0.3028203794163228,0.01999298491757278,0.026837952436298107,0.28831988775868117,0.26521414876561894,0.01683619782532445,0.02104424807275193,0.001052262364082778,0.006875518960904984,0.12872676253945983,0.14939607105451247
H1560-22-1,6970.0,0.020373027259684363,0.02874535707513137,ok,0.014777618364418939,0.0236942328053039,0.09167862266857962,0.08621102206723559,0.032281205164992825,0.039356824454704786,0.009038737446197992,0.016449887156653412,0.23428981348637015,0.2118179377436903,0.4783357245337159,0.46550972925140693,0.11621233859397417,0.11812302000686521,0.0030129124820659973,0.010091989439008506,0.020373027259684363,0.02874535707513137
H533-22-7-2,11628.0,0.23151014791881666,0.2280119595152448,ok,0.015565875472996217,0.016966854958327972,0.01866185070519436,0.02012652282652148,0.42234262125902994,0.40962225631595345,0.08006535947712418,0.08264287128150924,0.08298933608531132,0.08807165631701397,0.07705538355693155,0.08164439460673364,8.599931200550395e-05,0.0011546792674083338,0.0717234262125903,0.07175880491128715,0.23151014791881666,0.2280119595152448
H1079-22-9,3949.0,0.04988604710053178,0.06840820839419376,ok,0.009116231957457584,0.016561065451327645,0.009369460622942517,0.012693198028294229,0.00962268928842745,0.01866670953742607,0.011901747277791846,0.013285654270377088,0.28108381868827553,0.27348021090514857,0.5578627500633072,0.5200502770316113,0.07090402633578122,0.07096119680703473,0.0002532286654849329,0.005893479574586598,0.04988604710053178,0.06840820839419376
H-353-2-22-B,10400.0,0.04730769230769231,0.04907308954513798,ok,0.024615384615384615,0.041985752225882536,0.008076923076923077,0.013033267100594706,0.02480769230769231,0.024922439484594272,0.03288461538461539,0.03879370575709514,0.10480769230769231,0.1161749653755324,0.6057692307692307,0.5626140378578692,0.15134615384615385,0.15163263411977665,0.0003846153846153846,0.0017701085335170073,0.04730769230769231,0.04907308954513798
H561-23,808.0,0.719059405940594,0.68597144036599,ok,0.0,1.1831651266065335e-06,0.0,0.0016037616240592916,0.2264851485148515,0.23261489026370175,0.0049504950495049506,0.018852840240023597,0.0,0.0005307686302688824,0.04579207920792079,0.05249993144244424,0.0,0.00022571468807228796,0.0037128712871287127,0.007699469580313344,0.719059405940594,0.68597144036599
H82-23-12,4067.0,0.0027046963363658717,0.004394701335130356,ok,0.03934103761986722,0.04714465694448793,0.0024588148512417014,0.0049905988926217375,0.03196459306614212,0.03405868050584104,0.011310548315711827,0.01726229781697346,0.13203835751167936,0.15146653533388238,0.5778214900417998,0.536023981682064,0.20211458077206787,0.19820835333734127,0.00024588148512417015,0.0064501941516578246,0.0027046963363658717,0.004394701335130356
H742-22-36B,3836.0,0.102711157455683,0.11477677247221336,ok,0.11235662148070907,0.10475574038842983,0.014077163712200209,0.01712818542039235,0.17570385818561002,0.1843798744419244,0.49739311783107404,0.4715872303106674,0.010166840458811261,0.014729802761450212,0.08628779979144943,0.0862457893915468,0.0013034410844629822,0.005028032510832581,0.0,0.0013685723025430396,0.102711157455683,0.11477677247221336
H1079-22-8,4582.0,0.0,0.00020528799202293094,ok,0.0,9.749236144694962e-05,0.9840680925360105,0.9614028882064705,0.015058926233085988,0.029841919919664367,0.0,8.108990427028063e-05,0.0008729812309035355,0.0070808881641902955,0.0,0.0004968430464189909,0.0,0.00046221094637631174,0.0,0.0003313794591393168,0.0,0.00020528799202293094
H1175-21-D9,803.0,0.0,0.0008745941114000311,ok,0.26774595267745954,0.2487804592447945,0.199252801992528,0.1987349493487013,0.023661270236612703,0.022897212805644242,0.2266500622665006,0.22763498123285356,0.26899128268991285,0.26419423396064773,0.007471980074719801,0.010047210362797168,0.0049813200498132005,0.014172726341319478,0.0012453300124533001,0.012663632591841983,0.0,0.0008745941114000311
H970-23-6,6321.0,0.004587881664293625,0.011717580932697957,ok,0.12102515424774561,0.11866484402834683,0.03986710963455149,0.04660270028294468,0.16279069767441862,0.15330738241299016,0.05204872646733112,0.06637158745459479,0.17750355956336022,0.18199661381632404,0.29742129409903495,0.273392433580726,0.00015820281601012498,0.002471483652766309,0.14459737383325424,0.14547537383860928,0.004587881664293625,0.011717580932697957
H1986-22-A9,3605.0,0.0,0.0019326949927696506,ok,0.0,0.005027252151905628,0.9364771151178918,0.8751994239399525,0.04576976421636616,0.061012151842133176,0.011650485436893204,0.01788941258606608,0.00332871012482663,0.007068155575432214,0.0,0.00032106183118121287,0.0,0.027170308083016282,0.0027739251040221915,0.004379538997543224,0.0,0.0019326949927696506
H1006-21,1149.0,0.1279373368146214,0.13328061243491277,ok,0.0,0.0005384599467331213,0.08964316797214969,0.09616642114790457,0.13838120104438642,0.13234709172036124,0.09399477806788512,0.08837951135476155,0.144473455178416,0.14557387464267482,0.016536118363794605,0.025314076204950665,0.3872932985204526,0.37443651056556904,0.0017406440382941688,0.003963441982132202,0.1279373368146214,0.13328061243491277
H1175-21-B2,7509.0,0.022772672792648822,0.025675336730231035,ok,0.02823278732188041,0.03544898205600554,0.036223198828072976,0.04092135374616571,0.0046610733786123315,0.008443280026001773,0.04994007191370355,0.05570197089900424,0.2246637368491144,0.20596922832571163,0.01584764948728193,0.021346649336097555,0.6168597682780663,0.602130892104926,0.0007990411506192569,0.004362306775856506,0.022772672792648822,0.025675336730231035
H82-23-16,3403.0,0.021157801939465176,0.020614781159144363,ok,0.40493682045254187,0.36850494932643374,0.003820158683514546,0.0067591231449195795,0.006171025565677344,0.007348235538906493,0.28651190126359094,0.29033663371078955,0.040846312077578606,0.0600238912720915,0.10226270937408169,0.12163648265840649,0.0014692918013517484,0.005875553490171054,0.13282397884219807,0.11890034969913729,0.021157801939465176,0.020614781159144363
H744-22-5,7183.0,0.6089377697340944,0.5775539752257036,ok,0.0,0.00019920647084496206,0.0036196575247111236,0.005497825507090159,0.09536405401642768,0.10717550790744347,0.06055965474035918,0.06947756531176495,0.004176527913128219,0.011256458324468489,0.16344145900041765,0.15206864171781076,0.0,0.0042570595489985355,0.06390087707086176,0.072513759985875,0.6089377697340944,0.5775539752257036
H-1236-B-21,1081.0,0.09435707678075855,0.09616534994470341,ok,0.0037002775208140612,0.013656428334591662,0.09805735430157261,0.1063291228120524,0.20259019426456984,0.1789411023954435,0.07955596669750231,0.08501015903351054,0.3209990749306198,0.2930471623294275,0.011100832562442183,0.017718516185071493,0.16558741905642924,0.1710630711691535,0.024051803885291396,0.03806908779604593,0.09435707678075855,0.09616534994470341
H215-23-3,1589.0,0.040276903713027064,0.04985445142200051,ok,0.062303335431088736,0.05766379136345554,0.008181246066708621,0.018073666612058923,0.08181246066708622,0.09669691184716415,0.1894273127753304,0.17943678945088276,0.2208936438011328,0.21600376205369093,0.14915040906230334,0.16461758248508146,0.006922592825676526,0.018417322025226945,0.24103209565764633,0.1992357227404388,0.040276903713027064,0.04985445142200051
H1205-23-C,1260.0,0.4222222222222222,0.405628847295642,ok,0.0,0.00020473041698903876,0.06111111111111111,0.06914296431605697,0.018253968253968255,0.03339140182895505,0.011111111111111112,0.01074072774791473,0.19047619047619047,0.18202765150375702,0.026984126984126985,0.02979300995778932,0.26904761904761904,0.2672084362077016,0.0007936507936507937,0.0018622307251942214,0.4222222222222222,0.405628847295642
H1633-22-14,8008.0,0.00012487512487512488,0.0037545613873123523,ok,0.05207292707292707,0.07214066096696009,0.06905594405594405,0.07669830068419972,0.021728271728271728,0.028770693013444325,0.3091908091908092,0.31185884033021255,0.4461788211788212,0.37340719836297853,0.0919080919080919,0.10264345763169706,0.0033716283716283715,0.013267090689668843,0.006368631368631369,0.01745919693352653,0.00012487512487512488,0.0037545613873123523
H742-22-38,8021.0,0.2010971200598429,0.19179720881263268,ok,0.11295349707019076,0.10632616032084222,0.0023687819473881063,0.005193554696588931,0.3379877820720608,0.34064642358392144,0.048871711756638826,0.058261229198589795,0.021443710260566014,0.03520878665111309,0.21082159331754147,0.1915137695630026,0.001122054606657524,0.004368159148468982,0.06333374890911357,0.06668470802484025,0.2010971200598429,0.19179720881263268
H744-22-10,14050.0,0.2102491103202847,0.20474345142795097,ok,0.035800711743772244,0.03809766238591684,0.005836298932384342,0.008295130279432588,0.08832740213523131,0.09443464040466684,0.22256227758007116,0.2191287508508968,0.023202846975088967,0.028889753292899986,0.25601423487544483,0.24751535910659417,0.00042704626334519574,0.002589708245146705,0.15758007117437722,0.15630554400649507,0.2102491103202847,0.20474345142795097
H1487-22-A8,2248.0,0.027135231316725978,0.03597379540740065,ok,0.0071174377224199285,0.01917038948580343,0.09386120996441281,0.09273454682237475,0.02802491103202847,0.03172700826967139,0.005338078291814947,0.017236188836014597,0.28825622775800713,0.25596064751359643,0.06672597864768683,0.06942311608941575,0.4835409252669039,0.474617783962203,0.0,0.003156523613519936,0.027135231316725978,0.03597379540740065
H742-22-11,8198.0,0.3367894608441083,0.3300914410321658,ok,0.034398633813125155,0.03234219090878816,0.01890705050012198,0.018999305534519825,0.17077335935594048,0.17338664480069838,0.09538911929738961,0.10610373470134335,0.021590631861429618,0.03108742160734803,0.22420102464015615,0.20102098402218974,0.001463771651622347,0.005033378135081626,0.09648694803610637,0.10193489925786507,0.3367894608441083,0.3300914410321658
H1911-21,2106.0,0.11633428300094967,0.11611662702266654,ok,0.0,0.001008131368969798,0.613960113960114,0.5935968880869875,0.045584045584045586,0.05137814585197604,0.11348528015194682,0.10570598853686029,0.08547008547008547,0.09186284674584991,0.011396011396011397,0.015389387504595238,0.007122507122507123,0.015292933756135848,0.006647673314339981,0.009649051125958803,0.11633428300094967,0.11611662702266654
H1079-22-18,692.0,0.05491329479768786,0.0765347449393113,ok,0.07225433526011561,0.06930580246171882,0.023121387283236993,0.03867555565704383,0.2875722543352601,0.25520845097534317,0.2586705202312139,0.2606576138269123,0.06791907514450866,0.09050227740816082,0.23410404624277456,0.19608290755534344,0.0,0.005703161503510383,0.001445086705202312,0.007329485672655955,0.05491329479768786,0.0765347449393113
H1566-22-2,13001.0,7.691716021844474e-05,0.002287842074675483,ok,0.03430505345742635,0.070884144284146,0.041150680716867935,0.05028357086299153,0.0033843550496115682,0.0070577496296911355,0.07299438504730406,0.09274438770491908,0.5831089916160296,0.494406635766155,0.24836551034535806,0.23271567080798117,0.010383816629490039,0.03933338448872665,0.006230289977694024,0.01028661438071397,7.691716021844474e-05,0.002287842074675483
H82-23-4,3520.0,0.0008522727272727272,0.00604922723239383,ok,0.2625,0.25558537756947197,0.02727272727272727,0.04267482001659614,0.042897727272727275,0.041221370629340656,0.009943181818181818,0.018973140288851158,0.45625,0.4012691687002014,0.1744318181818182,0.19056284295148182,0.0022727272727272726,0.008408858060488366,0.023579545454545454,0.035255194551174596,0.0008522727272727272,0.00604922723239383
H1269-21-1,1425.0,0.06385964912280702,0.07044914629459925,ok,0.0007017543859649122,0.002394369187888507,0.030877192982456142,0.037411271417988765,0.015438596491228071,0.018719014870834882,0.028070175438596492,0.030492098365154208,0.06736842105263158,0.07795408649055048,0.021052631578947368,0.02237002641941087,0.7719298245614035,0.7387422310288176,0.0007017543859649122,0.0014677559247552826,0.06385964912280702,0.07044914629459925
H82-23-19,2901.0,0.011375387797311272,0.015449155292006956,ok,0.22716304722509478,0.2142723893710642,0.006894174422612892,0.012797258447635705,0.031023784901758014,0.03430293089043456,0.03274732850741124,0.04042479751602217,0.34505342985177523,0.3227427758484324,0.23233367804205446,0.24212303867009752,0.0,0.0031507611586833817,0.11340916925198208,0.11473689280562313,0.011375387797311272,0.015449155292006956
H1079-22-3,5411.0,0.05618185178340418,0.06573961089556336,ok,0.00258732212160414,0.007295211696090261,0.03086305673627795,0.057930467974706405,0.02384032526335243,0.030450122633900602,0.005913879135095177,0.01442562205103332,0.6547773054888191,0.5803653282325135,0.04306043245241176,0.05371035333684026,0.17316577342450565,0.17538885397031997,0.009610053594529662,0.014694429209032302,0.05618185178340418,0.06573961089556336
H1440-21-3,6424.0,0.015566625155666251,0.02387492286699901,ok,0.0739414694894147,0.07672345018457936,0.09277708592777086,0.09125156409490769,0.004669987546699875,0.008059106901511818,0.06942714819427148,0.08831561339657869,0.17917185554171855,0.18431267213582025,0.25108966376089664,0.23648154023897736,0.3125778331257783,0.2852536550456411,0.0007783312577833125,0.005727475134984663,0.015566625155666251,0.02387492286699901
H-7677-C-22,776.0,0.059278350515463915,0.06469343833753356,ok,0.0,0.009400498262354262,0.5309278350515464,0.4694708573794977,0.01675257731958763,0.03278181660338738,0.005154639175257732,0.024855702043828018,0.30541237113402064,0.2799004360162521,0.011597938144329897,0.019730859337070063,0.06958762886597938,0.08262557135610231,0.001288659793814433,0.0165408206639747,0.059278350515463915,0.06469343833753356
H-1628-B11-22,4947.0,0.019405700424499697,0.03559877148842704,ok,0.016171417020416416,0.021887454912164987,0.14736203759854458,0.1405058515997943,0.09985850010107136,0.1069225988635725,0.0008085708510208206,0.011511889566986842,0.27370123307054783,0.24700565281938056,0.40004042854255106,0.37218550419936075,0.00020214271275520516,0.003180096207498486,0.04244996967859309,0.06120218034281455,0.019405700424499697,0.03559877148842704
H1079-22-4,4452.0,0.08131176999101528,0.10119156275270509,ok,0.0024707996406109615,0.010716426836979903,0.0071877807726864335,0.019143518703224113,0.01931716082659479,0.02736036046266069,0.006064690026954178,0.011736837374277395,0.6430817610062893,0.5695839836565396,0.07884097035040431,0.07472449610562533,0.14285714285714285,0.1588596564142561,0.018867924528301886,0.026683157693731856,0.08131176999101528,0.10119156275270509
H1175-21-C2,11863.0,0.016269071904240075,0.0248477467063843,ok,0.0274804012475765,0.0417568048610363,0.050746017027733285,0.06886697982638419,0.05462361965775942,0.05594868662846121,0.22911573800893534,0.20905372437508685,0.3080165219590323,0.2819138748205883,0.03456124083284161,0.058597866205868335,0.006237882491781168,0.014669328275788575,0.27294950687010033,0.24434498830040194,0.016269071904240075,0.0248477467063843
H625-21-A,546.0,0.21611721611721613,0.20463188862770235,ok,0.0018315018315018315,0.002458987398738742,0.040293040293040296,0.06097351662644706,0.01098901098901099,0.02375113849635834,0.06593406593406594,0.07262437234536877,0.1227106227106227,0.12645718315265955,0.02197802197802198,0.02687405873234011,0.5201465201465202,0.48189489608175046,0.0,0.00033395853863466923,0.21611721611721613,0.20463188862770235
1053-23-2,1474.0,0.0203527815468114,0.03145060683576744,ok,0.03324287652645862,0.040125878580832136,0.11804613297150611,0.1159781060147655,0.32971506105834464,0.31547716914968627,0.3914518317503392,0.36476043365844585,0.08819538670284939,0.08285903469512115,0.0020352781546811396,0.006374128449993445,0.015603799185888738,0.03348617040005423,0.0013568521031207597,0.009488472215334004,0.0203527815468114,0.03145060683576744
H1440-21-23,568.0,0.0,0.0002545503581283774,ok,0.14084507042253522,0.12304684827282746,0.028169014084507043,0.039685293952261134,0.0,0.000552190079998153,0.8151408450704225,0.7881223793119848,0.00528169014084507,0.01542009279973058,0.0017605633802816902,0.01210313235149114,0.0,0.00802183581929098,0.008802816901408451,0.012793677054287363,0.0,0.0002545503581283774
H873-21,1605.0,0.84797507788162,0.8134009640948299,ok,0.0,4.9722506521905056e-05,0.013707165109034268,0.017255887027660382,0.06978193146417445,0.07726707130420211,0.004361370716510903,0.008505224091504424,0.04299065420560748,0.05099857239700537,0.007476635514018692,0.013623851371311483,0.011838006230529595,0.01620646744865516,0.001869158878504673,0.002692239758309234,0.84797507788162,0.8134009640948299
H970-23-2,6240.0,0.022756410256410255,0.03760439478583549,ok,0.4272435897435897,0.3724981853223665,0.09519230769230769,0.09547261718173858,0.058173076923076925,0.05697141398056976,0.000641025641025641,0.010435033690770803,0.18541666666666667,0.17817089587957263,0.2076923076923077,0.23117960076351862,0.0008012820512820513,0.012137712037295308,0.0020833333333333333,0.005530146358332254,0.022756410256410255,0.03760439478583549
H1175-21-A13,5703.0,0.11344906189724706,0.11513850996500594,ok,0.0007013852358407856,0.006927161846413795,0.06452744169735226,0.08037894264058128,0.040855689987725756,0.048780293424143986,0.10801332631948098,0.11367909807316838,0.42556549184639664,0.38482495893970736,0.023496405400666318,0.046660940543218364,0.0024548483254427495,0.009101365278085216,0.22093634928984746,0.19450872928967572,0.11344906189724706,0.11513850996500594
H742-22-33,1916.0,0.09237995824634655,0.10170764591978072,ok,0.06263048016701461,0.06449182720351708,0.008350730688935281,0.01135656249359063,0.39196242171189977,0.3660984566417724,0.12369519832985386,0.14673592170993724,0.015135699373695199,0.027297326276133124,0.3001043841336117,0.2617687137324706,0.0,0.002908471036455481,0.005741127348643006,0.01763507498634262,0.09237995824634655,0.10170764591978072
H1913-22-8,12156.0,0.008884501480750246,0.018767981855626822,ok,0.010694307337940112,0.027128769314531734,0.09485027969726884,0.09782649155141634,0.0038664034221783483,0.005865893538226068,0.0018098058571898651,0.005301518689187332,0.5700888450148075,0.4999371939394241,0.16074366567949983,0.1733982234047845,0.1483218163869694,0.1685891079800148,0.0007403751233958539,0.003184819726788321,0.008884501480750246,0.018767981855626822
H82-23-6,8097.0,0.3122144003952081,0.28813334469494783,ok,0.12906014573298752,0.12655466591744624,0.004693096208472274,0.010361193858211876,0.10658268494504138,0.11425072604951181,0.08410522415709522,0.09366789683847576,0.08583425960232184,0.09445469058781851,0.10485364949981475,0.10770186409892672,0.003705075954057058,0.007972397434393324,0.16895146350500184,0.15690322052026795,0.3122144003952081,0.28813334469494783
H-353-3-22,15471.0,0.11990175166440437,0.11836978999837708,ok,0.07000193911188675,0.07279963416380503,0.00885527761618512,0.010456008343388615,0.025143817464934392,0.031101812978649498,0.2409023333979704,0.23077083051469646,0.011828582509210782,0.020746849329772405,0.4075366815331911,0.3831903473734086,0.10800853209230173,0.11153478391899382,0.007821084609915326,0.021029943378908397,0.11990175166440437,0.11836978999837708
H-503-23-B12,6237.0,0.04329004329004329,0.055018571201945636,ok,0.20795254128587462,0.1891089250206954,0.00962000962000962,0.018911596500248012,0.043450376783710117,0.04537943239850976,0.38191438191438193,0.37790836112831416,0.01282667949334616,0.02962747433086095,0.30030463363796694,0.2735728040313441,0.000481000481000481,0.006720766901190572,0.000160333493666827,0.0037520684868914056,0.04329004329004329,0.055018571201945636
H1925-22,1105.0,0.09321266968325792,0.11814402357624108,ok,0.0,0.013936954840103228,0.7339366515837104,0.5947583143172173,0.09773755656108597,0.1327979954578895,0.028054298642533938,0.03077845147943669,0.00904977375565611,0.027009526536068935,0.0,0.0004788439984938411,0.03800904977375565,0.07854609387797933,0.0,0.0035497959165701415,0.09321266968325792,0.11814402357624108
H499-21,1336.0,0.40194610778443113,0.3463501146917596,ok,0.0,0.0006929375215629158,0.10179640718562874,0.1043479892862696,0.05763473053892216,0.07983899348245589,0.005239520958083832,0.01715824722256812,0.12874251497005987,0.1304668848966336,0.05389221556886228,0.06005315250310796,0.25,0.25917144339471004,0.0007485029940119761,0.0019202370009323534,0.40194610778443113,0.3463501146917596
H479-21,2536.0,0.2547318611987382,0.2514109740470021,ok,0.0,0.0002944345438707392,0.01222397476340694,0.019693652996186625,0.3391167192429022,0.3222509308773744,0.09700315457413249,0.09684079572270723,0.024842271293375396,0.03174002718299639,0.05441640378548896,0.057149646174609506,0.21727129337539433,0.2140465343496921,0.0003943217665615142,0.0065730041055608954,0.2547318611987382,0.2514109740470021
H1175-21-C3,12954.0,0.05087231743090937,0.057182880894919415,ok,0.02014821676702177,0.023382482553936865,0.011039061293808862,0.01865892942384181,0.023853635942566002,0.03169481680359641,0.22556739231125522,0.21150617067580527,0.2000926354793886,0.20319585317564468,0.09070557356800989,0.11442469074585217,0.0005403736297668674,0.002794767505149059,0.3771807935772734,0.3371594082212544,0.05087231743090937,0.057182880894919415
H970-23-EX5,2908.0,0.0343878954607978,0.053273437738582126,ok,0.11382393397524071,0.15185275264132078,0.059147180192572216,0.06887684488315664,0.029573590096286108,0.032647466296724874,0.04126547455295736,0.0498028319917905,0.21767537826685007,0.20010835483378656,0.5010316368638239,0.4247322287686848,0.002407152682255846,0.015683851227145582,0.000687757909215956,0.0030222316188080727,0.0343878954607978,0.053273437738582126
H1986-22-A2,5607.0,0.006955591225254147,0.00991368513091796,ok,0.06902086677367576,0.07549162503219799,0.03959336543606207,0.0465273956696159,0.005707151774567505,0.006029678423128219,0.038879971464241124,0.04402887877771037,0.16675584091314427,0.15819806647511975,0.11146780809702159,0.10842865304268491,0.559657570893526,0.5472706531877993,0.0019618334225075798,0.0041113642608256624,0.006955591225254147,0.00991368513091796
H1079-22-5,5087.0,0.12168272066050717,0.13374848938247297,ok,0.0007863180656575585,0.003624839334222091,0.011794770984863378,0.021456796949248184,0.08767446432081777,0.09191410939520603,0.011991350501277767,0.019443869331444902,0.5287988991547081,0.480328636197991,0.1252211519559662,0.11797434516508537,0.10045213288775309,0.10863258405903,0.011598191468448987,0.022876330185299488,0.12168272066050717,0.13374848938247297
H1614-21-2,4278.0,0.5292192613370734,0.43860570867826504,ok,0.0,0.001357013827640028,0.019869097709209912,0.022130233830380885,0.13581112669471715,0.14349582946354963,0.11383824216923796,0.1332561817728094,0.09630668536699392,0.11559516165914895,0.04862085086489014,0.0653383669211819,0.01729780271154745,0.03475856161131826,0.03903693314633006,0.04546294223570592,0.5292192613370734,0.43860570867826504
H742-22-17,2298.0,0.0783289817232376,0.10456804670247881,ok,0.15230635335073978,0.14425431499300334,0.014360313315926894,0.026782033107994103,0.19712793733681463,0.19267606186820946,0.144473455178416,0.1381455381076012,0.1205395996518712,0.12448579818617085,0.2854656222802437,0.24337761197443372,0.004786771105308964,0.01988834660435213,0.0026109660574412533,0.00582224845575648,0.0783289817232376,0.10456804670247881
H742-22-7,6394.0,0.40756959649671565,0.36477420654938897,ok,0.0,0.0004777514437499395,0.018923991241789177,0.01948476869912041,0.25430090710040665,0.25326103132817634,0.12042539881138567,0.14133285435591833,0.0029715358148264,0.011702698183724873,0.17203628401626525,0.16988113674118957,0.00015639662183296842,0.003282037529236719,0.02361588989677823,0.035803515169494884,0.40756959649671565,0.36477420654938897
H210-22,2853.0,0.20399579390115669,0.20842808506538063,ok,0.0003505082369435682,0.003147798876339746,0.027339642481598318,0.027992660275789526,0.04556607080266386,0.047619804227079475,0.14125481948825797,0.1345882216695615,0.037504381352961795,0.04688031183961163,0.035751840168243953,0.03813245478105164,0.49036102348405186,0.47231701812963156,0.017875920084121977,0.020893645135554365,0.20399579390115669,0.20842808506538063
H969-21-1,10395.0,0.01568061568061568,0.027913930869088097,ok,0.11072631072631073,0.1150431854787341,0.0027898027898027897,0.0055006685503443615,0.003367003367003367,0.005031111490643251,0.0005772005772005772,0.003832443380147135,0.5727753727753728,0.5211569952008551,0.257046657046657,0.25900045507333475,0.035882635882635884,0.059483722886476104,0.0011544011544011544,0.003037487070376989,0.01568061568061568,0.027913930869088097
H533-22-2,4413.0,0.055517788352594605,0.06680999624817567,ok,0.014729209154769997,0.02940071440596742,0.005891683661907999,0.007906089836902382,0.05098572399728076,0.05263629864581564,0.02016768638114661,0.025867130161591742,0.09562655789712214,0.10874238971379596,0.5776116020847496,0.529611483972042,0.17811012916383412,0.17240817874748515,0.0013596193065941536,0.00661771826822392,0.055517788352594605,0.06680999624817567
H334-23-EX2,1044.0,0.05268199233716475,0.05220739895452064,ok,0.0,1.688422717104017e-05,0.02681992337164751,0.030205792862283153,0.9185823754789272,0.9051619309291302,0.0009578544061302681,0.005636380033074761,0.0009578544061302681,0.002305162735491753,0.0,0.002406848564923496,0.0,0.0013290321668505362,0.0,0.0007305695265542617,0.05268199233716475,0.05220739895452064
H1560-22-6-1,4201.0,0.0,0.00012776318645105615,ok,0.0,3.428946717839067e-07,1.0,0.9983744996147637,0.0,0.0013384368058049422,0.0,4.3423739864383735e-05,0.0,4.734898908448518e-05,0.0,2.543836756031138e-05,0.0,4.958313513219468e-06,0.0,3.778808828615949e-05,0.0,0.00012776318645105615
H1925-22-1,976.0,0.004098360655737705,0.0232598399781927,ok,0.0,0.036908909913365026,0.8965163934426229,0.7400206622022103,0.0235655737704918,0.049676263721436034,0.0,0.002185571578943569,0.04815573770491803,0.07718758273993535,0.0,0.00043393544444730994,0.027663934426229508,0.06843744302193036,0.0,0.0018897913995393287,0.004098360655737705,0.0232598399781927
H1986-22-A5,5733.0,0.0022675736961451248,0.008970287165749026,ok,0.0,0.0055430217732493165,0.9314495028780743,0.8718455697449291,0.011861154718297575,0.026991997525489683,0.016919588348159778,0.02352693445446178,0.012558869701726845,0.01736504951892939,0.0015698587127158557,0.002359514050812841,0.0045351473922902496,0.021577670161510857,0.018838304552590265,0.021819955604868116,0.0022675736961451248,0.008970287165749026
H1175-21-A10,10488.0,0.19889397406559878,0.1874617592386219,ok,0.0012395118230358504,0.008647295018383138,0.036613272311212815,0.05068954078236471,0.02431350114416476,0.02790398062565083,0.1274790236460717,0.12292157137503304,0.3822463768115942,0.34949216294646746,0.02345537757437071,0.0436984147656068,0.004576659038901602,0.012540972050257329,0.20118230358504957,0.19664430319761475,0.19889397406559878,0.1874617592386219
H1552-22-5,6256.0,0.0020780051150895143,0.007142946273835539,ok,0.054667519181585675,0.07132878382653367,0.1694373401534527,0.15790559719740785,0.03484654731457801,0.03835190438294117,0.0068734015345268545,0.020128354093519766,0.3101023017902813,0.28041076667291975,0.19373401534526855,0.18657446133803887,0.2180306905370844,0.21808209282552873,0.010230179028132993,0.0200750933892746,0.0020780051150895143,0.007142946273835539
H715-22-8-1,9186.0,0.008817766165904637,0.016226783808792982,ok,0.07293707816242108,0.07845733431229697,0.010450685826257348,0.013142721424832285,0.006096233398650119,0.010469556421348161,0.0999346832135859,0.11199407865919306,0.08828652296973656,0.09730937054546594,0.5874156324842151,0.5327510404784466,0.09699542782495102,0.09687278152035403,0.02906596995427825,0.042776332829269965,0.008817766165904637,0.016226783808792982
H1175-21-A15,5926.0,0.007931150860614243,0.02103465994457032,ok,0.06547418157273034,0.08045194059268373,0.07509281133985825,0.07960620853698955,0.015018562267971651,0.016922221842024417,0.07188660141748228,0.07619240758627101,0.4542693216334796,0.3934630699976381,0.24569692878839014,0.24334141193139805,0.06446169422882214,0.08567717122105145,0.00016874789065136686,0.003310908347373327,0.007931150860614243,0.02103465994457032
H-7677-A-GIEMSA,1237.0,0.10670978172999192,0.09590214143347398,ok,0.0,0.001276278265694703,0.38884397736459175,0.3712562536395055,0.03556992724333064,0.05867518841849701,0.0016168148746968471,0.009637653721145886,0.16168148746968472,0.1814888412051842,0.0016168148746968471,0.013366855922863163,0.3039611964430073,0.26833908766836573,0.0,5.7699725269821486e-05,0.10670978172999192,0.09590214143347398
H-712-22,936.0,0.022435897435897436,0.02996479009636149,ok,0.0,0.0020982111573498905,0.060897435897435896,0.05659343968423038,0.18269230769230768,0.1821152502184505,0.17414529914529914,0.1822995510508651,0.0010683760683760685,0.004946026494591971,0.002136752136752137,0.004810685357860059,0.5566239316239316,0.5357915156624208,0.0,0.0013805302778699146,0.022435897435897436,0.02996479009636149
H1440-21-35,11371.0,0.15328467153284672,0.14966486118145894,ok,0.008618415266907044,0.016560770037605543,0.024711986632662036,0.029607156468382176,0.028141764136839328,0.034787921691435617,0.0845132354234456,0.09518613438493223,0.27587723155395305,0.25271077553679916,0.2292674347023129,0.21945182567202087,0.17597396886817343,0.1718544714088447,0.019611291882859906,0.030176083618520737,0.15328467153284672,0.14966486118145894
H1269-21,1368.0,0.07236842105263158,0.08351689710047806,ok,0.0,0.0030363594804323855,0.0577485380116959,0.06006271712755307,0.015350877192982455,0.01748228791961988,0.01827485380116959,0.025860778884547336,0.05263157894736842,0.06871699365599665,0.039473684210526314,0.03611315586314909,0.7441520467836257,0.7038894463422358,0.0,0.0013213636259876772,0.07236842105263158,0.08351689710047806
H215-23-2,3779.0,0.024080444562053452,0.0382649495481502,ok,0.3815824292140778,0.3252617222463209,0.010584810796507013,0.01895758053532442,0.024609685101878803,0.026439433405692426,0.010584810796507013,0.015082259860602854,0.22889653347446415,0.23204774652110377,0.30537179147922733,0.30018385514410906,0.010055570256681662,0.03450468455979198,0.004233924318602805,0.009257768178904485,0.024080444562053452,0.0382649495481502
H82-23-1,3482.0,0.0002871912693854107,0.0014676084419305894,ok,0.0749569213095922,0.0742742787018446,0.0022975301550832855,0.00475876110703042,0.034175761056863874,0.03979499212001512,0.0005743825387708214,0.004938933160332337,0.18236645605973578,0.19017802932494313,0.6886846639862149,0.64897193866968,0.0,0.002262673486329089,0.01665709362435382,0.03335278498789484,0.0002871912693854107,0.0014676084419305894
H1628-22-B10,14030.0,0.012900926585887384,0.01835968799749137,ok,0.00270848182466144,0.013544907026836263,0.8400570206699929,0.7761975522829816,0.018674269422665715,0.033966701115879,0.0,0.0011554030499903076,0.11945830363506771,0.1313308435334311,0.0034925160370634354,0.0050626363670576435,0.00270848182466144,0.01886207256897374,0.0,0.001520196057358823,0.012900926585887384,0.01835968799749137
H1986-22-A7,7206.0,0.003469331112961421,0.006216356752382708,ok,0.20247016375242854,0.1914490889093505,0.07826810990840966,0.08988144987726333,0.0020815986677768525,0.005597144601060511,0.07119067443796837,0.07110748607522739,0.26866500138773247,0.2626016026760117,0.25451013044684984,0.25125295570255646,0.01887316125451013,0.02819342551734905,0.10047182903136276,0.09370048988879834,0.003469331112961421,0.006216356752382708
H-1709-21-1,1211.0,0.053674649050371594,0.07615089232611896,ok,0.0,0.0007430659084475238,0.038810900082576386,0.05610541398418463,0.4318744838976053,0.38562428424481965,0.24938067712634188,0.24101291591871446,0.12386457473162675,0.114601485023883,0.10239471511147812,0.11631825357778496,0.0,0.004992006061168168,0.0,0.004451682954878753,0.053674649050371594,0.07615089232611896
H742-22-10,8733.0,0.323943661971831,0.31135995929392246,ok,0.0393908164433757,0.03925494771735924,0.007786556738806825,0.009686475603788991,0.1804649032405817,0.18924711294812677,0.09412572998969426,0.09932452900261417,0.015229588915607465,0.032543712373349305,0.28466735371579066,0.24707291112453011,0.007099507614794458,0.013274697747385166,0.04729188136951792,0.05823565418892383,0.323943661971831,0.31135995929392246
H742-22-19,3182.0,0.13639220615964803,0.13923240875761025,ok,0.13482086737900692,0.1228184007085463,0.007228158390949088,0.01080462682911938,0.37303582652419864,0.3691390038676608,0.031741043368950346,0.03937381132117648,0.04431175361407919,0.0539399229513798,0.2291011942174733,0.20894383614144635,0.001257071024512885,0.003534680346885463,0.04211187932118165,0.052213309076175156,0.13639220615964803,0.13923240875761025
H1175-21-D7,249.0,0.0,2.6292914116819584e-05,ok,0.024096385542168676,0.024669779599430702,0.008032128514056224,0.024886899340850567,0.0,0.0002960227929944998,0.9437751004016064,0.9217188019239622,0.024096385542168676,0.021221825247584213,0.0,0.00022730119925733121,0.0,0.006296494760608503,0.0,0.0006565822211951209,0.0,2.6292914116819584e-05
H1217-22,1093.0,0.03019213174748399,0.03912228889418515,ok,0.0,0.007426247356991086,0.2946020128087832,0.2753468711954899,0.04025617566331199,0.05399410577566444,0.004574565416285453,0.01425911356347779,0.5919487648673376,0.5444133138814299,0.0,0.0003314792201183966,0.036596523330283626,0.04821136177731683,0.0018298261665141812,0.016895218335326492,0.03019213174748399,0.03912228889418515
H1175-21-B10,4438.0,0.03740423614240649,0.03958268232877347,ok,0.049346552501126635,0.06388027691688979,0.06489409643983776,0.06764077208636916,0.005858494817485353,0.009161799649118698,0.05362776025236593,0.06201519544798095,0.2708427219468229,0.2429540315747967,0.06128886885984678,0.06518139997651046,0.45110410094637227,0.4404735821977992,0.0056331680937359175,0.00911025982176158,0.03740423614240649,0.03958268232877347
H742-22-16,3943.0,0.08546791782906417,0.09364393286000292,ok,0.000253613999492772,0.003268061074318117,0.05757037788485925,0.06141320318901473,0.0915546538168907,0.09435562848810213,0.11285822977428354,0.1185238374239114,0.029926451940147095,0.0335573477773003,0.3649505452700989,0.35440342935676367,0.25716459548567083,0.23908131736048208,0.000253613999492772,0.0017532424701046363,0.08546791782906417,0.09364393286000292
H1175-21-B9,3959.0,0.009093205354887599,0.019081598385351083,ok,0.07476635514018691,0.09073953821927994,0.1581207375599899,0.156658396474953,0.07325082091437232,0.08845793049528407,0.018944177822682495,0.021016149714120195,0.6630462237938873,0.6056458520770598,0.0015155342258145997,0.008379691035525294,0.0005051780752715333,0.004957918911236797,0.0007577671129072998,0.005062924687189795,0.009093205354887599,0.019081598385351083
H970-23-11,7249.0,0.008552903848806732,0.014812564953796093,ok,0.044557870051041525,0.05933247409493834,0.03076286384328873,0.03675291583221163,0.05311077389984825,0.06693059045583605,0.04138501862325838,0.053866340379538795,0.2226514001931301,0.21154204575903743,0.27838322527245135,0.2634649086712842,0.0023451510553179748,0.006756417290216371,0.31825079321285693,0.2865417425631411,0.008552903848806732,0.014812564953796093
H1560-22-7,3718.0,0.41635287789133946,0.3974194628864897,ok,0.0032275416890801506,0.006134420606146865,0.06078536847767617,0.06304831319231913,0.07423345884884347,0.08823541173904466,0.12049488972565896,0.11446864898753989,0.11807423345884885,0.12119732481082375,0.11135018827326519,0.11244755702225802,0.007799892415277031,0.016918344572968595,0.08768154922001076,0.08013051618240936,0.41635287789133946,0.3974194628864897
H744-22-18,10090.0,0.5289395441030723,0.5142263159927108,ok,0.0042616451932606545,0.005152818495429101,0.0044598612487611496,0.005853982700138961,0.20594648166501486,0.21277467381727397,0.12378592666005947,0.12575585086024565,0.01635282457879088,0.023165336497817164,0.06075322101090188,0.05855564818907425,0.0015857284440039642,0.005064671569264204,0.05391476709613479,0.049450701878045844,0.5289395441030723,0.5142263159927108
H1440-21-11,10077.0,0.4367371241440905,0.41818086506599766,ok,0.04019053289669545,0.04767353038956331,0.02004564850649995,0.02372419737476127,0.03106083159670537,0.034203785006912055,0.036121861665178126,0.0420732446811925,0.3014786146670636,0.27758402350197253,0.06658727795971023,0.07200581436405733,0.05656445370646026,0.06585321669418306,0.011213654857596508,0.018701322921360276,0.4367371241440905,0.41818086506599766
H1560-22-6,4199.0,0.0,0.00012677715608341262,ok,0.0,4.269794125098973e-07,1.0,0.9984143424363958,0.0,0.001289271394398662,0.0,3.9893129806285545e-05,0.0,5.8692821442437196e-05,0.0,2.767687139753326e-05,0.0,5.421858610579248e-06,0.0,3.749735245278329e-05,0.0,0.00012677715608341262
H742-22-25,767.0,0.2151238591916558,0.23178449992877984,ok,0.035202086049543675,0.029011070103608327,0.009126466753585397,0.02356183218230724,0.500651890482399,0.4622034778632552,0.14341590612777053,0.14608668322222657,0.04432855280312908,0.045790124103067806,0.0469361147327249,0.05059059681849148,0.005215123859191656,0.009277912568175898,0.0,0.0016938032100876504,0.2151238591916558,0.23178449992877984
H970-23-8,4676.0,0.03143712574850299,0.03368560657207518,ok,0.05218135158254919,0.05414977217284462,0.03592814371257485,0.04650604703325488,0.07827202737382379,0.08071524752003467,0.023952095808383235,0.02966847414268294,0.245295124037639,0.2552966291516088,0.5128314798973481,0.46309575113064294,0.0012831479897348161,0.008832984359377852,0.018819503849443968,0.028049487917478126,0.03143712574850299,0.03368560657207518
H715-22-12,11074.0,0.09255914755282645,0.09114467063626738,ok,0.07964601769911504,0.07393737646302892,0.004063572331587502,0.0073629048232883324,0.03341159472638613,0.04094376980092892,0.22557341520679067,0.22997908649080906,0.07838179519595449,0.08856484804004568,0.29420263680693515,0.2744211194818515,0.002799349828426946,0.007893596163725855,0.18936247065197762,0.18575262810005436,0.09255914755282645,0.09114467063626738
H1440-21-18,1818.0,0.0044004400440044,0.007022315342183229,ok,0.1111111111111111,0.09281869775700104,0.032453245324532455,0.036817932910327186,0.02035203520352035,0.020202317759610615,0.713971397139714,0.7085790879562013,0.07260726072607261,0.07609459272136213,0.03905390539053905,0.0409870770770685,0.005500550055005501,0.014383133819272271,0.00055005500550055,0.0030948446569737964,0.0044004400440044,0.007022315342183229
H1440-21-32,5937.0,0.3144685868283645,0.29630311212294347,ok,0.01819100555836281,0.022991118597088845,0.0426141148728314,0.043198685875403174,0.034697658750210546,0.044333762008573196,0.10746168098366178,0.1181415907432691,0.17113020043793162,0.16532482512853766,0.09735556678457133,0.09989569835712057,0.17685699848408287,0.16744490076969884,0.037224187299983155,0.04236630639736518,0.3144685868283645,0.29630311212294347
H1079-22-19,1376.0,0.04796511627906977,0.07176258904823742,ok,0.038517441860465115,0.03519697706384641,0.029069767441860465,0.06123359574396119,0.6213662790697675,0.5271702877534176,0.09302325581395349,0.1025469449679966,0.09229651162790697,0.11708106235126034,0.07267441860465117,0.06908298133946966,0.005087209302325582,0.012724113542067985,0.0,0.0032014481897428733,0.04796511627906977,0.07176258904823742
H1079-22-13,5926.0,0.06361795477556531,0.0686018572299865,ok,0.0013499831252109348,0.003374812043160726,0.5329058386770166,0.5066211766828956,0.04033074586567668,0.04721963669643276,0.00590617617279784,0.007560097031637175,0.17094161322983462,0.1832147116900271,0.17431657104286197,0.1602120173451245,0.005568680391495107,0.009661914952609834,0.005062436719541006,0.01353377632812579,0.06361795477556531,0.0686018572299865
H-503-23-A8,,,,no_zarr,,,,,,,,,,,,,,,,,,
H-503-23-15A-1,4540.0,0.0013215859030837004,0.009054158984210497,ok,0.28039647577092514,0.25443987546940877,0.014096916299559472,0.022696803318751464,0.03458149779735683,0.039228514792795655,0.03678414096916299,0.039733979497766164,0.029295154185022026,0.04514986550687226,0.5964757709251102,0.5651725359724675,0.0004405286343612335,0.005408508819454834,0.006607929515418502,0.01911575763827282,0.0013215859030837004,0.009054158984210497
H-503-23-A2,2410.0,0.1016597510373444,0.10646107311110976,ok,0.025726141078838173,0.029864694351876393,0.014937759336099586,0.023201761341340818,0.01701244813278008,0.023529853327198643,0.028215767634854772,0.0600022526045478,0.01784232365145228,0.02635352023931449,0.27385892116182575,0.2526595351513829,0.5174273858921162,0.47046688132337894,0.0033195020746887966,0.007460428549850266,0.1016597510373444,0.10646107311110976
H742-22-39-1,1077.0,0.011142061281337047,0.028530001228873655,ok,0.09099350046425256,0.10298251251122309,0.029712163416898793,0.04364769941777864,0.08635097493036212,0.0865265817644345,0.02692664809656453,0.033132789541577154,0.16991643454038996,0.16760353131334288,0.5533890436397401,0.47397832993338584,0.019498607242339833,0.032359442542428105,0.012070566388115135,0.03123911174695612,0.011142061281337047,0.028530001228873655
H742-22-28,932.0,0.03755364806866953,0.06187371045564453,ok,0.05257510729613734,0.04461656044242405,0.004291845493562232,0.0072182505400301125,0.3959227467811159,0.3688019582736343,0.4409871244635193,0.44190914791465646,0.006437768240343348,0.01696655641238694,0.06223175965665236,0.05239280359502068,0.0,0.003208968050217603,0.0,0.003012044315985344,0.03755364806866953,0.06187371045564453
H1440-21-36,8852.0,0.368730230456394,0.35482503890476047,ok,0.07083145051965657,0.06868904215881766,0.034003615002259374,0.035797754442668125,0.011070944419340261,0.016423511839477344,0.08461364663352915,0.09322042321624853,0.13104383190239494,0.13707313448676067,0.1370311793944871,0.12786851501642382,0.14674649796656122,0.14207224435247637,0.015928603705377315,0.024030335582367016,0.368730230456394,0.35482503890476047
H118-22-A3,3440.0,0.013372093023255814,0.020361274750795532,ok,0.1296511627906977,0.12400849830387844,0.07674418604651163,0.0751045645526442,0.017151162790697675,0.02115849705977262,0.005523255813953488,0.009639477534427867,0.17151162790697674,0.1846537578500392,0.36046511627906974,0.3401303036982783,0.22529069767441862,0.2223446608747883,0.00029069767441860465,0.0025989653753755353,0.013372093023255814,0.020361274750795532
H246-22-B,1574.0,0.1315120711562897,0.12487298631702887,ok,0.0012706480304955528,0.003679499076907873,0.05972045743329098,0.07638249485632913,0.12960609911054638,0.12953151283622574,0.24587039390088947,0.22740610477276568,0.008894536213468869,0.024286198198605093,0.16645489199491742,0.15533782725345496,0.25285895806861497,0.25253150026076726,0.0038119440914866584,0.005971876427915371,0.1315120711562897,0.12487298631702887
H2097-22,911.0,0.09549945115257959,0.10315948809902481,ok,0.008781558726673985,0.009995117449062174,0.03951701427003293,0.05014316873531293,0.021953896816684963,0.02981406245068847,0.20197585071350166,0.17020706716452227,0.07903402854006586,0.07986147532410362,0.0043907793633369925,0.007676007859309486,0.5411635565312843,0.5346386680915203,0.007683863885839737,0.014504944826455911,0.09549945115257959,0.10315948809902481
H-350-3-22,6453.0,0.17294281729428174,0.1748417111856634,ok,0.010847667751433442,0.015074198075274693,0.03982643731597706,0.03986187198271741,0.022005268867193555,0.02310649627457036,0.01844103517743685,0.025214063839369496,0.027119169378583604,0.03588017190939938,0.12164884549821789,0.10932908419573265,0.5856190918952425,0.5729795986983945,0.001549666821633349,0.003712803838878047,0.17294281729428174,0.1748417111856634
H533-22-11,5747.0,0.026448581868801113,0.03808778169050318,ok,0.027144597181137986,0.03170667599605821,0.010614233513137289,0.012640059886516331,0.14111710457630067,0.1442236883964723,0.4628501827040195,0.4521518541418836,0.1317208978597529,0.12679212428378553,0.19732034104750304,0.1822675934915445,0.0003480076561684357,0.002701421204866092,0.00243605359317905,0.009428800908370305,0.026448581868801113,0.03808778169050318
H-147-4-22,13849.0,0.3284713697739909,0.30664672357159645,ok,0.04693479673622644,0.04712655074624582,0.00606541988591234,0.008776716779869166,0.13697739909018702,0.14042655903028783,0.10867210628926276,0.10998822887199018,0.16441620333598095,0.167034595501356,0.17777456856090693,0.16974427660495198,0.005559968228752979,0.012869957416086503,0.025128168098779696,0.037386391477616056,0.3284713697739909,0.30664672357159645
H1175-21-CN,15335.0,0.015585262471470492,0.02222528838135706,ok,0.0014998369742419302,0.007442149384627815,0.030714052820345613,0.04088030776794179,0.029735898271926964,0.03400930689059756,0.13113791979132702,0.1409702374287436,0.2631235735246169,0.25235337770989674,0.09618519726116727,0.11690444298946102,0.0024779915226605803,0.006897434454345034,0.4295402673622432,0.3783174549930293,0.015585262471470492,0.02222528838135706
H1175-21-A7,12336.0,0.09897859922178988,0.10024315913089384,ok,0.005350194552529183,0.02166254020099412,0.06590466926070039,0.0788577228739134,0.018320363164721142,0.02741828975041369,0.013537613488975357,0.02634370324184705,0.6708009079118028,0.5947184082562523,0.0035667963683527885,0.011437460055256532,0.0037289234760051883,0.008656499441163598,0.11981193255512322,0.13066221704926545,0.09897859922178988,0.10024315913089384
H617-23-1,1153.0,0.047701647875108416,0.05268256657219581,ok,0.0,0.0001269573184885413,0.019080659150043366,0.02608876696464516,0.05724197745013009,0.05634836507212733,0.02168256721595837,0.030538200995135992,0.027753686036426712,0.029067075805959366,0.0026019080659150044,0.004790907037152943,0.823937554206418,0.7998895256347021,0.0,0.0004676345995929328,0.047701647875108416,0.05268256657219581
H1986-22-A4-1,3258.0,0.005831798649478207,0.02866027803323775,ok,0.0,0.012084522838436492,0.7906691221608348,0.6809473458646864,0.0009208103130755065,0.016236042210867125,0.006138735420503376,0.01627081353026259,0.03806015960712093,0.06021583670572571,0.0,0.00022661775272734966,0.15837937384898712,0.18389060197727028,0.0,0.0014679410867863283,0.005831798649478207,0.02866027803323775
H1913-22-10,8013.0,0.018719580681392737,0.032251994157917636,ok,0.0011231748408835642,0.007218874381911437,0.4221889429676775,0.3766167663117809,0.018095594658679645,0.036589866948239305,0.038936727817296894,0.04770732402408559,0.36128790715087983,0.33008010792508896,0.04642456008985399,0.05497331248395609,0.08299014102084114,0.0958181279724691,0.010233370772494695,0.01874362579455095,0.018719580681392737,0.032251994157917636
H533-22-5-1,9444.0,0.33523930537907665,0.32829372038935006,ok,0.0016941973739940702,0.0020491003109513206,0.003917831427361288,0.005443706017658096,0.346569250317662,0.33741869196037677,0.0799449385853452,0.08248566014504008,0.09529860228716645,0.10128004195776298,0.0806861499364676,0.0813646328405149,0.0,0.0007989042940477359,0.05664972469292673,0.06086554208429805,0.33523930537907665,0.32829372038935006
H-1628-B10-22,3555.0,0.002531645569620253,0.009805293570929166,ok,0.3263009845288326,0.3012395964191084,0.40956399437412094,0.37994602506869807,0.01912798874824191,0.026186460618821236,0.0016877637130801688,0.0030804176602932166,0.18649789029535865,0.19672886550571303,0.05119549929676512,0.06517801979567604,0.0030942334739803095,0.016421449137368937,0.0,0.0014138722233919022,0.002531645569620253,0.009805293570929166
H561-23-1,806.0,0.7233250620347395,0.6982370232617915,ok,0.0,2.1005819090560606e-06,0.0,0.0012918453119083323,0.20967741935483872,0.2124172532246824,0.0024813895781637717,0.019317111391830014,0.0,0.0006400539927722857,0.060794044665012405,0.05883813191309721,0.0,0.00024470855474110906,0.0037220843672456576,0.009011771767268128,0.7233250620347395,0.6982370232617915
H1560-22-4,3521.0,0.008804316955410394,0.02026091849264785,ok,0.0,0.003305613169848558,0.7744958818517467,0.696285814643051,0.045157625674524283,0.07457223899812829,0.004544163589889236,0.01444771212901642,0.005112184038625391,0.017619675819162198,0.0,0.0001261281173518096,0.16160181766543597,0.1717059966393605,0.00028401022436807724,0.0016759019914333862,0.008804316955410394,0.02026091849264785
H503-23-A16,6445.0,0.006516679596586501,0.01575227395349853,ok,0.3249030256012413,0.3086987605422393,0.008688906128782002,0.011970231678864657,0.01474010861132661,0.018177690197488754,0.3619860356865787,0.35347539060798716,0.03320403413498836,0.040927896659118175,0.24685802948021723,0.23702823271769974,0.0007757951900698216,0.0043829292631744,0.0023273855702094647,0.009586594379929219,0.006516679596586501,0.01575227395349853
H742-22-5,6011.0,0.43586757611046417,0.406152177984891,ok,0.006155381800033272,0.008327184080644267,0.004491765097321577,0.005585805311544422,0.19896855764431876,0.21518531908413865,0.020129762102811512,0.03358145573688499,0.019131592081184496,0.03599047857842844,0.19580768590916653,0.17735723626616942,0.0008318083513558476,0.002451505549664673,0.11861587090334387,0.11536883740763411,0.43586757611046417,0.406152177984891
H-1628-A2-22,7655.0,0.014369693011103853,0.023518511845082704,ok,0.008883082952318745,0.013905978125033086,0.05133899412148922,0.05346419982688605,0.1224036577400392,0.13556680003182237,0.007838014369693011,0.019723060121062546,0.23435662965382104,0.23327068871456969,0.22612671456564337,0.2213484215816666,0.0,0.002052806060634199,0.3346832135858916,0.2971495336932427,0.014369693011103853,0.023518511845082704
H82-23-15,2959.0,0.07908077053058465,0.07511438694041608,ok,0.28861101723555255,0.2609948270608051,0.002027712064886786,0.0030530674396724326,0.01689760054072322,0.019592037803600373,0.3281514025008449,0.3301649844772395,0.03447110510307536,0.052532320488898776,0.17336938154782022,0.180495535234061,0.0006759040216289286,0.0036401887344353692,0.0767151064548834,0.07441265182087123,0.07908077053058465,0.07511438694041608
H1487-22-A10,1490.0,0.0020134228187919465,0.004802416676067743,ok,0.004697986577181208,0.0069471988738473685,0.026845637583892617,0.03476972351037554,0.0026845637583892616,0.008651821964332094,0.8879194630872483,0.8653106309434507,0.053691275167785234,0.04905010892792491,0.021476510067114093,0.023878947735067917,0.0006711409395973154,0.0040485239624080144,0.0,0.0025406274065257277,0.0020134228187919465,0.004802416676067743
H1901-21,2575.0,0.027572815533980582,0.03765218157774763,ok,0.0007766990291262136,0.0066413209570112515,0.04116504854368932,0.049141889138611124,0.03223300970873787,0.03629582158129063,0.11689320388349514,0.11433732199619163,0.545242718446602,0.47784984125355895,0.008932038834951457,0.012954940208154169,0.22368932038834952,0.25737219010218443,0.003495145631067961,0.0077544931852502235,0.027572815533980582,0.03765218157774763
H742-22-32,3545.0,0.11227080394922426,0.12733418835836327,ok,0.0688293370944993,0.06404665381285836,0.024259520451339917,0.025229262638504474,0.19520451339915373,0.21212459648238027,0.49732016925246825,0.46141525187677535,0.00846262341325811,0.014097644451151397,0.0930888575458392,0.08764686363418404,0.0,0.0031155259216545154,0.0005641748942172073,0.004990012824128364,0.11227080394922426,0.12733418835836327
H1053-23-2,1497.0,0.01603206412825651,0.02304055042637601,ok,0.06279225116900468,0.06385005785746282,0.14696058784235136,0.14544165488064145,0.32064128256513025,0.3031944092959759,0.35671342685370744,0.3379686619693888,0.07214428857715431,0.07341073950182485,0.0,0.00419773716841168,0.022044088176352707,0.039213556554170685,0.0026720106880427524,0.009682632345747823,0.01603206412825651,0.02304055042637601
H684-22,3966.0,0.40670700958144224,0.36741003612882694,ok,0.0002521432173474534,0.0009246504430461934,0.020171457387796268,0.029183707192345112,0.2508825012607161,0.24748068444549867,0.06656580937972768,0.08569112722390658,0.010085728693898134,0.018319114559976753,0.1091780131114473,0.11961272399676703,0.0015128593040847202,0.011765645131094526,0.1346444780635401,0.11961231087853823,0.40670700958144224,0.36741003612882694
H353-22-6,10355.0,0.4084017382906808,0.37558339987020195,ok,0.0004828585224529213,0.0005328151491254722,0.007049734427812651,0.009008969126058225,0.18194109126026076,0.18814046229271855,0.21641718976339933,0.21108308861070427,0.0226943505552873,0.0234418025911801,0.11298889425398358,0.12336064158391849,0.04751327860936746,0.06193475659165547,0.002510864316755191,0.006914064184437431,0.4084017382906808,0.37558339987020195
H1487-22-A7,3071.0,0.04265711494627157,0.07383642074184335,ok,0.0,0.0028423377475118926,0.7502442201237381,0.6866446889928255,0.008466297622924128,0.02244007671451414,0.0013025073266037122,0.004293379045835926,0.011396939107782481,0.02337941895186424,0.0,0.0006055666737426922,0.1859329208726799,0.18408015629244553,0.0,0.0018779548394166803,0.04265711494627157,0.07383642074184335
H742-22-27,1795.0,0.0596100278551532,0.07520990972802083,ok,0.14818941504178273,0.13664855548411534,0.015598885793871866,0.018616665065720177,0.0935933147632312,0.1106851024775384,0.5431754874651811,0.5091376706529034,0.02116991643454039,0.02680707967183414,0.11309192200557103,0.10941455126730149,0.005571030640668524,0.013045191240038317,0.0,0.00043527441252789236,0.0596100278551532,0.07520990972802083
H970-23-EX4,2304.0,0.013454861111111112,0.026297338011797677,ok,0.4509548611111111,0.3977455039760575,0.021267361111111112,0.03699178363756153,0.016927083333333332,0.0162784623681157,0.00390625,0.013181250751816441,0.13802083333333334,0.16232227456259218,0.3541666666666667,0.33383517267549306,0.0013020833333333333,0.01095655131131217,0.0,0.0023916627052536876,0.013454861111111112,0.026297338011797677
H-503-23-18A,4988.0,0.015236567762630313,0.03498896985590101,ok,0.08400160384923817,0.07716827176221511,0.03247794707297514,0.034658171265872346,0.02967121090617482,0.037120820540779746,0.6866479550922213,0.6515527592085104,0.019847634322373697,0.02577839979540864,0.11788291900561347,0.11437711531870882,0.0022052927024859663,0.010013813860774528,0.012028869286287089,0.014341678391829387,0.015236567762630313,0.03498896985590101
H-269-22-1,534.0,0.0,0.005119828409401237,ok,0.028089887640449437,0.03727327678855314,0.299625468164794,0.26991242666387455,0.035580524344569285,0.050137519197193364,0.2247191011235955,0.19612941628924194,0.33707865168539325,0.3307290773198537,0.018726591760299626,0.02816326444324463,0.033707865168539325,0.05279094061818431,0.02247191011235955,0.029744250270453215,0.0,0.005119828409401237
H1986-22-A8,8796.0,0.2979763528876762,0.2942848669885492,ok,0.0050022737608003635,0.007833707362419381,0.2881991814461119,0.26379625251036176,0.01477944520236471,0.03368333993338353,0.02307867212369259,0.02727988079137117,0.0263756252842201,0.03631412584803106,0.0035243292405638927,0.005973645730327414,0.3220782173715325,0.31449651848288473,0.018985902683037743,0.016337662352671752,0.2979763528876762,0.2942848669885492
H-1628-A3-22,8430.0,0.036298932384341634,0.05039228230074628,ok,0.009489916963226572,0.01831007844730895,0.5275207591933571,0.49813288535883093,0.04519572953736655,0.0666785262731342,0.00047449584816132857,0.0074139131478356945,0.14009489916963228,0.13802996384889116,0.02858837485172005,0.0349309669142924,0.0,0.007502266926322861,0.21233689205219455,0.17860911678263755,0.036298932384341634,0.05039228230074628
H742-22-39-41,8882.0,0.2447646926367935,0.22654739949454417,ok,0.013172708849358252,0.014548650686836041,0.01137131276739473,0.015862699768722767,0.21796892591758613,0.22800655207879136,0.18666966899346993,0.19146147219192558,0.026683179464084664,0.03785840758570366,0.2735870299482099,0.24524622115309336,0.0018013960819635217,0.00832954439864152,0.023981085341139383,0.03213905264174158,0.2447646926367935,0.22654739949454417
H-1628-A4-22,11725.0,0.0288272921108742,0.05008175902139978,ok,0.03402985074626866,0.04442870203325838,0.37100213219616207,0.32908495064057697,0.10396588486140725,0.11799422047880505,0.000511727078891258,0.009526409910387671,0.263454157782516,0.24079266858455434,0.09637526652452026,0.0991144194733462,0.001791044776119403,0.012193348863403203,0.10004264392324094,0.09678352099426844,0.0288272921108742,0.05008175902139978
H1440-21-28,998.0,0.001002004008016032,0.0025075798267285322,ok,0.31763527054108215,0.31606162653472136,0.280561122244489,0.26007971670908303,0.001002004008016032,0.004641583199138463,0.1092184368737475,0.11388556707033609,0.2725450901803607,0.26215395490599996,0.014028056112224449,0.027827592127393042,0.004008016032064128,0.010438639139290553,0.0,0.0024037404873089507,0.001002004008016032,0.0025075798267285322
H-503-23-B5-2,4620.0,0.3976190476190476,0.4011538936262776,ok,0.003896103896103896,0.004009786501056364,0.004978354978354979,0.00756200681877956,0.006277056277056277,0.020146067773895274,0.467965367965368,0.41325825956374096,0.0006493506493506494,0.002661840220510088,0.11796536796536797,0.14767707292867635,0.0006493506493506494,0.003220127041010672,0.0,0.0003109455260530732,0.3976190476190476,0.4011538936262776
H742-22-22,983.0,0.10376398779247202,0.11526115593945863,ok,0.001017293997965412,0.0013476067755770565,0.012207527975584944,0.021069884353615415,0.4923702950152594,0.46252703747367313,0.2970498474059003,0.30468135742928115,0.0,0.0034253562459471186,0.08952187182095625,0.07853707899434723,0.002034587995930824,0.004643259542485043,0.002034587995930824,0.008507263245615305,0.10376398779247202,0.11526115593945863
H609-21-11,7616.0,0.0019695378151260504,0.005047923969764465,ok,0.2534138655462185,0.224122470559684,0.05002626050420168,0.05968707154049322,0.008665966386554622,0.011990315757805771,0.1951155462184874,0.19942652763555435,0.06696428571428571,0.08772668609527882,0.19669117647058823,0.19443947376767892,0.22439600840336135,0.21164472452059063,0.0027573529411764708,0.005914806153149829,0.0019695378151260504,0.005047923969764465
H1614-21-2-1,4445.0,0.3280089988751406,0.2884314392260267,ok,0.0004499437570303712,0.002570654100197833,0.015748031496062992,0.02720286032766669,0.20044994375703037,0.18915034872448325,0.2017997750281215,0.1963788433581879,0.13025871766029246,0.13702813689634505,0.031271091113610795,0.05024643538585826,0.015973003374578177,0.029482278588357273,0.07604049493813274,0.0795090033928771,0.3280089988751406,0.2884314392260267
H-503-23-20A,2519.0,0.003969829297340214,0.008639660488593631,ok,0.0889241762604208,0.08968892259578883,0.004366812227074236,0.007142982231166892,0.09210003969829297,0.09092108988428138,0.5982532751091703,0.5869246146573288,0.0111155220325526,0.016144557410921637,0.19968241365621278,0.1918600162108271,0.0003969829297340214,0.005350625477556493,0.0011909487892020642,0.003327531043535265,0.003969829297340214,0.008639660488593631
H1560-22-3,680.0,0.004411764705882353,0.010887596837645298,ok,0.0,0.0012350233340404312,0.6205882352941177,0.5885094345863243,0.0,0.014916683795203015,0.022058823529411766,0.02597966193494336,0.027941176470588237,0.03538432810287087,0.0,0.0005387438544868805,0.325,0.3203851478886503,0.0,0.002163379665835476,0.004411764705882353,0.010887596837645298
H1440-21-14,4058.0,0.0014785608674223755,0.0060648714810966065,ok,0.054460325283390836,0.09033886524079407,0.3129620502710695,0.30692206539943573,0.07663873829472646,0.07829304416595985,0.0,0.00442879983559441,0.5399211434204041,0.469412741582513,0.002957121734844751,0.012128082699656364,0.011582060128141941,0.029976332774255654,0.0,0.0024351968206942918,0.0014785608674223755,0.0060648714810966065
H1401-21,2081.0,0.012974531475252283,0.016807355555255286,ok,0.0019221528111484864,0.0071280152496891,0.15521383950024026,0.13946959324054478,0.07784718885151369,0.08151716624375101,0.154252763094666,0.1499399944928205,0.04372897645362806,0.05603864334157745,0.011052378664103796,0.01595811002132798,0.5367611725132148,0.5206506953040737,0.006246996636232581,0.012490426550960214,0.012974531475252283,0.016807355555255286
H1175-21-D5,805.0,0.0,0.0020304130464526937,ok,0.15900621118012423,0.1631243814727225,0.16273291925465838,0.15845036843041668,0.0,0.0026934804027605235,0.37763975155279506,0.37017962509811586,0.28695652173913044,0.26683140030166097,0.012422360248447204,0.021482837735956314,0.0012422360248447205,0.009854215635599796,0.0,0.005353277876314605,0.0,0.0020304130464526937
H503-23-A12,11100.0,0.6136036036036036,0.5949575510590774,ok,0.0,0.00016204919997334002,0.014774774774774775,0.01829873822629736,0.048468468468468466,0.0606684822307476,0.17864864864864866,0.16697731884648725,0.004414414414414414,0.0070468102491316855,0.12486486486486487,0.12408696487575693,0.012882882882882883,0.02138223501598716,0.0023423423423423423,0.006419850296541325,0.6136036036036036,0.5949575510590774
H1487-22-A14,3002.0,0.028980679546968688,0.04971791131000947,ok,0.0,0.0009598305424901902,0.15856095936042638,0.1429883032702053,0.009660226515656229,0.02501970642370034,0.7544970019986675,0.7168420323994449,0.03664223850766156,0.03905712035980082,0.0,0.0010425434863397507,0.009660226515656229,0.02043271601899246,0.001998667554963358,0.003939836189016706,0.028980679546968688,0.04971791131000947
H-1628-B15-22-A,13697.0,0.02577206687595824,0.0419010540478027,ok,0.01029422501277652,0.01889091029722886,0.06972329707235161,0.07240266879876828,0.04716361246988392,0.05220192327193368,0.009637146820471636,0.015448361570198542,0.4257136599255311,0.3859766461659904,0.38913630722055925,0.3745502116532874,0.007665912243556983,0.011064589577255498,0.01489377235891071,0.02756363461753468,0.02577206687595824,0.0419010540478027
H1986-22-B3,5851.0,0.01025465732353444,0.0235979201733683,ok,0.00512732866176722,0.01093244941848631,0.5920355494787216,0.5337845688181554,0.024098444710305932,0.04973916058736726,0.020338403691676638,0.022804726420625622,0.07622628610493933,0.07556751937360595,0.006323705349512904,0.007280505757025335,0.2654247137241497,0.27341364692775294,0.00017091095539224064,0.002879502523612761,0.01025465732353444,0.0235979201733683
H685-23,1465.0,0.5679180887372014,0.5164676270497564,ok,0.0,0.0007145447017930367,0.005460750853242321,0.015082349570400272,0.12491467576791809,0.13948187680260637,0.03754266211604096,0.052329250361456824,0.013651877133105802,0.020417186374445458,0.09897610921501707,0.09541879114561988,0.14607508532423208,0.14732248805237222,0.005460750853242321,0.012765885941549619,0.5679180887372014,0.5164676270497564
H800-23-B2,5087.0,0.5926872419893847,0.5287157159374957,ok,0.0,4.450449673159504e-05,0.03184588165913112,0.042794412747136794,0.01985453115785335,0.04701442570440113,0.000982897582071948,0.005908303224228359,0.3251425201494004,0.30953713913153386,0.02103400825633969,0.03357471304418849,0.008452919205818754,0.029313389277678997,0.0,0.0030973964366050547,0.5926872419893847,0.5287157159374957
H1205-23-A-1,1353.0,0.28307464892830747,0.27439162505922665,ok,0.0,0.0025597647904441645,0.04360679970436068,0.0454164614079876,0.11456023651145603,0.11311402345487548,0.032520325203252036,0.04521029531476271,0.08499630450849963,0.0880794041062699,0.025868440502586843,0.025066355558095325,0.4116777531411678,0.40142525736323154,0.003695491500369549,0.004736812945106624,0.28307464892830747,0.27439162505922665
H1487-22-A4,5286.0,0.3800605372682558,0.35239895766971285,ok,0.00037835792659856227,0.0017621848424453157,0.024025728339008703,0.026417017497651102,0.06923950056753689,0.07705686904337664,0.036133181990162695,0.04694387177523791,0.24006810442678775,0.23427773903583562,0.08588724933787363,0.08407193282214132,0.14491108588724932,0.1550246608319001,0.019296254256526674,0.022046766481699214,0.3800605372682558,0.35239895766971285
H970-23-5,7057.0,0.012328184781068443,0.017486177905204472,ok,0.0704265268527703,0.07757550021657138,0.030891313589343914,0.03536651567694251,0.023522743375371972,0.028550746596777435,0.03840158707666147,0.05171135057072462,0.25449907892872325,0.24900073494139066,0.5356383732464219,0.4849137856564765,0.003542581833640357,0.010629188741794672,0.0307496103159983,0.04476599969411775,0.012328184781068443,0.017486177905204472
H-720-22,2128.0,0.04887218045112782,0.054195395072700506,ok,0.0,0.00044748529630208515,0.029605263157894735,0.03595555503603089,0.047462406015037595,0.07687426166244608,0.021616541353383457,0.04328033786464059,0.008928571428571428,0.01657830384894179,0.8303571428571429,0.7405006625574637,0.010808270676691729,0.017810718526408933,0.002349624060150376,0.014357280135065428,0.04887218045112782,0.054195395072700506
H742-22-31,3263.0,0.09561752988047809,0.10427787805447601,ok,0.13821636530799877,0.13197767977828093,0.031566043518234756,0.03786843043373537,0.13086117070180814,0.12941860640495276,0.01593625498007968,0.02605298746740878,0.06435795280416795,0.09280791642375795,0.5127183573398713,0.44415815043027956,0.002451731535396874,0.011536541884967229,0.00827459393196445,0.021901809122141375,0.09561752988047809,0.10427787805447601
H970-23-7,8872.0,0.014427412082957619,0.01470740733509846,ok,0.030658250676284943,0.04550398034641643,0.014427412082957619,0.029215615888880254,0.016118124436429217,0.01800531056347318,0.016005410279531108,0.02252409967236014,0.2813345356176736,0.2871014004184171,0.6089945897204689,0.5466214986416345,0.0010144274120829576,0.007670999877405127,0.017019837691614068,0.02864968725631483,0.014427412082957619,0.01470740733509846
H1440-21-34,6900.0,0.33753623188405796,0.3223074944164866,ok,0.016956521739130436,0.025672887292877564,0.04927536231884058,0.05120868592950857,0.029710144927536233,0.03648096933751144,0.06188405797101449,0.07645966565072457,0.20144927536231885,0.1905397379041657,0.12144927536231884,0.11676889929898487,0.14869565217391303,0.14327000651070773,0.03304347826086956,0.03729165365903297,0.33753623188405796,0.3223074944164866
H1175-21-A11,13524.0,0.514418811002662,0.4785251668851812,ok,0.0002957704821058858,0.0025422590155759106,0.023809523809523808,0.029862378464633993,0.1430050280981958,0.13812586398606744,0.07298136645962733,0.07901230844999113,0.2028246081041112,0.2087057372212445,0.013753327417923691,0.020668667782813212,0.015306122448979591,0.02528100623809645,0.013605442176870748,0.01727661195639609,0.514418811002662,0.4785251668851812
H884-22-1,250.0,0.06,0.07297465177783581,ok,0.108,0.10920129089591876,0.068,0.06564928878316345,0.008,0.025764190222964126,0.572,0.5369454866388769,0.172,0.16662546039849646,0.008,0.013390993447388061,0.004,0.007636588092845949,0.0,0.0018120497425105418,0.06,0.07297465177783581
H-503-23-19A,7259.0,0.0,0.00012812749428848827,ok,0.0,5.315716418221713e-07,1.0,0.9970005077902501,0.0,0.0025650873199092386,0.0,4.829160710823631e-05,0.0,0.0001578225245477327,0.0,5.268148494387899e-05,0.0,1.132605805796706e-05,0.0,3.5624149252552e-05,0.0,0.00012812749428848827
H1566-22-1,8236.0,0.0048567265662943174,0.012750532853182192,ok,0.024040796503156873,0.0402898724905897,0.36413307430791647,0.3344270628681252,0.03994657600777076,0.05090633193305068,0.055366682855755224,0.06974354272205086,0.2656629431762992,0.24051323702359165,0.22668771248178726,0.2006674701596446,0.015662943176299175,0.04133055389288221,0.003642544924720738,0.009371396056882935,0.0048567265662943174,0.012750532853182192
H617-23,1293.0,0.09435421500386698,0.09366859386575953,ok,0.0,0.0005234321380966203,0.014694508894044857,0.020245372743713793,0.05877803557617943,0.0592350814905974,0.028615622583139984,0.0330711092823614,0.019334880123743233,0.01909258050482695,0.002320185614849188,0.0039184379109951754,0.7819025522041764,0.7695644368547757,0.0,0.0006809552088735036,0.09435421500386698,0.09366859386575953
H625-21-B,729.0,0.7777777777777778,0.7173496500686624,ok,0.0,0.0003040300730863442,0.05486968449931413,0.060057586325007906,0.038408779149519894,0.05487167414417197,0.03155006858710562,0.03737941279008389,0.03429355281207133,0.04927765458839554,0.04938271604938271,0.054810395004914546,0.013717421124828532,0.024191892327704478,0.0,0.0017577046779730422,0.7777777777777778,0.7173496500686624
H482-22,5251.0,0.18663111788230813,0.17268307416423856,ok,0.07103408874500096,0.07882019409928578,0.007808036564463911,0.010816765762954351,0.08379356313083222,0.09199824116732268,0.03332698533612645,0.0455074878752605,0.09369643877356694,0.11480700352756701,0.44772424300133307,0.40095388332656384,0.006855836983431727,0.015241708216776357,0.06912968958293658,0.06917164186003089,0.18663111788230813,0.17268307416423856
H533-22-9,6736.0,0.024346793349168647,0.035265080807929436,ok,0.036520190023752966,0.04997448444665019,0.011876484560570071,0.01652867219347632,0.06695368171021378,0.0660132167567169,0.012470308788598575,0.019358204584189312,0.23470902612826602,0.22246518280657734,0.4701603325415677,0.44148354273367646,0.13999406175771972,0.1377217632845687,0.0029691211401425177,0.011189852386215424,0.024346793349168647,0.035265080807929436
H1205-23-A,1131.0,0.42793987621573826,0.4023257055809043,ok,0.0,0.0010282043145619076,0.03536693191865606,0.039548333907671374,0.09725906277630415,0.0960828190513158,0.015915119363395226,0.029709283142694318,0.01237842617152962,0.02240830374090386,0.004420866489832007,0.005442213739631363,0.40671971706454463,0.40278047299076564,0.0,0.0006746635315514336,0.42793987621573826,0.4023257055809043
H1175-21-C1,9360.0,0.11143162393162394,0.10948676601866539,ok,0.0037393162393162395,0.007861838182243031,0.018055555555555554,0.020971395953451665,0.02264957264957265,0.03281759439278246,0.21997863247863247,0.21808393296674464,0.2066239316239316,0.21342193182689206,0.039316239316239315,0.06125462841831704,0.0016025641025641025,0.006570621858939061,0.3766025641025641,0.32953129038196466,0.11143162393162394,0.10948676601866539
H742-22-14,5231.0,0.16880137640986428,0.17915141122519787,ok,0.004205696807493787,0.006429777053705499,0.015484610973045307,0.02306519763150211,0.11030395717835978,0.11578414551745998,0.11450965398585357,0.10964108206204208,0.04645383291913592,0.05342290634638884,0.31580959663544256,0.2807239911070648,0.22232842668705793,0.22213064936787233,0.0021028484037468936,0.0096508396887665,0.16880137640986428,0.17915141122519787
H742-22-8,8180.0,0.5246943765281173,0.4728531144682024,ok,0.001100244498777506,0.002020363316239741,0.08997555012224939,0.07749619882985383,0.1902200488997555,0.1939316876683251,0.09718826405867971,0.12056375873375054,0.021393643031784843,0.0403721301391853,0.05867970660146699,0.06406656014301589,0.0008557457212713936,0.006565925257631267,0.01589242053789731,0.02213026144379595,0.5246943765281173,0.4728531144682024
H533-1-22,4143.0,0.013999517258025585,0.024235299564159415,ok,0.406710113444364,0.35949769910359736,0.006758387641805455,0.010901484244371146,0.04634322954380883,0.04462315174442063,0.02510258266956312,0.0312138658567032,0.33985034998793145,0.32771466453331916,0.14940864108134203,0.1761395074727635,0.001448225923244026,0.008064595632082467,0.01037895244991552,0.017609731848583162,0.013999517258025585,0.024235299564159415
H1175-21-B7,9650.0,0.327979274611399,0.2940831294751494,ok,0.003523316062176166,0.010752469726893504,0.04259067357512954,0.04927291478514632,0.020621761658031087,0.030873369025366606,0.02715025906735751,0.048426405448370874,0.4016580310880829,0.37367299397989323,0.015025906735751295,0.03031693616922016,0.0034196891191709843,0.007554616080648324,0.15803108808290156,0.15504716530931154,0.327979274611399,0.2940831294751494
H-1628-B18-22-A,6998.0,0.002572163475278651,0.012900555100325374,ok,0.025864532723635324,0.034498539993317284,0.17762217776507574,0.17349777985964315,0.14975707344955702,0.15599306666386376,0.00014289797084881395,0.004136704201068709,0.2776507573592455,0.27128380698187526,0.3589597027722206,0.3277323861852766,0.0007144898542440697,0.004167363012763726,0.006716204629894256,0.015789798001866126,0.002572163475278651,0.012900555100325374
H-503-23-2B1,8412.0,0.08749405611031859,0.09635287023840532,ok,0.05040418449833571,0.06850816608060804,0.012957679505468379,0.02104453939261688,0.11792677127912506,0.1152034930616627,0.016286257727056587,0.028281559150424164,0.04838326200665716,0.06525946448000215,0.6119828815977175,0.5471909522470708,0.05420827389443652,0.05484642561231793,0.0003566333808844508,0.0033125297368919748,0.08749405611031859,0.09635287023840532
H82-23-9,5229.0,0.27634346911455343,0.2615128904032862,ok,0.2034805890227577,0.18182030841681962,0.0024861350162554982,0.006405254274295347,0.014534327787339835,0.02793415150648822,0.1679097341747944,0.16198341538600727,0.06483075157773953,0.08399166010534448,0.13138267355134825,0.1421855469534157,0.005545993497800727,0.013073226513433253,0.13348632625741058,0.12109354644090992,0.27634346911455343,0.2615128904032862
H715-22-14,10794.0,0.28979062442097464,0.27885853980382636,ok,0.0568834537706133,0.060047326456151046,0.027515286270150083,0.030207511585163622,0.09051324810079674,0.09647880103719658,0.03826199740596628,0.04430290390017843,0.09218084120807857,0.10530256608605777,0.35760607745043543,0.3228926876449465,0.020474337594960163,0.02845011819273636,0.026774133778024827,0.033459545293743335,0.28979062442097464,0.27885853980382636
H742-22-21,3152.0,0.12277918781725888,0.13451876980103786,ok,0.051078680203045686,0.04733775015289625,0.00983502538071066,0.013962448262433534,0.5574238578680203,0.530494044160263,0.14213197969543148,0.15620073388105482,0.0133248730964467,0.017163694014172736,0.09581218274111675,0.08722312741023223,0.0009517766497461929,0.0024706720429840553,0.00666243654822335,0.010628760274925455,0.12277918781725888,0.13451876980103786
H1628-22-B1-1,3228.0,0.03717472118959108,0.05409886982955256,ok,0.0027881040892193307,0.014622245952180488,0.6973358116480793,0.631032582250433,0.06908302354399008,0.0830637651201754,0.0,0.003239253821448026,0.18680297397769516,0.18680729342353153,0.0021685254027261464,0.004129158411354674,0.004337050805452293,0.017845391099355304,0.0003097893432465923,0.005161440091969078,0.03717472118959108,0.05409886982955256
H742-22-42,9740.0,0.18583162217659138,0.17013936670822166,ok,0.03162217659137577,0.03450831188633901,0.008008213552361396,0.011903333959941597,0.26036960985626284,0.26000221855237365,0.09127310061601643,0.10204654437661714,0.04568788501026694,0.056132986591590564,0.33316221765913756,0.29514224410780643,0.0013347022587268994,0.007722836324196328,0.04271047227926078,0.062402157492913564,0.18583162217659138,0.17013936670822166
H715-22-11,6984.0,0.3018327605956472,0.29251952771376183,ok,0.001575028636884307,0.0039218638513012615,0.013029782359679267,0.019878421265309327,0.04553264604810996,0.05430283376367543,0.4497422680412371,0.4235945564596213,0.018757159221076746,0.0231780115481338,0.09936998854524627,0.10273428893646944,0.006443298969072165,0.012112847360864815,0.06371706758304696,0.06775764910086288,0.3018327605956472,0.29251952771376183
H748-23,681.0,0.4948604992657856,0.46680613211477756,ok,0.0,0.0008789956130228326,0.01762114537444934,0.02264859768902605,0.44493392070484583,0.43929108514982157,0.004405286343612335,0.016818735061144018,0.010279001468428781,0.012030925242227585,0.023494860499265784,0.025817809078167983,0.002936857562408223,0.013127110049074325,0.0014684287812041115,0.0025806100027380863,0.4948604992657856,0.46680613211477756
H715-22-1,3718.0,0.028240989779451317,0.045599777644250016,ok,0.09763313609467456,0.09115295546001516,0.008606777837547068,0.013586209519707066,0.012910166756320602,0.017549391057790253,0.650080688542227,0.6154879611810173,0.03469607315761162,0.04398094672150745,0.16218396987627756,0.1558869330022238,0.004841312533620226,0.01359711241147339,0.0008068854222700376,0.0031587130020155735,0.028240989779451317,0.045599777644250016
H1175-21-B1-1,2142.0,0.002334267040149393,0.006299408076770615,ok,0.004668534080298786,0.028029076414126025,0.15826330532212884,0.15589847882609711,0.0018674136321195146,0.00587456876879259,0.00980392156862745,0.011114670830966145,0.4887955182072829,0.45048634825943357,0.07609710550887021,0.08147271600409668,0.2507002801120448,0.2485811448146649,0.007469654528478058,0.012243588005052401,0.002334267040149393,0.006299408076770615
H-7677-C-22-GIEMSA,655.0,0.1648854961832061,0.170328813931323,ok,0.0,0.0004074051951831316,0.47480916030534354,0.4199947511398649,0.05801526717557252,0.10012004461787036,0.0,0.005980037138234576,0.300763358778626,0.2930576973393544,0.0,0.0005964966608676835,0.0015267175572519084,0.00644086473033577,0.0,0.0030738892469662172,0.1648854961832061,0.170328813931323
H970-23-EX1,4587.0,0.0342271637235666,0.042566866270523473,ok,0.2289077828646174,0.19816062562661613,0.03182908218879442,0.0402080096141739,0.12143012862437323,0.12188104709846458,0.3616742969260955,0.351092603669482,0.09679529103989536,0.10120649937757595,0.10769566165249618,0.12144627797635509,0.0017440592980161324,0.008621967515608057,0.015696533682145193,0.014816102851200892,0.0342271637235666,0.042566866270523473
H970-23-13,5681.0,0.0033444816053511705,0.011796659595430614,ok,0.0063369125154022175,0.01789757650749567,0.050871325470867805,0.05608561951432258,0.18236226016546384,0.172923015254088,0.09241330751628235,0.10214730289920755,0.18993135011441648,0.19322828398598949,0.320014082027812,0.29185240282297154,0.0010561520859003696,0.00524814617646818,0.15367012849850378,0.1488209932440264,0.0033444816053511705,0.011796659595430614
H1440-21-1,9519.0,0.0035718037608992543,0.009451710269904165,ok,0.12102111566341002,0.11654255362221257,0.01575795776867318,0.022293281139242102,0.002941485450152327,0.005941618608805177,0.0184893371152432,0.027935462186198884,0.19686941905662358,0.201190257684203,0.4133837587981931,0.4052775805309836,0.22607416745456455,0.2051194790789215,0.0018909549322407816,0.0062480568795289905,0.0035718037608992543,0.009451710269904165
H-1641-A-22-B,966.0,0.2660455486542443,0.2608479574734565,ok,0.0,0.0011040272093018311,0.3995859213250518,0.3669141073966053,0.002070393374741201,0.02277023437487101,0.046583850931677016,0.07318332384376511,0.0,0.00803748681724198,0.0,0.00036550122645811274,0.2857142857142857,0.2654379155209797,0.0,0.0013394461373203942,0.2660455486542443,0.2608479574734565
H1440-21-5,8455.0,0.015138971023063276,0.02285438255526654,ok,0.1023063276167948,0.10917392778567518,0.030041395623891187,0.03448628647859474,0.0026020106445890008,0.006385600408866161,0.030277942046126553,0.03441391186485862,0.40354819633353045,0.3604896348564463,0.23832052040212892,0.23722022536662588,0.17516262566528681,0.186333468966188,0.0026020106445890008,0.008642561717478564,0.015138971023063276,0.02285438255526654
H-503-23-14A-1,3581.0,0.01815135437028763,0.02704279887399087,ok,0.10723261658754538,0.10415924381761942,0.023736386484222285,0.027537331708859837,0.38425020943870425,0.38181622462406506,0.08628874616029042,0.086660929827005,0.006143535325328121,0.011879910514820536,0.34766824909243227,0.32632876994020904,0.02513264451270595,0.029559336516871773,0.0013962580284836638,0.0050154541765584,0.01815135437028763,0.02704279887399087
H1910-21,2321.0,0.09306333476949591,0.09115013181301304,ok,0.003877638948728996,0.00935029292083093,0.12408444635932787,0.12392880805372192,0.03705299439896596,0.042145700637919795,0.12666953899181388,0.12463033381249494,0.1943127962085308,0.17718042601179373,0.008616975441619991,0.015033070148589919,0.3933649289099526,0.39090979504080575,0.018957345971563982,0.02567144156083001,0.09306333476949591,0.09115013181301304
H742-22-18-1,469.0,0.21535181236673773,0.21598102511831535,ok,0.0767590618336887,0.07156323004891466,0.04904051172707889,0.04705637194748774,0.2814498933901919,0.2678121406528881,0.29637526652452023,0.28181649769383266,0.014925373134328358,0.02571193212256326,0.04904051172707889,0.054730343736338886,0.017057569296375266,0.03239097469825466,0.0,0.002937483981404691,0.21535181236673773,0.21598102511831535
H-147-3-22,9794.0,0.0629977537267715,0.06581695518003836,ok,0.06994078006943026,0.06926158349113828,0.01306922605676945,0.01629080820212465,0.016336532570961813,0.022001294749675524,0.12650602409638553,0.12633990457585387,0.1335511537676128,0.13830830825909896,0.3062078823769655,0.2872777779543336,0.25188891157851745,0.24884309413922182,0.019501735756585665,0.02586027344851492,0.0629977537267715,0.06581695518003836
H1440-21-30,3212.0,0.02459526774595268,0.0314459406904052,ok,0.1917808219178082,0.1868298326931433,0.05977584059775841,0.07514184239385172,0.004669987546699875,0.010526511497382447,0.03518057285180573,0.05439518091195285,0.3483810709838107,0.3279166066291601,0.07970112079701121,0.07535780621178757,0.19894146948941469,0.17521087378527675,0.05697384806973848,0.06317540518704003,0.02459526774595268,0.0314459406904052
H-1628-B6-22,4462.0,0.004034065441506051,0.008635143584623427,ok,0.2752129090094128,0.26296179741082437,0.4441954280591663,0.41371512634513397,0.019722097714029583,0.023030632298312596,0.0,0.0018392895954856114,0.19856566562079786,0.20910032005444387,0.055580457194083374,0.0653555075226031,0.0015688032272523531,0.011279771049059344,0.0011205737337516809,0.00408241213951368,0.004034065441506051,0.008635143584623427
H-1628-A1-22,10311.0,0.017554068470565416,0.031845145769961336,ok,0.024245950926195324,0.02709590442236645,0.07458054504897682,0.07149143378205985,0.06197265056735525,0.07909038603749013,0.001260789448162157,0.010552857156782818,0.2971583745514499,0.28525533334112935,0.20211424692076424,0.2039241038412338,0.0008728542333430317,0.004806463788827248,0.32024051983318785,0.28593837186014903,0.017554068470565416,0.031845145769961336
H82-23-18,2633.0,0.0007595898214963919,0.00424018458236248,ok,0.4356247626281808,0.40232254863685174,0.008735282947208508,0.01897598327297293,0.0015191796429927839,0.0037341870897487518,0.038359285985567794,0.04493255096007719,0.15837447778199773,0.16752762342259708,0.3509304975313331,0.33782857489860135,0.003418154196733764,0.010968473644868606,0.002278769464489176,0.009469873491919854,0.0007595898214963919,0.00424018458236248
H1913-22-15,2933.0,0.0,0.0011329065824113242,ok,0.09921581997954312,0.09696852713492254,0.3852710535288101,0.3689333994797508,0.0034094783498124785,0.011202914275400409,0.400272758267985,0.3917902581382005,0.09648823729969315,0.09924038351523792,0.012956017729287419,0.01747844643117636,0.002386634844868735,0.012307003104097295,0.0,0.0009461613388028506,0.0,0.0011329065824113242
H1175-21-D4,2020.0,0.0019801980198019802,0.007482619397744448,ok,0.07673267326732673,0.0767932758922614,0.055445544554455446,0.05743744302859102,0.0014851485148514852,0.004847743069448136,0.6975247524752475,0.6823268382309113,0.10396039603960396,0.09374637739025257,0.05,0.049126739528290414,0.009900990099009901,0.02147317221957805,0.0029702970297029703,0.006765791242922603,0.0019801980198019802,0.007482619397744448
H1053-23-1-1,1535.0,0.026058631921824105,0.035357345075721636,ok,0.015635179153094463,0.01818291920533529,0.12312703583061889,0.12159428279349825,0.38045602605863194,0.3662327967330828,0.3811074918566775,0.3630470008661381,0.038436482084690554,0.042143710878721034,0.0006514657980456026,0.004089404371435525,0.023452768729641693,0.03622459395273159,0.011074918566775244,0.01312794612333579,0.026058631921824105,0.035357345075721636
H884-22-2,664.0,0.0,0.0001556724242454274,ok,0.03313253012048193,0.02882558137709078,0.02108433734939759,0.024997425725470233,0.0,0.000678324158814699,0.9292168674698795,0.9208670091228989,0.015060240963855422,0.015303564378463023,0.0,0.002247433972176601,0.0015060240963855422,0.004560414086763199,0.0,0.0023645747540770867,0.0,0.0001556724242454274
H1079-22-20,843.0,0.16132858837485173,0.1526321971885691,ok,0.05931198102016608,0.05921383026810556,0.01542111506524318,0.032694648702842256,0.011862396204033215,0.02780406690137796,0.11387900355871886,0.11605672070335399,0.5124555160142349,0.45491417439227594,0.09015421115065243,0.09357301177105934,0.033214709371293,0.05549999342907451,0.002372479240806643,0.007611356643341312,0.16132858837485173,0.1526321971885691
H533-22-6,10237.0,0.30966103350590996,0.29871175466958144,ok,0.005372667773761844,0.006424080163713356,0.006056461854058806,0.007883600258357593,0.22438214320601738,0.22457811541167919,0.025495750708215296,0.03140614076515225,0.29999023151313864,0.2999144169275822,0.08957702451890202,0.08607596247781583,0.0011722184233662206,0.004341679935881534,0.03829246849662987,0.04066424939023667,0.30966103350590996,0.29871175466958144
H715-22-5,4794.0,0.07279933249895702,0.08040465187665027,ok,0.04881101376720901,0.05813478016482455,0.005423445974134335,0.009903554803452317,0.0229453483521068,0.03633741951351768,0.5047976637463496,0.4780883272422186,0.02169378389653734,0.03458979719230271,0.3160200250312891,0.2839514188763566,0.0008343763037129745,0.006288447297207265,0.006675010429703796,0.01230160303347,0.07279933249895702,0.08040465187665027
H1487-22-A5,8802.0,0.0,6.0076368438468196e-05,ok,0.0,2.9540915891371756e-07,1.0,0.998736471848342,0.0,0.001074653624465517,0.0,1.831844432741247e-05,0.0,5.847172182942914e-05,0.0,3.0073481640215488e-05,0.0,3.315043389735887e-06,0.0,1.832405840821487e-05,0.0,6.0076368438468196e-05
H1633-22-11,8349.0,0.005749191519942508,0.01338480412563305,ok,0.02060126961312732,0.04022528368661202,0.17786561264822134,0.16955927035417911,0.12312851838543538,0.12677806104958653,0.027907533836387593,0.045812806845262684,0.3534555036531321,0.29579615979892016,0.26134866451071986,0.25622604295109613,0.02682956042639837,0.03939617828712594,0.003114145406635525,0.01282139290158439,0.005749191519942508,0.01338480412563305
H-353-4-22,16704.0,0.3425526819923372,0.3231136364148229,ok,0.030352011494252873,0.031004650088214097,0.01221264367816092,0.015296689511468248,0.06770833333333333,0.07881351145795584,0.20803400383141762,0.20549341894534287,0.06669061302681992,0.06589736328517765,0.24329501915708812,0.23374701713166643,0.007902298850574713,0.013475826739611256,0.021252394636015325,0.0331578864257407,0.3425526819923372,0.3231136364148229
H1633-22-13,8564.0,0.0003503035964502569,0.0018756026333420113,ok,0.045773003269500234,0.04691261678015717,0.013078000934142924,0.01620970997103292,0.0077066791219056515,0.010566571627305588,0.7790751985053713,0.7748647327224182,0.09598318542737039,0.08564258628073054,0.0566324147594582,0.056423314999386964,0.0007006071929005138,0.003983382284890727,0.0007006071929005138,0.0035214827007359387,0.0003503035964502569,0.0018756026333420113
H715-22-10,15063.0,0.004514372966872469,0.013661126856130548,ok,0.0987187147314612,0.0919669256477623,0.008232091880767444,0.013335665370198953,0.012480913496647414,0.027186779948539273,0.33061143198566023,0.3192696548837292,0.041824337781318464,0.05609516777922384,0.31959105091947154,0.29147145212902537,0.003983270264887473,0.009793782419982943,0.18004381597291377,0.17721944496540762,0.004514372966872469,0.013661126856130548
H1628-22-B6,292.0,0.00684931506849315,0.02212092045298708,ok,0.0,0.017502860793283014,0.5993150684931506,0.4962669580168326,0.11301369863013698,0.11959647144707884,0.0,0.004299804516321771,0.2808219178082192,0.2940949159532221,0.0,0.0004829164671331101,0.0,0.02076520513168113,0.0,0.024869947221460357,0.00684931506849315,0.02212092045298708
H1986-22-10,6186.0,0.0,0.0027653025254199084,ok,0.00032331070158422246,0.006272678567920808,0.9784998383446492,0.92684759001225,0.005981247979308115,0.017763561315579917,0.01212415130940834,0.024200275534379628,0.00016165535079211123,0.003876452073553524,0.00016165535079211123,0.0003637857325351515,0.0012932428063368898,0.013475540032848654,0.001454898157129001,0.004434814205512347,0.0,0.0027653025254199084
H43-21-5,15801.0,0.26941332827036263,0.24445649767486968,ok,0.042402379596228085,0.042702165236634095,0.006075564837668502,0.011248299671762694,0.018353268780456934,0.02815671853579243,0.042845389532308084,0.05401469119020151,0.1423960508828555,0.162843661130705,0.3149167774191507,0.2975699132102494,0.14783874438326688,0.14116875164874607,0.015758496297702675,0.017839301701039086,0.26941332827036263,0.24445649767486968
H1175-21-A6,5620.0,0.0030249110320284696,0.007825756586008073,ok,0.0026690391459074734,0.007805270087749366,0.04341637010676157,0.04348662485183051,0.015658362989323844,0.019634708016720976,0.09786476868327403,0.10041975476857737,0.13167259786476868,0.11923605846744968,0.09839857651245551,0.0903015146056409,0.5661921708185054,0.5609534351712199,0.041103202846975086,0.05033687744480325,0.0030249110320284696,0.007825756586008073
H1440-21-31,6663.0,0.1775476512081645,0.1753903181104629,ok,0.048776827254990246,0.05546564133846045,0.061083595977787786,0.0625878518999823,0.021761969082995648,0.030019819263076147,0.0694882185201861,0.08836812837090956,0.23532943118715294,0.21100546556831298,0.13777577667717245,0.13116165105601854,0.23307819300615337,0.22223204111565095,0.015158337085396968,0.02376908327712614,0.1775476512081645,0.1753903181104629
H715-22-2,2827.0,0.05376724442872303,0.07495399467098578,ok,0.04704633887513265,0.04253938675114161,0.030067209055535903,0.03570493932318258,0.007782101167315175,0.02328926266853408,0.7322249734701096,0.6623921245996884,0.08312698974177574,0.0885091726562322,0.03855677396533427,0.04801979069908347,0.007074637424831978,0.022926122240356936,0.00035373187124159886,0.0016652063907949429,0.05376724442872303,0.07495399467098578
H503-23-A19,24072.0,0.0,4.708562097483692e-06,ok,0.0,1.7574005314458369e-06,1.0,0.9993051595224596,0.0,0.0005609754969379577,0.0,5.206599038360202e-05,0.0,2.4626749177648515e-05,0.0,2.937445273961621e-05,0.0,1.6859697776460132e-06,0.0,1.9645855895000597e-05,0.0,4.708562097483692e-06
H1205-23-B-1,1166.0,0.2993138936535163,0.2793205108075169,ok,0.0,0.0002574112658011973,0.00686106346483705,0.01416294984435508,0.1183533447684391,0.11769263363063098,0.11921097770154374,0.11916443725411205,0.022298456260720412,0.025338609621430603,0.024013722126929673,0.02954260164415119,0.4099485420240137,0.41190174432741117,0.0,0.002619101604590885,0.2993138936535163,0.2793205108075169
H-503-23-8B,13174.0,0.24404129345680886,0.24716046947677067,ok,0.037422195233034763,0.0380598794558077,0.0020494914224988615,0.004423345476267514,0.04486109002580841,0.04487737532562296,0.3949445878245028,0.3673822764620606,0.009716107484439046,0.01337697396717367,0.2545164718384697,0.26143107807516974,0.0008349779869439805,0.003422748627187435,0.011613784727493548,0.019865853133939706,0.24404129345680886,0.24716046947677067
H82-23-8,5517.0,0.5970636215334421,0.5623061606494721,ok,0.03498278049664673,0.032754453987601254,0.001993837230378829,0.004042249505502233,0.025376110204821462,0.03971204070450368,0.08772883813666849,0.09268119522855771,0.030270074315751315,0.04370366218654798,0.037520391517128875,0.03979243729234423,0.05365234729019395,0.056018009434585264,0.13141199927496827,0.12898979101088548,0.5970636215334421,0.5623061606494721
H82-23-13,5299.0,0.012643895074542366,0.01408018365384567,ok,0.16210605774674466,0.14939261508173965,0.0035855821853179844,0.005064575986692248,0.0035855821853179844,0.005307476163819071,0.02585393470466126,0.029169121521197203,0.0488771466314399,0.06147291303771878,0.34817890167956217,0.3383269377948396,0.38780902056991884,0.38420152629407905,0.0073598792224948105,0.01298465046606862,0.012643895074542366,0.01408018365384567
H-1628-B13-22,8813.0,0.009417905367071372,0.0162086186737975,ok,0.05741518211732668,0.08721034768126183,0.10019289685691592,0.11303565214472061,0.01338931124475207,0.017465626911684084,0.0028367184840576423,0.006349728392144999,0.5398842618858505,0.4718755617581663,0.270963349597186,0.270893474387193,0.0,0.003913884123329775,0.005900374446839896,0.01304710592770188,0.009417905367071372,0.0162086186737975
H1633-22-3,9389.0,0.00010650761529449355,0.0007261072379668869,ok,0.01256789860475024,0.01348030864652494,0.8794333794866332,0.8698307916442594,0.023538182980083075,0.02505881673745984,0.0006390456917669613,0.0018470456672596924,0.08051975716263712,0.07969343138847057,0.0021301523058898713,0.00482132237363029,0.0006390456917669613,0.00170799476062561,0.0004260304611779742,0.002834181543802785,0.00010650761529449355,0.0007261072379668869
H715-22-6,10533.0,0.033418779075287196,0.041897307768529256,ok,0.01158264502041204,0.0153289043466941,0.005126744517231558,0.009053366823709596,0.011392765593847906,0.014077841985210327,0.0932307984429887,0.09721938713601688,0.060001898794265644,0.07270104616972256,0.5387828728757239,0.5110685962701911,0.24503939998101207,0.23354667451424296,0.0014240956992309882,0.005106874985683199,0.033418779075287196,0.041897307768529256
H-1137-21,1755.0,0.1623931623931624,0.1522453918555531,ok,0.0,0.004173049261571472,0.05527065527065527,0.05816245384703454,0.05754985754985755,0.05982017954003825,0.18632478632478633,0.17739401053856754,0.11623931623931624,0.11895647950339282,0.06267806267806268,0.059678733640077766,0.35156695156695156,0.3535323762226544,0.007977207977207978,0.016037325591110138,0.1623931623931624,0.1522453918555531
H1079-22-17,479.0,0.08977035490605428,0.09427212476206627,ok,0.21711899791231734,0.19508380171558834,0.014613778705636743,0.03687146218722053,0.2651356993736952,0.24017147505166447,0.15866388308977036,0.15161100137136385,0.17954070981210857,0.15767699691454418,0.0709812108559499,0.09238219391121874,0.0020876826722338203,0.012012170669943204,0.0020876826722338203,0.019918773416390423,0.08977035490605428,0.09427212476206627
H-160-B-21,4519.0,0.04093826067714096,0.044493183755633804,ok,0.14892675370657224,0.15394767801243703,0.015711440584200043,0.0355997031957292,0.013941137419783138,0.02536203661083303,0.10998008408940031,0.10737385271384219,0.5757911042265988,0.5050869858228123,0.04779818543925647,0.061815788731905214,0.020358486390794423,0.028201624563999033,0.026554547466253596,0.03811914659280813,0.04093826067714096,0.044493183755633804
H742-22-9,6640.0,0.5162650602409639,0.45273626288057217,ok,0.00015060240963855423,0.0006700508591200129,0.015963855421686747,0.01775460066977167,0.25421686746987954,0.26096476233722227,0.08162650602409638,0.10752456384845488,0.02003012048192771,0.030265497353766737,0.061746987951807226,0.07580778280509526,0.0009036144578313253,0.0026771966965475555,0.04909638554216868,0.05159928254944942,0.5162650602409639,0.45273626288057217
H744-22-11,6200.0,0.05935483870967742,0.06693192633227162,ok,0.04903225806451613,0.050822694992589304,0.03596774193548387,0.03931009711978671,0.2593548387096774,0.24942560247258208,0.1064516129032258,0.10653579054561786,0.08387096774193549,0.08393724001950274,0.24645161290322581,0.23041355714491293,0.11209677419354838,0.11701627689749157,0.047419354838709675,0.055606814475245216,0.05935483870967742,0.06693192633227162
H800-23-A1,4506.0,0.440745672436751,0.4136401601964613,ok,0.021970705725699067,0.021861546021144138,0.010208610741233911,0.018222812660530167,0.11762094984465157,0.12495290031046072,0.12716378162450068,0.12455792827596925,0.03772747447847315,0.05484229308425054,0.21748779405237462,0.20449715687479494,0.0019973368841544607,0.009422570414932205,0.025077674212161564,0.02800263216145674,0.440745672436751,0.4136401601964613
H1628-22-EX5,7520.0,0.015159574468085106,0.03002329214210356,ok,0.11861702127659575,0.13075340482166897,0.4863031914893617,0.43255569259989185,0.020877659574468084,0.030660468893164164,0.016090425531914893,0.01908129469398244,0.31063829787234043,0.27751928028560313,0.014760638297872341,0.028255712462968024,0.016888297872340426,0.047008451673105446,0.0006648936170212766,0.004142402427512409,0.015159574468085106,0.03002329214210356
H970-23-4,10073.0,0.01657897349349747,0.01712108439496223,ok,0.01638042291273702,0.027465676087690082,0.010126079618782886,0.015338453346846062,0.010324630199543333,0.014844900430705138,0.036533306859922565,0.04141194695663225,0.17899334855554452,0.19541353569038622,0.5572322049041993,0.5042332354348479,0.1535788742182071,0.1477124528262718,0.02025215923756577,0.036458714831658384,0.01657897349349747,0.01712108439496223
H742-22-15,4299.0,0.062340079088160034,0.0738152414546401,ok,0.034891835310537335,0.049160410338128895,0.044661549197487785,0.04947900216858994,0.035822284252151664,0.040924800231446304,0.022330774598743892,0.030694778664102935,0.2144684810421028,0.21592213637238514,0.4063735752500581,0.36748190836459865,0.1779483600837404,0.1671048341976901,0.0011630611770179111,0.005416888208417944,0.062340079088160034,0.0738152414546401
H905-22-1,3203.0,0.49297533562285356,0.46146162127252494,ok,0.0,5.50990404428646e-05,0.027474242897283795,0.04516272392859114,0.4214798626287855,0.39231165149575964,0.00031220730565095225,0.0021034174664728337,0.047143303153293785,0.07181755395292902,0.00561973150171714,0.01392914917030556,0.004683109584764283,0.010777963867557762,0.00031220730565095225,0.0023808198054162356,0.49297533562285356,0.46146162127252494
H800-23-B1,5722.0,0.34725620412443203,0.31994522138204196,ok,0.1613072352324362,0.15273667118533318,0.009087731562390773,0.015828208447804734,0.017476406850751487,0.03110030685808966,0.0005242922055225446,0.0037904847633277103,0.14645228940929744,0.16535057361423403,0.28993358965396715,0.26294129605788963,0.027612722824187346,0.04494531453285486,0.0003495281370150297,0.00336192315842422,0.34725620412443203,0.31994522138204196
H-147-1-22,5839.0,0.0125021407775304,0.0221044211289752,ok,0.03442370268881658,0.04043522313363145,0.0441856482274362,0.04868941996431528,0.004624079465661929,0.00844995305089774,0.033738653879088885,0.035549606948730696,0.2515841753724953,0.22581744454025982,0.06405206370953931,0.07211593364984198,0.5548895358794315,0.545451201372208,0.0,0.0013867962111397654,0.0125021407775304,0.0221044211289752
H1487-23-B2,3055.0,0.12438625204582651,0.11967333218102483,ok,0.01669394435351882,0.031438596580968016,0.04746317512274959,0.05119370860240813,0.0022913256955810145,0.0078073695032136415,0.05597381342062193,0.0706959224075266,0.24680851063829787,0.2198243513340848,0.3198036006546645,0.3138956875476458,0.18657937806873978,0.1829893075344323,0.0,0.0024817243086959154,0.12438625204582651,0.11967333218102483
H1175-21-D2,6485.0,0.0026214340786430224,0.00588856763145286,ok,0.03423284502698535,0.03321436966381231,0.018504240555127217,0.021650379102877697,0.0030840400925212026,0.0064690373571937715,0.8875867386276022,0.8717777564088538,0.04117193523515806,0.04048797531072008,0.005551272166538165,0.008604266705614053,0.0006168080185042405,0.003916283217887929,0.006630686198920586,0.007991364601587607,0.0026214340786430224,0.00588856763145286
H1641-22-B-1,1060.0,0.022641509433962263,0.07862866104180133,ok,0.0,0.0049854540479468724,0.5188679245283019,0.44998236270185654,0.4028301886792453,0.343321288843443,0.0,0.01854458375634622,0.0037735849056603774,0.021555674815539966,0.0,0.005136190290047989,0.05188679245283019,0.07680731868656077,0.0,0.0010384658164573107,0.022641509433962263,0.07862866104180133
H1552-22-1,4747.0,0.0016852749104697704,0.004736753870426887,ok,0.01959132083421108,0.026558191428015077,0.24415420265430798,0.24196085056374436,0.12239309037286708,0.12322514226697123,0.020855277017063408,0.026952767566499954,0.28249420686749527,0.2614195987360278,0.10469770381293449,0.10627149449695435,0.19886243943543291,0.1943331974650543,0.005266484095218032,0.01454200360630603,0.0016852749104697704,0.004736753870426887
H1487-23-B2-1,2548.0,0.06279434850863422,0.08495783275861295,ok,0.0019623233908948193,0.017156203201775418,0.5804552590266876,0.5180230096096753,0.10596546310832025,0.09759260550637315,0.00902668759811617,0.021653872546764114,0.05023547880690738,0.06278286343310893,0.008241758241758242,0.011904421076300156,0.17307692307692307,0.17205044543952266,0.008241758241758242,0.013878746427867418,0.06279434850863422,0.08495783275861295
H82-23-11,,,,no_zarr,,,,,,,,,,,,,,,,,,
H715-22-16,10454.0,0.32504304572412474,0.30648100444406384,ok,0.06954275875263057,0.06875450282614748,0.0017218289649894778,0.0032872290859336213,0.012818060072699445,0.020270887727865786,0.031184235699253875,0.04382079667651334,0.026210063133728718,0.04178734448634417,0.4528410177922326,0.41034145962366275,0.012913717237421083,0.016591218463524664,0.06772527262291946,0.08866555666594435,0.32504304572412474,0.30648100444406384
H742-22-40,4466.0,0.14084191670398566,0.16411934832784478,ok,0.02843708016121809,0.026578798043193366,0.01701746529332736,0.026539167135138732,0.4760412001791312,0.43746724226086736,0.16099417823555753,0.16326419546989576,0.017913121361397222,0.028211692230236448,0.14823107926556203,0.13106575305009596,0.0004478280340349306,0.0035683985383507377,0.010076130765785939,0.019185404944376802,0.14084191670398566,0.16411934832784478
H715-22-8,10968.0,0.019602479941648432,0.027126880624189102,ok,0.099927060539752,0.10152596640274768,0.009482129832239242,0.013689177119619707,0.01650255288110868,0.02201207025774731,0.0950036469730124,0.10381809047994614,0.13657913931436907,0.1455497377706528,0.5190554339897885,0.47091937560372926,0.08160102115244347,0.08271811276393386,0.02224653537563822,0.032640588977434104,0.019602479941648432,0.027126880624189102
H1628-22-B12,3320.0,0.053313253012048194,0.0755091387807556,ok,0.0015060240963855422,0.009996791962267364,0.4234939759036145,0.36902302049822694,0.18795180722891566,0.18527565365056664,0.0012048192771084338,0.014539075132273219,0.25,0.21799184543594,0.05030120481927711,0.055835756636946766,0.0018072289156626507,0.02058309463870974,0.03042168674698795,0.0512456232643138,0.053313253012048194,0.0755091387807556
H1079-22-7,4288.0,0.07789179104477612,0.09340985431450835,ok,0.0011660447761194029,0.0029786186570259087,0.013526119402985074,0.028692807464381156,0.03521455223880597,0.04040769408666077,0.0016324626865671641,0.00785193610356444,0.6373600746268657,0.5724680956793877,0.03264925373134328,0.040064020352432804,0.17210820895522388,0.1800999840131889,0.02845149253731343,0.034026989328849906,0.07789179104477612,0.09340985431450835
H-503-23-11B,2046.0,0.0009775171065493646,0.0020129248120217716,ok,0.14711632453567938,0.14456470394689272,0.4657869012707722,0.43689296611609785,0.009775171065493646,0.013026573813880771,0.16226783968719452,0.16072082761545894,0.07869012707722385,0.10053428966284836,0.12903225806451613,0.12182895952766686,0.00635386119257087,0.018082266272979458,0.0,0.0023364882321532275,0.0009775171065493646,0.0020129248120217716
H1053-23-1,1543.0,0.014906027219701879,0.027595620039450566,ok,0.016850291639662993,0.022301021969117502,0.13804277381723914,0.13441317360522576,0.3681140635126377,0.3586330463143207,0.3946856772521063,0.36963138246289595,0.03823720025923526,0.03914400710054203,0.0,0.003050263725268311,0.02268308489954634,0.034278266766756695,0.0064808813998703824,0.010953218016422529,0.014906027219701879,0.027595620039450566
H36-22.pyramidal,5172.0,0.22041763341067286,0.21225852354837396,ok,0.0,0.0009750469342561745,0.08159319412219644,0.09026368833035786,0.2188708430007734,0.21496068907860238,0.023781902552204175,0.03199941830665471,0.22679814385150812,0.21720310742468982,0.012761020881670533,0.018658543342670655,0.21423047177107502,0.2100518317996337,0.0015467904098994587,0.003629151234760734,0.22041763341067286,0.21225852354837396
H742-22-36A,2194.0,0.08979033728350046,0.10579052145519537,ok,0.1340018231540565,0.12236622054482925,0.011850501367365542,0.019580463811699086,0.3714676390154968,0.3535975716717366,0.2593436645396536,0.25475249226557695,0.020054694621695533,0.026109612111107735,0.10437556973564266,0.10449113419016959,0.004102096627164996,0.005997136224803167,0.005013673655423883,0.0073148477248822525,0.08979033728350046,0.10579052145519537
H118-23-B1,7969.0,0.08984816162630192,0.10426770854801254,ok,0.0005019450370184465,0.0017754911778255352,0.02459530681390388,0.028602436405238102,0.08231898607102522,0.08612515375370669,0.005646881666457523,0.012054397214201842,0.20328773999247082,0.20385111563529446,0.4774752164637972,0.44815132222041304,0.11469444095871502,0.10953922227539045,0.0016313213703099511,0.005633152769917401,0.08984816162630192,0.10426770854801254
H1079-22-21,2877.0,0.02224539450816823,0.039053709991984834,ok,0.07368786930830726,0.07498570436882135,0.040667361835245046,0.04377661965469561,0.005561348627042058,0.008146157584198682,0.0003475842891901286,0.005799627767267806,0.337851929092805,0.3166908545346067,0.4313521028849496,0.3958638181303658,0.0038234271810914148,0.013359247985603074,0.08446298227320125,0.1023242599824561,0.02224539450816823,0.039053709991984834
H1633-22-10,6468.0,0.006493506493506494,0.010812970166916494,ok,0.03525046382189239,0.04455319253051946,0.03231292517006803,0.035242403201953806,0.03308596165739023,0.032312927516894574,0.05241187384044527,0.06409395349950461,0.13528138528138528,0.1299966423171144,0.11564625850340136,0.10961831955180343,0.5873531230674088,0.5684449550520098,0.0021645021645021645,0.004924636163283572,0.006493506493506494,0.010812970166916494
H-147-5-22,8947.0,0.3490555493461496,0.33320969226480796,ok,0.012965239745165977,0.017714138657814037,0.03900748854364591,0.0401398184661491,0.029954174583659326,0.04012444311879369,0.12451100927685257,0.1185572400365956,0.13837040348720242,0.14144883539373537,0.11914608248574941,0.11873024803746005,0.09321560299541747,0.1005381393369979,0.09377444953615736,0.0895374446876463,0.3490555493461496,0.33320969226480796
H82-23-14,1880.0,0.05425531914893617,0.05359005675350749,ok,0.12127659574468085,0.10699427005729484,0.0010638297872340426,0.0035910404761029043,0.006382978723404255,0.0068263076856009295,0.7702127659574468,0.7580679224076513,0.013297872340425532,0.017905906411797165,0.025,0.03554035888471413,0.002127659574468085,0.009639568635976644,0.006382978723404255,0.007844568687354548,0.05425531914893617,0.05359005675350749
H1440-21-33,11760.0,0.39379251700680273,0.37053709557391495,ok,0.01096938775510204,0.013782091820018967,0.11420068027210885,0.11329813397944175,0.04175170068027211,0.05075948661666017,0.05994897959183673,0.06776070224442064,0.28052721088435373,0.2669132848258376,0.022448979591836733,0.025766525251823075,0.03333333333333333,0.04146462536158518,0.04302721088435374,0.04971805432629774,0.39379251700680273,0.37053709557391495
H744-22-15,1524.0,0.1437007874015748,0.1368971942870083,ok,0.3405511811023622,0.3139290442693201,0.045931758530183726,0.054000844931975774,0.04921259842519685,0.05766270050106214,0.07349081364829396,0.07248012949478454,0.09908136482939632,0.10828182116795115,0.22769028871391075,0.2216957345671706,0.005249343832020997,0.013344846589391815,0.015091863517060367,0.021707684191335553,0.1437007874015748,0.1368971942870083
H1175-21-B10-1,4340.0,0.017511520737327188,0.020280649332702756,ok,0.03087557603686636,0.05027162698619148,0.09953917050691244,0.10784518294812295,0.0034562211981566822,0.006714132341424168,0.03640552995391705,0.03978564539282048,0.3599078341013825,0.3228191048106599,0.018433179723502304,0.024527050451953327,0.4306451612903226,0.41830539711335746,0.0032258064516129032,0.009451210622767528,0.017511520737327188,0.020280649332702756
H742-22-2,4551.0,0.03911228301472204,0.059030679266263354,ok,0.00021973192704900023,0.001788063651057601,0.017798286090969017,0.02218953681138918,0.04812129202373105,0.05387554141003607,0.02790595473522303,0.03560263772165044,0.07207207207207207,0.08075331624898208,0.25928367391782026,0.24047428392255746,0.5341683146561196,0.5001817424006626,0.0013183915622940012,0.006104198567401225,0.03911228301472204,0.059030679266263354
H-353-2-22,8569.0,0.04691329209942817,0.05130979697136915,ok,0.11915042595402031,0.1370345136077142,0.007935581748161979,0.013930980328422448,0.03979460847240052,0.03801903422160411,0.022989847123351618,0.03138485762543034,0.10608005601587116,0.10804195683123152,0.5075271326875949,0.4715310983780776,0.1492589567043996,0.14685615050325368,0.000350099194771852,0.0018916115328969096,0.04691329209942817,0.05130979697136915
H88-21-A2,8155.0,0.5388105456774984,0.4599231307342543,ok,0.0,7.648539123187216e-05,0.003923973022685469,0.0060775151874274775,0.2268546903740037,0.25446100008644074,0.030410790925812385,0.051398002520574616,0.0029429797670141016,0.007606217326218592,0.19068056407112202,0.19828511120453748,0.0,0.0005242612304750413,0.006376456161863887,0.021648276318839924,0.5388105456774984,0.4599231307342543
H82-23-17,2331.0,0.10081510081510081,0.09771150274080773,ok,0.15486915486915487,0.14535611175774113,0.021021021021021023,0.032076499762699766,0.031746031746031744,0.03743252458815044,0.3213213213213213,0.3240737487646175,0.21621621621621623,0.1974464483330641,0.08837408837408837,0.09833582756727849,0.002145002145002145,0.008426340661911506,0.06349206349206349,0.059140995823729274,0.10081510081510081,0.09771150274080773
H742-22-24,627.0,0.044657097288676235,0.0670575564606354,ok,0.05422647527910686,0.049990473012038385,0.017543859649122806,0.02377022925601713,0.7288676236044657,0.6725577720384809,0.03189792663476874,0.0452716608934512,0.022328548644338118,0.037150168055678626,0.09409888357256778,0.08746365505794465,0.001594896331738437,0.005423368602030876,0.004784688995215311,0.01131511662372279,0.044657097288676235,0.0670575564606354
H1175-21-C4,11826.0,0.009470657872484356,0.01761507822879203,ok,0.00076103500761035,0.00558480174339186,0.056062912227295786,0.06137928246416605,0.04895991882293252,0.05686028307354554,0.12497886013867748,0.14162664913180117,0.1576188060206325,0.1633861957631091,0.07475054963639438,0.10280183693958286,0.00016911889058007779,0.0017114789973007758,0.5272281413833926,0.4490343936583107,0.009470657872484356,0.01761507822879203
H-1628-B14-22,6371.0,0.017422696593941297,0.04158042291986911,ok,0.003767069533825145,0.011354724358156073,0.08318945220530528,0.0888290905430868,0.027939099042536494,0.03789359399378674,0.0001569612305760477,0.005982362047239871,0.536336524878355,0.4703894872223534,0.32224140637262594,0.31510540458668324,0.0006278449223041908,0.007881112602189955,0.008318945220530529,0.020983801726634874,0.017422696593941297,0.04158042291986911
H1628-22-B7,4128.0,0.005087209302325582,0.008197625925092131,ok,0.1373546511627907,0.1410545695646467,0.688468992248062,0.6144416313953395,0.027858527131782947,0.04446410225111405,0.0,0.0022785621179087587,0.11991279069767442,0.14272664720586292,0.01986434108527132,0.029304206735751813,0.0012112403100775194,0.015636773513800984,0.00024224806201550387,0.0018958812904831563,0.005087209302325582,0.008197625925092131
H1560-22-9,2509.0,0.0,2.0655756584501264e-05,ok,0.0,2.855094814974966e-07,1.0,0.9996629809731262,0.0,0.000239181550581529,0.0,1.497947128318876e-05,0.0,1.1276497452315461e-05,0.0,3.152131989538584e-05,0.0,3.1528332875981898e-06,0.0,1.5966088307716594e-05,0.0,2.0655756584501264e-05
H800-23-A2,5544.0,0.2563131313131313,0.23205277989942905,ok,0.044733044733044736,0.04753824182231351,0.013347763347763348,0.02527143183505065,0.18344155844155843,0.17899712991218178,0.07990620490620491,0.07877837802731373,0.09884559884559885,0.11845906122593552,0.29924242424242425,0.2754589734830369,0.0021645021645021645,0.010396958956563123,0.022005772005772004,0.03304704483817581,0.2563131313131313,0.23205277989942905
H1401-21-1,2188.0,0.011882998171846435,0.014180497298940586,ok,0.0009140767824497258,0.004893069445784975,0.13071297989031078,0.1257811218492914,0.06535648994515539,0.06506623054182908,0.14670932358318098,0.14195691568971808,0.04021937842778794,0.05029774418230073,0.006398537477148081,0.010002961887492275,0.5904936014625228,0.5763766930282201,0.007312614259597806,0.011444766076422567,0.011882998171846435,0.014180497298940586
H1913-22-11,11173.0,0.03248903606909514,0.0504685970397416,ok,0.0002685044303231003,0.0026437345781159995,0.3553208627942361,0.3438229639875662,0.147140427817059,0.15072736593841432,0.3299919448670903,0.3098371692229962,0.13210417971896538,0.1274988531001983,0.0008950147677436678,0.0019108338748771456,0.0013425221516155017,0.008527727499397878,0.0004475073838718339,0.004562754758692375,0.03248903606909514,0.0504685970397416
H503-23-17A,9558.0,0.007951454279137895,0.019643242856589957,ok,0.1294203808328102,0.12333227206122976,0.005126595522075748,0.007067073474437122,0.043209876543209874,0.04755482752159025,0.5645532538187905,0.546080779884097,0.0053358443188951665,0.009450161511809697,0.23875287717095628,0.23110792254184664,0.001987863569784474,0.005624007267526189,0.00366185394433982,0.010139712880873338,0.007951454279137895,0.019643242856589957
H-1628-B8-22,2887.0,0.024246622791825424,0.02857397556681773,ok,0.04433668167648078,0.07200403024443623,0.7817803948735712,0.7004916521108292,0.05230342916522342,0.06391974576429231,0.00034638032559750607,0.005329572639737134,0.09560096986491168,0.11144087263118749,0.0,0.002670490887622521,0.0013855213023900243,0.013707671573906769,0.0,0.001861988581170703,0.024246622791825424,0.02857397556681773
H-1628-B18-22,6308.0,0.006499682942295497,0.026050809491129024,ok,0.027901077996195307,0.03513532739178588,0.1813570069752695,0.17908252789428183,0.13268864933417882,0.14205889338319017,0.0,0.006434673087245984,0.41249207355738743,0.36737166275572747,0.23002536461636017,0.22020970315026722,0.0001585288522511097,0.005299508000741329,0.008877615726062143,0.018356894845631147,0.006499682942295497,0.026050809491129024
H1440-21-12,8156.0,0.6771701814615008,0.6554172356986847,ok,0.023663560568906325,0.02250475361924715,0.026974006866110838,0.029162390144528857,0.012383521333987249,0.01815193833383738,0.01765571358509073,0.02543229053755288,0.14798921039725355,0.14590425945188976,0.0358018636586562,0.040093264142369606,0.019494850416871014,0.02746716096217429,0.03886709171162334,0.035866707109715304,0.6771701814615008,0.6554172356986847
H1537-22,918.0,0.09477124183006536,0.09372133728284796,ok,0.0,0.0011365490544736215,0.12200435729847495,0.11834434302571128,0.19607843137254902,0.1920515472398908,0.19281045751633988,0.18544279655717846,0.0032679738562091504,0.01355940552659046,0.0,0.002330592091496827,0.3899782135076253,0.3874494220845132,0.0010893246187363835,0.005964007137297398,0.09477124183006536,0.09372133728284796
H82-23-7,7060.0,0.3177053824362606,0.2997604160545537,ok,0.03781869688385269,0.03461525023591134,0.00042492917847025496,0.0023916288676285426,0.025070821529745043,0.03879889878577166,0.07535410764872522,0.07920848549402976,0.0698300283286119,0.07991303925283262,0.32577903682719545,0.3091136291971795,0.09348441926345609,0.096110297681511,0.05453257790368272,0.06008835443058179,0.3177053824362606,0.2997604160545537
H1175-21-D8,1502.0,0.0019973368841544607,0.003679135556898009,ok,0.20306258322237017,0.1777906243701288,0.02862849533954727,0.03860505742521515,0.0,0.0020414013940518332,0.6085219707057257,0.6021532766733587,0.11118508655126498,0.11609812760946918,0.045272969374167776,0.050830316219737305,0.0013315579227696406,0.008168900481795707,0.0,0.0006331602693452936,0.0019973368841544607,0.003679135556898009
H1560-22-8,5438.0,0.6015079073188673,0.5709045876727172,ok,0.0011033468186833395,0.0018014611215075216,0.003677822728944465,0.007056780007916969,0.03972048547260022,0.05137249745064091,0.06546524457521148,0.06475490628109132,0.03420375137918352,0.05336847651196048,0.16678926075763148,0.150215233778015,0.07576314821625597,0.07964711387946784,0.011769032732622288,0.020878943296682703,0.6015079073188673,0.5709045876727172
H1633-22-7,5888.0,0.002377717391304348,0.005635149819375776,ok,0.0010190217391304348,0.0037508958990990957,0.03651494565217391,0.03770734774135251,0.016644021739130436,0.018075919247778443,0.5100203804347826,0.506818566270501,0.07999320652173914,0.07602427168583963,0.15692934782608695,0.15485147686818762,0.19021739130434784,0.18518843633152088,0.006283967391304348,0.011947936136344971,0.002377717391304348,0.005635149819375776
H1356-21,1128.0,0.004432624113475178,0.012084479316969314,ok,0.0,0.0036073144154596154,0.08244680851063829,0.08633171647975711,0.05585106382978723,0.05471486803521241,0.0726950354609929,0.0802327079973759,0.031914893617021274,0.034819529893721224,0.004432624113475178,0.004346659172459339,0.7473404255319149,0.7181953284542753,0.0008865248226950354,0.005667396234769868,0.004432624113475178,0.012084479316969314
H-217-B-23,825.0,0.5115151515151515,0.4861812816181081,ok,0.0,0.0005461706062516737,0.04,0.05243554975622225,0.2206060606060606,0.2042452869252053,0.17212121212121212,0.16914174883375127,0.024242424242424242,0.03396180360302544,0.0012121212121212121,0.00474842727699794,0.02303030303030303,0.02994896887016027,0.007272727272727273,0.018790762510277795,0.5115151515151515,0.4861812816181081
H742-22-26,2313.0,0.06614785992217899,0.08298476503901166,ok,0.08171206225680934,0.0765978994431631,0.021616947686986597,0.022814226191391576,0.1137051448335495,0.1350331103200224,0.5261565067012538,0.4853154287100724,0.03545179420665802,0.043782302360055925,0.15304798962386512,0.14087073983224296,0.0017293558149589277,0.00777007064804289,0.00043233895373973193,0.00483145745599707,0.06614785992217899,0.08298476503901166
H742-22-3,2965.0,0.1278246205733558,0.1264763849407277,ok,0.0003372681281618887,0.002423070502411754,0.02664418212478921,0.033750863423667066,0.1642495784148398,0.15759500894105527,0.09274873524451939,0.11078670597353962,0.03305227655986509,0.04346770784421025,0.2988195615514334,0.27938299431824376,0.2448566610455312,0.2289952270884293,0.011467116357504217,0.017122036967715328,0.1278246205733558,0.1264763849407277
H1440-21-15,3839.0,0.0,0.0002890314122641664,ok,0.026569419119562385,0.03454279246732645,0.03933315967699922,0.04203247574941273,0.003125814014066163,0.005124476477995014,0.9051836415733264,0.876962178557937,0.01875488408439698,0.02058795868457812,0.003125814014066163,0.008105289778458338,0.0005209690023443605,0.00562831891008973,0.003386298515238343,0.006727477961938423,0.0,0.0002890314122641664
H1205-23-B,1274.0,0.423861852433281,0.3832755415149263,ok,0.0,0.0002723829256781458,0.005494505494505495,0.017047382331432638,0.10125588697017268,0.11224112880089535,0.08634222919937205,0.09499183027145962,0.038461538461538464,0.04967158012722826,0.005494505494505495,0.011936392202798568,0.33830455259026687,0.32815336668491213,0.0007849293563579278,0.002410395140669026,0.423861852433281,0.3832755415149263
H1633-22-6,11015.0,0.0014525646845211075,0.0077712510689018225,ok,0.011257376305038584,0.018156199049366124,0.029686790739900135,0.0369036155261591,0.152156150703586,0.1477338492391075,0.24112573763050385,0.225506508433213,0.21488878801634134,0.20496433578510098,0.1008624602814344,0.11723739898775534,0.002088061733999092,0.0050120987810887765,0.24648206990467544,0.23671474312930726,0.0014525646845211075,0.0077712510689018225
H1487-22-A9,11665.0,0.0,0.00012471019214152086,ok,0.0,3.868721197023422e-07,1.0,0.9986298497201378,0.0,0.0010893056059765374,0.0,3.7470356711824594e-05,0.0,6.211592948255975e-05,0.0,1.9547087694572233e-05,0.0,5.147851740410756e-06,0.0,3.146638399501852e-05,0.0,0.00012471019214152086
H1487-22-A13,4772.0,0.006077116512992456,0.010559977893043346,ok,0.06139983235540654,0.05880464479820435,0.003143336127409891,0.005443034640344585,0.014668901927912825,0.02191583098677452,0.7426655490360435,0.7301347776087712,0.025775356244761106,0.030807077091312546,0.1431265716680637,0.1323594659646103,0.0006286672254819782,0.004190307783170921,0.002514668901927913,0.005784883233768311,0.006077116512992456,0.010559977893043346
H-503-23-9B,12302.0,0.25654365143879043,0.2648363193871264,ok,0.0,0.0004428102351635864,0.003332791416029914,0.005520964574107461,0.031539587059014794,0.05608275714507078,0.6277028125508047,0.5635188913746573,0.0037392293935945373,0.004570307755463754,0.07567875142253293,0.0985859651668121,0.001219313932693871,0.004610777924521959,0.00024386278653877418,0.0018312064370767456,0.25654365143879043,0.2648363193871264
H1306-22,589.0,0.3769100169779287,0.3440054811369884,ok,0.0,0.001108737310530461,0.13752122241086587,0.1264917308109678,0.2801358234295416,0.2590929528212192,0.07130730050933787,0.0804800958355897,0.05263157894736842,0.07409323570678097,0.003395585738539898,0.011058912585024965,0.06960950764006792,0.08184361674360124,0.008488964346349746,0.02182523704929721,0.3769100169779287,0.3440054811369884
H1633-22-4,8815.0,0.002495745887691435,0.011810575975040557,ok,0.01236528644356211,0.01891932533918405,0.02234826999432785,0.03074849139322655,0.0733976176971072,0.0767381247105652,0.49846851956891663,0.47248858280167605,0.2015882019285309,0.17951879293046427,0.09551900170164493,0.10220964568213319,0.0010209869540555871,0.0043634028312385265,0.09279636982416335,0.10320305833647163,0.002495745887691435,0.011810575975040557
H1641-22-B,1077.0,0.005571030640668524,0.028994689760299733,ok,0.0009285051067780873,0.008953097226336231,0.14484679665738162,0.1430046693092864,0.329619312906221,0.29656169086396694,0.009285051067780872,0.0488281445999751,0.06870937790157845,0.08486491389517767,0.3138347260909935,0.2637817059406423,0.12627669452181986,0.12137878385899235,0.0009285051067780873,0.0036323045453231988,0.005571030640668524,0.028994689760299733
H1633-22-12,6087.0,0.05355676030885494,0.062373600514110325,ok,0.0,0.0012762151694572042,0.23213405618531296,0.20474346862770398,0.08066370954493182,0.0904191161101394,0.4910464925250534,0.46640184180938343,0.03482832265483818,0.04314076411145129,0.00919993428618367,0.023051818123400628,0.06801379990142928,0.07578005300195265,0.030556924593395762,0.032813122532401054,0.05355676030885494,0.062373600514110325
H970-23-3,5320.0,0.05018796992481203,0.05612094739846804,ok,0.05300751879699248,0.06329475396406842,0.02951127819548872,0.03786816731346882,0.1137218045112782,0.1123186337190305,0.03402255639097744,0.041696039770258236,0.09699248120300752,0.11325956065291315,0.41654135338345866,0.364472319044035,0.20432330827067668,0.20395256562738814,0.0016917293233082707,0.00701701251036969,0.05018796992481203,0.05612094739846804
H970-23-12,6350.0,0.016850393700787402,0.02954185797870749,ok,0.013385826771653543,0.019261354286145744,0.017952755905511812,0.025887988343315536,0.2220472440944882,0.21226249792051113,0.053385826771653544,0.06557069804000418,0.1262992125984252,0.1429041348946652,0.44818897637795274,0.4024125565832983,0.0007874015748031496,0.004041275087760339,0.1011023622047244,0.09811763686559212,0.016850393700787402,0.02954185797870749
H970-23-9,5782.0,0.0013836042891732965,0.004518699623978585,ok,0.13524731926668973,0.13801795461700692,0.016257350397786235,0.028428818926787343,0.034936008301625736,0.03571230661653423,0.024731926668972674,0.03442048646590746,0.1786579038395019,0.18424485572881136,0.5065721203735731,0.4593474696256373,0.10031131096506399,0.10181269398500774,0.0019024558976132827,0.013496714410329066,0.0013836042891732965,0.004518699623978585
H246-22-A,1375.0,0.09018181818181818,0.08519333423929466,ok,0.0007272727272727272,0.0038431532448886317,0.05890909090909091,0.06575197798189296,0.4465454545454545,0.4184850067034531,0.048,0.06583800857309503,0.06836363636363636,0.07236544882085831,0.08945454545454545,0.08734248653069576,0.18254545454545454,0.1789127821296604,0.015272727272727273,0.022267801776161136,0.09018181818181818,0.08519333423929466
H1986-22-A11,4069.0,0.0009830425165888424,0.006067293943075701,ok,0.10518554927500615,0.12372421917092188,0.46620791349225854,0.4285031124598106,0.015482919636274269,0.022316774489850092,0.03514376996805112,0.04064324479121381,0.3369378225608258,0.3061046049074277,0.01179651019906611,0.020092630273253295,0.028262472351929222,0.04987051484966761,0.0,0.002677605114779282,0.0009830425165888424,0.006067293943075701
H-503-23-7B,5957.0,0.49454423367466843,0.4717983513929257,ok,0.0015108275977841195,0.002307811389095289,0.0031895249286553636,0.005006899329184958,0.009232835319791842,0.01803417630816344,0.373845895585026,0.3569825674487684,0.0011750881316098707,0.002066969123247425,0.11499076716468021,0.13833672209469366,0.0005036091992613732,0.0025349398322699257,0.0010072183985227463,0.002931563081651181,0.49454423367466843,0.4717983513929257
H742-22-39,1230.0,0.014634146341463415,0.03810305884720278,ok,0.08130081300813008,0.09409281649037449,0.02032520325203252,0.02919547719597457,0.07235772357723577,0.07684321999903634,0.02032520325203252,0.025394155857142733,0.09349593495934959,0.10972442005655421,0.6504065040650406,0.5567883101015508,0.03577235772357724,0.04460500096127895,0.011382113821138212,0.025253540490885,0.014634146341463415,0.03810305884720278
H1079-22-1,6633.0,0.16583747927031509,0.16240764609491173,ok,0.003919794964571084,0.007293111261099616,0.034373586612392586,0.043948011006383396,0.055178652193577565,0.06467831025864457,0.07628524046434494,0.08104599171318666,0.21212121212121213,0.20765196471101444,0.1959897482285542,0.19175652362232373,0.25523895673149405,0.23710508342458603,0.0010553294135383687,0.0041133579078498446,0.16583747927031509,0.16240764609491173
H744-22-3,7335.0,0.016223585548738925,0.01626235737817379,ok,0.18568507157464212,0.17160554539356088,0.012815269256987049,0.01604855358199392,0.043353783231083846,0.052098981790915225,0.02099522835719155,0.03158963973611876,0.029993183367416496,0.05750734855138638,0.6603953646898432,0.5936431324041123,0.0009543285616905249,0.004925763911826126,0.02958418541240627,0.05631867725191263,0.016223585548738925,0.01626235737817379
H1079-22-12,3535.0,0.12673267326732673,0.135669155442111,ok,0.005091937765205092,0.010811609826516213,0.03818953323903819,0.04648967581412356,0.0676096181046676,0.08022084289852087,0.06732673267326733,0.06159227503116499,0.287977369165488,0.2587444733315885,0.18274398868458275,0.18498210562775858,0.008486562942008486,0.01553790517863571,0.21584158415841584,0.20595195684958054,0.12673267326732673,0.135669155442111
H1205-23-C-1,1325.0,0.5901886792452831,0.5670763086635512,ok,0.0,0.00013304413447214823,0.009056603773584906,0.013594381782818597,0.018113207547169812,0.033803706214032316,0.010566037735849057,0.014677743073504905,0.004528301886792453,0.011061888473069104,0.018867924528301886,0.023438883196396636,0.34641509433962264,0.3341634854158745,0.0022641509433962265,0.0020505590462806794,0.5901886792452831,0.5670763086635512
H1986-22-A6,4765.0,0.08310598111227702,0.08505574046937169,ok,0.0633788037775446,0.07332467647301553,0.023924449108079747,0.03491184469075253,0.0155299055613851,0.021970647774361994,0.1074501573976915,0.10568247071556666,0.3687303252885624,0.34174715312329357,0.13389296956977964,0.1319418828856258,0.05729275970619097,0.06774299058876995,0.14669464847848898,0.13762259327924226,0.08310598111227702,0.08505574046937169
H742-22-4,6208.0,0.17364690721649484,0.16858274322081768,ok,0.0006443298969072165,0.002050391739588759,0.05380154639175258,0.05734044517091825,0.0782860824742268,0.08574410164652202,0.15286726804123713,0.16419626707569784,0.027706185567010308,0.038777026486615615,0.29107603092783507,0.2741798279786653,0.21971649484536082,0.2030401390687539,0.0022551546391752575,0.006089057612420661,0.17364690721649484,0.16858274322081768
H742-22-12,3966.0,0.0032778618255168935,0.01138117394629572,ok,0.0002521432173474534,0.0031537902841097974,0.011598587997982855,0.015431897071320564,0.10035300050428643,0.11000530625046544,0.022188603126575897,0.025644182107494466,0.04462934947049924,0.05178654816103504,0.8083711548159355,0.7570443037446618,0.005799293998991427,0.010068862658051743,0.0035300050428643467,0.015483935776565405,0.0032778618255168935,0.01138117394629572
H334-23-EX1,1099.0,0.030937215650591446,0.03335668756451484,ok,0.0,0.0014622863848032786,0.16196542311191992,0.15758630031340154,0.7998180163785259,0.778319881852826,0.006369426751592357,0.019770090535889927,0.0009099181073703367,0.00379367057705994,0.0,0.002589204736069382,0.0,0.001035960570834408,0.0,0.0020859174646007095,0.030937215650591446,0.03335668756451484
H1175-21-B6,13646.0,0.3343837021837901,0.30576678204146074,ok,0.002784698812838927,0.009215769277970033,0.02542869705408178,0.03352698474409434,0.015242561922907813,0.02231666899883529,0.034735453612780305,0.055783914127232985,0.3446431188626704,0.31908622512763096,0.029605745273340173,0.04782679994375874,0.002491572622013777,0.007094856623246956,0.21068444965557673,0.19938199911576993,0.3343837021837901,0.30576678204146074
H-1628-B16-22,9096.0,0.002968337730870712,0.015169271376863856,ok,0.1137862796833773,0.11505975620534876,0.20019788918205805,0.19589567571758001,0.20536499560246263,0.19596718161883733,0.00010993843447669306,0.0046502888760364645,0.28562005277044855,0.2705443501609192,0.18634564643799473,0.18672757175996177,0.00010993843447669306,0.002891763404679696,0.005496921723834653,0.013094140879772854,0.002968337730870712,0.015169271376863856
H1079-22-2,6022.0,0.11358352706741946,0.1367049986572248,ok,0.0019926934573231483,0.006180210866632786,0.02025905014945201,0.02316433757580185,0.11125871803387578,0.10675927054260753,0.0024908668216539354,0.005605285651765692,0.3301228827632016,0.309432869525057,0.25207572235137826,0.23238939362000233,0.16007970773829291,0.15990261256200589,0.008136831617402857,0.019861020998902162,0.11358352706741946,0.1367049986572248
H715-22-7,11544.0,0.00744975744975745,0.014078540548734135,ok,0.008316008316008316,0.012865489413531599,0.008749133749133749,0.010681379462991091,0.005024255024255024,0.00877916378601943,0.008575883575883576,0.012970287490724488,0.05292792792792793,0.06952889213086783,0.6584372834372835,0.6239064593428266,0.2500866250866251,0.2432487121741193,0.0004331254331254331,0.0039410756501855465,0.00744975744975745,0.014078540548734135
H1175-21-A5,5012.0,0.004389465283320032,0.011442899630831404,ok,0.029130087789305665,0.05344106367756113,0.055267358339984037,0.057336136928297504,0.02055067837190742,0.024086889869871106,0.06484437350359137,0.06945773495454967,0.41380686352753393,0.3652748337376937,0.1911412609736632,0.18662270524220204,0.21807661612130885,0.2237180574184891,0.002793296089385475,0.008619678540504295,0.004389465283320032,0.011442899630831404
H1552-22-2,4957.0,0.0014121444422029454,0.005326788704686742,ok,0.018761347589267702,0.030289924755680903,0.2660883598950978,0.25225891900856506,0.10167439983861207,0.10048394913478353,0.059310066572523704,0.07459055004065582,0.15654629816421223,0.1547034854366496,0.1184183982247327,0.11196509812141867,0.26386927577163605,0.2489962156856222,0.013919709501714747,0.021385069111937466,0.0014121444422029454,0.005326788704686742
H-905V -3-22,2410.0,0.320746887966805,0.3042665808008135,ok,0.0,8.967429372296869e-05,0.02199170124481328,0.03720591668058111,0.5228215767634855,0.48327367841822944,0.0,0.001872091801246077,0.11576763485477179,0.13010979511325915,0.008713692946058092,0.017893838831070263,0.007053941908713693,0.015587845702601431,0.002904564315352697,0.009700578358476132,0.320746887966805,0.3042665808008135
H1986-22-B1,2234.0,0.0008952551477170994,0.0021102106989612235,ok,0.01566696508504924,0.024460934670032047,0.03401969561324977,0.03212027098979096,0.0,0.0008561423652101676,0.02775290957923008,0.029193300556516383,0.13025962399283797,0.12465750588579348,0.10161145926589078,0.10031412822764871,0.6844225604297225,0.6793322929300336,0.005371530886302597,0.006955213676013492,0.0008952551477170994,0.0021102106989612235
H1440-21-17,840.0,0.0,0.00042089906840892335,ok,0.20238095238095238,0.1741880766722558,0.0880952380952381,0.08774646938108986,0.0,0.0013726448412796244,0.6130952380952381,0.6094775780171533,0.07738095238095238,0.08917465651608235,0.016666666666666666,0.024034408374191046,0.002380952380952381,0.010309605636313713,0.0,0.003275661493225359,0.0,0.00042089906840892335
H1175-21-D1,8028.0,0.0018684603886397607,0.006998692432652111,ok,0.056552067762830095,0.05323453040353279,0.028649725959143,0.03225149021921984,0.000996512207274539,0.0047546238436942286,0.7638266068759342,0.7464643607110136,0.09915296462381665,0.09238996045370353,0.017937219730941704,0.024540504586709835,0.0032386646736422523,0.009728943328223449,0.027777777777777776,0.029636894021250634,0.0018684603886397607,0.006998692432652111
H1628-22-B9,2368.0,0.003800675675675676,0.008361927183188672,ok,0.0,0.006987389522897806,0.981418918918919,0.940315052147666,0.01393581081081081,0.02158872609582193,0.0,0.0018413518288125368,0.0004222972972972973,0.004015353336129578,0.0,0.00017475591805916853,0.0004222972972972973,0.015437418576490985,0.0,0.0012780253909333566,0.003800675675675676,0.008361927183188672
H1175-21-C5,13592.0,0.08306356680400236,0.08638121616301177,ok,0.00264861683343143,0.007974449787424238,0.016701000588581517,0.019779078708226528,0.026191877575044143,0.030766785453091344,0.12301353737492643,0.12292742192914358,0.27781047675103004,0.26579673043631724,0.37264567392583875,0.34664357392742534,0.0021336080047086523,0.006284886421082369,0.09579164214243673,0.1134458571742776,0.08306356680400236,0.08638121616301177
H742-22-25-1,740.0,0.18783783783783783,0.2124398285762092,ok,0.02837837837837838,0.03222093856299636,0.021621621621621623,0.053318075197528146,0.572972972972973,0.4815553984691129,0.08648648648648649,0.09783826359666242,0.031081081081081083,0.044537801214404996,0.060810810810810814,0.057041148717447795,0.010810810810810811,0.01863167965146168,0.0,0.0024168660141764787,0.18783783783783783,0.2124398285762092
H-503-23-11A,7673.0,0.03323341587384335,0.04632611809490649,ok,0.03974977192753812,0.0383440918440293,0.0019549068161084323,0.004765248952371454,0.013684347712759025,0.017180574092897853,0.18050306268734523,0.18212156851074104,0.03193014466310439,0.03503833417769233,0.38746253095269123,0.3633007588699691,0.31056952951909295,0.3052434460701748,0.0009122898475172683,0.007679859387217523,0.03323341587384335,0.04632611809490649
H742-22-6,7341.0,0.2921945239068247,0.2762008035668521,ok,0.023021386732052854,0.026252686335810765,0.00858193706579485,0.011411448573340753,0.09780683830540798,0.10964671880357024,0.06307042637242882,0.07843941245914356,0.024656041411251873,0.042852715011478144,0.32393406892793897,0.2909426849222741,0.0006811061163329246,0.0037790219890482344,0.16605367116196704,0.16047450833848212,0.2921945239068247,0.2762008035668521
H-503-23-A9,,,,no_zarr,,,,,,,,,,,,,,,,,,
H1175-21-B8,12003.0,0.11922019495126218,0.11069274638288969,ok,0.0020828126301757894,0.011994987851548618,0.03815712738482046,0.0585987941540896,0.022994251437140716,0.02718000078253398,0.14079813379988337,0.13832428257089346,0.41073065067066566,0.3705706027977562,0.06090144130634008,0.08073955788708478,0.000999750062484379,0.003906815838147434,0.20411563775722735,0.19799221173505624,0.11922019495126218,0.11069274638288969
H1614-21-1,3138.0,0.292861695347355,0.2696863942918029,ok,0.00031867431485022306,0.0018688787370357853,0.019439133205863608,0.02154919780624124,0.19152326322498406,0.1759437343328878,0.08572339069471001,0.10756522811490854,0.24506054811982153,0.2330775045269501,0.0787125557680051,0.09272751498667998,0.005417463352453792,0.012180433170677294,0.08094327597195666,0.0854011140328164,0.292861695347355,0.2696863942918029
H1175-21-B5,9067.0,0.07499724274842837,0.0718084819497794,ok,0.006065953457593471,0.01828751909249036,0.027682805779199293,0.03547484697731927,0.006727693834785485,0.010364082931516666,0.2040366163008713,0.20823014947998555,0.41016874379618395,0.375259563505585,0.13753170839307377,0.13997812169116722,0.0855850887835006,0.08573759084591744,0.047204146906363736,0.05485964352623912,0.07499724274842837,0.0718084819497794
H715-22-4,8257.0,0.11057284728109483,0.11516302089898194,ok,0.10597069153445561,0.10536864448077916,0.007750999152234468,0.01135090761021819,0.007629889790480804,0.015333240094049704,0.4477413104032942,0.4290883437836393,0.03148843405595252,0.04514889278685338,0.26704614266682813,0.24694938934882343,0.0016955310645512898,0.007941711701582164,0.02010415405110815,0.02365584929507283,0.11057284728109483,0.11516302089898194
H160-21-A,5338.0,0.3289621581116523,0.3070598010414651,ok,0.029411764705882353,0.043093253508568644,0.03465717497189959,0.0481471816619748,0.01667291120269764,0.020039429119921133,0.238478831022855,0.22590694678139855,0.2618958411390034,0.23756710279392115,0.028287748220307232,0.03715527103659095,0.04814537279880105,0.060542170516345695,0.013488197826901461,0.020488843539813954,0.3289621581116523,0.3070598010414651
H742-22-34,2795.0,0.10554561717352415,0.12209915899560904,ok,0.03577817531305903,0.03278633369128773,0.02003577817531306,0.025737888110784066,0.346690518783542,0.33835364715326394,0.2794275491949911,0.26559747431123604,0.0443649373881932,0.049601775669903085,0.16493738819320214,0.15140320838438,0.002146690518783542,0.006756424041042238,0.001073345259391771,0.007664089642493846,0.10554561717352415,0.12209915899560904
H473-23-B,310.0,0.3903225806451613,0.36491863203909164,ok,0.0,0.0007692799228318148,0.016129032258064516,0.016371213721491272,0.16774193548387098,0.1672146321681255,0.08064516129032258,0.09901476668590212,0.03225806451612903,0.03588200967078618,0.035483870967741936,0.04869147933485352,0.27741935483870966,0.2644298699146165,0.0,0.002708116542301511,0.3903225806451613,0.36491863203909164
H-503-23-14A,7004.0,0.013420902341519133,0.025127294123230733,ok,0.16961736150770987,0.1639059890744685,0.020131353512278696,0.02729354299820666,0.1329240434037693,0.12803805792451062,0.08680753854940035,0.08889968327553503,0.024129069103369503,0.03542036349752799,0.5356938892061679,0.5056104399311735,0.01670474014848658,0.02139747504509506,0.0005711022272986865,0.004307154130251928,0.013420902341519133,0.025127294123230733
H1079-22-10,975.0,0.009230769230769232,0.02102409356369697,ok,0.009230769230769232,0.02272319474340018,0.019487179487179488,0.022116097995222656,0.0071794871794871795,0.010746466416319425,0.0071794871794871795,0.010731942617864518,0.1158974358974359,0.13518210932788421,0.4317948717948718,0.38678529147782154,0.4,0.3868419997386869,0.0,0.003848804119103595,0.009230769230769232,0.02102409356369697
H1655-21,991.0,0.10696266397578204,0.11860834188352402,ok,0.004036326942482341,0.006192589753995131,0.060544904137235116,0.06088598519608276,0.03834510595358224,0.04360920716928756,0.13319878910191726,0.13176247225513157,0.10595358224016145,0.10137070501186128,0.04137235116044399,0.04097523384358659,0.5025227043390514,0.4881305447760462,0.007063572149344097,0.008464920110484848,0.10696266397578204,0.11860834188352402
H970-23-EX2,3401.0,0.0111731843575419,0.021325509012420387,ok,0.22669802999117908,0.20511150558413208,0.01323140252866804,0.02032129480214864,0.009703028521023229,0.015292181015770474,0.4481034989708909,0.4364796992469817,0.055865921787709494,0.06974050948937412,0.23199059100264627,0.22220345946519432,0.002940311673037342,0.008410744686023656,0.00029403116730373417,0.001115096697954538,0.0111731843575419,0.021325509012420387
H1552-22-7,3869.0,0.00361850607392091,0.011045656519376862,ok,0.00361850607392091,0.011963463160032434,0.1917808219178082,0.19034177005787062,0.08400103385887826,0.09191271056395826,0.01395709485655208,0.02857227045438006,0.3256655466528819,0.2935674051405735,0.06952700956319463,0.073421542267241,0.3052468338071853,0.29272833250671537,0.0025846471956577927,0.006446849329851812,0.00361850607392091,0.011045656519376862
H742-22-18,467.0,0.2698072805139186,0.2575740729783376,ok,0.055674518201284794,0.050401940597151466,0.01284796573875803,0.021883478786981297,0.15631691648822268,0.1824111146843049,0.40471092077087795,0.36005315604322474,0.0021413276231263384,0.013863897214532364,0.0728051391862955,0.08180167581616969,0.02569593147751606,0.03113201016475745,0.0,0.0008786537145404177,0.2698072805139186,0.2575740729783376
H1966-22,2172.0,0.015193370165745856,0.027025539006430947,ok,0.0,0.0052858411953968995,0.10359116022099447,0.10934409805063977,0.037753222836095765,0.04607887409738586,0.11602209944751381,0.1095801160668736,0.5681399631675875,0.5013320132088377,0.01979742173112339,0.03603467041188622,0.1072744014732965,0.11414428975249008,0.03222836095764273,0.05117455821005895,0.015193370165745856,0.027025539006430947
H1560-22-2,6437.0,0.006369426751592357,0.01142464749453066,ok,0.015224483455025632,0.025072084044849847,0.06959763865154575,0.06706458051259312,0.0037284449277613795,0.007405218783827948,0.017865465278856612,0.024978484723093927,0.1834705608202579,0.17080743877495191,0.2996737610688209,0.2894016357812186,0.400031070374398,0.39302435092649174,0.004039148671741494,0.010821558958442324,0.006369426751592357,0.01142464749453066
H2097-22-1,926.0,0.11987041036717062,0.11117839671138836,ok,0.0021598272138228943,0.0034134440395872105,0.08315334773218143,0.09673811920327004,0.026997840172786176,0.03605664928684409,0.10151187904967603,0.10057258185329092,0.28833693304535635,0.2606910222886975,0.005399568034557235,0.009521622663924287,0.3714902807775378,0.3766866117069016,0.0010799136069114472,0.005141552246095966,0.11987041036717062,0.11117839671138836
H82-23-10,5221.0,0.0007661367554108408,0.003894947017899615,ok,0.09519249185979697,0.09098074258281712,0.00823597012066654,0.014918140637205165,0.02777245738364298,0.036263008611459306,0.007086764987550277,0.013050803867599107,0.2045585136946945,0.21346680119989384,0.461980463512737,0.43186972850766536,0.13388239800804444,0.13112671994519956,0.060524803677456426,0.06442910763026084,0.0007661367554108408,0.003894947017899615
H1374-21-1,2742.0,0.03865791393143691,0.04230219100580186,ok,0.0014587892049598833,0.007437054368834391,0.1462436177972283,0.13809936219716493,0.09555069292487235,0.09008605575622416,0.04631655725747629,0.056903152751947836,0.14697301239970825,0.1408553840849278,0.002188183807439825,0.005180216413986867,0.5196936542669585,0.5136148325612433,0.0029175784099197666,0.0055217508598688,0.03865791393143691,0.04230219100580186
H1487-22-A2,4433.0,0.0,0.0003656706918219571,ok,0.0,1.1351097552507648e-06,1.0,0.9956633208525106,0.0,0.0035244465384116712,0.0,0.00013408305154465262,0.0,8.331447690870566e-05,0.0,6.710738879313899e-05,0.0,1.493926544482868e-05,0.0,0.00014598262480923103,0.0,0.0003656706918219571
H1175-21-A14,5071.0,0.004338394793926247,0.0069290255576634,ok,0.04772234273318872,0.057371755827824555,0.0749359100769079,0.07590414884629106,0.01893117728258726,0.023206035890198876,0.04969434036679156,0.05817732608204005,0.25655689213172944,0.23840647702826026,0.19719976336028397,0.1944761276542823,0.3454939854072175,0.33205894116826484,0.005127193847367383,0.013470161945174707,0.004338394793926247,0.0069290255576634
H-7677-B-22-GIEMSA,211.0,0.27488151658767773,0.24741235248761154,ok,0.0,0.0035608994938712345,0.2843601895734597,0.26797080736326306,0.14691943127962084,0.14369523351483893,0.018957345971563982,0.02297063691778512,0.15165876777251186,0.15467126135524634,0.0,0.01891278691099613,0.12322274881516587,0.14076370939003496,0.0,4.2312566352603233e-05,0.27488151658767773,0.24741235248761154
H1079-22-6,6549.0,0.1925484806840739,0.2002856526512761,ok,0.00015269506794930523,0.0009799041310417226,0.007482058329515957,0.0133274298187829,0.03008092838601313,0.04264491521283181,0.005038937242327073,0.008512766397641642,0.5071003206596427,0.4619496817897665,0.043976179569399906,0.04987419963229411,0.2041533058482211,0.2055673947733384,0.009467094212856925,0.016858055593026874,0.1925484806840739,0.2002856526512761
H1552-22-7-1,2126.0,0.0037629350893697085,0.008213243288878215,ok,0.0061147695202257765,0.01833919631649235,0.257761053621825,0.25010301209147984,0.08889934148635936,0.0934929442297596,0.013640639698965193,0.025673615710198393,0.29021636876763873,0.2675713305209136,0.09595484477892756,0.09427010226632081,0.24223894637817497,0.236936512454492,0.0014111006585136407,0.005400043121465212,0.0037629350893697085,0.008213243288878215
H-350-1-22,4355.0,0.014695752009184845,0.017509665412889223,ok,0.026865671641791045,0.039712479556749294,0.07072330654420207,0.06600876847276578,0.06659012629161883,0.0675877619374641,0.02273249138920781,0.030533432058581954,0.07944890929965556,0.0847648517270488,0.4032146957520092,0.37607380141052943,0.3129735935706085,0.3120238610370178,0.0027554535017221583,0.0057853783869537,0.014695752009184845,0.017509665412889223
H1175-21-A4,9722.0,0.010183089899197697,0.02008126426644426,ok,0.0963793458136186,0.09812282327614576,0.027360625385723102,0.03739882484893499,0.03723513680312693,0.04947767119856183,0.03456078996091339,0.0389229472561521,0.540115202633203,0.47354205250221826,0.14462044846739355,0.156132269012207,0.001440032915038058,0.006458600102656124,0.10810532812178564,0.11986354753667966,0.010183089899197697,0.02008126426644426
H538-21,1231.0,0.047116165718927704,0.06212587148328439,ok,0.0,0.0040751930905021695,0.04061738424045491,0.05343559777440507,0.4021121039805037,0.3609022437364888,0.20227457351746547,0.1875487018343704,0.05361494719740049,0.0573038165418554,0.015434606011372868,0.02583843069903474,0.2347684809098294,0.23727479588580655,0.004061738424045491,0.01149534895425256,0.047116165718927704,0.06212587148328439
H-1709-21,1178.0,0.044142614601018676,0.06053972239491348,ok,0.0,0.0011820429747562411,0.04838709677419355,0.07555958448108446,0.3837011884550085,0.34035946007741896,0.22495755517826826,0.2223982000768095,0.17911714770797962,0.16486735502192823,0.11799660441426146,0.12103469631765264,0.0008488964346349745,0.00824112533539703,0.0008488964346349745,0.005817813320039483,0.044142614601018676,0.06053972239491348
H1641-22-C,357.0,0.1568627450980392,0.16229842155889762,ok,0.0,0.0030968124297451453,0.5378151260504201,0.45658307158790973,0.19887955182072828,0.20316728178498375,0.014005602240896359,0.04012022179631356,0.014005602240896359,0.03362062072916409,0.0,0.004064480492126017,0.0784313725490196,0.09443911103362117,0.0,0.0026099785872387943,0.1568627450980392,0.16229842155889762
H1440-21-4,10869.0,0.001380071763731714,0.003425949209751527,ok,0.07617996135799061,0.09231234627227614,0.08694452111509798,0.09345623439004434,0.005336277486429294,0.008046184823217941,0.01370871285306836,0.019968464412589582,0.42589014628760696,0.39927438202215987,0.2591774772288159,0.24649225446673922,0.12991075535927868,0.12803890332580098,0.001472076547980495,0.008985281077420432,0.001380071763731714,0.003425949209751527
H1552-22-A,3970.0,0.0012594458438287153,0.003903764288040617,ok,0.019143576826196475,0.034347488456024894,0.2380352644836272,0.23038677859233367,0.018387909319899243,0.0243145658106961,0.007556675062972292,0.014331945430648103,0.3005037783375315,0.28161542030933967,0.22770780856423173,0.2190849223610944,0.1770780856423174,0.17794074752675004,0.010327455919395465,0.014074367225072612,0.0012594458438287153,0.003903764288040617
H1913-22-13,5754.0,0.014250955856795273,0.015247427351525218,ok,0.03927702467848453,0.052045604282658635,0.23618352450469238,0.2303113020543209,0.013555787278415016,0.016911479362840834,0.4826207855404936,0.4660014902981508,0.20872436565867222,0.19739587469668865,0.0022592978797358358,0.008135645559015279,0.002780674313521029,0.011338016470381632,0.0003475842891901286,0.0026131599244181057,0.014250955856795273,0.015247427351525218
H742-22-23,849.0,0.005889281507656066,0.016396910871382668,ok,0.22968197879858657,0.20944350445242327,0.03651354534746761,0.049823236271318676,0.34393404004711425,0.33134741182179245,0.02237926972909305,0.0268525998622779,0.1625441696113074,0.1679820013737213,0.1978798586572438,0.18533567161597797,0.001177856301531213,0.008941720898571917,0.0,0.0038769428325338496,0.005889281507656066,0.016396910871382668
H1856-21,1617.0,0.3753865182436611,0.34917521197033013,ok,0.0,0.0010138462150824986,0.05256648113790971,0.052823045069696185,0.08843537414965986,0.0946017978571331,0.095856524427953,0.09958568935846068,0.0383426097711812,0.048728206744483145,0.04329004329004329,0.04327738406365879,0.3048855905998763,0.3049274323023373,0.0012368583797155227,0.00586738641881809,0.3753865182436611,0.34917521197033013
H-503-23-15A,2783.0,0.0017966223499820337,0.009090770672270945,ok,0.24146604383758533,0.2136421163461744,0.017966223499820338,0.02436494895835648,0.030542579949694573,0.03224908599884235,0.025152712899748474,0.031520928046733857,0.02084081925979159,0.040896774053942035,0.6500179662234998,0.6247504078914604,0.001437297879985627,0.004424987718178706,0.010779734099892203,0.019059980314040766,0.0017966223499820337,0.009090770672270945
H-269-22,530.0,0.0018867924528301887,0.013859391880839225,ok,0.09245283018867924,0.08995307091291661,0.1641509433962264,0.1677901714301929,0.03773584905660377,0.05120514725357605,0.29245283018867924,0.2521000661843796,0.29245283018867924,0.28022162520977734,0.04339622641509434,0.051226269884296606,0.04905660377358491,0.06409078868822397,0.026415094339622643,0.029553468555797692,0.0018867924528301887,0.013859391880839225
H-503-23-10B,13235.0,0.370986021911598,0.37160301709950583,ok,0.019342652058934644,0.02033152256015083,0.0023422742727616168,0.004358920534923393,0.004457876841707594,0.009369566338522416,0.4108046845485455,0.3829476403683842,0.013978088401964487,0.01518451425199442,0.16871930487344164,0.17924870002891613,0.00022667170381564036,0.0021748085163503595,0.009142425387230828,0.014781310301252426,0.370986021911598,0.37160301709950583
H1633-22-2,8168.0,0.023751224289911853,0.027924435881474818,ok,0.04076885406464251,0.05586415231182484,0.0912095984329089,0.09211316029800044,0.00832517140058766,0.012150719141799344,0.037463271302644464,0.04489170285765277,0.37353085210577863,0.3384953344026946,0.16540156709108716,0.16461534252586374,0.258692458374143,0.2591734318908388,0.0008570029382957884,0.00477172068985067,0.023751224289911853,0.027924435881474818
H-503-23-B5-1,8016.0,0.23852295409181637,0.24480659310832228,ok,0.0036177644710578844,0.005029558990311919,0.000873253493013972,0.0022138189771531607,0.0018712574850299401,0.0036174521634670265,0.48353293413173654,0.4507863143755274,0.002245508982035928,0.004156164509367056,0.2597305389221557,0.2774009200104328,0.009481037924151697,0.01119025354795118,0.000124750499001996,0.0007989243174670855,0.23852295409181637,0.24480659310832228
H800-23-B3,,,,no_zarr,,,,,,,,,,,,,,,,,,
H1175-21-B4,5484.0,0.0020058351568198397,0.009536418792767433,ok,0.045587162654996356,0.06324452728139683,0.07585703865791393,0.08062215692142281,0.012217359591539023,0.018851267104691923,0.04923413566739606,0.05209553736013439,0.4022611232676878,0.36266750293552963,0.26659372720641866,0.2564391418259676,0.1363967906637491,0.13531278796873172,0.009846827133479213,0.021230659809357743,0.0020058351568198397,0.009536418792767433
H79-21-A-1,1238.0,0.10904684975767366,0.11220395586782408,ok,0.0,0.0010854348832285167,0.09208400646203554,0.10360316025287379,0.17366720516962844,0.16419509411011635,0.06462035541195477,0.07334239153169764,0.5177705977382876,0.4766596070040142,0.030694668820678513,0.036473559218009086,0.008885298869143781,0.025123084801706427,0.0032310177705977385,0.007313712330529943,0.10904684975767366,0.11220395586782408
H473-23-A,1127.0,0.4125998225377107,0.3946411804645248,ok,0.0,0.0011877854971250853,0.01774622892635315,0.029486211911665908,0.3052351375332742,0.28820885944875474,0.11978704525288376,0.11891589380186593,0.012422360248447204,0.014553491432716791,0.044365572315882874,0.051370555411914605,0.0878438331854481,0.09669900237954271,0.0,0.00493701965188947,0.4125998225377107,0.3946411804645248
H1487-23-A10,1372.0,0.0007288629737609329,0.0013025624939264717,ok,0.0058309037900874635,0.009169995926773894,0.06924198250728864,0.0711388248520931,0.0007288629737609329,0.0065590381123477905,0.8403790087463557,0.8243653807031089,0.0728862973760933,0.06575826663614485,0.008746355685131196,0.012078865828529253,0.0014577259475218659,0.007373135307704624,0.0,0.002253930139371129,0.0007288629737609329,0.0013025624939264717
H1913-22-12,6423.0,0.028802740152576677,0.03576099509463525,ok,0.02600031138097462,0.03785007485082283,0.17639732212361825,0.17572666288989192,0.07940214852872489,0.08314611114251237,0.14416939125019462,0.1377098367191393,0.46442472364938503,0.41728173934090546,0.0683481239296279,0.07716278013920123,0.006850381441693912,0.0241370140100459,0.005604857543204111,0.01122478581284574,0.028802740152576677,0.03576099509463525
H1175-21-A2,7901.0,0.0058220478420453105,0.012405821452392708,ok,0.006581445386659917,0.018424859030996263,0.027338311606125806,0.03353044751222437,0.008353372990760664,0.011501400784262877,0.0069611441589672194,0.012062153370245297,0.5265156309327933,0.49361350689883987,0.29148209087457283,0.28584575926015876,0.12530059486140996,0.1249796229374073,0.0016453613466649792,0.0076364287534726235,0.0058220478420453105,0.012405821452392708
H1633-22-1,6004.0,0.006329113924050633,0.014503973234204439,ok,0.005996002664890073,0.015624819990686836,0.03830779480346436,0.03975407173349948,0.030146568954030645,0.030642621355039062,0.01882078614257162,0.028695286671859055,0.1698867421718854,0.16688768015347377,0.606595602931379,0.5709057602052121,0.11692205196535643,0.11506085736929651,0.0069953364423717525,0.017924929286728678,0.006329113924050633,0.014503973234204439
H1913-22-14,2905.0,0.0034423407917383822,0.007001569917087274,ok,0.046815834767642,0.05701133941884113,0.5053356282271945,0.46679501685292,0.010327022375215147,0.021902811884669166,0.2729776247848537,0.27070628520012086,0.15387263339070567,0.1502540108787086,0.0051635111876075735,0.008646809139974258,0.002065404475043029,0.0161181728386776,0.0,0.0015639838690011142,0.0034423407917383822,0.007001569917087274
H742-22-1,3493.0,0.03549957056971085,0.07357063676694892,ok,0.0,0.0004620857918599525,0.48010306326939595,0.4160007365810161,0.4305754365874606,0.3564482722164611,0.03979387346120813,0.09803245007774303,0.0014314342971657602,0.010795062839728076,0.0,6.497648840010336e-05,0.01259662181505869,0.04354332258146,0.0,0.0010824566563827234,0.03549957056971085,0.07357063676694892
H770-21,424.0,0.009433962264150943,0.00945001988044608,ok,0.0,0.00035218167754522264,0.0,0.002449952584738377,0.0047169811320754715,0.005745190995932593,0.0,0.0020304954167768077,0.30424528301886794,0.29468589688340874,0.0023584905660377358,0.00281387951043355,0.6792452830188679,0.6823935496561676,0.0,7.88333945510006e-05,0.009433962264150943,0.00945001988044608
H334-23,1187.0,0.05475989890480202,0.08164330084105732,ok,0.0,0.0004636676016675056,0.2721145745577085,0.24852668939294745,0.4987363100252738,0.45034013603313233,0.08845829823083404,0.10984373410515025,0.08340353833192923,0.08929809812754953,0.0008424599831508003,0.0047547255265535755,0.0016849199663016006,0.013923240574551245,0.0,0.0012064077973907722,0.05475989890480202,0.08164330084105732
H-503-23-B1,8314.0,0.040774597065191244,0.060761374215791225,ok,0.03656483040654318,0.040744605403243914,0.007938417127736349,0.012225872177667586,0.037527062785662736,0.04214700305489915,0.03476064469569401,0.0430597535501032,0.01647822949242242,0.028221983771476587,0.7118114024536926,0.6650774715326877,0.11354342073610776,0.10459056116384764,0.0006013952369497233,0.003171375130282977,0.040774597065191244,0.060761374215791225
H-503-23-3B,6339.0,0.024609559867486985,0.041034504883457924,ok,0.0,0.0005505845033565402,0.01009622968922543,0.018182823502226556,0.020981227322921597,0.033641353110930035,0.9137087868749014,0.8381330611018182,0.00015775358889414735,0.0016926467201757208,0.0296576747120997,0.0608767942524926,0.000473260766682442,0.004737344151749273,0.0003155071777882947,0.0011508877737931762,0.024609559867486985,0.041034504883457924
H742-22-20,460.0,0.0891304347826087,0.09590256478817899,ok,0.07173913043478261,0.06272019864359767,0.002173913043478261,0.016137808519544727,0.4826086956521739,0.4427703327136898,0.2217391304347826,0.24289694499991143,0.07391304347826087,0.06397215106014263,0.05652173913043478,0.062487499331977905,0.0,0.0069715541961825455,0.002173913043478261,0.006140945746774215,0.0891304347826087,0.09590256478817899
H1440-21-25,417.0,0.0,4.763789124514727e-05,ok,0.02877697841726619,0.0382932182218695,0.06235011990407674,0.06180678975724425,0.0,0.00026461321949851655,0.8992805755395683,0.8718962648839973,0.002398081534772182,0.00918027947539443,0.007194244604316547,0.006971384299869778,0.0,0.010735805170457668,0.0,0.0008040070804233302,0.0,4.763789124514727e-05
H884-22-1A,233.0,0.05150214592274678,0.06177382444396169,ok,0.17167381974248927,0.1618440321010698,0.004291845493562232,0.0189737083976312,0.02575107296137339,0.0362558047956508,0.5793991416309013,0.5487881566939298,0.15450643776824036,0.14390935493611812,0.012875536480686695,0.021951037724988316,0.0,0.005309657692332121,0.0,0.0011944232143182372,0.05150214592274678,0.06177382444396169
H1440-21-21-1,668.0,0.0,0.0006156750085133577,ok,0.023952095808383235,0.025132968414259497,0.03143712574850299,0.03289485246291677,0.004491017964071856,0.004176021458804262,0.9296407185628742,0.9160654625463108,0.0074850299401197605,0.00928779738281209,0.0014970059880239522,0.007533005166907112,0.0014970059880239522,0.003615738158247819,0.0,0.000678479401228373,0.0,0.0006156750085133577
H742-22-30,807.0,0.17224287484510534,0.1755296075878746,ok,0.13506815365551425,0.12742409275349653,0.007434944237918215,0.013722282204902587,0.3630731102850062,0.3406204026128668,0.0768277571251549,0.08660763108106066,0.0644361833952912,0.0733890193633612,0.17967781908302355,0.1667700326696607,0.0012391573729863693,0.011753263220845158,0.0,0.004183668505931774,0.17224287484510534,0.1755296075878746
H744-22-2,6116.0,0.6030085022890779,0.5712514181789505,ok,0.0004905166775670373,0.0014563373194473785,0.0068672334859385216,0.010125874194872346,0.24117069980379333,0.24538222034169851,0.06196860693263571,0.06857636971996356,0.0073577501635055595,0.015047486728005046,0.018476128188358403,0.025362799838386192,0.0008175277959450621,0.005279997786078108,0.05984303466317855,0.05751749589259831,0.6030085022890779,0.5712514181789505
H1487-22-A6,7121.0,0.22314281702008146,0.2163042405317395,ok,0.001966016008987502,0.003800164312884842,0.09830080044937509,0.09387750296285409,0.04409493048729111,0.056052963961530165,0.0626316528577447,0.06330800011355898,0.249122314281702,0.2400558379582865,0.1537705378458082,0.14532869431177928,0.15868557786827692,0.16445768713930164,0.008285353180733044,0.016814908708065072,0.22314281702008146,0.2163042405317395
H1175-21-D3,8880.0,0.0009009009009009009,0.004557127950400756,ok,0.06756756756756757,0.06402014394193362,0.035923423423423424,0.03869836559282241,0.0011261261261261261,0.0034667443210979576,0.803490990990991,0.7887856979163879,0.07218468468468468,0.07022399226593969,0.010585585585585585,0.014051398968373253,0.0006756756756756757,0.00545490373577394,0.007545045045045045,0.010741625307270557,0.0009009009009009009,0.004557127950400756
H1175-21-A8,8411.0,0.010819165378670788,0.021182224378789107,ok,0.07371299488764713,0.0720593590426502,0.02722625133753418,0.037092180247939484,0.22541909404351446,0.21121139507846656,0.24479847818333136,0.21651457855429393,0.25763880632505054,0.2497120091267889,0.03186303649982166,0.05790576167578529,0.0009511354179051242,0.006540297366993769,0.1275710379265248,0.12778219452829268,0.010819165378670788,0.021182224378789107
H1633-22-9,7396.0,0.0036506219578150353,0.007386851622416797,ok,0.010681449432125473,0.019787344696883463,0.4246890210924824,0.4128171398280549,0.007030827474310438,0.009716557688861479,0.07436452136289887,0.07304850687325916,0.21660356949702542,0.21091473779741599,0.1511627906976744,0.14780919518334487,0.09424012979989184,0.09346163229710477,0.017577068685776097,0.025058034012658624,0.0036506219578150353,0.007386851622416797
H-1641-A-22,922.0,0.3383947939262473,0.31535424714421734,ok,0.0,0.0003578575158434082,0.47396963123644253,0.42450776395321854,0.008676789587852495,0.03664637445352795,0.113882863340564,0.11137821612757746,0.005422993492407809,0.01818085518007359,0.0,0.00027934553022233703,0.0596529284164859,0.09190948688092468,0.0,0.0013858532143946338,0.3383947939262473,0.31535424714421734
H1566-22-3,8821.0,0.0,0.00030917298308523044,ok,0.006461852397687337,0.019172439053034476,0.8697426595624079,0.8502607134793271,0.0,0.0014204772969767159,0.001360389978460492,0.006196505194615831,0.12209500056682916,0.11390973434195202,0.00022673166307674868,0.0016418382307147189,0.00011336583153837434,0.006430225328523935,0.0,0.0006588940917699529,0.0,0.00030917298308523044
H1175-21-B1,2372.0,0.005902192242833052,0.011863120857909635,ok,0.06829679595278246,0.08735482474141563,0.08473861720067453,0.08320472329121748,0.008431703204047217,0.014615051659996658,0.013069139966273187,0.02407656777127191,0.3031197301854975,0.2664589501990869,0.22723440134907252,0.22026290617940628,0.28161888701517707,0.27840339487311205,0.007588532883642495,0.013760460426583559,0.005902192242833052,0.011863120857909635
H-707-7-21,9127.0,0.013476498301742084,0.02451650346564946,ok,0.021365180234469157,0.02953467807567268,0.018406924509696505,0.04251679409679461,0.03977210474416566,0.043690092384613896,0.04733209159636244,0.05694887336300126,0.733428289689931,0.6455280364233832,0.06179467513969541,0.07406460521695254,0.05456338336802893,0.07113591411391237,0.009860852415908842,0.012064502860019977,0.013476498301742084,0.02451650346564946
H1628-B15-22,11506.0,0.03372153658960542,0.051872652418282074,ok,0.031114201286285417,0.03705158988719033,0.15166000347644706,0.1443328098085524,0.04406396662610812,0.04981460061880622,0.009647140622284025,0.016915963478188998,0.37536937250130364,0.33959191866514443,0.33226142881974624,0.31457512183868236,0.010168607682948028,0.019094948578083526,0.011993742395272032,0.026750394707069643,0.03372153658960542,0.051872652418282074
H1628-B12-22,3303.0,0.03875264910687254,0.043293704059261584,ok,0.0009082652134423251,0.005664014504936409,0.061156524371783226,0.07218540615759726,0.20587344838026037,0.19126854858575953,0.003027550711474417,0.011504742781598345,0.49954586739327883,0.4402626510356834,0.1516802906448683,0.16012751935467157,0.0006055101422948834,0.004133999765597759,0.0384498940357251,0.07155941375489405,0.03875264910687254,0.043293704059261584
H-1628-B3-22,4164.0,0.31075888568683957,0.30417041526062577,ok,0.09822286263208453,0.09258150631361747,0.062199807877041303,0.064983345557092,0.015609990393852064,0.021472952486864913,0.04298751200768492,0.047479377700015674,0.1419308357348703,0.1416168255309016,0.08237271853986551,0.07932953427521877,0.22166186359269932,0.22245893010969808,0.02425552353506244,0.02590711276596577,0.31075888568683957,0.30417041526062577
H742-22-13,5713.0,0.05776299667425171,0.07246243533964274,ok,0.005601260283563802,0.0075443989562610815,0.02678102573078943,0.02842633764615349,0.040259058288114824,0.05005100874707678,0.22194993873621566,0.2124299971958348,0.02223000175039384,0.02855135140549521,0.3113950638893751,0.2936610511165967,0.3136705758795729,0.3045456895024773,0.00035007876772273763,0.0023277300904619522,0.05776299667425171,0.07246243533964274
H1986-22-A3,5054.0,0.004352987732489117,0.00895031148267949,ok,0.017609814008705975,0.035911994401817623,0.057182429758607045,0.06903935062815454,0.0,0.0009548688751033416,0.0296794618124258,0.04054204802681132,0.2473288484368817,0.22029936644930187,0.10130589631974674,0.0998563473358916,0.5407597942223981,0.5188740978397112,0.001780767708745548,0.0055716149605289445,0.004352987732489117,0.00895031148267949
H-503-23-10A,9270.0,0.01413160733549083,0.021659320943027152,ok,0.06116504854368932,0.06540896453045206,0.08651564185544768,0.0769255248771115,0.021359223300970873,0.022055337464666112,0.06019417475728155,0.06808198380342154,0.05393743257820928,0.05608281099304186,0.4028047464940669,0.3758460617759583,0.2935275080906149,0.299124437954751,0.006364617044228695,0.01481555765757041,0.01413160733549083,0.021659320943027152
H1689-20-B,1724.0,0.058584686774941996,0.06425674622469998,ok,0.13109048723897912,0.13282242441335587,0.04060324825986079,0.05146115781739096,0.095707656612529,0.09653181636094382,0.04756380510440835,0.05636610176960202,0.16705336426914152,0.16747870083972793,0.39211136890951276,0.3463247275608207,0.002320185614849188,0.0075357139795880065,0.06496519721577726,0.07722261103387067,0.058584686774941996,0.06425674622469998
H-353-1-22,4999.0,0.021804360872174435,0.02629936822302666,ok,0.05461092218443689,0.06300377734943612,0.008001600320064013,0.018055333713951904,0.019403880776155232,0.02195355109788224,0.11182236447289458,0.11038648734492616,0.01920384076815363,0.03168622949817712,0.5729145829165834,0.5443211261203579,0.1918383676735347,0.18251307373680978,0.00040008001600320064,0.0017810529154321636,0.021804360872174435,0.02629936822302666
H970-23-10,9907.0,0.0033309780962955484,0.01100740073973261,ok,0.044816796204703746,0.05497960644539851,0.045321489855657614,0.05419576013611654,0.08135661653376401,0.09488309571827033,0.03674169778944181,0.04875454876436465,0.29363076612496214,0.2679175810922283,0.2531543353184617,0.24529926708142327,0.002927223175532452,0.008036657271201597,0.23872009690118098,0.21492608275126418,0.0033309780962955484,0.01100740073973261
H1566-22-4,7211.0,0.001109416169740674,0.005302462064156101,ok,0.0020801553182637636,0.009567611294403248,0.4911940091526834,0.49261584308627593,0.001109416169740674,0.0034616462922871065,0.032866454028567464,0.04466355147659049,0.3224240743308834,0.2777682123869534,0.1328525863264457,0.1297442519884743,0.012342254888364998,0.030072207152554185,0.004021633615309943,0.006804214258305145,0.001109416169740674,0.005302462064156101
H-350-2-22,3599.0,0.010558488469019172,0.02161243999241509,ok,0.09391497638232843,0.09910865109791732,0.058627396499027505,0.06840056664615289,0.009169213670464018,0.011685626032003816,0.010836343428730202,0.014946784948831164,0.2214504028896916,0.20472669526165926,0.2956376771325368,0.2797724085617918,0.2998055015282023,0.29886776426930506,0.0,0.0008790631899236505,0.010558488469019172,0.02161243999241509
H-1628-B17-22,4137.0,0.015470147449842882,0.03307496494521422,ok,0.05873821609862219,0.07760298341709126,0.4696640077350737,0.4331183259039916,0.06405607928450568,0.07852410808538209,0.0,0.0032441303610045488,0.34251873338167754,0.3036493510285078,0.04085085810974136,0.05267093960898235,0.0,0.004018004058263608,0.00870195794053662,0.01409719259156255,0.015470147449842882,0.03307496494521422
H1440-21-13,1528.0,0.0,0.0059390478257839475,ok,0.01963350785340314,0.03330249502004006,0.5791884816753927,0.5251351670230974,0.14725130890052357,0.14753156479640325,0.0006544502617801048,0.008030283555019575,0.11321989528795812,0.1277367810190615,0.01112565445026178,0.014644908078567307,0.12827225130890052,0.13574196441863853,0.0006544502617801048,0.0019377882633884918,0.0,0.0059390478257839475
H1079-22-11,4816.0,0.02616279069767442,0.039697026741449974,ok,0.01951827242524917,0.023684427175984776,0.06561461794019934,0.07184859762141621,0.13309800664451826,0.13222436231778154,0.12936046511627908,0.11444429457288711,0.1744186046511628,0.17655866804684348,0.34219269102990035,0.3183006301318316,0.042566445182724254,0.052150331828254536,0.06706810631229236,0.07109166156355072,0.02616279069767442,0.039697026741449974
H744-22-19,3595.0,0.4934631432545202,0.4773817678767369,ok,0.00890125173852573,0.009608733989178404,0.0013908205841446453,0.002592361059653151,0.24534075104311545,0.25665697290238865,0.0956884561891516,0.09594014493002594,0.009179415855354658,0.01987405810366934,0.06425591098748261,0.06237326553720109,0.004450625869262865,0.0074254954976454455,0.07732962447844229,0.06814720010350114,0.4934631432545202,0.4773817678767369
H1175-21-B3,7701.0,0.018309310479158552,0.020439788148685765,ok,0.1733541098558629,0.17608100754901382,0.0706401766004415,0.08164716973498298,0.003506038176860148,0.005326198192054491,0.02895727827554863,0.035934531698222895,0.38436566679651996,0.3407599146745048,0.03687832748993637,0.05113556142976416,0.28346967926243344,0.2841904378983242,0.0005194130632385404,0.004485390674446827,0.018309310479158552,0.020439788148685765
H1628-22-B8,4568.0,0.010288966725043782,0.016053455903608547,ok,0.00043782837127845885,0.02056285411869128,0.9032399299474606,0.797478251047472,0.02955341506129597,0.038742623480911585,0.0,0.00247019154876066,0.055823117338003506,0.08688622316689848,0.0,0.00014999496383838855,0.00043782837127845885,0.03181152781120236,0.00021891418563922942,0.005844877958616633,0.010288966725043782,0.016053455903608547
H533-22-4,8758.0,0.34368577300753594,0.33345667272795365,ok,0.00296871431833752,0.005496225017768149,0.004338890157570221,0.006083275804034182,0.3570449874400548,0.3529494335056832,0.03642384105960265,0.042649495026203355,0.18177666133820508,0.17702017951659987,0.032998401461520895,0.03947226589283277,0.0011418131993605847,0.0035032389398287293,0.039620918017812284,0.039369213569096076,0.34368577300753594,0.33345667272795365
H1085-23,822.0,0.021897810218978103,0.03357535102336813,ok,0.0,0.0002344180105609806,0.032846715328467155,0.043712844087808185,0.402676399026764,0.36452148977943216,0.16423357664233576,0.16460462915920324,0.043795620437956206,0.0584478699636634,0.0024330900243309003,0.005526075029924267,0.33211678832116787,0.3227422083750561,0.0,0.006635114570983489,0.021897810218978103,0.03357535102336813
H1079-22-27,3843.0,0.07259953161592506,0.08784417435606894,ok,0.0936768149882904,0.09007030434297691,0.08639084048920115,0.10578791782198294,0.19750195160031225,0.17283931412259054,0.15274525110590684,0.15006240285511663,0.2846734322144158,0.25522002815130546,0.01249024199843872,0.027206130447700597,0.0036429872495446266,0.014061727926248869,0.09627894873796514,0.09690799997600913,0.07259953161592506,0.08784417435606894
H-503-23-B5,7786.0,0.251477010017981,0.2536963213188263,ok,0.0014127921911122527,0.003432222159307632,0.0011559208836372976,0.0019188323240727655,0.0011559208836372976,0.0033534933356881937,0.4517081941947084,0.4134943220715295,0.002183406113537118,0.004591971691490495,0.2812740816850758,0.3076219883877194,0.00937580272283586,0.011167041270796292,0.00025687130747495504,0.0007238074405693626,0.251477010017981,0.2536963213188263
H1487-22-B1,2758.0,0.047860768672951415,0.05292505811132309,ok,0.07831762146482958,0.09387701732847385,0.08593183466279913,0.08687805163031455,0.0,0.002141519368088378,0.06526468455402465,0.08185896010850562,0.34517766497461927,0.29930489520240205,0.05474981870920957,0.06257840473131068,0.31834662799129804,0.30951922551728295,0.00435097897026831,0.010916868002298777,0.047860768672951415,0.05292505811132309
H1633-22-16,11741.0,0.0008517162081594413,0.0030677256620295678,ok,0.013286772847287284,0.019332093310824933,0.013968145813814836,0.017514868197211503,0.02742526190273401,0.02927653291573611,0.7743803764585641,0.7652172331951368,0.1217954177668001,0.10665984588338782,0.041734094199812624,0.04484352696951087,0.0017886040371348267,0.0057490815243125305,0.004769610765692871,0.008339092341849978,0.0008517162081594413,0.0030677256620295678
H88-21-A1,10323.0,0.2769543737285673,0.27295855205585967,ok,0.00038748425845200037,0.002140177940880944,0.017630533759566018,0.02392102065540505,0.1905453840937712,0.19914026647544386,0.003777971519907004,0.015054297209266097,0.031870580257677035,0.04345542358920899,0.4726339242468275,0.4335462214878712,0.005812263876780006,0.006056409479871562,0.00038748425845200037,0.0037276311061926843,0.2769543737285673,0.27295855205585967
H82-23-3,4548.0,0.033641160949868076,0.035509738626021026,ok,0.24582233948988566,0.2284247264566263,0.013632365875109938,0.01842338782149891,0.01868953386103782,0.021557075113456267,0.06222515391380827,0.0659221525371211,0.09432717678100264,0.11061466841987319,0.44591029023746703,0.425803376476202,0.002418645558487247,0.009409394400125443,0.08333333333333333,0.0843354801490759,0.033641160949868076,0.035509738626021026
H-503-23-B12-1,5246.0,0.0423179565383149,0.054362286195733134,ok,0.19824628288219595,0.17919429397487677,0.020015249714067863,0.031397814291543195,0.04860846359130766,0.048664595028282485,0.4264201296225696,0.4218926841592983,0.008006099885627144,0.020358439923720502,0.25428898208158596,0.23299117146496365,0.0013343499809378575,0.00677874803385308,0.0007624857033930614,0.004359966927728917,0.0423179565383149,0.054362286195733134
H1633-22-17,7481.0,0.012431493115893597,0.019004612671911943,ok,0.002005079534821548,0.005507115984248416,0.07151450340863522,0.07024751072922354,0.026066033952680125,0.040334776662861484,0.7873278973399278,0.761655447104577,0.0585483224167892,0.05504603069219669,0.03956690282047855,0.03870418601971273,0.0025397674107739605,0.008421671237978118,0.0,0.0010786488972900517,0.012431493115893597,0.019004612671911943
H1913-22-13-1,5140.0,0.018287937743190662,0.018922324126850448,ok,0.1103112840466926,0.11100561828740714,0.11945525291828794,0.11551500942291383,0.016731517509727626,0.020730836777555987,0.5188715953307393,0.509792039859659,0.1801556420233463,0.16742767459533006,0.031906614785992216,0.04195658045488306,0.0031128404669260703,0.011403919932742243,0.0011673151750972762,0.0032459965426582375,0.018287937743190662,0.018922324126850448
H1175-21-A3,7007.0,0.0007135721421435707,0.005478648603033093,ok,0.02097902097902098,0.0301055446200119,0.07649493363779078,0.08839999146371982,0.024975024975024976,0.030033241016671552,0.23262451833880404,0.21567306567730118,0.2217782217782218,0.22258486364387492,0.028828314542600257,0.05672792090437834,0.0018552875695732839,0.007669592453592943,0.39175110603682034,0.3433271316174163,0.0007135721421435707,0.005478648603033093
H-7677-B-22,731.0,0.0,0.004525462292910168,ok,0.0,0.00445148626203525,0.2694938440492476,0.2773419565296728,0.2954856361149111,0.2511763566923879,0.004103967168262654,0.015992624811417732,0.0533515731874145,0.07846854638701173,0.10807113543091655,0.11236981020276308,0.2694938440492476,0.25291166467820586,0.0,0.002762092143595486,0.0,0.004525462292910168
H744-22-17,2237.0,0.5073759499329459,0.49375843147203724,ok,0.002682163611980331,0.00495772460627873,0.008940545373267769,0.01150654705748234,0.0813589628967367,0.09362058381104664,0.3285650424675905,0.3111285884685746,0.007152436298614216,0.010928340227575994,0.05587840858292356,0.056586910593787454,0.0031291908806437194,0.009849489531302186,0.0049172999552972736,0.0076633842319147666,0.5073759499329459,0.49375843147203724
H160-21-B,4638.0,0.041828374299266925,0.04296312573241532,ok,0.06101768003449763,0.08681312103285022,0.03471323846485554,0.04312760223274747,0.015092712376024149,0.025850592695297114,0.12677878395860284,0.12242624845838845,0.628719275549806,0.5449545907608946,0.04053471323846486,0.05645106264282078,0.0215610176800345,0.0333848959899087,0.029754204398447608,0.04402876045467732,0.041828374299266925,0.04296312573241532
H-353-5-22,8235.0,0.009957498482088645,0.015399899421784435,ok,0.06120218579234973,0.07400313210767664,0.0013357619914996963,0.005531531948243669,0.004007285974499089,0.008475332041088697,0.19611414693381907,0.18722517042973663,0.015300546448087432,0.025806880137203066,0.5302975106253794,0.48799840426903585,0.17874924104432302,0.18609795490134637,0.0030358227079538553,0.009461694743884638,0.009957498482088645,0.015399899421784435
H1552-22-8,4373.0,0.0,0.006454734110081414,ok,0.0,0.0005724437205692546,0.6263434713011663,0.5883197774293856,0.12096958609650126,0.14550124811116563,0.2520009147038646,0.24667738570100622,0.000686027898467871,0.004137323078585361,0.0,0.00022832003959321186,0.0,0.006506951715538431,0.0,0.0016018160940749178,0.0,0.006454734110081414
H1175-21-A12,10245.0,0.21395802830649097,0.2053406332855705,ok,0.0006832601268911664,0.00531149553024704,0.019912152269399706,0.02669421865819256,0.06969253294289897,0.074074242693214,0.14963396778916543,0.1576665858794549,0.23006344558321132,0.22348310136641975,0.11820400195217179,0.11748027087079045,0.025085407515861396,0.028535224625009042,0.17276720351390923,0.16141422709110176,0.21395802830649097,0.2053406332855705
H473-23-B-1,318.0,0.39937106918238996,0.355027532929099,ok,0.0,0.0015231169343044757,0.009433962264150943,0.020672648344314547,0.18553459119496854,0.18983575380767476,0.0880503144654088,0.09491039154254832,0.050314465408805034,0.05036116293862156,0.05345911949685535,0.06471369438605626,0.2138364779874214,0.22037119442683872,0.0,0.0025845046905423196,0.39937106918238996,0.355027532929099
H744-22-13,6365.0,0.0054988216810683424,0.007957820953453083,ok,0.05027494108405342,0.06371686322900208,0.016653574234092694,0.019394937842392414,0.018695993715632363,0.02034021785105682,0.028908091123330714,0.033428560889626535,0.062215239591516105,0.06341211212789838,0.6760408483896307,0.6439511642758383,0.1396700706991359,0.14092930263330816,0.00204241948153967,0.006869020197424172,0.0054988216810683424,0.007957820953453083
H533-22-5,9470.0,0.3105596620908131,0.30040844850051285,ok,0.0013727560718057022,0.0017984277119759923,0.4001055966209081,0.3843158486685627,0.08901795142555438,0.09603041554873751,0.04276663146779303,0.04511968319349558,0.0515311510031679,0.06887493363336229,0.05628299894403379,0.055782212496783654,0.0,0.0010081754876848552,0.04836325237592397,0.04666185475888454,0.3105596620908131,0.30040844850051285
H1641-22-C-1,337.0,0.16913946587537093,0.16189222039440065,ok,0.0,0.007674261713307399,0.5519287833827893,0.4591165582707762,0.21068249258160238,0.2167493657984579,0.008902077151335312,0.019497832210478808,0.032640949554896145,0.07221272831532065,0.0,0.0012044097410509398,0.026706231454005934,0.05561331141385409,0.0,0.006039312142353333,0.16913946587537093,0.16189222039440065
H1374-21,2705.0,0.022181146025878003,0.023612683374246757,ok,0.0014787430683918669,0.00882424107841598,0.1478743068391867,0.14016458915893623,0.08872458410351201,0.08568103874086547,0.06802218114602587,0.0736253035321095,0.1423290203327172,0.13690604867887754,0.0022181146025878,0.006087319651063645,0.5253234750462107,0.5188416955867164,0.0018484288354898336,0.006257080198768436,0.022181146025878003,0.023612683374246757
H94-22,2067.0,0.45863570391872277,0.4231223613100085,ok,0.0,0.0017646883677085543,0.055152394775036286,0.06156708997876745,0.042573778422835024,0.04922661090672678,0.027576197387518143,0.04193488245939367,0.2844702467343977,0.27453872045896033,0.006289308176100629,0.007088869877950214,0.12191582002902758,0.13660592999042348,0.003386550556361877,0.004150846650061001,0.45863570391872277,0.4231223613100085
H969-21-3,9628.0,0.01630660573327794,0.029080074370041554,ok,0.049542999584545076,0.055930013719345084,0.003842958039052763,0.007108380127321166,0.00519318653926049,0.007578803130722119,0.0004154549231408392,0.00214361796514201,0.7114665558786871,0.6384956219152638,0.16805151641046948,0.17467918245774652,0.044972995429995846,0.08422394820620892,0.0002077274615704196,0.0007603581082088009,0.01630660573327794,0.029080074370041554
H748-23-1,549.0,0.5081967213114754,0.4689103067502126,ok,0.0036429872495446266,0.0018357143966910643,0.0273224043715847,0.03743347026809468,0.41530054644808745,0.41580523770840155,0.00546448087431694,0.016526427254405163,0.01092896174863388,0.015607747808611554,0.01639344262295082,0.025256669969790563,0.012750455373406194,0.016740377594846746,0.0,0.0018840482489459296,0.5081967213114754,0.4689103067502126
H1440-21-29,3490.0,0.02492836676217765,0.03273703927920392,ok,0.19197707736389685,0.19839134517193194,0.11375358166189112,0.11711112792431053,0.02177650429799427,0.0218864931945248,0.028080229226361032,0.043256859995980355,0.41002865329512894,0.36822333445061706,0.06532951289398281,0.06946182326970779,0.12722063037249284,0.11821949956949289,0.0169054441260745,0.030712477144230754,0.02492836676217765,0.03273703927920392
H-147-2-22,8372.0,0.08815097945532728,0.1036996055720532,ok,0.05506450071667463,0.06272354733141158,0.09065934065934066,0.10214159752708778,0.014572384137601528,0.020791863971476254,0.002866698518872432,0.004488627124488424,0.44039655996177735,0.37934246814093436,0.1424988055422838,0.15320944154120456,0.1657907310081223,0.17213617376333912,0.0,0.0014666750280047216,0.08815097945532728,0.1036996055720532
H970-23-8-A,4539.0,0.028200044062568846,0.029163888080910007,ok,0.029301608283762944,0.03313972431327715,0.02753910552985239,0.035261523963323396,0.06609385327164574,0.0677769517825215,0.024895351398986562,0.030527990006215255,0.33377395902181095,0.3357742582967231,0.4679444811632518,0.42968510412163863,0.0024234412866270105,0.009853664766911713,0.01982815598149372,0.02881689466847926,0.028200044062568846,0.029163888080910007
H742-22-29,1224.0,0.05555555555555555,0.0888673646332917,ok,0.08006535947712418,0.07612048940339695,0.008986928104575163,0.014752004985189754,0.3488562091503268,0.3362319183800306,0.3709150326797386,0.3464694623796128,0.013888888888888888,0.022766110806349663,0.12091503267973856,0.11126547596287409,0.0008169934640522876,0.0025670285929403013,0.0,0.0009601448563140937,0.05555555555555555,0.0888673646332917
H-1628-B2-22,3595.0,0.0025034770514603616,0.012569253397252565,ok,0.11627260083449235,0.1199764741035415,0.22920723226703754,0.21745473147216782,0.02141863699582754,0.02634978729006788,0.013630041724617525,0.01719940267953118,0.2534075104311544,0.24455092012724025,0.17440890125173852,0.16278522961850964,0.18887343532684284,0.1910211929097443,0.0002781641168289291,0.008093008401944922,0.0025034770514603616,0.012569253397252565
H715-22-17,13723.0,0.0002914814544924579,0.0016751866084655424,ok,0.04168184799242148,0.04948173811807522,0.011586387816075202,0.01265422962954281,0.0035706478175326095,0.006465209984335388,0.0018946294542009764,0.0036461812369126497,0.04539823653720032,0.057655636307380805,0.891787510019675,0.858061410570163,0.0005829629089849158,0.0023904461485000556,0.003206295999417037,0.00796996139662446,0.0002914814544924579,0.0016751866084655424
H-1628-EX5-22,2451.0,0.0016319869441044472,0.007448106047019785,ok,0.18033455732354142,0.17102706770218012,0.5532435740514076,0.5066435317532866,0.03345573235414117,0.04603516896138217,0.030599755201958383,0.031016717832042615,0.1729906160750714,0.18332668152611678,0.02733578131374949,0.039630141573510254,0.0004079967360261118,0.012442062470920782,0.0,0.002430522133540864,0.0016319869441044472,0.007448106047019785
H905-22-4,3899.0,0.2857142857142857,0.28024712929206486,ok,0.0,0.00017551290574213031,0.031803026417030006,0.04362553742542098,0.5026929982046678,0.4624497155328007,0.0012823800974608873,0.00320181697277873,0.16799179276737625,0.17997444170818863,0.0028212362144139523,0.0066375429884749,0.00718132854578097,0.01853200106432854,0.0005129520389843549,0.005156302110200536,0.2857142857142857,0.28024712929206486
H1440-21-26,1301.0,0.0,0.0002502478849606897,ok,0.1083781706379708,0.09632401527785289,0.013835511145272867,0.023655505430775423,0.006917755572636433,0.007283087689182398,0.8393543428132206,0.8176870610146065,0.018447348193697154,0.024977143551543048,0.0030745580322828594,0.006907698294917711,0.006917755572636433,0.016955180688082137,0.0030745580322828594,0.0059600601680793236,0.0,0.0002502478849606897
H1560-22-10,3569.0,0.0047632390025217144,0.008356557373199876,ok,0.31661529840291397,0.27549621605473984,0.17091622303166154,0.15568053007398724,0.02297562342392827,0.026849551210886485,0.14093583636873075,0.1479678976464274,0.17315774726814234,0.1945190995089971,0.14850098066685347,0.15454691349161256,0.0030820958251611096,0.0166402335939518,0.019052956010086858,0.019943001046197766,0.0047632390025217144,0.008356557373199876
H-04-5-22,15289.0,0.5575250179867879,0.5406685828899007,ok,0.011380731244685721,0.015763679175810254,0.02099548695140297,0.02501787774782064,0.02688207207796455,0.03373424870081239,0.036693047288900514,0.04000259912144643,0.04401857544639937,0.0526454177732355,0.24847929884230494,0.23046885087850053,0.052913859637647984,0.05800875749054632,0.0011119105239060763,0.003689986221927218,0.5575250179867879,0.5406685828899007
H744-22-14,4754.0,0.009045014724442574,0.012875809284171473,ok,0.07383256205300799,0.07968443067966942,0.04627681952040387,0.04722392678074521,0.055952881783761045,0.06135179285471079,0.01051745898190997,0.01773960668995233,0.2132940681531342,0.2012718519516484,0.45267143458140513,0.4341636964996175,0.13041649137568365,0.12993353130596402,0.007993268826251577,0.015755353953520915,0.009045014724442574,0.012875809284171473
H742-22-35,7509.0,0.13676921028099615,0.13129361290678684,ok,0.00039952057530962844,0.0010564919331112483,0.004527899853509122,0.007481941617281984,0.13983220135836996,0.15127061022532587,0.08669596484218937,0.09723839634575064,0.012385137834598482,0.024763380118602477,0.4812891197229991,0.42635512577165047,0.00039952057530962844,0.003423851446864986,0.1377014249567186,0.15711658963462552,0.13676921028099615,0.13129361290678684
H334-22-EX2,1047.0,0.06303724928366762,0.06157357942207676,ok,0.0,1.4005286418255518e-05,0.029608404966571154,0.036475647255277535,0.9044890162368673,0.8849725522177928,0.0028653295128939827,0.011454271487316727,0.0,0.0004659100031246704,0.0,0.003217165800808142,0.0,0.0007422352801038918,0.0,0.001084633247081238,0.06303724928366762,0.06157357942207676
H1633-22-15,14771.0,0.001083203574571796,0.006358901200049053,ok,0.02863719450274186,0.044266408631199315,0.029788098300724392,0.03356574373722589,0.05835759258005552,0.061157071004582814,0.17547897908063095,0.18462219080220943,0.3440525353733667,0.3052853469176963,0.34445873671383115,0.32084139913648785,0.011915239320289758,0.023964384744573804,0.006228420553787827,0.01993855382597557,0.001083203574571796,0.006358901200049053
H533-22-10,1475.0,0.002711864406779661,0.008026041320347692,ok,0.01694915254237288,0.027204449457247485,0.059661016949152545,0.06007758493655561,0.006101694915254237,0.015073624825265,0.6298305084745762,0.6005231717923094,0.26372881355932204,0.24615595121491818,0.0047457627118644066,0.00936023613142723,0.010847457627118645,0.022027572345906164,0.005423728813559322,0.011551367976023255,0.002711864406779661,0.008026041320347692
H1440-21-16,6790.0,0.0,0.0006676124947183238,ok,0.05360824742268041,0.05421602255196218,0.07849779086892489,0.07631441606115921,0.007658321060382916,0.007990872413550234,0.8206185567010309,0.8064440761016104,0.035346097201767304,0.03816441363989678,0.0017673048600883653,0.005022909088609283,0.0014727540500736377,0.00760032615102511,0.0010309278350515464,0.0035793514974684693,0.0,0.0006676124947183238
H1356-21-1,1125.0,0.0035555555555555557,0.006676039508188646,ok,0.0026666666666666666,0.005353358966191177,0.09688888888888889,0.10008638169338309,0.041777777777777775,0.04205653693544391,0.07822222222222222,0.08964579817559518,0.027555555555555555,0.034683705542499436,0.0017777777777777779,0.0026864113351577784,0.7448888888888889,0.7133665269644883,0.0026666666666666666,0.00544524087905256,0.0035555555555555557,0.006676039508188646
H1079-22-2-1,5625.0,0.058133333333333335,0.08234839198285944,ok,0.0033777777777777777,0.008521675199352936,0.01937777777777778,0.023502245453116705,0.11288888888888889,0.1079786250628517,0.0032,0.0068281483730455875,0.3722666666666667,0.34436473195259104,0.23093333333333332,0.2217790976304799,0.18577777777777776,0.18074056059989657,0.014044444444444444,0.023936523745806147,0.058133333333333335,0.08234839198285944
H79-21-A,1239.0,0.1420500403551251,0.14309563378107895,ok,0.0,0.0014595269402240907,0.09846650524616626,0.10608503122970638,0.19289749798224373,0.18628939803483308,0.096045197740113,0.09901759020619008,0.4317998385794996,0.3885753434513749,0.02824858757062147,0.037746880022502344,0.00887812752219532,0.027686749486452077,0.0016142050040355124,0.010043846847638146,0.1420500403551251,0.14309563378107895
H-1628-B5-22,,,,no_zarr,,,,,,,,,,,,,,,,,,
H715-22-3,4130.0,0.04963680387409201,0.065482253110679,ok,0.05569007263922518,0.0523695005020667,0.006295399515738499,0.00992621363611296,0.0029055690072639223,0.006806842693791394,0.709685230024213,0.6899439723093955,0.019854721549636804,0.027050601131000187,0.14794188861985472,0.13211758617765793,0.0036319612590799033,0.009719003290891598,0.0043583535108958835,0.006584027148404692,0.04963680387409201,0.065482253110679
H1363-21,2139.0,0.02337540906965872,0.028156347071482478,ok,0.0023375409069658717,0.008101932106477569,0.23609163160355306,0.2221098080186399,0.20149602618045817,0.1890919508673762,0.09443665264142123,0.09415889122690349,0.1477325853202431,0.14535112469705383,0.004675081813931743,0.0095938720902222,0.28190743338008417,0.2880734200311048,0.007947639083683964,0.015362653890739632,0.02337540906965872,0.028156347071482478
H1655-21-1,980.0,0.014285714285714285,0.021443009843662767,ok,0.0,0.0030639892353315863,0.08673469387755102,0.10057531123534687,0.006122448979591836,0.012231616263983029,0.10816326530612246,0.10499324937662073,0.28775510204081634,0.26202873533935955,0.009183673469387756,0.017280754797110973,0.48775510204081635,0.47392991347795554,0.0,0.004453420430628917,0.014285714285714285,0.021443009843662767
H1440-21-19,2533.0,0.0015791551519936833,0.003738650678709597,ok,0.048953809711804186,0.04686814535136978,0.021713383339913146,0.021980825584422607,0.011843663639952625,0.011682261273568115,0.8503750493485985,0.8376799270684477,0.03158310303987367,0.0341872865410739,0.030003947887879984,0.03015376784714165,0.0019739439399921043,0.008414549671224401,0.0019739439399921043,0.005294585984042287,0.0015791551519936833,0.003738650678709597
H-503-23-A1,4043.0,0.01855058125154588,0.025964580120575755,ok,0.2851842691070987,0.2787872252705589,0.018797922334899828,0.02465364169811061,0.04922087558743507,0.04675991939009545,0.008162255750680188,0.016129061870287568,0.02572347266881029,0.043824482658512624,0.4991343062082612,0.4635684234170969,0.09497897600791491,0.0979209544182907,0.0002473410833539451,0.002391711156471556,0.01855058125154588,0.025964580120575755
H1440-21-9,12233.0,0.42074715932314233,0.3930141011401817,ok,0.028774626011607945,0.03202809500637901,0.03539605983814273,0.041913980921763724,0.05485163083462764,0.0578751638749685,0.013978582522684541,0.020121505945381434,0.27303196272377994,0.26305327797049105,0.10267309735960108,0.10351650452186321,0.062045287337529634,0.07699511361254133,0.008501594048884165,0.011482257006430102,0.42074715932314233,0.3930141011401817
H1175-21-A1,4139.0,0.0009664170089393573,0.002074246636805795,ok,0.046629620681323994,0.06464481639100118,0.03165015704276395,0.03982552719102469,0.006040106305870983,0.008643869142829278,0.01739550616090843,0.020374759514646245,0.4791012321816864,0.44630974371353127,0.281227349601353,0.2660734579914491,0.12201014737859386,0.12318319349716626,0.014979463638560038,0.028870385921546126,0.0009664170089393573,0.002074246636805795
H733-22-2,4330.0,0.03510392609699769,0.0350160381924326,ok,0.012702078521939953,0.01566625513385459,0.041108545034642036,0.046296389661080684,0.24341801385681294,0.2369016725365562,0.002078521939953811,0.012359777445579222,0.12517321016166283,0.1492546778696092,0.4066974595842956,0.36473265506334945,0.0016166281755196305,0.0028465977429025786,0.13210161662817552,0.13692593635463546,0.03510392609699769,0.0350160381924326
H1175-21-A9,11028.0,0.4383387740297425,0.3914576885532839,ok,0.000544069640914037,0.0037165993352919866,0.07861806311207835,0.08755335732396215,0.06764599202031193,0.07035077891723092,0.1358360536815379,0.15181101405388542,0.14671744649981863,0.1435659855178708,0.019767863619876678,0.03133347275860129,0.006438157417482771,0.014827331560854624,0.10609357997823722,0.10538377197901883,0.4383387740297425,0.3914576885532839
H742-22-29-1,1299.0,0.06081601231716705,0.09945473999907951,ok,0.05157813702848345,0.054406413989946854,0.01077752117013087,0.018163172426879527,0.5658198614318707,0.5023895230166884,0.1100846805234796,0.12932633864812584,0.029253271747498075,0.04016491117586225,0.17090069284064666,0.15052380683592845,0.0007698229407236335,0.003322665547899703,0.0,0.0022484283595894726,0.06081601231716705,0.09945473999907951
H82-23-2,4983.0,0.013646397752358017,0.015887082940272083,ok,0.10435480634156132,0.1059867022811173,0.014850491671683725,0.016351000027547316,0.042343969496287374,0.04207758583652296,0.02588801926550271,0.031412788371037836,0.10856913505920128,0.12064428188576552,0.32229580573951433,0.2940178823243259,0.35741521171984747,0.35267233747044086,0.01063616295404375,0.020950338862970198,0.013646397752358017,0.015887082940272083
H905-22-2,2151.0,0.304509530450953,0.2905444069334003,ok,0.0,0.00015842103113706803,0.058577405857740586,0.07076446936192202,0.5318456531845653,0.479302640384858,0.001394700139470014,0.0058582728918311405,0.07484890748489074,0.09808446004225788,0.0199907019990702,0.03425233270920207,0.008833100883310088,0.018155096349170216,0.0,0.002879900296221403,0.304509530450953,0.2905444069334003
H-350-4-22,2817.0,0.2275470358537451,0.23048626802725508,ok,0.0,0.00017678184883539148,0.0028399006034788782,0.004542212247547898,0.0007099751508697196,0.0029112929966941016,0.018814341498047567,0.023182704501001475,0.0007099751508697196,0.005703518576477598,0.009229676961306355,0.009178859944283616,0.7373091941782037,0.7204465448399583,0.0028399006034788782,0.0033718170179464794,0.2275470358537451,0.23048626802725508
H79-21-B,944.0,0.684322033898305,0.6484375767216537,ok,0.0,5.809159818120944e-05,0.006355932203389831,0.016310877361839775,0.020127118644067795,0.030447832931860777,0.012711864406779662,0.01707946574188242,0.024364406779661018,0.03725521114435647,0.036016949152542374,0.032691161680548975,0.21610169491525424,0.21747848964557542,0.0,0.000241293174101216,0.684322033898305,0.6484375767216537
TH675-23-1,988.0,0.32186234817813764,0.2905440516944644,ok,0.0,0.0015404735543319812,0.058704453441295545,0.06993848965377725,0.13360323886639677,0.15085000461779166,0.31376518218623484,0.2724404348925829,0.0,0.0064200906437857485,0.09817813765182186,0.10831601193489905,0.05465587044534413,0.07946076344029648,0.019230769230769232,0.02048967956807049,0.32186234817813764,0.2905440516944644
H1055-21-R,3969.0,0.3353489543965734,0.31547063129518194,ok,0.0002519526329050139,0.001468261479059572,0.02040816326530612,0.026834255662014257,0.02418745275888133,0.03973624380863295,0.0400604686318972,0.05370000820618887,0.021919879062736205,0.030448555119182045,0.21743512219702696,0.19757914576558847,0.3371126228269085,0.326892546726552,0.00327538422776518,0.007870351937599966,0.3353489543965734,0.31547063129518194
H1393-21-1,1865.0,0.2857908847184987,0.2735059825348175,ok,0.0,0.0011404824577422043,0.03163538873994638,0.0373930905897934,0.18284182305630026,0.18352843537892957,0.1126005361930295,0.12377470171263107,0.009115281501340482,0.013737938574255086,0.08203753351206435,0.08138037614485674,0.29597855227882036,0.28481583750736883,0.0,0.0007231550996055871,0.2857908847184987,0.2735059825348175
TH499-21-4,12117.0,0.2248906495007015,0.1999838198389416,ok,0.06924156144260131,0.07631956180027856,0.0016505735743170752,0.005096164243139021,0.004291491293224396,0.008148934153404343,0.15333828505405628,0.15825375685285534,0.042089626145085414,0.059509131655807235,0.42163901955929683,0.3841252600060924,0.021209870429974416,0.03834274197742644,0.06164892300074276,0.07022062947205505,0.2248906495007015,0.1999838198389416
H672-21-1,4753.0,0.6814643383126446,0.6504666515699569,ok,0.0,0.00020107765742616017,0.02566799915842626,0.02687544324216367,0.11950347149168945,0.12918499582530338,0.04102671996633705,0.051835086355720435,0.007784557121817799,0.012244904810194655,0.05638544077424784,0.05760260855049765,0.06459078476751526,0.06723496076850488,0.0035766884073216917,0.004354271220232369,0.6814643383126446,0.6504666515699569
H672-21-2,3250.0,0.4572307692307692,0.4455080685436645,ok,0.0,0.00037850860283762645,0.02123076923076923,0.023841334766447595,0.18892307692307692,0.18487945224396746,0.05323076923076923,0.0674405213001543,0.0036923076923076922,0.006147237052589411,0.08861538461538461,0.08874686167428888,0.1723076923076923,0.16528872373308698,0.014769230769230769,0.01776929208296326,0.4572307692307692,0.4455080685436645
H700-22-1,5804.0,0.5833907649896622,0.5387302323264124,ok,0.0,0.0004508572908132575,0.021192281185389388,0.021985816778069885,0.026878015161957272,0.043493560616247345,0.09820813232253618,0.109268041803126,0.010854583046175051,0.01747910939500009,0.06857339765678842,0.0693536175824029,0.1909028256374914,0.1979500465492469,0.0,0.0012887176586812525,0.5833907649896622,0.5387302323264124
H-208-3-22,11966.0,0.04629784389102457,0.05273905866143691,ok,0.002674243690456293,0.003206450307820161,0.016964733411332106,0.020778261852914207,0.5802273107136888,0.5689436539148865,0.23458131372221294,0.21705982892418707,0.02657529667390941,0.03139430971070146,0.03643657028246699,0.04447410744796589,0.0013371218452281465,0.0063139116332933875,0.05490556576968076,0.05509041754679435,0.04629784389102457,0.05273905866143691
H639-21-2,3064.0,0.02610966057441253,0.038738559287457536,ok,0.0013054830287206266,0.0036805015895685785,0.03622715404699739,0.045060084486231965,0.5378590078328982,0.5128220110197771,0.1801566579634465,0.17375519382368212,0.04862924281984334,0.04544609275123284,0.054503916449086164,0.06329992520878491,0.09007832898172324,0.08801090873267682,0.025130548302872063,0.029186723100588036,0.02610966057441253,0.038738559287457536
H772-22-1,1110.0,0.3108108108108108,0.2900974998294513,ok,0.0,0.0007114498807684527,0.03063063063063063,0.03543563559129481,0.17027027027027028,0.1694345776025904,0.08018018018018018,0.0978294815930829,0.0,0.0033943344698328538,0.06036036036036036,0.06120039063783712,0.34684684684684686,0.33989349503796257,0.0009009009009009009,0.002003135357179569,0.3108108108108108,0.2900974998294513
H-208-2-22,10839.0,0.04862072146877018,0.04996050607899045,ok,0.013100839560845096,0.015108491996314276,0.0039671556416643605,0.00692971492397787,0.5892610019374481,0.5791134999839801,0.17510840483439433,0.15781466937457128,0.03385921210443768,0.04202862885355116,0.03321339606974813,0.043923873046420515,0.0077497924162745644,0.01545248069360952,0.09511947596641757,0.08966813504858487,0.04862072146877018,0.04996050607899045
TH554-23-2,745.0,0.021476510067114093,0.040480432508246754,ok,0.0,0.000526975866370024,0.06711409395973154,0.06921355974077209,0.72751677852349,0.6913519823377114,0.08053691275167785,0.08189279908529405,0.004026845637583893,0.004216400629163402,0.013422818791946308,0.028759442121316627,0.08590604026845637,0.08248199685187037,0.0,0.0010764108592551988,0.021476510067114093,0.040480432508246754
T220_1-1,1403.0,0.0007127583749109052,0.007772969065210922,ok,0.002851033499643621,0.02229678598165103,0.18602993585174626,0.19121842636872327,0.10762651461154668,0.10153509231871888,0.023521026372059873,0.026195584363355045,0.3428367783321454,0.32527381489120555,0.0,0.0005130688524733641,0.33357091945830364,0.31996671780763297,0.002851033499643621,0.0052275403510289664,0.0007127583749109052,0.007772969065210922
T243_1-1,1889.0,0.0,0.0014955338932401898,ok,0.23875066172578083,0.22311323158031526,0.030174695606140816,0.03588653806542899,0.08046585494970884,0.07620059415385802,0.05293806246691371,0.049174483887387536,0.579142403388036,0.5727955894217645,0.0005293806246691371,0.005064525383933574,0.0031762837480148226,0.012975494444384308,0.014822657490735839,0.023294009169687713,0.0,0.0014955338932401898
T276_1-1,1847.0,0.0005414185165132648,0.006670792937483614,ok,0.0016242555495397943,0.007524363646219122,0.024363833243096916,0.032064485755719505,0.3086085544125609,0.2918333509323741,0.01136978884677856,0.01859648281339297,0.2712506767731456,0.25366041839433806,0.15701136978884678,0.171959984363942,0.01353546291283162,0.023503135914324076,0.21169463995668653,0.19418698524220657,0.0005414185165132648,0.006670792937483614
T264_1-1,2861.0,0.0003495281370150297,0.005800053174127802,ok,0.0003495281370150297,0.0003237579378051096,0.005592450192240475,0.0073452468648719845,0.8766165676336946,0.8221585624070429,0.0,0.002041758698961119,0.006990562740300594,0.013293169548538892,0.004543865781195386,0.012807439497847885,0.0,0.0006766006954087705,0.10555749737853898,0.13555341117539557,0.0003495281370150297,0.005800053174127802
T237_1-2,2349.0,0.0008514261387824606,0.007767919674034029,ok,0.07151979565772669,0.09322350519011048,0.449127288207748,0.3792312939835131,0.14218816517667093,0.12761192789394993,0.06853980417198809,0.08543544824105298,0.1583652618135377,0.15725915757549638,0.0004257130693912303,0.001746976247314881,0.09961685823754789,0.12603179588817529,0.009365687526607066,0.02169197530635299,0.0008514261387824606,0.007767919674034029
T213_1-1,1498.0,0.056074766355140186,0.06681391724878728,ok,0.0006675567423230974,0.0066144464921178365,0.2376502002670227,0.23486253278292213,0.07209612817089453,0.07553698162317947,0.02336448598130841,0.031842879176612326,0.5307076101468625,0.4769951513362484,0.0,0.0005913449225636463,0.07676902536715621,0.10237854946738212,0.0026702269692923898,0.004364196950186754,0.056074766355140186,0.06681391724878728
T229_1-1,5282.0,0.0,0.0009619751121800862,ok,0.08765619083680425,0.09166052442635046,0.08727754638394547,0.09755685528904157,0.3742900416508898,0.36624193948667166,0.0041650889814464215,0.013109579967997392,0.1323362362741386,0.14900367038143958,0.0,0.0008270021963165024,0.0005679666792881485,0.004405346569064078,0.3137069291934873,0.27623310657093864,0.0,0.0009619751121800862
T308_1-1,1654.0,0.0006045949214026602,0.008528377943514923,ok,0.0024183796856106408,0.008212196570218816,0.013905683192261185,0.027039093179609446,0.09371221281741234,0.09557250576361934,0.16021765417170497,0.14939673054571762,0.20737605804111245,0.21915367726161364,0.10399032648125756,0.10287501698672877,0.3422007255139057,0.3153047419373058,0.07557436517533253,0.07391765981167166,0.0006045949214026602,0.008528377943514923
T320_1-1,2049.0,0.008784773060029283,0.018870294531840456,ok,0.0019521717911176184,0.010267919391205813,0.08150317227916057,0.09239037637755958,0.09712054660810152,0.09898395116893809,0.1922889214250854,0.17221421830098185,0.3001464128843338,0.27423889782873384,0.01708150317227916,0.025204128054317824,0.3001464128843338,0.30357715978633604,0.0009760858955588092,0.004253054560086498,0.008784773060029283,0.018870294531840456
T285_1-1,3945.0,0.20836501901140683,0.18855899930344142,ok,0.02129277566539924,0.02388537884353087,0.05449936628643853,0.06698572147453069,0.25754119138149556,0.23685269555565192,0.051457541191381496,0.07144360987305895,0.07249683143219265,0.08725403250263547,0.1300380228136882,0.12422670892033992,0.09429657794676806,0.09645593391973024,0.1100126742712294,0.10433691960708052,0.20836501901140683,0.18855899930344142
T319_1-1,670.0,0.4582089552238806,0.42281581396065626,ok,0.0,0.003863921655173322,0.04626865671641791,0.05651666844381771,0.05970149253731343,0.06698053179142674,0.014925373134328358,0.025191827308307876,0.34328358208955223,0.3227430713872879,0.005970149253731343,0.008720671770268447,0.07014925373134329,0.0883358140541723,0.0014925373134328358,0.00483167962888945,0.4582089552238806,0.42281581396065626
T226_1-1,1220.0,0.02540983606557377,0.04706093114582106,ok,0.0,0.0009266217754344043,0.22213114754098362,0.2315352536768154,0.5598360655737705,0.5035106972137351,0.031967213114754096,0.03940590809988954,0.11557377049180328,0.1177032751141431,0.0,0.001313560280122018,0.028688524590163935,0.03954827843679292,0.01639344262295082,0.018995474257246448,0.02540983606557377,0.04706093114582106
T304_1-1,1880.0,0.22606382978723405,0.20426681737111718,ok,0.023936170212765957,0.027968096359630174,0.009574468085106383,0.018427260057950163,0.09840425531914894,0.09911598473288456,0.036702127659574466,0.04435318645189116,0.08031914893617022,0.09089987461134916,0.12234042553191489,0.10909946122295165,0.3617021276595745,0.3517892831170129,0.040957446808510635,0.05408003607521306,0.22606382978723405,0.20426681737111718
T306_1-1,1462.0,0.40355677154582764,0.3978923745618678,ok,0.0,0.00016060064010948042,0.1320109439124487,0.12641108764399003,0.42954856361149113,0.4070372424263156,0.009575923392612859,0.018290199124915883,0.02188782489740082,0.0334438634303291,0.0027359781121751026,0.007103021798900504,0.0006839945280437756,0.009346222156209016,0.0,0.0003153882173626167,0.40355677154582764,0.3978923745618678
T290_1-1,6080.0,0.225,0.19584550438486367,ok,0.0029605263157894738,0.007648381015423984,0.03174342105263158,0.05547158570772715,0.2565789473684211,0.24873270898873245,0.18388157894736842,0.17160063755155466,0.12434210526315789,0.12761495512591023,0.019736842105263157,0.023142729979251646,0.13848684210526316,0.14582522114389182,0.017269736842105265,0.024118276102644387,0.225,0.19584550438486367
T167_1-1,5174.0,0.01507537688442211,0.027170798820855734,ok,0.005991495941244685,0.02235692675595669,0.1463084654039428,0.1596529928687687,0.010823347506764593,0.01982958287247884,0.010243525318902203,0.026731145743655503,0.08465403942790878,0.11543511175633954,0.0011596443757247777,0.008819123188071128,0.7257441051410901,0.6196411493885743,0.0,0.0003631686052996741,0.01507537688442211,0.027170798820855734
T294_1-1,1143.0,0.04374453193350831,0.0751724232159882,ok,0.0,0.0018889008042241565,0.04461942257217848,0.046276584279431744,0.23534558180227472,0.24786050037146,0.6045494313210849,0.5358788409226675,0.047244094488188976,0.040948251125243,0.005249343832020997,0.008377282576009214,0.019247594050743656,0.03752749982245255,0.0,0.006069716882523668,0.04374453193350831,0.0751724232159882
T261_1-1,1031.0,0.25121241513094084,0.22600790505779408,ok,0.0009699321047526673,0.0020883023794469944,0.027158098933074686,0.03799435475900585,0.24830261881668284,0.24609291947179884,0.020368574199806012,0.033803922350930264,0.23860329776915615,0.2317568637883839,0.03297769156159069,0.04533820985503037,0.09408341416100872,0.0981217987791258,0.0863239573229874,0.07879572355848388,0.25121241513094084,0.22600790505779408
T242_1-1,2348.0,0.01746166950596252,0.023429705245442484,ok,0.04386712095400341,0.06222207366037286,0.05579216354344123,0.0707660078858989,0.20954003407155025,0.20459869657323404,0.008091993185689948,0.018977772164530334,0.4067291311754685,0.3857128246834418,0.0,0.0021328656347468257,0.00596252129471891,0.02017772466712749,0.25255536626916525,0.21198232948520523,0.01746166950596252,0.023429705245442484
T207_1-1,3282.0,0.05393053016453382,0.06040469173047823,ok,0.0,0.003125998065422875,0.09018890920170627,0.11490367983337664,0.2279098110907983,0.22381177582178904,0.21907373552711762,0.21514737021562916,0.0752589884216941,0.07974479127930376,0.002742230347349177,0.008516077216207368,0.31596587446678853,0.27244961935279094,0.014929920780012188,0.021895996485002008,0.05393053016453382,0.06040469173047823
T303_1-1,1456.0,0.06593406593406594,0.06666715851167526,ok,0.006868131868131868,0.010839074538740735,0.09271978021978022,0.1066806491043491,0.2774725274725275,0.25328244641234104,0.36195054945054944,0.31257448367539925,0.04532967032967033,0.0579787604177143,0.057692307692307696,0.07430201563360654,0.04739010989010989,0.06534318038009033,0.044642857142857144,0.05233223132608339,0.06593406593406594,0.06666715851167526
T326_1-1,2990.0,0.557190635451505,0.5051183687424053,ok,0.00033444816053511704,0.0010520922506400525,0.01471571906354515,0.029252037416054807,0.1040133779264214,0.11278315374524188,0.05384615384615385,0.0702482372175426,0.038461538461538464,0.048415071659851636,0.03545150501672241,0.040488047015824175,0.18762541806020067,0.18439587271148591,0.008361204013377926,0.008247119240953577,0.557190635451505,0.5051183687424053
T331_1-1,2210.0,0.0009049773755656109,0.0015418207461806719,ok,0.37149321266968327,0.3786863491395965,0.025791855203619908,0.035542986773360506,0.033936651583710405,0.049260849570641516,0.015384615384615385,0.024628788685330586,0.19049773755656108,0.18237627394723274,0.10135746606334842,0.0918855943617473,0.0027149321266968325,0.009712707723622219,0.2579185520361991,0.226364629052288,0.0009049773755656109,0.0015418207461806719
T237_1-1,1482.0,0.0,0.0002685345886397449,ok,0.033738191632928474,0.08297184334329757,0.2611336032388664,0.23600575499786292,0.01349527665317139,0.019366125579905254,0.008771929824561403,0.015607655787932247,0.3616734143049933,0.3509350847315044,0.0006747638326585695,0.0014846837926411427,0.30634278002699056,0.27856013516219313,0.01417004048582996,0.014800182016023598,0.0,0.0002685345886397449
T228_1-1,3549.0,0.0,0.0014907190951803937,ok,0.006762468300929839,0.026952432814410454,0.06424344885883347,0.08856534196042852,0.16483516483516483,0.16123666447105273,0.08565793181177797,0.08980809317824699,0.09664694280078895,0.114699550378862,0.010425471963933503,0.02703538590988172,0.0019723865877712033,0.012181166846649912,0.5694561848408002,0.4780306453452873,0.0,0.0014907190951803937
T277_1-1,6146.0,0.15929059550927432,0.14923579266187614,ok,0.00048812235600390497,0.002160267120830758,0.008135372600065083,0.01636711672664468,0.2264887731858119,0.20991503149870971,0.14204360559713636,0.13533959731311473,0.09713634884477709,0.1080283755704781,0.052717214448421736,0.05562219452101785,0.29059550927432476,0.2926004326513566,0.023104458184184835,0.030731191935971427,0.15929059550927432,0.14923579266187614
T218_1-1,5136.0,0.0,0.000602069671913902,ok,0.2451323987538941,0.2671170931504731,0.06503115264797507,0.07607811440146144,0.010708722741433021,0.02048934421126001,0.018302180685358254,0.024317595793598903,0.16296728971962618,0.17943837324850476,0.0019470404984423676,0.011352331724288197,0.1059190031152648,0.0930491835649095,0.38999221183800625,0.3275558942335902,0.0,0.000602069671913902
T240_1-1,970.0,0.009278350515463918,0.010111658613094493,ok,0.021649484536082474,0.053491749288446966,0.12474226804123711,0.1452167606228748,0.012371134020618556,0.014055154602650907,0.010309278350515464,0.018268461176892865,0.7206185567010309,0.6281368800329304,0.0,0.0005232536717562343,0.1,0.12745162551271164,0.0010309278350515464,0.002744456478641663,0.009278350515463918,0.010111658613094493
T209_1-1,6819.0,0.03915530136383634,0.037400522354127906,ok,0.1438627364716234,0.1616651816631757,0.09312215867429242,0.1026131272029033,0.0640856430561666,0.071613441223528,0.012025223639829887,0.020220412605938494,0.19431001613139756,0.19592641107722683,0.011585276433494647,0.01982248762379075,0.19328347264994866,0.18550301576499262,0.24857017157941047,0.20523540048431632,0.03915530136383634,0.037400522354127906
T200_1-1,3684.0,0.15309446254071662,0.13499100870889127,ok,0.023072747014115092,0.03397023433604738,0.11970684039087948,0.14001015892664812,0.12947882736156352,0.12954755365036164,0.06704668838219327,0.07505098748802454,0.20466883821932683,0.20137326826279975,0.005700325732899023,0.010226257619837012,0.1957111834961998,0.18753459225913302,0.10152008686210641,0.08729593874825727,0.15309446254071662,0.13499100870889127
T230_1-1,7133.0,0.0,0.0015893030182916538,ok,0.0440207486331137,0.04573919305960241,0.0800504696481144,0.0901449641612278,0.3650637880274779,0.3550637994516648,0.02677695219402776,0.030819390820235326,0.12799663535679237,0.14451996180607937,0.0,0.0007988783621538153,0.00014019346698443852,0.0033844035156326106,0.3559512126734894,0.3279401058051122,0.0,0.0015893030182916538
T216_1-1,5668.0,0.0,0.0021940618182632004,ok,0.03475652787579393,0.04665634141101045,0.07304163726182075,0.12303966301221328,0.06316160903316867,0.09028428691597233,0.3996118560338744,0.3246309558265443,0.22282992237120677,0.19854167385439983,0.003175723359209598,0.009729349184514248,0.002117148906139732,0.014807446877163536,0.20130557515878617,0.19011622109991896,0.0,0.0021940618182632004
T253_1-2,700.0,0.0,9.602395900504906e-05,ok,0.0,0.006730780953124557,0.008571428571428572,0.021051872110024888,0.014285714285714285,0.03442599207267922,0.02,0.022507864074497317,0.6528571428571428,0.6084131975770675,0.0,0.009252084043920718,0.002857142857142857,0.006006336775695732,0.30142857142857143,0.2915158484339851,0.0,9.602395900504906e-05
T260_1-1,1856.0,0.1648706896551724,0.19006844108361512,ok,0.0,0.000369939899588058,0.015086206896551725,0.01855794647553939,0.7101293103448276,0.615888238529234,0.005387931034482759,0.018911399829246653,0.02747844827586207,0.037506687816296284,0.04256465517241379,0.05787189356993935,0.010237068965517241,0.019480592197410013,0.024245689655172414,0.04134486059913096,0.1648706896551724,0.19006844108361512
T250_1-1,5664.0,0.057203389830508475,0.06296472051132297,ok,0.013241525423728813,0.032595916386761695,0.24735169491525424,0.227766535716772,0.23728813559322035,0.2165723219178589,0.024187853107344632,0.0377205340809482,0.13877118644067796,0.15427976052738135,0.0017655367231638418,0.009482328346650583,0.09992937853107345,0.11181047280304789,0.18026129943502825,0.1468074097092564,0.057203389830508475,0.06296472051132297
T282_1-1,5145.0,0.45170068027210886,0.4090567807209767,ok,0.0,0.0012166434147787386,0.03381924198250729,0.04415766182806036,0.37142857142857144,0.36656906438414566,0.05947521865889213,0.07464340693095024,0.01574344023323615,0.025436933036923595,0.0052478134110787176,0.007646483889021223,0.05383867832847425,0.0608607644583587,0.008746355685131196,0.010412261336784752,0.45170068027210886,0.4090567807209767
T318_1-1,2377.0,0.1085401766933109,0.10941357542843541,ok,0.0,0.0005035004536345418,0.026924694993689526,0.03794159321280161,0.48169962137147665,0.4434213624563574,0.13883045856121162,0.13543599563156183,0.05679427850231384,0.06184673595758359,0.013883045856121162,0.028573080747055543,0.16491375683634835,0.16913753652920532,0.008413967185527976,0.013726619583364812,0.1085401766933109,0.10941357542843541
T297_1-1,841.0,0.3579072532699168,0.3278815091197101,ok,0.0,0.00024001776411205374,0.059453032104637336,0.06444008477196947,0.26634958382877527,0.2516849044086345,0.267538644470868,0.2555116055448035,0.022592152199762187,0.023492553498102038,0.007134363852556481,0.020875450669616793,0.019024970273483946,0.051285303114868425,0.0,0.0045885711081831634,0.3579072532699168,0.3278815091197101
T232_1-1,529.0,0.001890359168241966,0.01326472617900488,ok,0.0,0.008932944170988609,0.3799621928166352,0.3630468419089529,0.0661625708884688,0.08535339718748837,0.022684310018903593,0.029158899156882113,0.2684310018903592,0.25838961267832666,0.001890359168241966,0.002984339288386906,0.2570888468809074,0.2339509603534399,0.001890359168241966,0.004918279076529718,0.001890359168241966,0.01326472617900488
T254_1-1,5717.0,0.049501486793772954,0.06468987170250437,ok,0.0,0.001608112625338791,0.022914115794997376,0.03581310512148268,0.31764911666958195,0.2966620079644437,0.09830330592968341,0.09635579656789986,0.08343536820010496,0.09131333380086805,0.10669931782403358,0.12123623486603122,0.04617806541892601,0.05355298448498423,0.27531922336889975,0.23876855286644713,0.049501486793772954,0.06468987170250437
T244_1-1,3196.0,0.00031289111389236547,0.001402604446416367,ok,0.025031289111389236,0.04122831841543476,0.08886107634543179,0.10089007838347515,0.08041301627033792,0.1087283745147097,0.0344180225281602,0.04644138124369297,0.08541927409261577,0.09866849614830871,0.004380475594493116,0.018277471930237012,0.0015644555694618273,0.0068885768598560436,0.6795994993742178,0.5774746980578693,0.00031289111389236547,0.001402604446416367
T269_1-1,2276.0,0.0008787346221441124,0.0030939406750659505,ok,0.015817223198594025,0.016767356444317844,0.0048330404217926184,0.009002762730950098,0.9046572934973638,0.8447555028144841,0.003954305799648506,0.006641121691690293,0.04701230228471002,0.0701762565021681,0.0008787346221441124,0.00289223003228638,0.0,0.0010178380689790853,0.021968365553602813,0.04565299104005815,0.0008787346221441124,0.0030939406750659505
T253_1-1,1075.0,0.0027906976744186047,0.0067826756711056365,ok,0.10325581395348837,0.10821472455017463,0.04,0.06131018615084634,0.14511627906976743,0.15687125669181567,0.008372093023255815,0.013946211101367364,0.11348837209302326,0.1274106551211294,0.05023255813953489,0.07780725200528972,0.053953488372093024,0.05308644887062688,0.4827906976744186,0.39457058983764437,0.0027906976744186047,0.0067826756711056365
T234_1-1,5985.0,0.018546365914786967,0.031100709742504375,ok,0.015705931495405178,0.02994076545398028,0.17142857142857143,0.1684115520254763,0.36040100250626567,0.32089035551380907,0.13049289891395155,0.13322799811283115,0.11578947368421053,0.12316913073465692,0.0003341687552213868,0.004979836069911506,0.006683375104427736,0.025186422901808427,0.18061821219715957,0.163093229445022,0.018546365914786967,0.031100709742504375
T270_1-1,4355.0,0.09667049368541906,0.09952164431658139,ok,0.0013777267508610792,0.003108286837060105,0.022043628013777267,0.02842863541094936,0.19609644087256028,0.1815291442803512,0.04156142365097589,0.05133511798455138,0.20941446613088405,0.21588398584941468,0.19586681974741676,0.17967887441285532,0.16050516647531574,0.16266815345074065,0.0764638346727899,0.07784615745749589,0.09667049368541906,0.09952164431658139
T257_1-1,4231.0,0.002363507445048452,0.008032839608056298,ok,0.10470337981564642,0.10695942861003248,0.00638147010163082,0.010035572220035987,0.043961238477901204,0.04887742605334193,0.011344835736232569,0.020342772205870514,0.24367761758449538,0.23753986708632366,0.3332545497518317,0.304772487598895,0.2332781848262822,0.23290352766361924,0.021035216260931223,0.030536078953824753,0.002363507445048452,0.008032839608056298
T321_1-1,1456.0,0.11263736263736264,0.10630175557031116,ok,0.0,0.0014492418760365556,0.02403846153846154,0.03662704714441296,0.20741758241758243,0.20016097118068824,0.18063186813186813,0.16579075294731177,0.029532967032967032,0.04217192223213005,0.038461538461538464,0.046082637585499825,0.3866758241758242,0.37803932873226676,0.020604395604395604,0.023376342731342738,0.11263736263736264,0.10630175557031116
T280_1-1,2512.0,0.011146496815286623,0.052799650820831774,ok,0.041003184713375794,0.0373402628123713,0.020302547770700636,0.022783463349847148,0.35947452229299365,0.34009352470493776,0.5262738853503185,0.4585635796814366,0.01910828025477707,0.02947671248691888,0.012340764331210192,0.02749626921082417,0.005573248407643312,0.014410245117745293,0.004777070063694267,0.017036291815087153,0.011146496815286623,0.052799650820831774
T225_1-1,2740.0,0.006934306569343066,0.0073860316078885446,ok,0.10547445255474452,0.11797185796096003,0.2503649635036496,0.2331388512194356,0.23065693430656933,0.2182133775121783,0.0025547445255474453,0.01745504999108515,0.20036496350364963,0.20108015525573433,0.0,0.0010020819218450785,0.008394160583941606,0.027411745926271006,0.19525547445255476,0.17634084860460203,0.006934306569343066,0.0073860316078885446
T231_1-1,3521.0,0.03777335984095427,0.05496571131323381,ok,0.0014200511218403862,0.003123878594434756,0.0749786992331724,0.09430975295073986,0.5066742402726498,0.4319117019515703,0.16302186878727634,0.1658631502504015,0.12922465208747516,0.12805382283223135,0.0,0.0039017993547662993,0.009088327179778472,0.02243918565075586,0.07781880147685316,0.09543099710186623,0.03777335984095427,0.05496571131323381
T299_1-1,5538.0,0.02275189599133261,0.030701348989902174,ok,0.04261466233297219,0.045485573436473005,0.015348501263994221,0.023306201024808494,0.3781148429035753,0.34977193123527067,0.0653665583243048,0.07323732109321708,0.24160346695557963,0.23484709352413558,0.009209100758396533,0.023308948535617192,0.00288912964969303,0.008879858971166336,0.2221018418201517,0.21046172318940942,0.02275189599133261,0.030701348989902174
T196_1-1,3191.0,0.015669069257286117,0.02246515547910925,ok,0.1698527107489815,0.17191441657845224,0.07082419304293325,0.0871636326396984,0.3268567847069884,0.29991831460745283,0.00940144155437167,0.019519427170652984,0.26010654967094954,0.24876286507575152,0.00031338138514572234,0.0013126710062369472,0.007207771858351614,0.01761815393853101,0.13976809777499216,0.1313253635041148,0.015669069257286117,0.02246515547910925
T287_1-1,4873.0,0.2840139544428483,0.26341369761373634,ok,0.0008208495793145906,0.004500362393249925,0.03037143443463985,0.04665734551597403,0.017648265955263698,0.028024959033988623,0.036322593884670636,0.050539414005376794,0.13810794171967986,0.15108995036639478,0.008413708187974553,0.010565647166717132,0.478760517135235,0.43877343136094427,0.005540734660373486,0.006435192543618108,0.2840139544428483,0.26341369761373634
T305_1-1,567.0,0.04938271604938271,0.06831069417283232,ok,0.0,0.000674662654044365,0.08112874779541446,0.09913811430318606,0.5414462081128748,0.4524359559800924,0.08465608465608465,0.09653655200480775,0.09347442680776014,0.11255819360155002,0.04585537918871252,0.06240528539197211,0.10229276895943562,0.09878721966591973,0.001763668430335097,0.009153322225595253,0.04938271604938271,0.06831069417283232
T313_1-1,9995.0,0.026813406703351677,0.02980341801616933,ok,0.010105052526263132,0.018133819472769992,0.02451225612806403,0.04211570022445357,0.11585792896448224,0.11191184012224353,0.19749874937468734,0.18241294203869124,0.24912456228114058,0.23241508545687478,0.031115557778889445,0.03791651692897178,0.28064032016008006,0.28564835787185183,0.06433216608304151,0.059642319867973935,0.026813406703351677,0.02980341801616933
T245_1-1,1204.0,0.01079734219269103,0.013069235033803453,ok,0.0008305647840531562,0.00972634310319146,0.2350498338870432,0.22696624250254133,0.0681063122923588,0.08438159216028432,0.006644518272425249,0.02032786824916153,0.665282392026578,0.59209251733957,0.0,0.0005934140513445118,0.009136212624584718,0.0424116323831146,0.004152823920265781,0.01043115517698872,0.01079734219269103,0.013069235033803453
T214_1-1,6958.0,0.0002874389192296637,0.0006728648246515251,ok,0.1912906007473412,0.2229838175534614,0.10807703363035355,0.11423954182618058,0.008192009198045415,0.014417687951746052,0.02170163840183961,0.026024915006973875,0.6247484909456741,0.5410490369010894,0.00043115837884449555,0.0037885949366073205,0.015809140557631503,0.04367674415701072,0.029462489221040528,0.033146796842279086,0.0002874389192296637,0.0006728648246515251
T205_1-1,6460.0,0.0018575851393188853,0.00508898778059892,ok,0.10773993808049535,0.1337610302960123,0.17321981424148608,0.16859975460537277,0.1410216718266254,0.1555714368745984,0.002631578947368421,0.011537232503320262,0.43777089783281736,0.3654907394387104,0.0,0.0014554508848209971,0.006191950464396285,0.021594499496103963,0.12956656346749226,0.13690086812046198,0.0018575851393188853,0.00508898778059892
T327_1-1,97.0,0.020618556701030927,0.03654443244756238,ok,0.0,0.006830181172332482,0.3402061855670103,0.3157453911727911,0.020618556701030927,0.034557648365801635,0.0,0.020264848011533068,0.13402061855670103,0.16456586258910064,0.0,0.04252874813383806,0.4845360824742268,0.3788405853614161,0.0,0.00012230274562453165,0.020618556701030927,0.03654443244756238
T238_1-1,3747.0,0.05204163330664532,0.05023315066310957,ok,0.30237523352014944,0.27604966597929825,0.03362690152121697,0.054302526042505975,0.19855884707766214,0.19217263779722618,0.0229516946890846,0.034801737395702796,0.09367493995196156,0.10911906478217878,0.010675206832132373,0.026000943244735855,0.014678409394182012,0.018382074748227197,0.2714171337069656,0.23893819934701538,0.05204163330664532,0.05023315066310957
T246_1-1,2924.0,0.004445964432284542,0.010235843177619771,ok,0.07900136798905609,0.08409348037664648,0.04993160054719562,0.07788771151695484,0.2359781121751026,0.23904465975802977,0.08173734610123119,0.08834733248219385,0.05711354309165527,0.06443631241189665,0.024281805745554035,0.042397868363083895,0.0027359781121751026,0.007597114155993427,0.46477428180574554,0.38595967775758133,0.004445964432284542,0.010235843177619771
T203_1-1,4641.0,0.00021547080370609782,0.0009230463063983771,ok,0.0200387847446671,0.04376592224679431,0.1874595992243051,0.18512687806842829,0.2536091359620771,0.23046894395094655,0.04158586511527688,0.05511903719546855,0.30165912518853694,0.2808353274472121,0.002370178840767076,0.006709642166136226,0.06787330316742081,0.07263998233522793,0.12518853695324283,0.12441122028338761,0.00021547080370609782,0.0009230463063983771
T284_1-1,4999.0,0.011402280456091218,0.02697063407777735,ok,0.007601520304060812,0.0232970823100298,0.3256651330266053,0.31108520588779415,0.028605721144228845,0.04154069713173839,0.01900380076015203,0.042763116849678776,0.1936387277455491,0.19086477684298703,0.001200240048009602,0.0066996379082441045,0.40108021604320865,0.3448919577777272,0.011802360472094419,0.01188689121402317,0.011402280456091218,0.02697063407777735
T293_1-1,3324.0,0.12274368231046931,0.13218309788689875,ok,0.0,0.0010462424704298448,0.041817087845968715,0.05141845935179396,0.6486161251504212,0.5789469449789939,0.10108303249097472,0.12489525716059416,0.033393501805054154,0.044973099239206664,0.0024067388688327317,0.006595367231395812,0.01233453670276775,0.024582493185151797,0.037605294825511434,0.03535903849553511,0.12274368231046931,0.13218309788689875
T212_1-1,769.0,0.0988296488946684,0.11521806562451709,ok,0.0,0.004925356793357396,0.03901170351105332,0.060767396809188856,0.5721716514954487,0.5237424053464702,0.07152145643693109,0.07407257452864688,0.08062418725617686,0.08319282761423859,0.0,0.0012409485578031517,0.1378413524057217,0.13034815998822832,0.0,0.006492264737549546,0.0988296488946684,0.11521806562451709
T317_1-1,1107.0,0.4019873532068654,0.3702898689060283,ok,0.0027100271002710027,0.007691543120859362,0.07859078590785908,0.08717700617030512,0.10659439927732611,0.10836237520674859,0.08852755194218609,0.08396413672689468,0.14814814814814814,0.16134331360860923,0.0009033423667570009,0.005227558974471703,0.17163504968383017,0.1715542033813996,0.0009033423667570009,0.004389993904683449,0.4019873532068654,0.3702898689060283
T221_1-1,1109.0,0.009918845807033363,0.022776538700523374,ok,0.004508566275924256,0.02202676388149756,0.16862037871956717,0.1832818522188747,0.4661857529305681,0.39481263062624133,0.1036970243462579,0.10277947202907202,0.09828674481514878,0.10947174170821411,0.007213706041478809,0.011149405932281609,0.011722272317403066,0.028748640382442597,0.12984670874661858,0.12495295452085275,0.009918845807033363,0.022776538700523374
T241_1-1,730.0,0.026027397260273973,0.03663329480833891,ok,0.0,0.005019258304559937,0.25616438356164384,0.2421295617863291,0.4904109589041096,0.42884950080362383,0.031506849315068496,0.053187456828683706,0.13287671232876713,0.1490119029324398,0.0,0.0011560525268213189,0.03972602739726028,0.061152950626656224,0.023287671232876714,0.022860021382547214,0.026027397260273973,0.03663329480833891
T148_1-1,7464.0,0.037915326902465164,0.04418161942328698,ok,0.01379957127545552,0.04291849468702762,0.18153804930332262,0.17961722367207536,0.09257770632368703,0.09396161192161928,0.09204180064308681,0.09461704229148794,0.3007770632368703,0.27719700828157,0.0001339764201500536,0.0018809714888829458,0.2179796355841372,0.20779208834686158,0.0632368703108253,0.057833939887188254,0.037915326902465164,0.04418161942328698
T334_1-1,3541.0,0.0008472182999152782,0.003963120124272515,ok,0.4673820954532618,0.4593089488642116,0.029652640497034737,0.036070830432695794,0.048009036995199095,0.04769044805962453,0.02287489409771251,0.03409105435781881,0.09771251059022874,0.11130414999647739,0.03812482349618752,0.04869428948003557,0.01383789889861621,0.020821066798175872,0.2815588816718441,0.23805609188668786,0.0008472182999152782,0.003963120124272515
T316_1-1,1628.0,0.01167076167076167,0.028396948016841526,ok,0.0,0.005557831824074355,0.14496314496314497,0.16171710343219503,0.3857493857493858,0.3637443152563093,0.0214987714987715,0.04064541028097083,0.06265356265356266,0.07561071339732249,0.003071253071253071,0.008636267002808106,0.36977886977886976,0.31263380624948506,0.0006142506142506142,0.003057604539993398,0.01167076167076167,0.028396948016841526
T301_1-1,2140.0,0.011682242990654205,0.01761127954074104,ok,0.027570093457943926,0.0624776716804231,0.10046728971962617,0.11862756633239073,0.0397196261682243,0.04579499883736038,0.09252336448598131,0.0896832330935258,0.633177570093458,0.5436465211584611,0.0065420560747663555,0.014753185564442845,0.07009345794392523,0.08627548526691693,0.01822429906542056,0.021130058525738096,0.011682242990654205,0.01761127954074104
T45_1-1,2849.0,0.0,0.0005124149031482172,ok,0.11828711828711828,0.17023636251033478,0.24219024219024218,0.24415126082771157,0.0,0.001922360762122384,0.000351000351000351,0.002887632260184281,0.6268866268866269,0.5331020867501357,0.000702000702000702,0.004869015029984534,0.002106002106002106,0.03124021560268328,0.009477009477009477,0.011078651353695143,0.0,0.0005124149031482172
T211_1-1,1128.0,0.14095744680851063,0.13548224505759365,ok,0.004432624113475178,0.010901625589267194,0.20035460992907803,0.19620125280922437,0.274822695035461,0.2535812807204144,0.10904255319148937,0.10742455730000805,0.08776595744680851,0.10451137571896929,0.0,0.0012135839462621904,0.13918439716312056,0.14882274230263706,0.04343971631205674,0.04186133655562381,0.14095744680851063,0.13548224505759365
T328_1-1,5973.0,0.017076845806127575,0.0232954996785249,ok,0.013561024610748368,0.034412793386991214,0.03582789218148334,0.04139599590953101,0.1374518667336347,0.12821854637196084,0.005357441821530219,0.021165192856245504,0.49757240917461915,0.43595869319852865,0.14850159049054076,0.15345236057189207,0.017076845806127575,0.0297627974198091,0.12757408337518836,0.1323381206065168,0.017076845806127575,0.0232954996785249
T332_1-1,1399.0,0.0007147962830593281,0.005473631890152673,ok,0.0,0.00043787496522983203,0.07005003573981415,0.06918291247234443,0.8699070764832023,0.8231057683209059,0.0035739814152966403,0.009040293642353113,0.023588277340957826,0.027906488926349473,0.029306647605432452,0.048596744345690786,0.002144388849177984,0.005893688579967374,0.0007147962830593281,0.010362596857006471,0.0007147962830593281,0.005473631890152673
T192_1-1,6233.0,0.02663244023744585,0.029055253896540408,ok,0.009465746831381357,0.02715062206009554,0.0954596502486764,0.11602874879951411,0.45098668377988127,0.42214660610784105,0.002406545804588481,0.012838095623208107,0.28525589603722123,0.2653724163323028,0.00016043638697256537,0.0008879716764651328,0.012353601796887534,0.022566374031413275,0.11727899887694529,0.10395391147261966,0.02663244023744585,0.029055253896540408
T210_1-1,3895.0,0.0,0.003825076476199845,ok,0.027471116816431322,0.04591206230911338,0.06854942233632863,0.09099716263496346,0.08010269576379975,0.09343534224493272,0.1147625160462131,0.10678161248226653,0.5011553273427471,0.4433173029081511,0.001797175866495507,0.009466376386004796,0.06290115532734275,0.08782632227439212,0.14326059050064185,0.11843874228397604,0.0,0.003825076476199845
T255_1-1,1447.0,0.16724257083621286,0.17655620673603722,ok,0.0,0.0001547262047290815,0.08638562543192813,0.09736928595364225,0.6019350380096752,0.5393099242910198,0.053213545266067724,0.06487860063480677,0.05874222529371113,0.06894372421379616,0.00138217000691085,0.005300132129287565,0.0221147201105736,0.032522934717523114,0.008984105044920525,0.014964465119158074,0.16724257083621286,0.17655620673603722
T170_1-1,3900.0,0.011282051282051283,0.018812853036011965,ok,0.016153846153846154,0.033648414429629146,0.16025641025641027,0.16052686714176603,0.13333333333333333,0.12421768643653251,0.08256410256410257,0.08534969686425484,0.16923076923076924,0.17453651854422852,0.0,0.000712069483736471,0.38974358974358975,0.36241901907351587,0.03743589743589744,0.0397768749903246,0.011282051282051283,0.018812853036011965
T329_1-1,4756.0,0.02943650126156434,0.04237665920309085,ok,0.0336417157275021,0.03971019972585222,0.02586206896551724,0.045243411152579856,0.24957947855340623,0.23852039555631194,0.29352396972245587,0.24604946386487725,0.13204373423044574,0.13389337847693147,0.06433978132884777,0.07855060345777236,0.012825904121110177,0.02924773282615767,0.15874684608915055,0.14640815573642652,0.02943650126156434,0.04237665920309085
T291_1-1,5085.0,0.2680432645034415,0.24513360649084914,ok,0.00983284169124877,0.012646328370730745,0.011799410029498525,0.01879802540061787,0.0751229105211406,0.08819632936253535,0.11327433628318584,0.10783637115195616,0.043264503441494594,0.05053386845424153,0.05152409046214356,0.04801477672768272,0.38131760078662735,0.38230078453394084,0.04582104228121927,0.04653990950744573,0.2680432645034415,0.24513360649084914
T309_1-1,3748.0,0.0,0.0016918302362237223,ok,0.6128601921024547,0.595263621269392,0.005069370330843116,0.009647690170356332,0.14354322305229456,0.13149796637750313,0.008804695837780149,0.015716807539341796,0.09978655282817503,0.10640690079507985,0.01040554962646745,0.024203873444271985,0.0018676627534685165,0.005852195126844196,0.11766275346851654,0.10971911504098697,0.0,0.0016918302362237223
T254_1-2,3621.0,0.07428887047776857,0.10906333236660322,ok,0.00027616680475006904,0.001487749064796205,0.15631041148853908,0.15734436458255158,0.656172328086164,0.5662599536467267,0.014084507042253521,0.027212999124487044,0.030654515327257662,0.04178365054773118,0.012979839823253245,0.019579722151869157,0.012979839823253245,0.031904604303259664,0.04225352112676056,0.04536362421197519,0.07428887047776857,0.10906333236660322
T204_1-1,1135.0,0.001762114537444934,0.0070346673453261475,ok,0.01145374449339207,0.035945115318153614,0.10308370044052863,0.12673647660402051,0.04405286343612335,0.04305966639114573,0.02643171806167401,0.029005644273113015,0.27665198237885463,0.25469674489141364,0.0,0.0010796549634726894,0.5365638766519824,0.49986019992518044,0.0,0.0025818302881742395,0.001762114537444934,0.0070346673453261475
T251_1-1,4849.0,0.00350587750051557,0.010935447800073217,ok,0.010105176325015466,0.03974376519278305,0.08372860383584244,0.09658564054757728,0.15879562796452876,0.16780152961231326,0.1354918539905135,0.1275219456432233,0.12249948442977934,0.13562942567032857,0.030315528975046403,0.04724811661191718,0.014435966178593525,0.02445421282104262,0.44112188080016496,0.35007991610074146,0.00350587750051557,0.010935447800073217
T258_1-1,8316.0,0.020081770081770083,0.029936878722441673,ok,0.029942279942279944,0.03135612576884052,0.011544011544011544,0.01947842927840518,0.17833092833092834,0.1673678056892411,0.025012025012025013,0.026855879862549944,0.4808802308802309,0.4623096768283276,0.09415584415584416,0.09219172006468793,0.07647907647907648,0.08449903127368337,0.08357383357383358,0.08600445251182268,0.020081770081770083,0.029936878722441673
T197_1-1,881.0,0.07037457434733257,0.07176895658949421,ok,0.032917139614074914,0.03950415173347579,0.12145289443813848,0.13592948438746044,0.11577752553916004,0.11683718212547291,0.0510783200908059,0.052281124952257396,0.26787741203178206,0.2618032745249433,0.004540295119182747,0.007893425555474837,0.2383654937570942,0.23289743864640144,0.09761634506242906,0.08108496148501963,0.07037457434733257,0.07176895658949421
T311_1-1,1968.0,0.11026422764227642,0.09627856334279387,ok,0.0,0.003790076904165296,0.007621951219512195,0.01705044343711611,0.041666666666666664,0.04494464688137148,0.015752032520325202,0.01666631877615924,0.7123983739837398,0.6617718925674796,0.008638211382113821,0.014202235262749954,0.10213414634146341,0.14239374734880111,0.001524390243902439,0.002902075479363408,0.11026422764227642,0.09627856334279387
T292_1-1,1032.0,0.5746124031007752,0.5186964365681135,ok,0.0,0.0003693456457762561,0.03875968992248062,0.048124119429671895,0.17248062015503876,0.18670611234764042,0.0998062015503876,0.11253582091133789,0.001937984496124031,0.007618270382357422,0.0009689922480620155,0.005483242506079947,0.11143410852713179,0.11987146345323721,0.0,0.0005951887557855422,0.5746124031007752,0.5186964365681135
T271_1-1,865.0,0.023121387283236993,0.033025390725274203,ok,0.0,0.00021197665010789756,0.0011560693641618498,0.007941154964100609,0.2023121387283237,0.18751430333298183,0.0011560693641618498,0.00412743247928706,0.584971098265896,0.5540240630020605,0.0,0.0027150022880027026,0.18728323699421964,0.2087874073691712,0.0,0.0016532691890138846,0.023121387283236993,0.033025390725274203
T236_1-1,5370.0,0.0067039106145251395,0.015241048844000758,ok,0.08472998137802606,0.09415041423702687,0.12942271880819367,0.12582851550937812,0.26685288640595906,0.24769153123211407,0.012104283054003724,0.022094098505060996,0.262756052141527,0.2567769903449739,0.000931098696461825,0.007544905124326155,0.043389199255121046,0.04562798517700845,0.19310986964618249,0.18504451102611066,0.0067039106145251395,0.015241048844000758
T268_1-1,931.0,0.23845327604726102,0.24547140821008537,ok,0.0,9.539353376376966e-06,0.007518796992481203,0.014314240480308667,0.7132116004296455,0.6809977142284368,0.018259935553168637,0.024809407962861837,0.0053705692803437165,0.009586105742044873,0.00322234156820623,0.007742232220117218,0.01288936627282492,0.013916169253140062,0.0010741138560687433,0.003153182549628728,0.23845327604726102,0.24547140821008537
T323_1-1,5929.0,0.024287400910777534,0.02484952741033026,ok,0.12278630460448642,0.1281018960113904,0.030359251138471918,0.04202437017041585,0.05683926463147242,0.059397365052742006,0.1204250295159386,0.11024756067124844,0.05667060212514758,0.06878240294876357,0.3047731489289931,0.28084723475742146,0.24894585933546973,0.24606775600569625,0.034913138809242704,0.03968188697199177,0.024287400910777534,0.02484952741033026
T193_1-1,2448.0,0.16053921568627452,0.16047352831902365,ok,0.003676470588235294,0.019389754956331703,0.1147875816993464,0.13668574340713988,0.18178104575163398,0.1755059244834261,0.002042483660130719,0.01062983492171757,0.4616013071895425,0.3975930691573613,0.0004084967320261438,0.0022335743771434054,0.07352941176470588,0.09430633025609186,0.0016339869281045752,0.0031822401217644625,0.16053921568627452,0.16047352831902365
T274_1-1,5764.0,0.0012144344205412907,0.005272026860403755,ok,0.00034698126301179735,0.004345311420660463,0.02498265093684941,0.029008494599512716,0.14052741151977793,0.14317356518985702,0.0130117973629424,0.01753126858591311,0.4066620402498265,0.39140161994175826,0.29927133934767525,0.2788552465361686,0.0036433032616238724,0.013643241059674772,0.11034004163775156,0.11676922580605129,0.0012144344205412907,0.005272026860403755
T182_1-1,1391.0,0.07476635514018691,0.09314089610815993,ok,0.0050323508267433505,0.018927798060798882,0.09992810927390366,0.12851971291855838,0.4593817397555715,0.37954752763960165,0.05895039539899353,0.07022821909807303,0.2271746944644141,0.20741418149288465,0.0,0.0021653218164693045,0.03378864126527678,0.050654690321317766,0.040977713874910136,0.04940165254413638,0.07476635514018691,0.09314089610815993
T323-1-1-3,5750.0,0.04660869565217391,0.046570283676411195,ok,0.12504347826086956,0.12444533174659239,0.0034782608695652175,0.007655264119345568,0.08243478260869565,0.08108859126835054,0.10504347826086957,0.10162586667188521,0.15339130434782608,0.15053719426040563,0.23773913043478262,0.23220966326823841,0.22834782608695653,0.22717098986386122,0.01791304347826087,0.028696815124909843,0.04660869565217391,0.046570283676411195
T238-1-1-USS,3663.0,0.12530712530712532,0.11217117960206568,ok,0.12721812721812722,0.1275328835628174,0.001092001092001092,0.0035917421273467,0.11793611793611794,0.12330717695746395,0.054873054873054876,0.06647013279043294,0.11848211848211848,0.1220866338547352,0.3857493857493858,0.3599597276830924,0.004641004641004641,0.007771775365867492,0.0647010647010647,0.07710874805617822,0.12530712530712532,0.11217117960206568
T197-1-1-USS-2,893.0,0.22508398656215006,0.19723327646177882,ok,0.02463605823068309,0.026192767253074428,0.0022396416573348264,0.010448768694335225,0.07166853303471445,0.08964457446756514,0.1265397536394177,0.1423502784708376,0.2597984322508399,0.23953472822130953,0.09518477043673013,0.09732563433624061,0.18029115341545351,0.17160309869752047,0.014557670772676373,0.025666873397338242,0.22508398656215006,0.19723327646177882
T318-4,2236.0,0.31753130590339895,0.30344959004962474,ok,0.0004472271914132379,0.0009526539618374949,0.0013416815742397137,0.003098622100123222,0.26118067978533094,0.2546931221536459,0.15026833631484796,0.15708317164730107,0.03801431127012522,0.04346417315980541,0.09391771019677997,0.09556975704412222,0.13640429338103757,0.13594387125796917,0.0008944543828264759,0.005745038625570768,0.31753130590339895,0.30344959004962474
T205-1-1-USS-2,6562.0,0.03367875647668394,0.04443537099496259,ok,0.05608046327339226,0.0599607355555304,0.0033526363913441025,0.011452630898075682,0.5643096616885096,0.4727624631539844,0.026516306004266993,0.039688040312577784,0.19993904297470283,0.19574933602979008,0.0487656202377324,0.06754306413098386,0.0006095702529716549,0.006480620648313272,0.06674794270039622,0.1019277382757819,0.03367875647668394,0.04443537099496259
T234-1-1-USS-2,6045.0,0.15119933829611248,0.15954046007754816,ok,0.006120760959470637,0.0060937526044846846,0.0009925558312655087,0.0027611296341287675,0.5591397849462365,0.4984212685630261,0.061869313482216706,0.08222608048006687,0.022167080231596362,0.02842518672462606,0.1513647642679901,0.15362770933622047,0.0004962779156327543,0.0018759524768809858,0.04665012406947891,0.06702846010301798,0.15119933829611248,0.15954046007754816
T321-1-1-3,1437.0,0.22059846903270702,0.21074064748758564,ok,0.0,0.00042258720464785746,0.0020876826722338203,0.00541602708671049,0.12178148921363953,0.1331929237728078,0.21016005567153792,0.1974468022377424,0.020876826722338204,0.024398982790853646,0.0709812108559499,0.07323173081435086,0.33820459290187893,0.33746314961062307,0.015309672929714684,0.017687148994678256,0.22059846903270702,0.21074064748758564
T218-1-1-USS,5382.0,0.008361204013377926,0.013388213617549485,ok,0.13099219620958752,0.12492708792088367,0.0011148272017837235,0.004601545485363742,0.03455964325529543,0.04403066737269483,0.05202526941657377,0.05470639515184368,0.14790040876997398,0.15056293437146562,0.4847640282422891,0.46451413720247386,0.08063916759568933,0.07640346631660476,0.05964325529542921,0.06686555256112035,0.008361204013377926,0.013388213617549485
T229-1-1-USS,5424.0,0.011799410029498525,0.02183166007083335,ok,0.09476401179941003,0.08791896598912297,0.004056047197640118,0.007071815671383956,0.6202064896755162,0.5536641965264517,0.02654867256637168,0.03609844276696389,0.03595132743362832,0.05192832171447723,0.07319321533923304,0.08596708058569519,0.0003687315634218289,0.001734053439304888,0.13311209439528024,0.15378546323576686,0.011799410029498525,0.02183166007083335
T303-1-1-3,1442.0,0.19972260748959778,0.20206686502630883,ok,0.0027739251040221915,0.00496752712246874,0.0020804438280166435,0.008637267691784797,0.2073509015256588,0.2044743893772944,0.32524271844660196,0.28743327254464357,0.031206657420249653,0.03979331964407621,0.19486823855755894,0.18756448577547877,0.0048543689320388345,0.016448703429848843,0.0319001386962552,0.04861416938809585,0.19972260748959778,0.20206686502630883
T240-1-1-USS,951.0,0.014721345951629864,0.022669370524220352,ok,0.012618296529968454,0.04414096732947773,0.0010515247108307045,0.005183459570548826,0.010515247108307046,0.016353729108760116,0.1156677181913775,0.11067903000817143,0.8012618296529969,0.7223252747262588,0.005257623554153523,0.01432056723711803,0.03785488958990536,0.061019936807929526,0.0010515247108307045,0.003307664687515264,0.014721345951629864,0.022669370524220352
T292-1-1-4,1000.0,0.446,0.4003890310431285,ok,0.0,0.00012487432287773708,0.052,0.061988938043351406,0.087,0.10779668996476692,0.006,0.021825499247014407,0.363,0.33918220094576557,0.001,0.006601114954534728,0.045,0.06141164474112976,0.0,0.0006800067374309886,0.446,0.4003890310431285
T213-1-1-USS,1492.0,0.29691689008042893,0.26445009246468393,ok,0.0006702412868632708,0.0069584686562194535,0.01675603217158177,0.030770411126077084,0.04624664879356569,0.05983719813081968,0.08109919571045576,0.08987329485761915,0.44906166219839144,0.4083237428234997,0.018096514745308313,0.03386916768672918,0.09115281501340483,0.10476589607038436,0.0,0.0011517281839675047,0.29691689008042893,0.26445009246468393
T192-1-1-USS-2,6117.0,0.08092202059833252,0.08936626013614514,ok,0.0004904364884747426,0.006425042821299994,0.004740886055255845,0.01109157321709236,0.5633480464279875,0.5176031068697665,0.0461010299166258,0.051969504961578754,0.19339545528854013,0.18805589636907472,0.050351479483406895,0.06167925862097397,0.002779140101356874,0.007498726313261808,0.05787150564001962,0.06631063069080678,0.08092202059833252,0.08936626013614514
T225-1-1-USS-2,2744.0,0.03717201166180758,0.0488929908673882,ok,0.06341107871720117,0.06510080449508843,0.01020408163265306,0.01891894071412245,0.5072886297376094,0.4282756393319673,0.05284256559766764,0.06853161445105055,0.13010204081632654,0.13513054482430753,0.043002915451895045,0.06101246967182219,0.013848396501457727,0.021939245423971097,0.14212827988338192,0.15219775022028229,0.03717201166180758,0.0488929908673882
T292-1-1-3,1020.0,0.8362745098039216,0.7786682066399453,ok,0.0,0.00018704399462610085,0.000980392156862745,0.0048157418901647936,0.07352941176470588,0.08589878367302434,0.061764705882352944,0.08748254966539877,0.0029411764705882353,0.0029874285120514237,0.016666666666666666,0.02369891640738968,0.00784313725490196,0.015943070226673486,0.0,0.0003182589907261171,0.8362745098039216,0.7786682066399453
T209-1-1-USS,6680.0,0.024550898203592814,0.02512313808666806,ok,0.001347305389221557,0.0044424877799944815,0.06676646706586827,0.0842069304983191,0.030838323353293413,0.040562716770078965,0.001347305389221557,0.003263874049281208,0.6414670658682635,0.596328410548241,0.15793413173652696,0.15564042703019154,0.0752994011976048,0.08389603476452173,0.0004491017964071856,0.006535980472703843,0.024550898203592814,0.02512313808666806
T323-1-1-4,5563.0,0.04386122595721733,0.04278005713891193,ok,0.13410030559050873,0.12993678071373638,0.003595182455509617,0.0072315490309636495,0.07370124033794716,0.07608851586373111,0.12637066331116303,0.12185333565065457,0.12439331296063275,0.129111305167335,0.25004493978069386,0.2415544307082722,0.22469890346935106,0.22285299558509614,0.01923422613697645,0.028591030141299028,0.04386122595721733,0.04278005713891193
T316-1-1-4,1586.0,0.11664564943253468,0.12504302654513724,ok,0.0,0.0017990908073491259,0.027742749054224466,0.03011023422569675,0.2931904161412358,0.26444409063711094,0.04224464060529634,0.05631788470376764,0.2742749054224464,0.26205559326031674,0.03909205548549811,0.050660507696629255,0.2055485498108449,0.20493480819104298,0.0012610340479192938,0.004634763932949245,0.11664564943253468,0.12504302654513724
T246-1-1-USS-2,3017.0,0.02154458070931389,0.032611188347337575,ok,0.06496519721577726,0.06521245718581502,0.0029830957905203847,0.0071722350206004665,0.18130593304607226,0.19114388258958215,0.19787868743785217,0.18970013094426805,0.03413987404706662,0.03761148692870381,0.2532316871063971,0.24559789536721938,0.0006629101756711965,0.0035379213746402896,0.24328803447132913,0.2274128022418333,0.02154458070931389,0.032611188347337575
T197-1-1-USS-3,884.0,0.22963800904977374,0.22048742864237522,ok,0.029411764705882353,0.02971056977345256,0.0022624434389140274,0.008000933207390553,0.08257918552036199,0.09768660780611492,0.1244343891402715,0.13399336616045637,0.21832579185520362,0.20565499962239372,0.08936651583710407,0.09275961099131738,0.20361990950226244,0.18089521859726496,0.020361990950226245,0.030811265199234234,0.22963800904977374,0.22048742864237522
T313-1-1-4,10036.0,0.07572738142686329,0.08071324567724708,ok,0.0007971303308090873,0.004454234350798292,0.0015942606616181746,0.006764253216312344,0.13521323236349142,0.12999463139014064,0.1417895575926664,0.13408317887414,0.27042646472698284,0.26103447777988215,0.06765643682742128,0.07221166173076443,0.25089677162216023,0.2518341088429359,0.05589876444798725,0.05891020813777914,0.07572738142686329,0.08071324567724708
T237-1-1-USS-2,2384.0,0.1098993288590604,0.12129097861213935,ok,0.013003355704697987,0.02886915200283928,0.03229865771812081,0.03997115193579899,0.26552013422818793,0.22799550100637284,0.16191275167785235,0.15732815927791177,0.1967281879194631,0.17721581123765864,0.11870805369127517,0.11291342930296114,0.09773489932885907,0.11635327587224685,0.0041946308724832215,0.01806254075207115,0.1098993288590604,0.12129097861213935
T245-1-1-USS,1195.0,0.09707112970711297,0.09959636634201015,ok,0.002510460251046025,0.01343325486389827,0.009205020920502092,0.017235856362611247,0.10543933054393305,0.10401883129393516,0.11631799163179916,0.1190361047232034,0.5899581589958159,0.5151043348935642,0.02594142259414226,0.04079961260666303,0.049372384937238493,0.08019432554733391,0.0041841004184100415,0.010581313366780625,0.09707112970711297,0.09959636634201015
T207-1-1-USS,2804.0,0.0884450784593438,0.10497514407033277,ok,0.0003566333808844508,0.0035493942603784315,0.03601997146932953,0.052490902538676214,0.1130527817403709,0.13138562998494194,0.5303138373751783,0.4433164278463063,0.03316690442225392,0.049818479585579806,0.05385164051355207,0.06601901236240147,0.1383737517831669,0.1349696492137701,0.006419400855920114,0.013475360137612828,0.0884450784593438,0.10497514407033277
T268-1-1-USS,939.0,0.3961661341853035,0.3901578846000851,ok,0.0,0.0004959046233511025,0.003194888178913738,0.008026710581454589,0.5058572949946751,0.480953978080267,0.046858359957401494,0.056617261923882674,0.010649627263045794,0.014395839265077131,0.023429179978700747,0.029438213746698663,0.012779552715654952,0.015653191262450517,0.0010649627263045794,0.0042610159167332734,0.3961661341853035,0.3901578846000851
T182-1-1-USS,1387.0,0.41744772891131937,0.38347222956069704,ok,0.0,0.0032293750697163517,0.0,0.0036426014787321564,0.23071377072819033,0.2320849930729634,0.09372746935832732,0.10759919812337669,0.10598413842826243,0.1040751106107243,0.14203316510454217,0.13008429135542796,0.005767844268204758,0.018091067077797854,0.004325883201153569,0.017721133650564266,0.41744772891131937,0.38347222956069704
T319-1-1-4-2,645.0,0.5705426356589147,0.556296951968315,ok,0.0,0.0055918935172001956,0.0031007751937984496,0.006896731220520251,0.03875968992248062,0.043288375390505236,0.05116279069767442,0.05534900998505991,0.289922480620155,0.2558895823531066,0.018604651162790697,0.026220010919904963,0.023255813953488372,0.04468049891979116,0.004651162790697674,0.005786945725596631,0.5705426356589147,0.556296951968315
T261-1-1-USS-2,1021.0,0.12732615083251714,0.1160798724698255,ok,0.015670910871694418,0.03300388457114149,0.0019588638589618022,0.008374312383787438,0.09598432908912831,0.10199862498865217,0.21743388834476005,0.20233835418570392,0.19196865817825662,0.17907716372608484,0.14691478942213515,0.144451228813706,0.14201762977473065,0.14308675760136771,0.06072477962781587,0.0715898012597309,0.12732615083251714,0.1160798724698255
T253-1-1-USS-2,1084.0,0.055350553505535055,0.06045885163689424,ok,0.007380073800738007,0.015193332149111232,0.0018450184501845018,0.0033448244870232717,0.1881918819188192,0.2014550248822744,0.01014760147601476,0.020691282187561204,0.08025830258302583,0.0904977635159205,0.4769372693726937,0.4239949124030305,0.0507380073800738,0.04936965633371294,0.12915129151291513,0.13499435240447163,0.055350553505535055,0.06045885163689424
T328-1-1-4,5595.0,0.06648793565683646,0.06667772705341407,ok,0.03753351206434316,0.07725665446676876,0.0060768543342269886,0.01120756289465768,0.1126005361930295,0.1049234940749534,0.01805183199285076,0.02936980830501546,0.4425379803395889,0.38494377806298424,0.22430741733690795,0.19960146622941813,0.016621983914209115,0.029577865092057898,0.07578194816800715,0.09644164382073031,0.06648793565683646,0.06667772705341407
T212-1-1USS,757.0,0.5535006605019815,0.5208663103371703,ok,0.0,0.00023166462779425722,0.001321003963011889,0.003100619122897015,0.3289299867899604,0.3237621287814452,0.011889035667107,0.03190360024935569,0.043593130779392336,0.05038095192338203,0.01453104359313078,0.020232008515811684,0.046235138705416116,0.04760805193728499,0.0,0.0019146645048588426,0.5535006605019815,0.5208663103371703
T204-1-1-USS,1133.0,0.03089143865842895,0.03475968919131704,ok,0.00088261253309797,0.006311963809889189,0.00441306266548985,0.011319842823297146,0.04236540158870256,0.044209567957173526,0.04854368932038835,0.054246082752294845,0.353045013239188,0.3342285141362511,0.00794351279788173,0.02236276359701926,0.5119152691968226,0.49228087761063954,0.0,0.00028069812211837435,0.03089143865842895,0.03475968919131704
T304-1-1-4,1830.0,0.2683060109289617,0.2634964435501204,ok,0.012568306010928962,0.020006960323909147,0.0,0.003042779099648641,0.06502732240437159,0.06315550421857796,0.03879781420765027,0.04983839028756975,0.12622950819672132,0.12247771729767808,0.10710382513661203,0.10168271949974116,0.33278688524590166,0.3259305053568451,0.04918032786885246,0.05036898036590977,0.2683060109289617,0.2634964435501204
T268-1-1USS,938.0,0.4072494669509595,0.40135061711097286,ok,0.0,0.0003808395291783048,0.0021321961620469083,0.006765678433250272,0.509594882729211,0.4816970341318566,0.04051172707889126,0.053975277268252936,0.010660980810234541,0.013347782297900915,0.019189765458422176,0.02649697230774125,0.008528784648187633,0.010881032399531256,0.0021321961620469083,0.005104766521315511,0.4072494669509595,0.40135061711097286
T260-1-1-USS-2,1859.0,0.3711672942442173,0.3471690333345167,ok,0.0005379236148466917,0.00313276492618403,0.007530930607853685,0.013288102853279459,0.3534158149542765,0.3145229073407559,0.0586336740182894,0.08411974824639687,0.04034427111350188,0.04458308209222063,0.12318450779989241,0.12479980006781469,0.026358257127487898,0.036518615936371596,0.018827326519634213,0.031865945202460104,0.3711672942442173,0.3471690333345167
T237-1-1-USS,1643.0,0.0,0.0012137099905603712,ok,0.006695069993913573,0.03362426328736043,0.0006086427267194157,0.007910387845374347,0.009738283627510651,0.012259686268809944,0.026171637248934874,0.03590455460182464,0.7382836275106512,0.6673507925865261,0.03408399269628728,0.0384662607963936,0.18381010346926355,0.20060289487149033,0.0006086427267194157,0.002667449751660312,0.0,0.0012137099905603712
T196-1-1-USS-2,3362.0,0.1457465794170137,0.14450972593265599,ok,0.16983938132064247,0.15431925430033971,0.011302795954788817,0.011956943342359357,0.38399762046400954,0.34969169925717164,0.01665675193337299,0.024974779508380136,0.1496133254015467,0.15358493488360817,0.06484235574063058,0.08379850168700274,0.005651397977394408,0.009223555146495395,0.052349791790600834,0.06794060594198681,0.1457465794170137,0.14450972593265599
T209-1-1-USS-2,7035.0,0.11030561478322673,0.10618298609657878,ok,0.10177683013503909,0.09614389945761985,0.003837953091684435,0.008190507644134773,0.07874911158493247,0.08704820068302245,0.037668798862828715,0.04330629339735181,0.12196162046908315,0.12507002086217653,0.34285714285714286,0.32928243964578835,0.17839374555792467,0.16920001400953522,0.02444918265813788,0.035575638203792274,0.11030561478322673,0.10618298609657878
T317-1-1-3,1059.0,0.5930122757318225,0.5441393348427586,ok,0.004721435316336166,0.008745355833048023,0.0084985835694051,0.017814112943535392,0.06421152030217187,0.08031215507785948,0.125590179414542,0.12102302856683647,0.12464589235127478,0.12032953072313361,0.003777148253068933,0.013718459316993987,0.07271010387157696,0.08860621201963986,0.0028328611898017,0.00531181067619466,0.5930122757318225,0.5441393348427586
T293-1-1-4,3223.0,0.3152342538008067,0.3080558490807649,ok,0.0006205398696866273,0.0020781408206757466,0.005584858827179647,0.009440099150856049,0.4765746199193298,0.4347603368030525,0.13651877133105803,0.15199275533652937,0.016444306546695625,0.023025520292420974,0.030096183679801426,0.04208919711267531,0.0034129692832764505,0.009454262032902777,0.015513496742165685,0.019103839370122354,0.3152342538008067,0.3080558490807649
T334-1-1-3,3493.0,0.008016032064128256,0.01608980495304878,ok,0.3375322072716862,0.31187860600365336,0.005439450329229888,0.00846682290204131,0.15201832235900373,0.156851683218496,0.01975379330088749,0.029975488305469287,0.08874892642427712,0.1118740833379488,0.1419982822788434,0.1495404661716144,0.0028628685943315204,0.007558672845012534,0.24363011737761237,0.20776437226271555,0.008016032064128256,0.01608980495304878
T254-1-1-USS,5692.0,0.14019676739283204,0.13890213533213058,ok,0.0,0.003395259921173309,0.0061489810260014054,0.009948581919631808,0.1577652846099789,0.165988497769018,0.17006324666198172,0.163504713808097,0.10857343640196768,0.11103030488179387,0.275474349964863,0.25394989849551997,0.035488404778636684,0.04256894581986605,0.10628952916373859,0.11071166205276949,0.14019676739283204,0.13890213533213058
T297-1-1-3,837.0,0.37992831541218636,0.3546541732722984,ok,0.0,0.000377091775403842,0.008363201911589008,0.016709528333932886,0.15292712066905614,0.1611529134132674,0.3632019115890084,0.33924181844324797,0.03225806451612903,0.03079710165437592,0.06212664277180406,0.0786031134407527,0.0011947431302270011,0.014804332822437186,0.0,0.0036599268442836963,0.37992831541218636,0.3546541732722984
T148-1-1-USS-2,7571.0,0.30511161009113724,0.2768585295488084,ok,0.0007924976885484084,0.007418460446254058,0.00567956676793026,0.011410000732333569,0.09932637696473386,0.10659649042141142,0.10289261656320169,0.11669384396982319,0.2557125875049531,0.23962786487161744,0.05970149253731343,0.06643744938762255,0.15836745476159028,0.15715931818514545,0.012415797120591732,0.017798042436983925,0.30511161009113724,0.2768585295488084
T291-1-1-3,5045.0,0.3187314172447968,0.3084318612084416,ok,0.009712586719524281,0.012863803491202688,0.00019821605550049553,0.002536174933222128,0.03607532210109019,0.046989608479023885,0.11020812685827552,0.10714040317219431,0.051932606541129835,0.054204097650257396,0.09692765113974232,0.09148003980835635,0.3538156590683845,0.3502690999467202,0.022398414271555995,0.026084911310581476,0.3187314172447968,0.3084318612084416
T304-1-1-4-2,1865.0,0.25844504021447723,0.25227437068444514,ok,0.011260053619302948,0.017296838766432617,0.0021447721179624667,0.005830143446938987,0.04664879356568365,0.053000774450906805,0.0386058981233244,0.045254543114006555,0.17747989276139411,0.1608984916358395,0.06380697050938337,0.06860151708385179,0.3378016085790885,0.3334117498877396,0.06380697050938337,0.06343157092983903,0.25844504021447723,0.25227437068444514
T45-1-1-USS-2,2920.0,0.0013698630136986301,0.003344137825719111,ok,0.0030821917808219177,0.02456015885965984,0.0010273972602739725,0.004316878195411832,0.014726027397260274,0.015728624658536677,0.011301369863013699,0.010067307710604803,0.9561643835616438,0.9087075531386376,0.005479452054794521,0.015517478053519478,0.0010273972602739725,0.010760031708120812,0.0058219178082191785,0.006997829849789885,0.0013698630136986301,0.003344137825719111
T331-1-3,2012.0,0.008449304174950299,0.014931748367462278,ok,0.2852882703777336,0.2773081320279062,0.016898608349900597,0.01986196797495186,0.12226640159045726,0.12962195012552197,0.019383697813121274,0.030345985947974993,0.16500994035785288,0.16613298592847844,0.25745526838966204,0.23288522746591628,0.004970178926441352,0.007809059784070189,0.12027833001988071,0.12110294237771779,0.008449304174950299,0.014931748367462278
T203-1-1-USS,4747.0,0.016852749104697702,0.021007160538979962,ok,0.0010532968190436064,0.00847982354123516,0.005266484095218032,0.009784118170730908,0.2888139877817569,0.26039130152736895,0.08552770170634084,0.09357365720675861,0.22540551927533178,0.21500067322803032,0.2797556351379819,0.27320155739787827,0.05666736886454603,0.058108356508704426,0.04065725721508321,0.06045335188031335,0.016852749104697702,0.021007160538979962
T294-1-1-4,1108.0,0.2490974729241877,0.25740457542379314,ok,0.0,0.0010090224937139673,0.0036101083032490976,0.007228595492769853,0.16425992779783394,0.1966024631298329,0.49097472924187724,0.4342451906051133,0.05054151624548736,0.04420879672027701,0.0388086642599278,0.04552519372536177,0.002707581227436823,0.01045883509833439,0.0,0.0033173273108037184,0.2490974729241877,0.25740457542379314
T200-1-1-USS-2,3660.0,0.4636612021857924,0.43216191392814146,ok,0.0,0.00348091435106903,0.000546448087431694,0.005514389728633075,0.10655737704918032,0.11041695118250126,0.07131147540983607,0.07995159980663094,0.11284153005464481,0.1149906398506141,0.15846994535519127,0.15448474997186004,0.06120218579234973,0.0691572958634334,0.02540983606557377,0.029841545317116688,0.4636612021857924,0.43216191392814146
T245-1-1-USS-2,1217.0,0.08709942481511915,0.09677699195818887,ok,0.0016433853738701725,0.016521015804459204,0.011503697617091208,0.021664690915975404,0.0838126540673788,0.09136654189503783,0.15201314708299096,0.14819114678672865,0.57189811010682,0.49141904188818764,0.030402629416598194,0.040422922286308866,0.05751848808545604,0.0830025457254352,0.004108463434675432,0.010635102739678264,0.08709942481511915,0.09677699195818887
T210-1-1-USS,3779.0,0.02381582429214078,0.04518313150385256,ok,0.003440063508864779,0.013792776188658129,0.006086266207991532,0.015820063493707757,0.214342418629267,0.20380747432083357,0.15691982005821645,0.15200918061827717,0.3440063508864779,0.3087125695751411,0.18179412543000795,0.17458634463426895,0.015083355385022493,0.027051376859414333,0.05451177560201111,0.05903708280584641,0.02381582429214078,0.04518313150385256
T207-1-1-USS-2,3275.0,0.1499236641221374,0.1618531186213907,ok,0.0,0.0012343875712037427,0.0030534351145038168,0.012791688529747722,0.16885496183206106,0.18392112836815075,0.5499236641221374,0.4600269996068784,0.024122137404580152,0.02953404115843591,0.02748091603053435,0.04429398962014478,0.061068702290076333,0.08648244417422134,0.015572519083969465,0.019862202349826646,0.1499236641221374,0.1618531186213907
T211-1-1-USS-2,1168.0,0.3964041095890411,0.3768335851233525,ok,0.0,0.0035441036523505085,0.0017123287671232876,0.011668352939005807,0.1875,0.18953637755673095,0.1618150684931507,0.15849091118548764,0.06335616438356165,0.06569350748719453,0.04366438356164384,0.048838184348918935,0.1267123287671233,0.12450712292707816,0.018835616438356163,0.02088785477988095,0.3964041095890411,0.3768335851233525
T214-1-1-USS,7794.0,0.001924557351809084,0.005524859501487306,ok,0.10264305876315115,0.1332128012094951,0.005773672055427252,0.015837252512367336,0.05234795996920708,0.052491261847788295,0.045932768796510134,0.04775522046754158,0.7127277392866307,0.6228928358843805,0.051193225558121634,0.06697314245317854,0.009366179112137541,0.030250887647684806,0.018090839107005388,0.025061738476076508,0.001924557351809084,0.005524859501487306
T321-1-1-4,1377.0,0.16993464052287582,0.16541364128510658,ok,0.0,0.000535810769567983,0.002904865649963689,0.00623619407994603,0.11038489469862019,0.11587597869703534,0.280319535221496,0.2616988415932415,0.012345679012345678,0.017873143776711706,0.07625272331154684,0.07923744936778429,0.3420479302832244,0.3418233914102831,0.005809731299927378,0.011305549020323396,0.16993464052287582,0.16541364128510658
T212-1-1-USS,766.0,0.5652741514360313,0.5288072235704342,ok,0.0,0.00023154843462443596,0.0,0.0018569528634118791,0.3289817232375979,0.3204975649873834,0.018276762402088774,0.03962756896313211,0.030026109660574413,0.035829269001600564,0.015665796344647518,0.024982602959694986,0.0391644908616188,0.04514498358470715,0.0026109660574412533,0.0030222856350112016,0.5652741514360313,0.5288072235704342
T301-1-1-3,2107.0,0.041765543426673,0.04835087274634979,ok,0.024679639297579496,0.06578417625625854,0.005220692928334125,0.012800602517390198,0.019933554817275746,0.027252541739549236,0.16563834836260086,0.1545089462125704,0.6563834836260085,0.5738749793725428,0.034171808258187,0.0428118330901573,0.026103464641670623,0.04603951757153739,0.026103464641670623,0.02857653049364429,0.041765543426673,0.04835087274634979
T205-1-1-USS,6592.0,0.05218446601941747,0.06448064477017892,ok,0.05112257281553398,0.05016664766540806,0.0022754854368932037,0.00563526360049322,0.7113167475728155,0.611571994714972,0.014411407766990292,0.028803585262091643,0.06568567961165049,0.07782450246484145,0.059314320388349516,0.07481934949904363,0.0013652912621359224,0.005230592513005238,0.042324029126213594,0.08146741950996586,0.05218446601941747,0.06448064477017892
T269-1-1-USS-3,2536.0,0.003943217665615142,0.00778366342712246,ok,0.10212933753943218,0.11018539629925152,0.004337539432176656,0.012644997454153348,0.4069400630914827,0.35916311672354356,0.05875394321766562,0.07200486843513504,0.31545741324921134,0.2854748964394847,0.005914826498422713,0.018994760018220893,0.0011829652996845426,0.007236538342275632,0.10134069400630914,0.12651176286081284,0.003943217665615142,0.00778366342712246
T308-1-1-3,1637.0,0.028100183262064753,0.048854034985745975,ok,0.004276114844227245,0.010926932834247113,0.0006108735491753207,0.0037938051549914016,0.09896151496640196,0.1078815674826581,0.14233353695784973,0.134446295014428,0.17654245571166768,0.17589141973150207,0.0946854001221747,0.09722617581811058,0.35613927916921195,0.33191106814027843,0.09835064141722663,0.08906870083803829,0.028100183262064753,0.048854034985745975
T255-1-1-USS,1439.0,0.2619874913134121,0.25962158437615407,ok,0.0,0.0023282520206113536,0.0020847810979847115,0.0065320110024881745,0.16052814454482278,0.1690860418957252,0.414176511466296,0.3727886486423596,0.059763724808895066,0.05559335875723216,0.06045865184155664,0.07121285597480975,0.037526059763724806,0.051811209534487604,0.0034746351633078527,0.011026037796132067,0.2619874913134121,0.25962158437615407
T327-1-1-4,94.0,0.09574468085106383,0.09943410685366892,ok,0.0,0.007433537121538801,0.2872340425531915,0.23994389352774764,0.07446808510638298,0.0955360751537277,0.010638297872340425,0.03960996191889963,0.0425531914893617,0.10449329408806428,0.0851063829787234,0.09554818994267229,0.40425531914893614,0.31719545843557684,0.0,0.0008054829581039389,0.09574468085106383,0.09943410685366892
T290-1-1-4,5838.0,0.45083932853717024,0.42222258370778404,ok,0.0008564576909900651,0.0036471564397819152,0.003083247687564234,0.006414952287537503,0.18396711202466598,0.18998877917386328,0.1721479958890031,0.17113424402293018,0.06389174374785886,0.06553621819154702,0.06200753682768071,0.06620682016826272,0.05926687221651251,0.06312110427946017,0.0039397053785543,0.011728141728833245,0.45083932853717024,0.42222258370778404
T242-1-1USS,2300.0,0.10782608695652174,0.11389712441908446,ok,0.036521739130434785,0.04239219107083649,0.0013043478260869566,0.0042449035556791715,0.3582608695652174,0.3168185240701298,0.050434782608695654,0.06408237045729291,0.28347826086956524,0.2631272877657953,0.024782608695652172,0.034188574659663414,0.011304347826086957,0.022800902230450622,0.12608695652173912,0.13844812177106777,0.10782608695652174,0.11389712441908446
T264-1-1-USS-2,2825.0,0.022300884955752213,0.04451741885370263,ok,0.00035398230088495576,0.0011432904715327381,0.0035398230088495575,0.004440110064562804,0.5553982300884955,0.5017918265858482,0.038584070796460174,0.05644233807373373,0.025486725663716816,0.04563218768228408,0.05238938053097345,0.07179145008939264,0.0017699115044247787,0.0040067289750825505,0.3001769911504425,0.2702346492038607,0.022300884955752213,0.04451741885370263
T257-1-1-USS,4155.0,0.007220216606498195,0.013135282949281882,ok,0.04717208182912154,0.061522617254936116,0.022382671480144403,0.020803347513213572,0.0069795427196149215,0.01582929213266671,0.012755716004813478,0.018974383748604707,0.1470517448856799,0.1689054009234869,0.5703971119133574,0.5115528112547671,0.17689530685920576,0.17465412504997907,0.00914560770156438,0.014622739173063962,0.007220216606498195,0.013135282949281882
T220-1-1-USS-2,1422.0,0.15963431786216598,0.15194148573926544,ok,0.0,0.0029634670761442667,0.004922644163150493,0.011810400342345722,0.07735583684950774,0.0820240573106401,0.0379746835443038,0.05271650937520762,0.3621659634317862,0.32436011817778393,0.0379746835443038,0.04968567823899315,0.319971870604782,0.32316289551053096,0.0,0.0013353882290888333,0.15963431786216598,0.15194148573926544
T329-1-1-4,4099.0,0.06977311539399854,0.08926952042110634,ok,0.0312271285679434,0.03203154525081304,0.004391314954867041,0.007310906405434658,0.3813125152476214,0.3391160986543824,0.30153696023420345,0.2694732511733261,0.049036350329348624,0.06710202688000648,0.08611856550378141,0.09417216029209106,0.008782629909734082,0.01884790521820463,0.06782141985850207,0.0826765857046354,0.06977311539399854,0.08926952042110634
T213-1-1-USS-2,1562.0,0.29577464788732394,0.261000789641274,ok,0.0006402048655569782,0.006448479339904733,0.013444302176696543,0.030220252875775407,0.04737516005121639,0.059505450947294626,0.07426376440460948,0.08529956192647689,0.4679897567221511,0.4280829894166848,0.016645326504481434,0.02962286427417275,0.08386683738796415,0.0984414913677362,0.0,0.0013781202106806117,0.29577464788732394,0.261000789641274
T309-1-1-3,3814.0,0.0028841111693759833,0.00926312186693119,ok,0.5852123754588359,0.5607007243663213,0.0007865757734661773,0.0025071100777755624,0.1578395385422129,0.14100429334774572,0.007079181961195595,0.012371457740936124,0.11955951756685894,0.12602145822236793,0.0529627687467226,0.06753346075670591,0.0007865757734661773,0.0036661912992816503,0.07288935500786575,0.0769321823219346,0.0028841111693759833,0.00926312186693119
T200-1-1-USS,3671.0,0.4636338872241896,0.4200228525605899,ok,0.0005448106782892945,0.0035835933497350508,0.002179242713157178,0.007361801215738434,0.12258240261509126,0.1228377621105552,0.061836011985834924,0.07844860458871565,0.1285753200762735,0.13545869544818476,0.15064015254698992,0.14394537659740567,0.053391446472350855,0.06495750159096174,0.01661672568782348,0.02338381253811366,0.4636338872241896,0.4200228525605899
T216-1-1-USS,5638.0,0.0177367860943597,0.03684800979120734,ok,0.004434196523589925,0.007745244163578997,0.001418942887548776,0.006469617350494866,0.3054274565448741,0.2832506934966068,0.3577509755232352,0.327683240570291,0.0768002837885775,0.07950724398276504,0.16442000709471444,0.1560179845453949,0.000709471443774388,0.0033359395808899555,0.071301880099326,0.09914202651877108,0.0177367860943597,0.03684800979120734
T326-1-1-3,2921.0,0.6319753509072236,0.5917261365275813,ok,0.0006846970215679561,0.0023885043444530074,0.0010270455323519343,0.00343701499429358,0.0968846285518658,0.09986714109948772,0.06333447449503594,0.08162432065897506,0.01643272851763095,0.021976368156225494,0.04142416980486135,0.045054948419519764,0.1454981170831907,0.1486238367164268,0.0027387880862718246,0.00530172908303726,0.6319753509072236,0.5917261365275813
T226-1-1-USS,1232.0,0.2800324675324675,0.2783509684740149,ok,0.0,0.00039339082820688797,0.015422077922077922,0.025228318953114687,0.46915584415584416,0.43013501809732446,0.021103896103896104,0.04089365458523697,0.1452922077922078,0.13272498183732875,0.03814935064935065,0.04669050175437923,0.021103896103896104,0.0317653503846703,0.00974025974025974,0.013817815085723786,0.2800324675324675,0.2783509684740149
T313-1-1-4-2,9919.0,0.08579493900594819,0.13001050411640266,ok,0.0,0.0010187247158939695,0.1436636757737675,0.15079886681361954,0.5866518802298619,0.4894771009727652,0.016029841717915112,0.044964578354195914,0.05565077124710152,0.07522787369178806,0.0,0.000203403710640227,0.11190644218167153,0.10386202566128767,0.0003024498437342474,0.004436921963406738,0.08579493900594819,0.13001050411640266
T253-1-1-USS-1,705.0,0.0,0.0003779677212971559,ok,0.0,0.013278326126872693,0.0,0.0023878161146097645,0.011347517730496455,0.03197405361807216,0.029787234042553193,0.04588595893402903,0.6539007092198581,0.5798697154397539,0.13049645390070921,0.13975799031221428,0.0,0.003889930943917756,0.17446808510638298,0.18257824078923332,0.0,0.0003779677212971559
T243-1-1-USS,1751.0,0.002284408909194746,0.010907496781036486,ok,0.14848657909765847,0.14282171676187708,0.0017133066818960593,0.004908103178580207,0.07824100513992005,0.07458029322969204,0.067390062821245,0.06424785340409134,0.6344945745288406,0.6000201750801042,0.0508280982295831,0.06573936594677271,0.0057110222729868645,0.01877242833224951,0.010850942318675044,0.01800256728559649,0.002284408909194746,0.010907496781036486
T331-1-1-4,2101.0,0.005235602094240838,0.009326484808586248,ok,0.31128034269395527,0.301067566668083,0.0014278914802475012,0.005456735936072769,0.049976201808662545,0.06316335080877568,0.03331746787244169,0.03992847276612029,0.1561161351737268,0.16179234671260556,0.3089005235602094,0.2943934796561617,0.002379819133745835,0.005434814037078689,0.1313660161827701,0.11943674860651614,0.005235602094240838,0.009326484808586248
T268-1-1-USS-2,1027.0,0.17429406037000975,0.14394810640913372,ok,0.011684518013631937,0.022188126366639794,0.0009737098344693282,0.007014768849213485,0.13437195715676728,0.14046159845310502,0.16455696202531644,0.17100555546754076,0.17234664070107109,0.16258312167262426,0.16358325219084713,0.16122078589328476,0.14800389483933787,0.14326222824095122,0.03018500486854917,0.048315708647507054,0.17429406037000975,0.14394810640913372
T192-1-1-USS,5336.0,0.0755247376311844,0.07469880157645648,ok,0.002623688155922039,0.012650383051800536,0.044977511244377814,0.0632850692775069,0.1323088455772114,0.1338142701833087,0.016116941529235384,0.022068431193546362,0.6999625187406296,0.6328962504527654,0.0029985007496251873,0.007227244780179536,0.005997001499250375,0.016875452935476463,0.019490254872563718,0.03648409654895966,0.0755247376311844,0.07469880157645648
T240-1-2-USS,940.0,0.01276595744680851,0.017221691984300114,ok,0.007446808510638298,0.03625534534120176,0.002127659574468085,0.006404583370886725,0.019148936170212766,0.0175139674468477,0.12127659574468085,0.11656375128268942,0.7819148936170213,0.7213614546018786,0.010638297872340425,0.01917282492686055,0.043617021276595745,0.06197360517522082,0.0010638297872340426,0.003532775870114322,0.01276595744680851,0.017221691984300114
T328-1-1-3,5912.0,0.04634641407307172,0.050398209623985044,ok,0.02638700947225981,0.06482944284435534,0.005412719891745603,0.0115613702324222,0.08271312584573748,0.07688147064034645,0.013700947225981055,0.024796623173953137,0.5654600811907984,0.48303505952266684,0.18944519621109607,0.18013588767717367,0.011671177266576455,0.023916835329481297,0.05886332882273342,0.08444510095561608,0.04634641407307172,0.050398209623985044
T231-1-1-USS,3504.0,0.2602739726027397,0.24363083449333603,ok,0.0005707762557077625,0.0014217262994126918,0.0,0.0026864200599148002,0.3527397260273973,0.33277284457293943,0.2565639269406393,0.25373217102083895,0.04708904109589041,0.04792224019774731,0.0410958904109589,0.055132128410331514,0.0014269406392694063,0.00575655027821889,0.04023972602739726,0.05694508466726036,0.2602739726027397,0.24363083449333603
T320-1-1-3,2014.0,0.07348560079443893,0.08835869698435621,ok,0.006454816285998014,0.014287357302291841,0.004965243296921549,0.013042626580473409,0.0451837140019861,0.04962707520654751,0.2770605759682224,0.24191029363692468,0.30933465739821253,0.29350643436158563,0.03475670307845084,0.045752298880495534,0.2477656405163853,0.2487908005941917,0.0009930486593843098,0.0047244164531334825,0.07348560079443893,0.08835869698435621
T255-1-1-USS-2,1452.0,0.2465564738292011,0.2510922535382815,ok,0.0,0.002534358474440244,0.0,0.005473509598276115,0.16322314049586778,0.17467279055168852,0.40082644628099173,0.3610870753980312,0.05853994490358127,0.05524098746329611,0.08677685950413223,0.09072991869521162,0.040633608815427,0.051062637355514244,0.003443526170798898,0.00810646892526041,0.2465564738292011,0.2510922535382815
T221-1-1-USS-2,1111.0,0.13861386138613863,0.1357763107837188,ok,0.0009000900090009,0.006393032497381031,0.009900990099009901,0.019402161589499544,0.34113411341134114,0.31489717832067027,0.1773177317731773,0.18120458926241695,0.15931593159315932,0.14797646740537654,0.1494149414941494,0.14748233775830147,0.0036003600360036,0.010560635813864535,0.019801980198019802,0.036307286568770865,0.13861386138613863,0.1357763107837188
T250-1-1-USS-2,5692.0,0.29919184820801126,0.26794245049821575,ok,0.001229796205200281,0.00561038551539236,0.028460997891777935,0.0380944206250162,0.1393183415319747,0.14506486248597164,0.15653548840477863,0.14789754912185368,0.07817990161630359,0.08746863187894958,0.20344342937456078,0.20087921088776176,0.026704146170063246,0.04133130207250862,0.06693605059732959,0.06571118691433041,0.29919184820801126,0.26794245049821575
T204-1-1-USS-2,1146.0,0.04275741710296684,0.04533299164581758,ok,0.0,0.005395504999174967,0.0017452006980802793,0.008139305228943749,0.04013961605584642,0.040155853833163634,0.03926701570680628,0.05160119054627874,0.36910994764397903,0.3446974169175207,0.006108202443280977,0.019233145687710906,0.5008726003490401,0.48509590874488395,0.0,0.00034868239650566533,0.04275741710296684,0.04533299164581758
T326-1-1-4,2929.0,0.6196654148173438,0.5757998657283727,ok,0.0006828269033799932,0.001968855920765141,0.0006828269033799932,0.0037577375067103444,0.09559576647319905,0.10572900134332582,0.07101399795151929,0.0889601066611258,0.016729259132809832,0.02168311811595362,0.040628200751109594,0.044250873466925085,0.15261181290542847,0.15416910061330844,0.002389894161829976,0.0036813406435129157,0.6196654148173438,0.5757998657283727
T230-1-1-USS,7096.0,0.008173618940248028,0.016567537101324258,ok,0.03819052987598647,0.03724454319125468,0.01705186020293123,0.01943873866245635,0.49577226606538893,0.46424580917327024,0.03255355129650507,0.04179479265902106,0.09089627959413754,0.10451829411180026,0.03664036076662908,0.05603180368184598,0.00014092446448703494,0.0016972216532145025,0.28058060879368657,0.25846125976581263,0.008173618940248028,0.016567537101324258
T244-1-1-USS-2,3139.0,0.0031857279388340237,0.014897478873939754,ok,0.011787193373685887,0.02071605840376761,0.001911436763300414,0.005685326812039114,0.08951895508123606,0.11794555789681634,0.13061484549219496,0.12626548269710938,0.0544759477540618,0.061077894822796505,0.3258999681427206,0.30605741403279274,0.002548582351067219,0.005980769694393119,0.380057343102899,0.34137401676634554,0.0031857279388340237,0.014897478873939754
T45-1-1-USS,2926.0,0.0,0.0014060454625674024,ok,0.022898154477101845,0.06771669017287074,0.12440191387559808,0.13128776023789948,0.0,0.0009896582929880876,0.001367053998632946,0.0025211381752582693,0.8427887901572112,0.7736771030717319,0.0,0.0007584324615204867,0.0010252904989747095,0.0138917013482081,0.007518796992481203,0.007751470776955697,0.0,0.0014060454625674024
T242-1-1-USS,2320.0,0.09224137931034483,0.09125211057868744,ok,0.04008620689655172,0.052362965827407876,0.0004310344827586207,0.005309612688527446,0.27327586206896554,0.24679784985130365,0.08232758620689655,0.09027542822176711,0.3146551724137931,0.28232632123681006,0.05560344827586207,0.07605373136219445,0.0125,0.023728336806878282,0.12887931034482758,0.13189364342642365,0.09224137931034483,0.09125211057868744
T229-1-1-USS-2,5385.0,0.012999071494893221,0.02410122574083614,ok,0.09266480965645311,0.08573971929946517,0.0038997214484679664,0.006095527279776766,0.6271123491179201,0.5623978705878543,0.022841225626740947,0.03256761140769682,0.023026926648096566,0.03820309012746677,0.09563602599814298,0.10801192631543156,0.0,0.00148327449557164,0.12181987000928506,0.14139975474590086,0.012999071494893221,0.02410122574083614
T334-1-1-4,3433.0,0.00407806583163414,0.010312144828682911,ok,0.26536556947276435,0.2428407551575433,0.0029129041654529565,0.006183065502280832,0.08913486746286048,0.10591715409556744,0.010486454995630643,0.020098373542338496,0.2540052432274978,0.24777673696797686,0.14564520827264782,0.16204591665044946,0.0011651616661811825,0.005641142609980126,0.2272065249053306,0.19918471064518056,0.00407806583163414,0.010312144828682911
T193-1-1-USS-2,2425.0,0.6296907216494846,0.5700836356940336,ok,0.0,0.0031039406552106547,0.0032989690721649486,0.009001805049275844,0.10845360824742269,0.12837969488541623,0.008247422680412371,0.013206867841594713,0.1868041237113402,0.18698308857193516,0.04865979381443299,0.0595297079554923,0.01443298969072165,0.02832203010376,0.0004123711340206186,0.0013892292432813851,0.6296907216494846,0.5700836356940336
T214-1-1-USS-2,7787.0,0.0017978682419416978,0.004675226774062852,ok,0.09169128033902658,0.1228002470739163,0.006164119686657249,0.01976412725999909,0.039424682162578654,0.04104432894773429,0.04854244253242584,0.04909498288315396,0.7190188776165404,0.6267094814462768,0.06793373571336843,0.08203219610336923,0.009117760369847181,0.0305915516789497,0.01630923333761397,0.023287857832537884,0.0017978682419416978,0.004675226774062852
T301-1-4,2060.0,0.03495145631067961,0.043509448051985124,ok,0.009708737864077669,0.030452000274622002,0.001941747572815534,0.012269381009197807,0.016019417475728156,0.021460408396108455,0.14611650485436894,0.13277962514566533,0.6936893203883495,0.6332873118876957,0.06067961165048544,0.0712444891292329,0.021359223300970873,0.031923864096366925,0.015533980582524271,0.023073472009125733,0.03495145631067961,0.043509448051985124
T253-1-1-USS,1067.0,0.07872539831302718,0.0774707605223626,ok,0.0,0.003880865143624181,0.0,0.002511139706081977,0.14339268978444236,0.15568443741371157,0.008434864104967198,0.020665963826129317,0.04311152764761012,0.06231275976844354,0.6007497656982193,0.5455253939770688,0.05060918462980318,0.04581726132896301,0.07497656982193064,0.08613141831361498,0.07872539831302718,0.0774707605223626
T210-1-1-USS-2,3839.0,0.03933315967699922,0.062435287381287695,ok,0.0005209690023443605,0.007685975938653184,0.0036467830164105238,0.01272839434043345,0.15108101067986454,0.15626967903681788,0.2018754884084397,0.17951723494456104,0.30346444386559,0.27615987213404036,0.2570982026569419,0.24004644563312083,0.008075019536337588,0.02121653243831549,0.03490492315707215,0.043940578152770096,0.03933315967699922,0.062435287381287695
T264-1-1-USS,2821.0,0.010634526763559022,0.01974413718440416,ok,0.0010634526763559022,0.007285074196659484,0.00957107408720312,0.014119866297606191,0.5590216235377525,0.4897330425261108,0.08117688762850053,0.10631047153363923,0.11024459411556185,0.11473356437158998,0.03403048564338887,0.048472483938848225,0.001772421127259837,0.0058388897444244985,0.19248493442041828,0.1937624702067175,0.010634526763559022,0.01974413718440416
T254-1-1-USS-3,5703.0,0.16289672102402245,0.15572670053817156,ok,0.0,0.00431008147573885,0.007539891285288445,0.010605783171222053,0.16570226196738558,0.17185583461831422,0.13992635455023672,0.14364866203325108,0.09994739610731194,0.10214352428308428,0.2516219533578818,0.23335908236204297,0.03261441346659653,0.04028940714310587,0.1397510082412765,0.13806092437506914,0.16289672102402245,0.15572670053817156
T196-1-1-USS,3282.0,0.1048141377209019,0.10974567262782434,ok,0.16331505179768435,0.14895655657267126,0.008531383302864107,0.011655956260025068,0.46983546617915906,0.41912757277378476,0.014320536258379037,0.023086923089990285,0.13833028641072517,0.14824710152293757,0.037781840341255334,0.05444096557191455,0.003960999390615478,0.006882022366338128,0.0591102985984156,0.07785722921451407,0.1048141377209019,0.10974567262782434
T244-1-1-USS,3115.0,0.0012841091492776886,0.00858205137071055,ok,0.01187800963081862,0.025747096982481524,0.0044943820224719105,0.012347274829133113,0.051043338683788124,0.07838031095321908,0.1563402889245586,0.15017353299537461,0.08731942215088283,0.09744339351426022,0.284430176565008,0.2722350309401892,0.0016051364365971107,0.005318178578203615,0.4016051364365971,0.34977312983642805,0.0012841091492776886,0.00858205137071055
T167-1-1-USS-2,5229.0,0.10594759992350354,0.0982086018610334,ok,0.00038248231019315357,0.001450766330780344,0.035953337158156434,0.05722313636544954,0.006119716963090457,0.01691952685976784,0.056033658443296996,0.075864171270941,0.2011856951615988,0.20451298562222983,0.2159112641040352,0.19398005525854278,0.37846624593612543,0.3515409520082534,0.0,0.0002998044230018087,0.10594759992350354,0.0982086018610334
T251-1-1USS,4932.0,0.12652068126520682,0.12476951573882461,ok,0.0008110300081103001,0.0016651219178420368,0.001013787510137875,0.0028011018294023756,0.22445255474452555,0.21882097464598593,0.03426601784266018,0.04798974676302069,0.04359286293592863,0.04669878896295234,0.5016220600162206,0.4712877319777729,0.006893755068937551,0.01070337597834227,0.06082725060827251,0.07526364218585686,0.12652068126520682,0.12476951573882461
T308-1-1-4,1499.0,0.04803202134756504,0.06429251871638922,ok,0.00266844563042028,0.007630502885861661,0.00867244829886591,0.010931829337047798,0.11741160773849232,0.1120785593185305,0.1447631754503002,0.13661730691118978,0.14342895263509006,0.14617140880685528,0.11207471647765177,0.11824960837620742,0.3442294863242161,0.3258595600624546,0.07871914609739826,0.07816870558546377,0.04803202134756504,0.06429251871638922
T332-1-1-3,1379.0,0.03335750543872371,0.04642032289248995,ok,0.0,0.0008544621136908217,0.01015228426395939,0.017233480649498752,0.8107324147933285,0.7547578672738217,0.006526468455402465,0.018810184720484815,0.0826686004350979,0.08159398517029154,0.049311094996374184,0.06208028646358919,0.007251631617113851,0.009944078556049046,0.0,0.008305332160084082,0.03335750543872371,0.04642032289248995
T211-1-1-USS,1149.0,0.40295909486510006,0.3885946558084265,ok,0.0008703220191470844,0.004073273654388888,0.005221932114882507,0.00930474953155947,0.22106179286335945,0.22337871907129522,0.13228894691035684,0.13254225804202543,0.04873803307223673,0.0542355905151033,0.024369016536118365,0.035728718252586264,0.14360313315926893,0.13175587244590325,0.020887728459530026,0.02038616267871166,0.40295909486510006,0.3885946558084265
T170-1-1-USS,3887.0,0.2408026755852843,0.2214844864520267,ok,0.004888088500128634,0.006427370351274758,0.005917159763313609,0.012571891811928962,0.1816310779521482,0.1731760647731212,0.08052482634422434,0.08871602407136278,0.17314124003087214,0.185337697706305,0.047337278106508875,0.04828310217044788,0.2513506560329303,0.2435667396297949,0.014406997684589657,0.02043662303373785,0.2408026755852843,0.2214844864520267
T230-1-1-USS-2,7159.0,0.009917586255063556,0.02002423565384387,ok,0.039530660706802626,0.036408993332855834,0.023047911719513897,0.023542882306534473,0.4130465148763794,0.39727293344616965,0.039810029333705824,0.04782658779587182,0.07235647436792848,0.0874380170974317,0.03645760581086744,0.05345920221133757,0.0001396843134515994,0.002015851636140866,0.3656935326162872,0.3320112965198143,0.009917586255063556,0.02002423565384387
T237-1-1-USS-4,2379.0,0.10466582597730138,0.11610776669464759,ok,0.028583438419503993,0.04203007234532369,0.04833963850357293,0.05254571519088009,0.23455233291298866,0.20638951142540918,0.20008406893652794,0.18144440614644242,0.17360235393022277,0.16553911169653554,0.057587221521647754,0.06567562237553552,0.14796132828919714,0.151944009873658,0.004623791509037411,0.01832378425156799,0.10466582597730138,0.11610776669464759
T291-1-1-4,4933.0,0.026555848368132982,0.07595138680686209,ok,0.0,0.0008723927838590395,0.17676870058787755,0.1666436067107536,0.4952361646057166,0.42148164538901534,0.026961281167646463,0.05751486715920305,0.013784715183458342,0.04240922804051385,0.0,0.0003047597769020533,0.2606932900871681,0.2319541731103871,0.0,0.0028679402225039253,0.026555848368132982,0.07595138680686209
T220-1-1-USS,1407.0,0.12153518123667377,0.12372954338008432,ok,0.0007107320540156361,0.007905545463140404,0.009950248756218905,0.01726784032590427,0.10874200426439233,0.10344322308032512,0.06467661691542288,0.0856996858015266,0.263681592039801,0.24910512634787765,0.014214641080312722,0.023650273637902088,0.4164889836531628,0.38768856513839767,0.0,0.0015101968248418336,0.12153518123667377,0.12372954338008432
T250-1-1-USS,5685.0,0.2884784520668426,0.26644277126281457,ok,0.002638522427440633,0.008312359129075344,0.017941952506596307,0.02713680135309632,0.17871591908531223,0.1752550424018173,0.13896218117854,0.13530595932221845,0.06701846965699208,0.0752085310162498,0.1996481970096746,0.19093315529429147,0.030958663148636763,0.045291401025868615,0.07563764291996482,0.07611397919456811,0.2884784520668426,0.26644277126281457
T241-1-1-USS,583.0,0.1680960548885077,0.18302619788171096,ok,0.0,0.004641383394966597,0.029159519725557463,0.02843552547194221,0.31732418524871353,0.28086344964372095,0.2933104631217839,0.276246475164589,0.07718696397941681,0.08541363634532453,0.0686106346483705,0.0743117619904722,0.04631217838765009,0.059216776299815206,0.0,0.007844793807458396,0.1680960548885077,0.18302619788171096
T148-1-1-USS,7601.0,0.2783844231022234,0.2565763233379567,ok,0.0002631232732535193,0.003944535304737385,0.005525588738323905,0.013379779712829436,0.0899881594527036,0.09859171422252287,0.09617155637416129,0.10359516732495841,0.3178529140902513,0.29894429755131985,0.07051703723194316,0.076443768242718,0.13406130772266808,0.13564960550788338,0.00723589001447178,0.01287480879507389,0.2783844231022234,0.2565763233379567
T167-1-1-USS,5198.0,0.26317814544055407,0.23875378630759822,ok,0.0,0.0017407832624308337,0.0005771450557906887,0.006499233482567142,0.0026933435936898806,0.011040330241986002,0.04501731435167372,0.0700134461760472,0.06213928434013082,0.07748429126792974,0.302808772604848,0.2839352566807255,0.32358599461331283,0.31041310108027603,0.0,0.00011977150043940169,0.26317814544055407,0.23875378630759822
T253-1-1-USS-3,704.0,0.0,0.000359983193998727,ok,0.0,0.016557826366142506,0.0,0.002889267533255177,0.017045454545454544,0.04020810794488543,0.03409090909090909,0.045130151567333014,0.6434659090909091,0.5600630572924511,0.09801136363636363,0.11412677142845912,0.0,0.006164187132123106,0.20738636363636365,0.21450064754135187,0.0,0.000359983193998727
T317-1-1-4,993.0,0.527693856998993,0.48658052853611977,ok,0.0,0.003803828726632207,0.02014098690835851,0.0328335787931191,0.05639476334340383,0.06627701202673983,0.19536757301107754,0.17639313259777042,0.10876132930513595,0.11017065318471451,0.035246727089627394,0.04381234724761465,0.054380664652567974,0.07571236448535441,0.002014098690835851,0.00441655440193509,0.527693856998993,0.48658052853611977
T299-1-1-4,5456.0,0.028592375366568914,0.04119615974506551,ok,0.04527126099706745,0.05773444937820276,0.005498533724340176,0.009041768766634626,0.2595307917888563,0.24276911947306126,0.09879032258064516,0.0959060653612524,0.3817815249266862,0.3400263755028235,0.08669354838709678,0.10306574680311432,0.0020161290322580645,0.00821775610911358,0.09182551319648094,0.10204255886073203,0.028592375366568914,0.04119615974506551
T258-1-1-USS,8341.0,0.08344323222635176,0.08710660299138182,ok,0.03069176357750869,0.03968790271116352,0.0007193382088478599,0.004036370642948524,0.09938856252247932,0.09739129175802302,0.029852535667186188,0.03651581028594795,0.45174439515645604,0.42270337757308346,0.16640690564680494,0.1649892046544402,0.11101786356551972,0.11362691290539181,0.02673540342884546,0.033942526477619674,0.08344323222635176,0.08710660299138182
T305-1-1-4,486.0,0.3724279835390947,0.3285652037517245,ok,0.0,0.0011497400217520346,0.006172839506172839,0.014159964064497347,0.36213991769547327,0.3210491738607059,0.08847736625514403,0.09961974482817182,0.05555555555555555,0.06623747400879372,0.08436213991769548,0.11854581181526731,0.030864197530864196,0.04642863009511394,0.0,0.004244257553973397,0.3724279835390947,0.3285652037517245
T225-1-1-USS,2718.0,0.029801324503311258,0.03871870499765823,ok,0.0695364238410596,0.07158117238763291,0.018027961736571008,0.027485072509902675,0.4503311258278146,0.3806150264193663,0.06438557763061074,0.08041282239039511,0.14863870493009565,0.1502298101630283,0.03863134657836645,0.058314521947746,0.019867549668874173,0.026368961497689615,0.16077998528329654,0.16627390768658085,0.029801324503311258,0.03871870499765823
T236-1-1-USS-2,5358.0,0.07465472191116088,0.07902175753004928,ok,0.03452780888391191,0.03886022832764857,0.003732736095558044,0.01296905944503919,0.143150429264651,0.14317946483264118,0.02631578947368421,0.03160147757238687,0.48376259798432253,0.4396094348009697,0.1709593131765584,0.17356594084707083,0.0167973124300112,0.02117139845188863,0.04609929078014184,0.060021238192305655,0.07465472191116088,0.07902175753004928
T316-1-1-3,1612.0,0.11972704714640199,0.12383194564839041,ok,0.0006203473945409429,0.003206477448669775,0.031017369727047148,0.03626612080935958,0.304590570719603,0.2744208009831334,0.03225806451612903,0.05218803995383266,0.2227047146401985,0.2169321580954668,0.03287841191066997,0.04573326747945953,0.25620347394540943,0.2421213648163556,0.0,0.0052998247653323,0.11972704714640199,0.12383194564839041
T237-1-1-USS-3,1656.0,0.0006038647342995169,0.002751248747492455,ok,0.01570048309178744,0.04607255346309283,0.0024154589371980675,0.011044670844890149,0.016304347826086956,0.020133494389070306,0.06159420289855073,0.07130067299664333,0.5591787439613527,0.5037837670250311,0.026570048309178744,0.029760834336806485,0.31582125603864736,0.3094335078125236,0.0018115942028985507,0.005719250384449713,0.0006038647342995169,0.002751248747492455
T226-1-1-USS-2,1226.0,0.2528548123980424,0.24881209796099968,ok,0.0,0.0003914690360519765,0.02528548123980424,0.032905771979921734,0.45840130505709625,0.42341135858608897,0.0367047308319739,0.05495353110637928,0.1761827079934747,0.16371479052081217,0.02528548123980424,0.03335053982016448,0.020391517128874388,0.03085551892831594,0.004893964110929853,0.011604922061265734,0.2528548123980424,0.24881209796099968
T299-1-1-3,5471.0,0.003290074940595869,0.040302096109755624,ok,0.02065435934929629,0.01962669344788328,0.38402485834399563,0.3219492942709067,0.49588740632425515,0.4078084801082786,0.05410345457868763,0.09633232291015097,0.023396088466459512,0.04063122894001729,0.0,0.001978578164056482,0.018278194114421494,0.06389701681129387,0.0003655638822884299,0.007474289237657138,0.003290074940595869,0.040302096109755624
T193-1-1-USS,2431.0,0.5878239407651172,0.5276673468131132,ok,0.00041135335252982314,0.002585418851843065,0.002879473467708762,0.010225698703354843,0.10037021801727684,0.12041187721823003,0.005758946935417524,0.010741219664592504,0.21760592348827643,0.21629111848869517,0.07733443027560674,0.09006116842759307,0.00781571369806664,0.021121792055755855,0.0,0.0008943597768222625,0.5878239407651172,0.5276673468131132
T257-1-1-USS-2,4132.0,0.006050338818973862,0.009691464658780945,ok,0.11205227492739593,0.12342587760819596,0.010648596321393998,0.015435398436914199,0.009196515004840271,0.015880257928376437,0.021297192642787996,0.02641881694526192,0.287270087124879,0.27995740807378156,0.34825750242013553,0.32152760335555325,0.19457889641819942,0.1906051335848307,0.010648596321393998,0.017058039408305088,0.006050338818973862,0.009691464658780945
T306-1-1-3,1478.0,0.6569688768606224,0.5778459895402509,ok,0.0,0.0013099488082370283,0.0040595399188092015,0.014654948743112402,0.016914749661705007,0.05098577537447589,0.16508795669824086,0.18052491132588858,0.018267929634641408,0.025907433941401714,0.13464140730717186,0.13462198317245885,0.0040595399188092015,0.013904668898565925,0.0,0.00024434019560879035,0.6569688768606224,0.5778459895402509
T221-1-1-USS,1128.0,0.18882978723404256,0.1884405371553914,ok,0.0008865248226950354,0.004835851538466278,0.008865248226950355,0.013106923408461788,0.36879432624113473,0.336553926608608,0.10726950354609929,0.12745612801409809,0.13120567375886524,0.13122478641231572,0.16046099290780141,0.15131965557809643,0.0035460992907801418,0.00694191778834809,0.030141843971631204,0.04012027349621424,0.18882978723404256,0.1884405371553914
T290-1-1-3,5903.0,0.407758766728782,0.3759811018962314,ok,0.000677621548365238,0.0026297398405954533,0.0025410808063696427,0.007482260519846307,0.1712688463493139,0.17097462306451466,0.18837879044553618,0.19250211692425273,0.0945282059969507,0.09688157397909658,0.07775707267491107,0.08450962521304423,0.05149923767575809,0.05708287687376171,0.0055903777740132134,0.011956081688656908,0.407758766728782,0.3759811018962314
T258-1-1-USS-2,8262.0,0.04938271604938271,0.054211862941103944,ok,0.03897361413701283,0.05193280795978131,0.016097797143548778,0.02184669100150402,0.06390704429920116,0.06543735162619159,0.032558702493343014,0.03569538258790695,0.6539578794480755,0.6025423438015819,0.02505446623093682,0.03860430006712545,0.10275962236746551,0.10437623962119384,0.01730815783103365,0.02535302039361096,0.04938271604938271,0.054211862941103944
T319-1-1-4,633.0,0.6793048973143759,0.654136280928236,ok,0.0,0.0012215710276033188,0.0,0.0028551821876890288,0.022116903633491312,0.027318364183033392,0.014218009478672985,0.025192122063209935,0.2259083728278041,0.21137507142008433,0.036334913112164295,0.04607498018626397,0.022116903633491312,0.028099303725255455,0.0,0.003727124278624531,0.6793048973143759,0.654136280928236
T305-1-1-3,537.0,0.3128491620111732,0.2861813825421576,ok,0.0,0.0009603046272433908,0.00186219739292365,0.013834960146865723,0.4264432029795158,0.34961336206918137,0.061452513966480445,0.09365347356358933,0.06890130353817504,0.08369734327572924,0.1005586592178771,0.12682504488632723,0.024208566108007448,0.038063806362891535,0.0037243947858473,0.0071703225260145885,0.3128491620111732,0.2861813825421576
T293-1-1-3,3252.0,0.3557810578105781,0.33882660528186476,ok,0.0015375153751537515,0.002013710671025617,0.005842558425584256,0.008893299048943128,0.5199876998769988,0.47901526448771065,0.06611316113161132,0.09598215899097533,0.010455104551045511,0.015773130535650253,0.023985239852398525,0.03326491139272406,0.003075030750307503,0.008720213944981793,0.013222632226322263,0.01751070564612447,0.3557810578105781,0.33882660528186476
T228-1-1-USS-2,3531.0,0.003964882469555367,0.01579284829489932,ok,0.0,0.0022180426531232494,0.009629000283205891,0.01829326978356415,0.17926932880203908,0.1800430696407314,0.09770603228547153,0.09719917638352432,0.11498159161710564,0.13221784801973274,0.47380345511186633,0.4157228059993636,0.0002832058906825262,0.0040782404511919305,0.12036250354007363,0.13443469877386924,0.003964882469555367,0.01579284829489932
T232-1-1-USS-2,524.0,0.2900763358778626,0.24898154598748512,ok,0.0019083969465648854,0.004696849238558505,0.1049618320610687,0.0983824508870895,0.08587786259541985,0.1035120993870128,0.12022900763358779,0.13252174985933726,0.14694656488549618,0.1429943382628231,0.13740458015267176,0.13578709053958227,0.11259541984732824,0.13055790244823356,0.0,0.002565973389877941,0.2900763358778626,0.24898154598748512
T228-1-1-USS,3501.0,0.013139103113396172,0.029466681346607508,ok,0.0,0.0026001386636379563,0.0011425307055127106,0.004018565888572109,0.2467866323907455,0.2470280575243925,0.14710082833476149,0.13820829961294492,0.026563838903170524,0.038460079269828897,0.350471293916024,0.32152517885170184,0.0,0.0020605474325981407,0.2147957726363896,0.2166324514097161,0.013139103113396172,0.029466681346607508
T232-1-1-USS,536.0,0.11753731343283583,0.13327530605247873,ok,0.0018656716417910447,0.004668978307267232,0.04664179104477612,0.06183525027058613,0.011194029850746268,0.03452632940967634,0.1455223880597015,0.14723925091098855,0.4123134328358209,0.34783790964638805,0.17537313432835822,0.17004059140590835,0.08955223880597014,0.09713458084070477,0.0,0.003441803156001871,0.11753731343283583,0.13327530605247873
T320-1-1-4,1989.0,0.14027149321266968,0.1485794924220113,ok,0.002011060834590246,0.007895495160336618,0.002513826043237808,0.00842017744448137,0.04675716440422323,0.05431918225252589,0.23278029160382102,0.20583040126515922,0.29411764705882354,0.2775397826040661,0.06988436400201106,0.07683429899975744,0.21116138763197587,0.21672092033519155,0.0005027652086475615,0.0038602495164704997,0.14027149321266968,0.1485794924220113
T234-1-1-USS,6117.0,0.1399378780447932,0.15221157440285252,ok,0.006212195520680072,0.006812310018275788,0.012097433382376982,0.014003683096296625,0.5674350171652771,0.5023032001860341,0.0734019944417198,0.09113887381378556,0.014059179336275953,0.022194204273459195,0.12898479646885727,0.13119604021105324,0.00032695765898316167,0.002351602875086603,0.057544547981036455,0.07778851112315628,0.1399378780447932,0.15221157440285252
T297-1-1-4,809.0,0.28059332509270707,0.2822809676005382,ok,0.0,0.00043482778746490995,0.003708281829419036,0.01128448091490967,0.12360939431396786,0.1496534991667838,0.4610630407911001,0.4035014744166098,0.03337453646477132,0.03242294296906558,0.09394313967861558,0.10131322680653485,0.003708281829419036,0.01629129906832956,0.0,0.0028172812697635995,0.28059332509270707,0.2822809676005382
T261-1-1-USS,1024.0,0.09375,0.09347103652221989,ok,0.0439453125,0.05752838032453065,0.00390625,0.014388426272704334,0.0712890625,0.0800832656433744,0.2626953125,0.23499312998832553,0.1806640625,0.17613842215257158,0.1611328125,0.15058424186035171,0.130859375,0.13219756770495303,0.0517578125,0.0606155295309689,0.09375,0.09347103652221989
T236-1-1-USS,5362.0,0.09138381201044386,0.09577415711031552,ok,0.04196195449459157,0.04553423225254241,0.002237970906378217,0.011773154645235467,0.20887728459530025,0.20641974670837238,0.03319656844461022,0.036623181331437146,0.3793360686311078,0.3444329148935634,0.14360313315926893,0.14555983780313433,0.020701230883998507,0.023941443719326872,0.07870197687430064,0.08994133153607246,0.09138381201044386,0.09577415711031552
T238-1-1-USS-2,3683.0,0.13575889220743959,0.12849431268224462,ok,0.1593809394515341,0.15174405941882635,0.0010860711376595167,0.0027129425922034485,0.16616888406190605,0.17111091435727316,0.03855552538691284,0.05127744050440018,0.08960086885691013,0.0961859476863497,0.3212055389628021,0.2981501235224572,0.00325821341297855,0.00623202132686374,0.08498506652185718,0.09409223790938162,0.13575889220743959,0.12849431268224462
T329-1-1-3-2,4293.0,0.0242254833449802,0.07758480551517868,ok,0.005357558816678314,0.0062468257516219705,0.29815979501514095,0.2726245710822478,0.5609131143722339,0.419381614028183,0.016771488469601678,0.06241654366634407,0.050314465408805034,0.07421585522631839,0.0,0.001094363628638156,0.0440251572327044,0.07590899512654879,0.00023293733985557886,0.010526425974919082,0.0242254833449802,0.07758480551517868
T231-1-1-USS-2,3550.0,0.14788732394366197,0.13600131842173113,ok,0.00028169014084507044,0.00042732653958796264,0.33380281690140845,0.3083700005736192,0.2735211267605634,0.2519291583717107,0.08112676056338028,0.08885462808872928,0.07746478873239436,0.1024882365353967,0.05126760563380282,0.055777192717870135,0.0,0.0022512172645502773,0.03464788732394366,0.05390092148680468,0.14788732394366197,0.13600131842173113
T294-1-1-3-1,1131.0,0.28028293545534927,0.27636969795970784,ok,0.0,0.0019069993167486817,0.0035366931918656055,0.00817683522867637,0.19805481874447392,0.22469179540741743,0.43147656940760387,0.396319579676223,0.04420866489832007,0.039589225722714526,0.03713527851458886,0.03785965484434038,0.005305039787798408,0.011484240148591236,0.0,0.0036019716955805305,0.28028293545534927,0.27636969795970784
T327-1-1-3,87.0,0.034482758620689655,0.07704070285158288,ok,0.0,0.01080208375381041,0.25287356321839083,0.23064558715070282,0.05747126436781609,0.09271640620212449,0.0,0.035090577459366154,0.09195402298850575,0.13876236289308222,0.08045977011494253,0.07598737373077573,0.4827586206896552,0.33748081817498643,0.0,0.00147408778356881,0.034482758620689655,0.07704070285158288
T251-1-1-USS,4951.0,0.10442334881842052,0.10241904282272146,ok,0.0004039587962027873,0.0023726167521102987,0.002423752777216724,0.0042538247367107105,0.33306402746919817,0.31642086953484716,0.03696222985255504,0.0502407882016466,0.022823671985457483,0.03094331923253114,0.4401131084629368,0.4126819946236309,0.01979398101393658,0.019386045346110225,0.03999192082407595,0.0612814987496915,0.10442334881842052,0.10241904282272146
T216-1-1-USS-2,5647.0,0.020010625110678235,0.04096831142914388,ok,0.004604214627235701,0.0068573410998194395,0.0010625110678236232,0.005005609222463772,0.37418098105188596,0.33846667484624005,0.30387816539755624,0.28221662403569403,0.07101115636621215,0.07515987173840581,0.16309544891092614,0.1563453923346598,0.0007083407118824154,0.0030067633197173225,0.06144855675579954,0.09197341197385595,0.020010625110678235,0.04096831142914388
T243-1-1-USS1,1721.0,0.026147588611272515,0.03762713325130984,ok,0.12492736780941313,0.11713836286475707,0.002324230098779779,0.004662915228888006,0.09006391632771645,0.08342548317373034,0.04241719930273097,0.04546498013588221,0.6362579895409646,0.6088781307235654,0.06449738524113888,0.06926433919612586,0.002324230098779779,0.015107821309024194,0.011040092969203951,0.01843083411671718,0.026147588611272515,0.03762713325130984
T203-1-1-USS-2,4775.0,0.015706806282722512,0.021583085647929517,ok,0.0010471204188481676,0.007856852501263943,0.0018848167539267015,0.007433993817672728,0.2450261780104712,0.22521146810421697,0.0831413612565445,0.09063952546069762,0.2481675392670157,0.23770932836389255,0.30848167539267013,0.2952144666754207,0.05005235602094241,0.05175200619192258,0.04649214659685864,0.06259927323698346,0.015706806282722512,0.021583085647929517
T218-1-1-USS-2,5380.0,0.010966542750929368,0.01685367752455779,ok,0.10594795539033457,0.10119311980796249,0.0007434944237918215,0.0038974976889725333,0.03828996282527881,0.04561734571655661,0.04535315985130112,0.046949290716958934,0.1429368029739777,0.15328892405362676,0.520631970260223,0.49822652784549093,0.07639405204460967,0.07342297215687933,0.058736059479553904,0.06055064448899465,0.010966542750929368,0.01685367752455779
T246-1-1-USS,3125.0,0.0352,0.04320060509609661,ok,0.07712,0.07485507576990497,0.00192,0.006159555773170725,0.18208,0.1887661004833922,0.15488,0.15535595779502437,0.03488,0.04139173436152537,0.2608,0.256416463399426,0.00128,0.003506365755716264,0.25184,0.23034814156574354,0.0352,0.04320060509609661
T309-1-1-3-2,4077.0,0.0024527839097375523,0.010909826037130362,ok,0.5680647534952171,0.5334918499381611,0.0012263919548687761,0.0017786223710259737,0.11822418444935001,0.11058051568340996,0.004415011037527594,0.008178940767960436,0.1177336276674025,0.1268012910318312,0.10326220259995095,0.1203462090692799,0.0,0.002020065322867829,0.08462104488594555,0.08589267977833323,0.0024527839097375523,0.010909826037130362
T182-1-1-USS-2,1364.0,0.45161290322580644,0.41573947966596575,ok,0.0,0.0028843403346758586,0.0,0.002049569646990276,0.19134897360703812,0.20990676817723106,0.10703812316715543,0.11301318785994639,0.07038123167155426,0.07291791403135779,0.16715542521994134,0.15260087893102822,0.008797653958944282,0.017303502831633344,0.0036656891495601175,0.013584358521171312,0.45161290322580644,0.41573947966596575
T254-1-1-USS-2,3665.0,0.3809004092769441,0.33399677718306464,ok,0.0008185538881309686,0.0033385948108986957,0.04010914051841746,0.0465760653940942,0.321418826739427,0.3005799228007339,0.08076398362892223,0.10421278635841015,0.03383356070941337,0.04292426388659181,0.10886766712141882,0.10985922432685809,0.015006821282401092,0.034431994380460275,0.018281036834924966,0.024080370858888166,0.3809004092769441,0.33399677718306464
T332-1-14,1367.0,0.019751280175566936,0.03919325918673424,ok,0.0,0.0014713936671568032,0.019751280175566936,0.02402074081405644,0.7856620336503292,0.7230459144673805,0.012435991221653255,0.0251242948233372,0.08266276517922458,0.08761132384859768,0.07461594732991954,0.07841596385006941,0.0043891733723482075,0.009242549783894938,0.000731528895391368,0.011874559558772813,0.019751280175566936,0.03919325918673424
T303-1-1-4,1439.0,0.12300208478109799,0.1256815306965273,ok,0.0020847810979847115,0.006365400134764824,0.004169562195969423,0.013443131004817565,0.22237665045170257,0.21435947375495643,0.4225156358582349,0.36637783463778795,0.04378040305767894,0.055268975848727885,0.1369006254343294,0.14100357230734722,0.005559416261292564,0.02150923218036186,0.03961084086170952,0.05599084943470905,0.12300208478109799,0.1256815306965273
T254-1-1-USS-4,3599.0,0.33731592108919145,0.29338856782372036,ok,0.0008335648791330926,0.004579611839703809,0.04445679355376494,0.052821098962827565,0.24562378438455126,0.2339778584537549,0.1197554876354543,0.13409194991231738,0.08057793831619894,0.08567419426252522,0.135037510419561,0.13147583776510538,0.017782717421505972,0.038562882695546474,0.018616282300639067,0.025427998284498928,0.33731592108919145,0.29338856782372036
T306-1-1-4,1395.0,0.6293906810035842,0.5402459955529584,ok,0.0,0.0014345186018403886,0.0035842293906810036,0.01412419432310628,0.017921146953405017,0.05283882137576256,0.22007168458781362,0.23043247889035817,0.017921146953405017,0.023473042840171293,0.1053763440860215,0.11899443239540505,0.005734767025089606,0.01813659459099839,0.0,0.0003199214293994511,0.6293906810035842,0.5402459955529584
T260-1-1-USS,1867.0,0.3802892340653455,0.355204686860206,ok,0.0,0.002535282774124247,0.0058918050348152114,0.008635583405820655,0.4129619710765935,0.371623578521204,0.046063202999464384,0.07718519844022542,0.023567220139260846,0.028431175226200058,0.08944831280128548,0.09502662895551042,0.032137118371719335,0.03755949631534414,0.0096411355115158,0.023798369501365102,0.3802892340653455,0.355204686860206
T269-1-1-USS,2780.0,0.0035971223021582736,0.00854440557386036,ok,0.09460431654676259,0.09682502560734384,0.001079136690647482,0.005754876612898064,0.42697841726618707,0.3796943438544059,0.05251798561151079,0.0637079761640992,0.32877697841726616,0.30702080677439836,0.008633093525179856,0.019048894657780435,0.001079136690647482,0.004931203808250236,0.08273381294964029,0.11447246694696356,0.0035971223021582736,0.00854440557386036
T170-1-1-USS-2,3845.0,0.17373211963589077,0.16897913434829664,ok,0.007282184655396619,0.011893226699632891,0.006501950585175552,0.018128931542008963,0.21404421326397918,0.19428159082799865,0.11625487646293887,0.11934847074624978,0.1211963589076723,0.1318481606434703,0.018985695708712613,0.024906968289277364,0.3201560468140442,0.3044213814660152,0.02184655396618986,0.026192135437050217,0.17373211963589077,0.16897913434829664
T318-3,2273.0,0.24769027716674,0.24088482753230883,ok,0.0,0.0011595715015600518,0.0026396832380114386,0.005037249116545724,0.2388913330400352,0.2403536949422219,0.22613286405631325,0.216107991792844,0.05323361196656401,0.05802617246943402,0.09062912450505939,0.092413427227462,0.13858336999560053,0.1388678771302204,0.002199736031676199,0.007149188287403039,0.24769027716674,0.24088482753230883
