slide_id,n_tiles_used,tumor_fraction,mean_p_tum,status,frac_ADI,meanP_ADI,frac_BACK,meanP_BACK,frac_DEB,meanP_DEB,frac_LYM,meanP_LYM,frac_MUC,meanP_MUC,frac_MUS,meanP_MUS,frac_NORM,meanP_NORM,frac_STR,meanP_STR,frac_TUM,meanP_TUM
1210-2-16,4744.0,0.0,0.003302010338368697,ok,0.00927487352445194,0.025702915170087548,0.022344013490725127,0.031067000990579047,0.10602866779089376,0.12681090738234843,0.0042158516020236085,0.010608720616594921,0.2565345699831366,0.23730331764434193,0.5950674536256324,0.5482086294092069,0.00505902192242833,0.010121977602164574,0.001475548060708263,0.006874520846307995,0.0,0.003302010338368697
HP1353_21_1.pyramidal,3604.0,0.0,0.0003188830983862881,ok,0.0022197558268590455,0.07618602887708896,0.6462264150943396,0.505660851237736,0.35127635960044395,0.38704843430026564,0.0,0.0008912694053074177,0.0,0.0005815495924313818,0.0002774694783573807,0.019197740983318806,0.0,0.0035833667336910057,0.0,0.006531875771774437,0.0,0.0003188830983862881
HP1458_22.pyramidal,12877.0,0.0006212627164712278,0.0012952588646850047,ok,0.004193523336180787,0.009607714098211966,0.005125417410887629,0.006056327474162074,0.05016696435505164,0.05628939488806786,0.0028733400636794283,0.005015513172980811,0.08860759493670886,0.08757491219020924,0.7716082938572649,0.7593294226999462,0.07641531412596102,0.07402316772013375,0.00038828919779451736,0.0008082888916030418,0.0006212627164712278,0.0012952588646850047
MSI_B23_2132,1885.0,0.0,4.3401097565655994e-05,ok,0.0,0.08499881013925459,0.846684350132626,0.5734301901932138,0.1506631299734748,0.3059778695013181,0.0,0.001149032713865347,0.0,0.0006402292844212824,0.002652519893899204,0.02208331603893251,0.0,0.009678266717614778,0.0,0.001998884313813947,0.0,4.3401097565655994e-05
1210-3-16,3897.0,0.00025660764690787786,0.0022711904662503913,ok,0.007698229407236336,0.021565512603831122,0.010520913523222993,0.016461959586790215,0.16653836284321272,0.17304636386635103,0.0,0.0013379090123122887,0.024890941750064153,0.037139697986719976,0.7893251218886322,0.7442507691153236,0.00025660764690787786,0.0012550996986554499,0.0005132152938157557,0.002671497663765845,0.00025660764690787786,0.0022711904662503913
b22_1101_msi,20121.0,0.1856269569106903,0.1714647434968637,ok,0.003031658466279012,0.009032732004906376,0.03160876695989265,0.036002164777968526,0.2921325977834104,0.29590378236683124,0.028080115302420355,0.04529768838479473,0.05461955171214154,0.05819660909697225,0.39058694895879925,0.36444318761311584,0.01361761343869589,0.017856394488933586,0.000695790467670593,0.0018026977696138234,0.1856269569106903,0.1714647434968637
HP2074_21_5.pyramidal,11410.0,0.0,0.00016390360588788838,ok,0.0007011393514460999,0.10644119421136228,0.5723926380368098,0.45694267118837717,0.4268185801928133,0.4170022600873365,0.0,0.0007028657879252206,0.0,0.00016304163174301988,8.764241893076249e-05,0.013564885956888746,0.0,0.003029956162174313,0.0,0.0019892213683049675,0.0,0.00016390360588788838
B22_3700_MSI.pyramidal,13044.0,0.0,0.0005469578764362548,ok,0.0,0.00038211167878654,0.001609935602575897,0.004603619473251896,0.8683685985893898,0.8179173001004131,7.666360012266176e-05,0.0025668993754918656,0.0026065624041705,0.006103142829952854,0.12503833180006133,0.16048940191324557,0.001916590003066544,0.0061603751431826,0.0003833180006133088,0.0012301916092394378,0.0,0.0005469578764362548
HP2911_22_5.pyramidal,17924.0,0.002845347020754296,0.00793947950022367,ok,0.005858067395670609,0.010665413071525865,0.00981923677750502,0.009125607135077951,0.23231421557688017,0.23809978058788595,0.0004463289444320464,0.0009854275035322759,0.0052443650970765456,0.007923981516903416,0.6798147734880607,0.6617132898271032,0.06332291899129659,0.06220183798339356,0.0003347467083240348,0.0013451828743541187,0.002845347020754296,0.00793947950022367
b22_1285_22,13148.0,0.0009126863401277761,0.0028159650153325257,ok,0.010800121691512017,0.022909419029371818,0.0019014298752662003,0.0036172969679024907,0.3065865530879221,0.3087115993382883,0.008670520231213872,0.01184379538033878,0.008214177061149984,0.017870381542198343,0.6612412534225738,0.6273677466654319,0.001445086705202312,0.0034315490069799282,0.00022817158503194403,0.0014322470541558634,0.0009126863401277761,0.0028159650153325257
HP2321_21.pyramidal,7679.0,0.0018231540565177757,0.00419973390309991,ok,0.0007813517385076181,0.0032461770145108225,0.06914962885792421,0.07535233811892689,0.6965750748795416,0.6570131625531481,0.0,0.000200209609163341,0.03333767417632504,0.04397724761693639,0.1959890610756609,0.21128099233224462,0.0023440552155228546,0.003894524091053614,0.0,0.0008356147609163168,0.0018231540565177757,0.00419973390309991
HP2069_21.pyramidal,14130.0,0.00148619957537155,0.0033162798455222534,ok,0.005095541401273885,0.01230060897538818,0.026043878273177636,0.027363083872545366,0.10445859872611465,0.10667324108980998,0.0,0.0008484853360220903,0.016065109695682943,0.022718809703081242,0.7777070063694268,0.7605805704131927,0.06829440905874026,0.06484999271918983,0.0008492569002123143,0.0013489280452483468,0.00148619957537155,0.0033162798455222534
b23_2222msi,1460.0,0.017123287671232876,0.018628635371440994,ok,0.012328767123287671,0.0663702799961328,0.4191780821917808,0.3432994689569049,0.38972602739726026,0.3953698735827575,0.0013698630136986301,0.007652742042854481,0.00821917808219178,0.013291175560959692,0.12465753424657534,0.12308560656570859,0.0273972602739726,0.031521699286557105,0.0,0.0007805186366839994,0.017123287671232876,0.018628635371440994
1210-4-16,1687.0,0.0011855364552459987,0.005407073058743683,ok,0.01896858328393598,0.03336573276851729,0.011855364552459988,0.01829726963466859,0.17012448132780084,0.17459978298124873,0.005334914048606995,0.010843534553765159,0.11855364552459988,0.1170390450401001,0.6727919383521044,0.6345078296206204,0.0011855364552459987,0.004912286753123163,0.0,0.0010274455892128713,0.0011855364552459987,0.005407073058743683
HP2020_22.pyramidal,12164.0,0.0010687273923051627,0.006676462300973162,ok,0.004110489970404472,0.009347974423830993,0.0030417625780993092,0.009386461135109589,0.17790200591910554,0.18281772875297392,0.0,0.00031323143686461325,0.22541926997698125,0.22707098647038415,0.5760440644524827,0.543508092907929,0.010111805327195002,0.017341348137522933,0.0023018743834265043,0.00353771443441157,0.0010687273923051627,0.006676462300973162
B2581_22_MSI.pyramidal,2992.0,0.0016711229946524064,0.005344237539842267,ok,0.0,0.00018454732870949028,0.0016711229946524064,0.004513955343640484,0.13970588235294118,0.13228567056527651,0.0053475935828877,0.01259509141875854,0.0006684491978609625,0.0017425714616814895,0.027740641711229946,0.03417662581334374,0.8231951871657754,0.8091347794229289,0.0,2.2521105818640603e-05,0.0016711229946524064,0.005344237539842267
MSI-B464-23-,20440.0,4.892367906066536e-05,0.000405532772582095,ok,9.784735812133073e-05,0.04104348672338981,0.26413894324853227,0.2919455155252686,0.6879158512720157,0.5300616626329877,0.0013209393346379648,0.0024190015059533873,0.0017612524461839531,0.002745745280430802,0.04432485322896282,0.12401113291324853,0.00019569471624266145,0.0028265381307496207,0.00019569471624266145,0.004541384515389534,4.892367906066536e-05,0.000405532772582095
MSI-B985-22,16920.0,0.0,0.0002621723505539979,ok,0.0,0.043154639978822545,0.20916075650118204,0.2870236771551301,0.7734633569739953,0.5727863762886856,0.0,0.0009482564073396713,0.0,0.0003113154170558612,0.017375886524822696,0.08927699377886662,0.0,0.00169383515688918,0.0,0.004542733466656503,0.0,0.0002621723505539979
MSI-B985_3_22,16995.0,0.0,0.0002893714422318885,ok,0.0,0.043166659623965535,0.20447190350102973,0.2796638210983547,0.7785230950279494,0.5756075066361312,0.0,0.0009716566406469863,0.0,0.00031633346503708276,0.017005001471020888,0.09329299169514842,0.0,0.00166585787945849,0.0,0.005025801519025616,0.0,0.0002893714422318885
MSI-B1919-22,15505.0,0.12447597549177684,0.13214444601541392,ok,0.0,0.0007053816150373938,0.0018703643985811028,0.007501962757834759,0.326539825862625,0.3282121633949988,0.34356659142212187,0.3097004846511982,0.0023218316672041278,0.006670555078534509,0.17155756207674944,0.1733735662129854,0.029538858432763625,0.0410473971001275,0.0001289906481780071,0.0006440431738694348,0.12447597549177684,0.13214444601541392
MSI_B975-22,55.0,0.0,0.0003689076307086946,ok,0.0,0.03508273649931955,0.41818181818181815,0.4078610814633162,0.5818181818181818,0.5090510255260932,0.0,0.0009871186419071008,0.0,0.0007236407496894635,0.0,0.03599304940905793,0.0,0.003015485567252087,0.0,0.00691695451265608,0.0,0.0003689076307086946
MSI_B2581-22,468.0,0.0,0.0019109754922799023,ok,0.038461538461538464,0.08009411082384156,0.5299145299145299,0.4243086150882907,0.04700854700854701,0.07069927831456511,0.14743589743589744,0.16201639889245742,0.1452991452991453,0.1487163359071871,0.0641025641025641,0.06365708982852687,0.02564102564102564,0.04073893642072207,0.002136752136752137,0.007858259232129332,0.0,0.0019109754922799023
MSI-B2912_3_22,22078.0,0.016260530845185254,0.018239066016859144,ok,0.004846453483105354,0.043407148199568875,0.5108705498686475,0.42141989868128266,0.28838662922366154,0.3124646174132081,0.002083522058157442,0.005539824249459276,0.0031252830872361627,0.0070412522212865815,0.12301838934686113,0.13470257937348404,0.04194220490986503,0.045289772244777315,0.00946643717728055,0.011895841600074017,0.016260530845185254,0.018239066016859144
MSI-B2912-2-22A,22232.0,0.10664807484706729,0.10672197324496234,ok,0.0001799208348326736,0.0016841351369619086,0.005802446923353724,0.006335366708455359,0.1908960057574667,0.19071186485017985,0.00508276358402303,0.008353007215368368,0.03211586901763224,0.034386887364492566,0.40257286793810726,0.39429492283763057,0.2500449802087082,0.24903120545787255,0.006657070888808924,0.008480637184076477,0.10664807484706729,0.10672197324496234
MSI-B2912-2-22,22185.0,0.01613702952445346,0.017628802684197167,ok,0.0043272481406355645,0.04555012143537858,0.5265269326121254,0.4363372368538426,0.301419878296146,0.32250452182638206,0.0016677935542032906,0.00488759963500882,0.0025242280820374128,0.006426605842250459,0.0949290060851927,0.10786492199035663,0.04151453684922245,0.0452632338655857,0.010953346855983773,0.013536955866997932,0.01613702952445346,0.017628802684197167
MSI-B138-22,26046.0,0.02491745373569838,0.03364748315661998,ok,0.0003455425017277125,0.002724501001950521,0.008676956154495891,0.0085453809518371,0.20160485295246872,0.1932105730136763,0.020694156492359672,0.026229734638688745,0.023381709283575212,0.036116094413883595,0.5967902940950626,0.5774027590713828,0.1229363433924595,0.12088531912974668,0.0006526913921523458,0.0012381546222142781,0.02491745373569838,0.03364748315661998
MSI_B110-23,3315.0,0.09170437405731523,0.09939927073519016,ok,0.0006033182503770739,0.007535487399038394,0.05520361990950226,0.07927578594523879,0.24524886877828053,0.21861663398899522,0.03046757164404223,0.06154963636454975,0.18401206636500755,0.17851531310730526,0.11372549019607843,0.10857605336538349,0.2784313725490196,0.24499443684093453,0.0006033182503770739,0.0015373822533643613,0.09170437405731523,0.09939927073519016
MSI-B634_2_22,1807.0,0.0,0.00022966589388443125,ok,0.0,0.05083477588011282,0.3303818483674599,0.37235506698488346,0.6646375207526287,0.514707421465778,0.0,0.0009194082232558831,0.0,0.00041138977685905903,0.004980630879911455,0.054551287656995434,0.0,0.0017239827441027414,0.0,0.0042670013741282166,0.0,0.00022966589388443125
MSI-B138-22-,26015.0,0.02125696713434557,0.028523059523635205,ok,0.00019219680953296174,0.002470767565245497,0.009225446857582165,0.0099299234897992,0.15840861041706708,0.1516579622106702,0.004689602152604267,0.007641648385455523,0.029021718239477225,0.04273290743173667,0.6740726503940034,0.6551417799136686,0.1014799154334038,0.09924313823656271,0.001652892561983471,0.0026588132432262736,0.02125696713434557,0.028523059523635205
MSI-B985-22-,16459.0,0.06227595844218968,0.07070497289636365,ok,0.00012151406525305304,0.0022880062547591205,0.0018227109787957957,0.0038220082917876266,0.2777203961358527,0.2574870940901833,0.06124308888753873,0.06889637226493821,0.052615590254571964,0.05767397173685459,0.43404824108390544,0.42477488190395213,0.10978795795613343,0.11370472392121701,0.00036454219575915913,0.0006479686399443363,0.06227595844218968,0.07070497289636365
B-1650-4-23,5061.0,0.0027662517289073307,0.00593935786111989,ok,0.00019758940920766647,0.0013756661532472233,0.005730092867022327,0.009844720731447558,0.12072712902588421,0.11935474260689231,0.0015807152736613318,0.007206797835478026,0.07330567081604426,0.08230430553651812,0.26891918593163405,0.275080832764065,0.5267733649476388,0.4988238353032987,0.0,6.974120793318678e-05,0.0027662517289073307,0.00593935786111989
MSI_B111-23,14058.0,0.4463650590411154,0.4102365180549024,ok,7.113387395077535e-05,0.0015886836021808967,0.006259780907668232,0.008592344212048061,0.0597524541186513,0.0737154552732112,0.08087921468203159,0.09827794950732174,0.017712334613743063,0.023545320800180916,0.30993028880352824,0.2982227665611479,0.07888746621140988,0.08518401104408695,0.0001422677479015507,0.0006369509449199177,0.4463650590411154,0.4102365180549024
B1096_22_MSI.pyramidal,863.0,0.0,0.00021911717777718944,ok,0.0,0.001188535443220417,0.0,0.0014531802840843358,0.27578215527230593,0.25852615839693266,0.005793742757821553,0.0125057646567868,0.010428736964078795,0.01901188272496404,0.20046349942062572,0.20612924809260347,0.507531865585168,0.5006883543026495,0.0,0.0002777589209816864,0.0,0.00021911717777718944
MSI--634-22B,1765.0,0.0,0.00023447889671590798,ok,0.0,0.049145463768437356,0.311614730878187,0.35136528938724454,0.6821529745042493,0.5333497162999067,0.0,0.0009314983344078762,0.0,0.00039240323928486676,0.006232294617563739,0.05837447992275665,0.0,0.001715074320471837,0.0,0.004491595830774257,0.0,0.00023447889671590798
MSI-B516-23,4614.0,0.0,0.0017243846586047886,ok,0.0023840485478977026,0.005196553965485677,0.0,0.002613549103160937,0.3621586475942783,0.35973645166055246,0.00021673168617251842,0.0019750489668434483,0.021456436931079324,0.03608712295944552,0.6018638925010836,0.5755242044075864,0.00021673168617251842,0.0012649033277158629,0.011703511053315995,0.015877780950604874,0.0,0.0017243846586047886
MSI_B955_4_21,9154.0,0.043915228315490495,0.04994169463371362,ok,0.001529386060738475,0.006334294547066611,0.0019663535066637536,0.0037047240291479574,0.30871750054620933,0.2846543499841417,0.08990605199912606,0.10545765428039539,0.022066856019226568,0.03357965638824638,0.47902556259558665,0.44331580814471694,0.05036049814288836,0.06683009041040552,0.002512562814070352,0.006181727582165859,0.043915228315490495,0.04994169463371362
MSI-B634-22,1815.0,0.0,0.00021939789393853393,ok,0.0,0.049958699341805,0.31955922865013775,0.36648288315658306,0.6721763085399449,0.5223279979028954,0.0,0.0009158896868466305,0.0,0.0004014127251525842,0.008264462809917356,0.053764574869518314,0.0,0.001714554401423656,0.0,0.004214590021836772,0.0,0.00021939789393853393
MSI_B951_7_21,21564.0,0.06710257837135968,0.06611355016921586,ok,0.001576701910591727,0.0036764368619816874,0.003246150992394732,0.007114211155795585,0.27652569096642554,0.2623872014327284,0.12729549248747912,0.13386921174577393,0.027638657020960862,0.04082974217878971,0.4123075496197366,0.38549577149248715,0.04424040066777963,0.056158595552571904,0.04006677796327212,0.044355279410655805,0.06710257837135968,0.06611355016921586
MSI_B957_23.pyramidal,13952.0,0.0,0.0001777937348796008,ok,0.0037270642201834864,0.06548693953971575,0.36869266055045874,0.3500633880250061,0.619911123853211,0.53325832860279,0.0,0.0006321743804601614,0.0,0.0005226607848033896,0.007669151376146789,0.04272071139810563,0.0,0.0016288373429950806,0.0,0.005509166191244273,0.0,0.0001777937348796008
MSI_B900_23.pyramidal,1192.0,0.0041946308724832215,0.008513802430316105,ok,0.0,0.0021580416591780414,0.0,0.002720108285149086,0.23154362416107382,0.2359942550308194,0.0,0.0013233987933776612,0.06963087248322147,0.07986483124297802,0.25083892617449666,0.25302744126903265,0.4437919463087248,0.4163765071239171,0.0,2.1614165231970613e-05,0.0041946308724832215,0.008513802430316105
MSI-B634-22B,1625.0,0.0,0.00023368505191745056,ok,0.0,0.04431642313896425,0.14584615384615385,0.2798454097662175,0.8387692307692308,0.5802063908237667,0.0,0.0009101220171048444,0.0,0.0002813645446855132,0.015384615384615385,0.08902468370973282,0.0,0.0015447316008095318,0.0,0.003637189346801331,0.0,0.00023368505191745056
MSI_B1559_12,15624.0,0.1975806451612903,0.18195126510657972,ok,0.0013440860215053765,0.005318425982804908,0.0017921146953405018,0.005620175514121409,0.271505376344086,0.27519619336217477,0.07827700972862263,0.09118338676867295,0.128584229390681,0.13188110113852422,0.25857654889912957,0.23218124690181435,0.02880184331797235,0.0405234873340917,0.03353814644137225,0.03614471789121595,0.1975806451612903,0.18195126510657972
MSI_B1988_2_21,17440.0,0.0330848623853211,0.040983525696720376,ok,0.004988532110091743,0.015834678747487667,0.0022935779816513763,0.00409591965062265,0.24053899082568808,0.24071074427937847,0.0010894495412844037,0.004574275273426733,0.03216743119266055,0.0403634179456768,0.670355504587156,0.6313856047026046,0.013417431192660551,0.017624012219401897,0.0020642201834862386,0.004427821484680699,0.0330848623853211,0.040983525696720376
MSI_B1719_21,1138.0,0.061511423550087874,0.08071047873889813,ok,0.0,0.001702340636775307,0.006151142355008787,0.01663369757718649,0.29789103690685415,0.2828095476927493,0.0773286467486819,0.08139542752959678,0.004393673110720563,0.00894016815979774,0.14147627416520211,0.14229722140139983,0.4112478031634446,0.38544141639070273,0.0,6.970187289370034e-05,0.061511423550087874,0.08071047873889813
MSI-B985-3-22-,16567.0,0.07484758857970665,0.07797382001233763,ok,0.0005432486267881934,0.004600345481555395,0.012736162250256535,0.013520142463428508,0.25122230941027346,0.23262826985188814,0.0781070803404358,0.09072591297588321,0.03350033198527193,0.040016951734082436,0.42210418301442626,0.4076611705018096,0.12687873483430917,0.132657115779352,6.036095853202149e-05,0.00021627119966313442,0.07484758857970665,0.07797382001233763
MSI_B975-22_,716.0,0.009776536312849162,0.02906366462577262,ok,0.0,0.002916201993855206,0.0013966480446927375,0.004673525415964785,0.3477653631284916,0.2985643772889,0.08100558659217877,0.08576473350812344,0.05307262569832402,0.0681529094524658,0.12430167597765363,0.13261579776678642,0.38268156424581007,0.37678369165833053,0.0,0.001465098289801195,0.009776536312849162,0.02906366462577262
H1487-22-A11,3579.0,0.0,0.0004922873663540325,ok,0.030176026823134954,0.04588348737260418,0.1173512154233026,0.1089560813517015,0.15618887957530037,0.16285085990400008,0.0,0.0002990784383210525,0.04442581726739313,0.05959573444810805,0.6512992455993294,0.619295033963495,0.0,0.00015636026538526427,0.0005588153115395362,0.0024710768900309934,0.0,0.0004922873663540325
H905-22-5,3045.0,0.053530377668308704,0.07925688980070798,ok,0.0,0.0004950633155955292,0.014121510673234812,0.025880872098905335,0.8738916256157635,0.7932319229485101,0.0,0.001547771235396612,0.02857142857142857,0.046793051027786865,0.02200328407224959,0.04102477470511941,0.007553366174055829,0.010132217843428337,0.0003284072249589491,0.0016374370245497085,0.053530377668308704,0.07925688980070798
H79-21-B-1,981.0,0.23649337410805302,0.22859293226424302,ok,0.0,0.0004543987205779555,0.0,0.0015516540953721314,0.38634046890927626,0.3643157157725429,0.0,0.003245992750026247,0.0010193679918450561,0.004532710604400001,0.12844036697247707,0.14743899284850384,0.24770642201834864,0.24985311013971956,0.0,1.4492804614319673e-05,0.23649337410805302,0.22859293226424302
H970-23-EX3,2258.0,0.0141718334809566,0.022696619759491447,ok,0.027015057573073518,0.051244371302219566,0.0141718334809566,0.01597796178685826,0.06864481842338352,0.06261688393363622,0.0,0.001915607099418262,0.0283436669619132,0.04533956274402988,0.8476527900797166,0.7983649009120476,0.0,0.001177504077507131,0.0,0.0006665883847916434,0.0141718334809566,0.022696619759491447
H1986-22-A4,7363.0,0.0004074426184978949,0.0021679084157131753,ok,0.5452940377563493,0.4836635868524091,0.3561048485671601,0.3756634217546503,0.036534021458644574,0.0643533267332204,0.0014939562678256146,0.001781752973284978,0.013038163791932636,0.02331580937929249,0.004210240391144914,0.009275877316899545,0.04291728914844493,0.039635388058357084,0.0,0.00014292851617296116,0.0004074426184978949,0.0021679084157131753
H1633-22-8,7280.0,0.00013736263736263736,0.0007404407326239137,ok,0.0635989010989011,0.06919217404864424,0.027335164835164835,0.0296960031013572,0.03543956043956044,0.04550190405923433,0.030357142857142857,0.046180467136082336,0.03214285714285714,0.041762066971283936,0.8072802197802198,0.758918366163249,0.0005494505494505495,0.0007971566184669607,0.0031593406593406594,0.007211421169058044,0.00013736263736263736,0.0007404407326239137
H-353-1-22-B,5678.0,0.0,0.0006202449018612023,ok,0.00017611835153222966,0.002547032970240114,0.0007044734061289186,0.0021039943485450193,0.022719267347657626,0.02666028652235002,0.0015850651637900669,0.0023045699034122875,0.0024656569214512153,0.005676418202845137,0.9166960197252554,0.9011135444582975,0.055653399084184575,0.05889920997964929,0.0,7.469871279942804e-05,0.0,0.0006202449018612023
H-350-5-22,4437.0,0.0160018030200586,0.026226987407835765,ok,0.0,0.003794409248674995,0.02479152580572459,0.03318628602947732,0.02434077079107505,0.031747121932536135,0.0,0.0022046116715896654,0.018931710615280595,0.035773841075199514,0.31868379535722335,0.3175789234942737,0.5972503944106378,0.5494306268779859,0.0,5.719226242689003e-05,0.0160018030200586,0.026226987407835765
H1628-22-B1,3641.0,0.0,0.0020360784839338845,ok,0.09338093930238946,0.10265691342188143,0.2125789618236748,0.2193219738277949,0.640208733864323,0.5833223568032917,0.0,0.0005774003894498912,0.02636638286185114,0.04740462950175959,0.027190332326283987,0.0419796974325289,0.0,0.000336473701057837,0.00027464982147761604,0.002364476438301816,0.0,0.0020360784839338845
H1628-22-B9-1,2631.0,0.0003800836183960471,0.001293446697845055,ok,0.023185100722158875,0.053590341807511224,0.6100342075256556,0.5450781911438906,0.23527175978715317,0.23777168735284904,0.0,0.0007237998079022534,0.11554541999239833,0.13018957691507035,0.015583428354237932,0.027198794832784406,0.0,0.00030184741552155716,0.0,0.0038523140266255303,0.0003800836183960471,0.001293446697845055
H1440-21-21,745.0,0.0,3.63964347896533e-05,ok,0.012080536912751677,0.017856354293374056,0.056375838926174496,0.05583118600784334,0.004026845637583893,0.007250393308878891,0.29395973154362415,0.32205233275495954,0.0,0.003922061256473281,0.6335570469798658,0.5928738617195257,0.0,5.760960811310978e-05,0.0,0.00011980461604242998,0.0,3.63964347896533e-05
H744-22-4,4361.0,0.0016051364365971107,0.003263718504041485,ok,0.04127493694106856,0.06526679952026851,0.00343957807842238,0.007121961833743317,0.019490942444393488,0.026408463986654977,0.0,0.00012505302074662943,0.0016051364365971107,0.007292959839220436,0.9318963540472369,0.887797074725498,0.00022930520522815867,0.0006159935182926838,0.00045861041045631735,0.0021079750515340502,0.0016051364365971107,0.003263718504041485
H742-22-37,2851.0,0.0,0.0054193363206314835,ok,0.00350754121360926,0.00586307294927326,0.055419151175026306,0.06353187954637451,0.5282357067695546,0.4813377398556778,0.032970887407927044,0.04862275502865252,0.0,0.0005733521453536467,0.379165205191161,0.38893949935719757,0.0007015082427218519,0.005136691448528911,0.0,0.0005756733483103625,0.0,0.0054193363206314835
H1560-22-1,6970.0,0.0,0.000666776823538051,ok,0.015494978479196557,0.024177168294614814,0.03787661406025825,0.03810239166268895,0.08479196556671449,0.09097011032762442,0.00014347202295552367,0.00037967231789492366,0.027259684361549498,0.037306724782469186,0.7489239598278336,0.7253118244162168,0.08464849354375897,0.08135316361291962,0.000860832137733142,0.0017321677620332706,0.0,0.000666776823538051
H533-22-7-2,11628.0,0.07576539387684898,0.07625997909911442,ok,0.0005159958720330237,0.0024153191880964286,0.0006019951840385277,0.0019375224562780068,0.6046611627106984,0.5917141833034928,0.0014619883040935672,0.00632300168470823,0.009459924320605434,0.01858297820402791,0.30727554179566563,0.3012289030006381,0.0,0.00032708609317332185,0.00025799793601651185,0.001211026970470815,0.07576539387684898,0.07625997909911442
H1079-22-9,3949.0,0.0025322866548493288,0.005125103746302938,ok,0.0007596859964547987,0.0077890162052910855,0.002785515320334262,0.003707845045372764,0.029374525196252214,0.037318630154094146,0.0,0.0006598959454552118,0.03140035452013168,0.04222348609436886,0.886806786528235,0.859039156263158,0.04634084578374272,0.04395477781916798,0.0,0.00018208872678902434,0.0025322866548493288,0.005125103746302938
H-353-2-22-B,10400.0,0.0,0.00043529123216268554,ok,0.0001923076923076923,0.001722894152427945,0.005288461538461539,0.009397504224720934,0.057596153846153846,0.0563972274493639,0.0008653846153846154,0.001703871210068668,0.003269230769230769,0.006647937231988252,0.8711538461538462,0.8626180365836976,0.06144230769230769,0.060620133139027005,0.0001923076923076923,0.00045710477654301664,0.0,0.00043529123216268554
H561-23,808.0,0.15099009900990099,0.15487325582159064,ok,0.0,0.0003874089486078497,0.0,0.00010410641820594073,0.568069306930693,0.5528468298175604,0.0,0.0001702848910181334,0.0012376237623762376,0.0021032741287612348,0.27970297029702973,0.2892418436195569,0.0,0.00018007279888090295,0.0,9.292355581793869e-05,0.15099009900990099,0.15487325582159064
H82-23-12,4067.0,0.0,0.0008116026267363038,ok,0.0,0.0011049325704622585,0.0,0.000605212120366252,0.03073518564052127,0.03589199485424365,0.0009835259404966806,0.0017819435939285752,0.014507007622326039,0.0188378562630812,0.7831325301204819,0.7727906476694989,0.1703958691910499,0.16786707193998396,0.00024588148512417015,0.0003087383616988802,0.0,0.0008116026267363038
H742-22-36B,3836.0,0.0007820646506777894,0.004156842538857453,ok,0.014598540145985401,0.019032167117791324,0.017205422314911366,0.020907297876801553,0.6686652763295099,0.6270930280619471,0.020072992700729927,0.03270606858345295,0.0005213764337851929,0.0015867294213634114,0.27763295099061525,0.29247152769748386,0.0005213764337851929,0.002000699362861559,0.0,4.5639339440966154e-05,0.0007820646506777894,0.004156842538857453
H1079-22-8,4582.0,0.0,8.599692240294075e-05,ok,0.005237887385421213,0.05005741426327912,0.6416412047140987,0.5588542151566394,0.3505019642077695,0.3761432901972555,0.0,0.00036555261347712587,0.0,0.001070926190764266,0.0026189436927106066,0.010660896230719022,0.0,0.0010949513222549931,0.0,0.0016667571032076933,0.0,8.599692240294075e-05
H1175-21-D9,803.0,0.0,0.00019689302708850482,ok,0.017434620174346202,0.03592935445417006,0.11830635118306351,0.11297251671529755,0.1133250311332503,0.13046157101027517,0.0896637608966376,0.08814944937660016,0.024906600249066,0.04878017017563492,0.6313823163138231,0.5728402026317675,0.0024906600249066002,0.005694594503121518,0.0024906600249066002,0.004975248106044651,0.0,0.00019689302708850482
H970-23-6,6321.0,0.00031640563202024995,0.0010323984020924727,ok,0.00015820281601012498,0.0033518652412432856,0.014871064704951748,0.016934233480493124,0.21768707482993196,0.22362914338326106,0.0014238253440911248,0.0038745190800407096,0.012339819648789748,0.02237470456491913,0.7530454042081949,0.7275991401350788,0.00015820281601012498,0.0009036074137085581,0.0,0.00030038829916281373,0.00031640563202024995,0.0010323984020924727
H1986-22-A9,3605.0,0.0,9.279904515757514e-05,ok,0.3317614424410541,0.35525237887890454,0.5828016643550624,0.5398480847089284,0.07406380027739251,0.08397686224623639,0.0,8.684953082708424e-05,0.004438280166435506,0.009755657613787513,0.006934812760055479,0.010562869963872078,0.0,1.8275676140146188e-05,0.0,0.0004062223361462363,0.0,9.279904515757514e-05
H1006-21,1149.0,0.012184508268059183,0.020940956702423297,ok,0.0,0.0005890843925665779,0.0008703220191470844,0.00670475728191995,0.43429068755439515,0.41723398247797533,0.0017406440382941688,0.007530537533514516,0.03220191470844212,0.03203300728836409,0.15839860748476936,0.16964821296831964,0.360313315926893,0.3451626078624316,0.0,0.00015685349248496862,0.012184508268059183,0.020940956702423297
H1175-21-B2,7509.0,0.0018644293514449327,0.00385454071744878,ok,0.0014649087761353043,0.006092632085997846,0.01584764948728193,0.019979591861859578,0.054734318817419095,0.05470151656169191,0.00998801438274071,0.013789589310706438,0.02823278732188041,0.03723370965351601,0.32574244240245037,0.3078397354563265,0.5611932347849248,0.5543108806958628,0.0009322146757224664,0.0021978036565902816,0.0018644293514449327,0.00385454071744878
H82-23-16,3403.0,0.008521892447840141,0.008256125749223062,ok,0.0002938583602703497,0.005635100584904272,0.0002938583602703497,0.0006602323431978337,0.012929767851895386,0.01826637204729986,0.11578019394651778,0.11989276482467394,0.0029385836027034967,0.005906156443942065,0.8589479870702321,0.8387060643425543,0.0,0.0011007667212107085,0.0002938583602703497,0.0015764169429940266,0.008521892447840141,0.008256125749223062
H744-22-5,7183.0,0.1070583321731867,0.12402260607061373,ok,0.0,0.0017788147269517584,0.0005568703884170959,0.0024204169919412118,0.43909230126688015,0.42281793083195,0.0,0.0009961671974399301,0.0,0.003397959198170026,0.45329249617151607,0.4430692913175103,0.0,0.0008661442275518541,0.0,0.0006306694378711552,0.1070583321731867,0.12402260607061373
H-1236-B-21,1081.0,0.009250693802035153,0.014462284042485545,ok,0.0027752081406105457,0.010657061612268382,0.01757631822386679,0.027381030919701198,0.393154486586494,0.3717612375598425,0.0074005550416281225,0.010255331850134374,0.1341350601295097,0.13443472007292703,0.2858464384828862,0.27734236534621215,0.13506012950971322,0.13319632765238737,0.014801110083256245,0.020509640944041424,0.009250693802035153,0.014462284042485545
H215-23-3,1589.0,0.0,0.0009625618255512411,ok,0.005034612964128383,0.01241258467560314,0.0006293266205160479,0.002281261754422612,0.056639395846444306,0.08935502712407135,0.0006293266205160479,0.00237171658325421,0.016362492133417242,0.0322195022445439,0.920704845814978,0.8560821348992417,0.0,0.001000886329789313,0.0,0.003314324563522548,0.0,0.0009625618255512411
H1205-23-C,1260.0,0.1380952380952381,0.14670981135705047,ok,0.0,0.002319161822329018,0.04047619047619048,0.043474390966737275,0.36984126984126986,0.3363979391277752,0.0,0.0020946382830644926,0.012698412698412698,0.027253850593100107,0.09365079365079365,0.10191229788496474,0.34523809523809523,0.33965853724686723,0.0,0.0001793727181115034,0.1380952380952381,0.14670981135705047
H1633-22-14,8008.0,0.0,0.00035479549676508337,ok,0.0501998001998002,0.06922446062650088,0.036463536463536464,0.04059057384238631,0.08491508491508491,0.09881895773161942,0.09827672327672328,0.0983765700110668,0.06630869130869131,0.07910172069105047,0.652972027972028,0.599859648085463,0.00024975024975024975,0.0010534724132064107,0.010614385614385614,0.012619801101941688,0.0,0.00035479549676508337
H742-22-38,8021.0,0.059842912355067945,0.05733284486430155,ok,0.0006233636703652911,0.0054231329486687805,0.001122054606657524,0.0016741051585384993,0.4414661513526992,0.44485782239119753,0.006857000374018202,0.011116925423930387,0.0012467273407305822,0.007523847319600385,0.48809375389602294,0.4697338055211685,0.0007480364044383493,0.0017878767901273287,0.0,0.0005496395824670609,0.059842912355067945,0.05733284486430155
H744-22-10,14050.0,0.042846975088967974,0.0482990692043711,ok,0.004056939501779359,0.006629019738475383,0.001281138790035587,0.0019837322545872837,0.23580071174377223,0.23545276940677085,0.001281138790035587,0.005306648001898536,0.0009252669039145907,0.004659809166300069,0.7109608540925267,0.6919173815327333,7.117437722419929e-05,0.00031642085730370376,0.002775800711743772,0.005435149837559786,0.042846975088967974,0.0482990692043711
H1487-22-A8,2248.0,0.0013345195729537367,0.0037170972561911056,ok,0.02001779359430605,0.028988484135072188,0.06494661921708185,0.06705951621442509,0.08718861209964412,0.08875909938858474,0.0,0.0005008999253325991,0.050711743772241996,0.06280448124709186,0.36476868327402134,0.35125441161307985,0.4101423487544484,0.3949970302745606,0.0008896797153024911,0.0019189799456619657,0.0013345195729537367,0.0037170972561911056
H742-22-11,8198.0,0.048426445474505975,0.05625680461443768,ok,0.00036594291290558675,0.0030997207592836657,0.005489143693583801,0.007115585215195588,0.36094169309587704,0.35472293702102614,0.0009758477677482313,0.003000180680721519,0.0032934862161502804,0.009548258901985601,0.5798975359843864,0.5639436638500358,0.0006099048548426446,0.0015435771858952926,0.0,0.0007692717714187304,0.048426445474505975,0.05625680461443768
H1911-21,2106.0,0.009021842355175688,0.01367528265108394,ok,0.0,0.009957633443003445,0.47150997150997154,0.39474560601719033,0.2792022792022792,0.3265815581608744,0.0033238366571699905,0.006883237190144369,0.008072174738841406,0.01994057239067775,0.2127255460588794,0.20158634541929957,0.015194681861348529,0.023661152755723322,0.000949667616334283,0.002968611972002876,0.009021842355175688,0.01367528265108394
H1079-22-18,692.0,0.002890173410404624,0.007747153104994035,ok,0.0,0.00478292054558635,0.0,0.0024604535665419132,0.42196531791907516,0.3992978150122708,0.033236994219653176,0.05277846854732163,0.017341040462427744,0.02654812618617497,0.5245664739884393,0.5057003622456903,0.0,0.0006299240963115005,0.0,5.4776695108581465e-05,0.002890173410404624,0.007747153104994035
H1566-22-2,13001.0,0.0,6.207111195008747e-05,ok,0.005384201215291131,0.021244838039929197,0.004999615414198908,0.007629220079846178,0.012229828474732713,0.021140773510974244,0.0,0.0006756981249829555,0.010999153911237597,0.023637201343426104,0.9661564495038844,0.9236380628715618,0.0,0.0006361379650544228,0.0002307514806553342,0.0013359969522750217,0.0,6.207111195008747e-05
H82-23-4,3520.0,0.0,0.0015297007456915878,ok,0.0,0.001907477219978588,0.0,0.0013624202697735015,0.0875,0.08884225941644235,0.0,0.0006754409375967618,0.048295454545454544,0.0641931357009045,0.8636363636363636,0.8395543073838675,0.0002840909090909091,0.0010308734024074805,0.0002840909090909091,0.0009043849233378055,0.0,0.0015297007456915878
H1269-21-1,1425.0,0.002807017543859649,0.006210136431241098,ok,0.0,0.004404278988240559,0.007017543859649123,0.010923459749824213,0.031578947368421054,0.04590938201133117,0.0,0.00032386543710686075,0.04912280701754386,0.06564736482578216,0.3059649122807018,0.29504393038390503,0.6035087719298246,0.5713494094328908,0.0,0.0001881727396781978,0.002807017543859649,0.006210136431241098
H82-23-19,2901.0,0.005515339538090314,0.005577621946505739,ok,0.0,0.0012461954430779763,0.001034126163391934,0.0028173324475310488,0.04894863840055153,0.052331170721922025,0.008273009307135471,0.008521782157764758,0.014133057566356428,0.025433259630495867,0.9217511203033437,0.9020051908974893,0.0,0.00019512500838674864,0.0003447087211306446,0.0018723217468264823,0.005515339538090314,0.005577621946505739
H1079-22-3,5411.0,0.0036961744594344852,0.008604206235574225,ok,0.0072075401958972465,0.03232657134304219,0.3703566808353354,0.34093007390835395,0.08002217704675661,0.08912224571928354,0.00018480872297172427,0.0040049072437547675,0.20606172611347257,0.2023802517292084,0.33173165773424507,0.3150571774397173,0.0005544261689151728,0.005504599458786649,0.00018480872297172427,0.0020699669222789276,0.0036961744594344852,0.008604206235574225
H1440-21-3,6424.0,0.0,0.0008378730097561842,ok,0.043119551681195516,0.05209431401205267,0.033935242839352425,0.03603461645282689,0.013387297633872976,0.024584827483680276,0.00311332503113325,0.005691129756402689,0.01354296388542964,0.028196389422195395,0.7909402241594022,0.7480098912297439,0.10040473225404732,0.10222330699588392,0.001556662515566625,0.002327651637457956,0.0,0.0008378730097561842
H-7677-C-22,776.0,0.002577319587628866,0.011685655322024547,ok,0.0,0.015706788953447813,0.11855670103092783,0.13602474992685373,0.5425257731958762,0.46549078996401827,0.001288659793814433,0.008311901329731634,0.02577319587628866,0.04714367868826896,0.18170103092783504,0.18619613560638826,0.12371134020618557,0.11883001029403906,0.003865979381443299,0.01061028991522773,0.002577319587628866,0.011685655322024547
H-1628-B11-22,4947.0,0.0004042854255104103,0.004106054421992974,ok,0.0016171417020416413,0.004807296090901408,0.0018192844147968466,0.0044397332127316174,0.33535476046088536,0.3145083101577613,0.00020214271275520516,0.0031043820101236135,0.0392156862745098,0.059097868039357127,0.6046088538508186,0.5830038720697399,0.0006064281382656155,0.001851553974005488,0.016171417020416416,0.02508093002338662,0.0004042854255104103,0.004106054421992974
H1079-22-4,4452.0,0.018418688230008983,0.02964059983885749,ok,0.016397124887690927,0.035318242729960016,0.06356693620844564,0.07449949162931147,0.08692722371967655,0.09444520428343096,0.0013477088948787063,0.005794396395473744,0.5008984725965858,0.4455545426222254,0.2556154537286613,0.2581237545652216,0.055705300988319856,0.05394453303328634,0.0011230907457322552,0.002679234902233001,0.018418688230008983,0.02964059983885749
H1175-21-C2,11863.0,8.429570934839417e-05,0.0020040957655069335,ok,0.0002528871280451825,0.003308639171838564,0.010199780831155695,0.014832908529479348,0.22641827530978673,0.23821916266668264,0.01256006069291073,0.029607617061646597,0.019809491696872628,0.03494136926694733,0.7143218410182922,0.646705862569879,0.0024445755711034307,0.006816144843158851,0.013908792042485038,0.02356420012486062,8.429570934839417e-05,0.0020040957655069335
H625-21-A,546.0,0.01098901098901099,0.02618304860420846,ok,0.0,0.0012174221560384633,0.0,0.00441393881655459,0.21245421245421245,0.2098841775960719,0.005494505494505495,0.008239173005841746,0.01282051282051282,0.015077253545337165,0.3901098901098901,0.38297158334420633,0.36813186813186816,0.351995149502791,0.0,1.8253428950381287e-05,0.01098901098901099,0.02618304860420846
1053-23-2,1474.0,0.0020352781546811396,0.008700727770792263,ok,0.008819538670284939,0.014668856485999261,0.007462686567164179,0.016333208118056143,0.655359565807327,0.6222299411435354,0.10244233378561737,0.10826317654785825,0.054274084124830396,0.05343052646715315,0.14721845318860244,0.14965883842797803,0.022388059701492536,0.026506603564662796,0.0,0.00020812147396485968,0.0020352781546811396,0.008700727770792263
H1440-21-23,568.0,0.0,4.733707306763684e-05,ok,0.007042253521126761,0.017321756410812208,0.02992957746478873,0.03692668995053742,0.0017605633802816902,0.004516098776818661,0.40316901408450706,0.38480433769140643,0.0,0.0016784294561164577,0.5580985915492958,0.5530628470180164,0.0,0.0004967084995575833,0.0,0.001145795123667057,0.0,4.733707306763684e-05
H873-21,1605.0,0.2672897196261682,0.26511539283005214,ok,0.0,0.0004764554804874942,0.0,0.0012534508167624313,0.6292834890965732,0.5893967207635561,0.0,0.0004636295865162534,0.00809968847352025,0.011273420440250393,0.07975077881619938,0.11128567174536377,0.01557632398753894,0.020684893408687233,0.0,5.03649283241599e-05,0.2672897196261682,0.26511539283005214
H970-23-2,6240.0,0.0019230769230769232,0.009741209090037242,ok,0.028525641025641025,0.06050146094229314,0.002403846153846154,0.007170554555808217,0.11618589743589744,0.11224876137714965,0.0,0.001335821301683905,0.06875,0.07859143234145362,0.7818910256410256,0.7278604704939906,0.0003205128205128205,0.0022397262773887327,0.0,0.000310563620194754,0.0019230769230769232,0.009741209090037242
H1175-21-A13,5703.0,0.041732421532526744,0.040912125513737685,ok,0.0010520778537611783,0.007541220748778259,0.05365597054182009,0.052511762230900455,0.19288093985621602,0.20039868350605833,0.004559004032965106,0.015399858853029812,0.07452218130808347,0.09924259544353406,0.6158162370682098,0.5580731034546054,0.006663159740487463,0.009246180660051027,0.009118008065930211,0.01667446958930499,0.041732421532526744,0.040912125513737685
H742-22-33,1916.0,0.0,0.003604748197615254,ok,0.0,0.0017585551238168907,0.0,0.0007323147435048696,0.5438413361169102,0.5347439797089131,0.0015657620041753654,0.007428092220956135,0.006784968684759917,0.011509861483991558,0.44780793319415446,0.4400087351383117,0.0,0.00010266017219266411,0.0,0.0001110532106978422,0.0,0.003604748197615254
H1913-22-8,12156.0,0.0003290556103981573,0.0007427023487009156,ok,0.028874629812438303,0.03727272265607796,0.03586706153339914,0.035616191241766675,0.02681803224744982,0.036995038181443965,0.0,0.00019648474191678834,0.031095755182625865,0.04836222092605639,0.7889108259295821,0.7546623255118302,0.08761105626850937,0.08429214161434802,0.0004935834155972359,0.0018601727778591007,0.0003290556103981573,0.0007427023487009156
H82-23-6,8097.0,0.0955909596146721,0.10126303951475336,ok,0.0006175126590095097,0.0049729973667403705,0.0003705075954057058,0.0011465678308646974,0.33938495739162655,0.32893295929287675,0.002223045572434235,0.00925676603963395,0.007039644312708411,0.016745731319646014,0.554155860195134,0.5340718927293407,0.0002470050636038039,0.0018307471017014996,0.0003705075954057058,0.0017792988044426335,0.0955909596146721,0.10126303951475336
H-353-3-22,15471.0,0.0036196755219442826,0.006519190415841663,ok,6.46370628918622e-05,0.0023370390564134776,0.0018098377609721413,0.0018789018099543235,0.08228298106134058,0.08863812565109223,0.0053002391571327,0.006941626727647078,0.001357378320729106,0.0027588245577299902,0.8171417490789219,0.8048435505223998,0.08822959084739189,0.08568722013920055,0.00019391118867558658,0.00039552111972092634,0.0036196755219442826,0.006519190415841663
H-503-23-B12,6237.0,0.006734006734006734,0.009260124909266804,ok,0.002244668911335578,0.012989135368992284,0.000320666987333654,0.0016599263109439756,0.11592111592111592,0.12096392508006061,0.06894340227673561,0.07903722330881385,0.004168670835337502,0.008881221689517726,0.8013468013468014,0.7653145026747219,0.000320666987333654,0.0018644549446562573,0.0,2.9485713026654626e-05,0.006734006734006734,0.009260124909266804
H1925-22,1105.0,0.009954751131221719,0.01068166205021082,ok,0.3013574660633484,0.31300099848480295,0.5493212669683258,0.4984664368836178,0.09502262443438914,0.11674659041620926,0.0,0.00035830802156675446,0.016289592760180997,0.024861147942709303,0.026244343891402715,0.032379042503185115,0.0018099547511312218,0.002930206270174996,0.0,0.0005756074275229781,0.009954751131221719,0.01068166205021082
H499-21,1336.0,0.015718562874251496,0.025691725734604515,ok,0.0,0.004165146497035558,0.041916167664670656,0.03656281085816206,0.4431137724550898,0.4208016444244021,0.0,0.001225965077529957,0.01347305389221557,0.02145557366787426,0.2342814371257485,0.23973811082500618,0.25149700598802394,0.25020578607051036,0.0,0.0001532368448749185,0.015718562874251496,0.025691725734604515
H479-21,2536.0,0.0011829652996845426,0.006435679243988309,ok,0.0,0.00019889017321768587,0.0003943217665615142,0.0026457234618809376,0.6360410094637224,0.6227576211789979,0.0,0.0008689260523650913,0.001971608832807571,0.00453877643016027,0.15851735015772872,0.16364025604527171,0.20189274447949526,0.19888452520847474,0.0,2.9602205643407754e-05,0.0011829652996845426,0.006435679243988309
H1175-21-C3,12954.0,0.01073027636251351,0.01238494898124348,ok,0.0003087849312953528,0.0012357095968992065,0.0009263547938860583,0.0016000233348199546,0.16180330399876486,0.17811454167161508,0.0038598116411919098,0.0141302109133755,0.010421491431218156,0.021674694223004803,0.7961247491122433,0.7469223474762404,0.0002315886984715146,0.0014620089899138342,0.015593639030415316,0.02247551481288768,0.01073027636251351,0.01238494898124348
H970-23-EX5,2908.0,0.000687757909215956,0.00757130036685979,ok,0.004814305364511692,0.022898443694373532,0.0,0.0035919029091118055,0.10041265474552957,0.10521315652229822,0.006533700137551582,0.008668458071495388,0.02269601100412655,0.033231784267767385,0.8648555708390646,0.8165312761090606,0.0,0.002156696574052776,0.0,0.0001369814849806076,0.000687757909215956,0.00757130036685979
H1986-22-A2,5607.0,0.0017834849295523454,0.003021007005734003,ok,0.0012484394506866417,0.004079915731107792,0.040841804886748705,0.03715267901465569,0.011235955056179775,0.016164646227461464,0.014802924915284467,0.016424862064294027,0.03299447119671839,0.03689592310459756,0.3714999108257535,0.3667033199606423,0.523987872302479,0.5176973533405854,0.0016051364365971107,0.0018602935509215838,0.0017834849295523454,0.003021007005734003
H1079-22-5,5087.0,0.0208374287399253,0.03552593681533096,ok,0.0064871240416748575,0.019297789562418684,0.07509337527029683,0.0803603511980469,0.2504423039119324,0.2431363689086809,0.003145272262630234,0.0076168136874487586,0.27501474346373106,0.24885288233238356,0.33241596225673287,0.32633258662873704,0.03656379005307647,0.03707998667613492,0.0,0.0017972841908183252,0.0208374287399253,0.03552593681533096
H1614-21-2,4278.0,0.0002337540906965872,0.0015274379959992375,ok,0.003973819541841982,0.023998555305684108,0.0030388031790556337,0.009083985563016145,0.2646096306685367,0.2784278676452123,0.0,0.0003319832403534529,0.012388966806919121,0.039806760234769055,0.7152875175315568,0.6455822728531696,0.0,0.0004794666308050355,0.0004675081813931744,0.0007616705309909569,0.0002337540906965872,0.0015274379959992375
H742-22-17,2298.0,0.0,0.0005515328064392084,ok,0.024369016536118365,0.03709141942895121,0.002175805047867711,0.0043967183598567095,0.29025239338555264,0.28405213481456454,0.0,0.0029555141782100294,0.0013054830287206266,0.0042723646096995945,0.6818973020017406,0.6656227834750595,0.0,0.00031559537966233987,0.0,0.0007419369475568888,0.0,0.0005515328064392084
H742-22-7,6394.0,0.004848295276822021,0.011772263851327654,ok,0.0,0.000430421031717617,0.0,0.0002856035782961713,0.5203315608382859,0.5142098435760826,0.0,0.0034269702065222443,0.0,0.0014834741115034673,0.4748201438848921,0.46728493614634237,0.0,0.000720671248277982,0.0,0.0003858162499299454,0.004848295276822021,0.011772263851327654
H210-22,2853.0,0.07395723799509288,0.07790399211401237,ok,0.0,0.0019764081536415242,0.002103049421661409,0.004314381572740446,0.1938310550297932,0.19769577932203647,0.00981423063441991,0.013563564664988585,0.023484051875219066,0.03255734385397439,0.24360322467577988,0.24228545466116072,0.45320715036803366,0.42904795159074893,0.0,0.000655124066696507,0.07395723799509288,0.07790399211401237
H969-21-1,10395.0,0.001443001443001443,0.0048589598424269775,ok,0.00962000962000962,0.0327036894242134,0.0001924001924001924,0.0009026332061025714,0.015295815295815297,0.02325204612937412,0.0017316017316017316,0.006815954820575783,0.09802789802789803,0.11387637898838046,0.835016835016835,0.7663354503767413,0.03867243867243867,0.05118015856690434,0.0,7.472864528092153e-05,0.001443001443001443,0.0048589598424269775
H533-22-2,4413.0,0.018581463856786766,0.01826585659913333,ok,0.00022660321776569228,0.0016772374517400874,0.0,0.0008561212424300624,0.07976433265352369,0.08314133725947401,0.0011330160888284614,0.0026762666301614123,0.0077045094040335375,0.012466443496202842,0.737820077045094,0.7312168274757566,0.15454339451620214,0.149546830233586,0.00022660321776569228,0.00015307961151577,0.018581463856786766,0.01826585659913333
H334-23-EX2,1044.0,0.0,0.0020240827249149106,ok,0.0,6.153627415883583e-05,0.008620689655172414,0.010031327067007186,0.9885057471264368,0.9786123560117485,0.0,0.0005919256457927183,0.0,0.0010895179503736473,0.0028735632183908046,0.007030551775870164,0.0,0.0002812784668831634,0.0,0.00027742408325082287,0.0,0.0020240827249149106
H1560-22-6-1,4201.0,0.0,0.0002960107194610958,ok,0.0,0.020420421277741203,0.053082599381099736,0.1568662031053447,0.9469174006189003,0.7885909088923935,0.0,0.00040540211371657415,0.0,0.00017725899012743568,0.0,0.0299331324427824,0.0,0.0013927525066530758,0.0,0.0019179099517800922,0.0,0.0002960107194610958
H1925-22-1,976.0,0.0,0.00016656069193232752,ok,0.2899590163934426,0.3138484890564789,0.6834016393442623,0.6299520901061963,0.011270491803278689,0.024060261626080787,0.0,1.8750748296923982e-05,0.0030737704918032786,0.01705119335104036,0.0030737704918032786,0.006146752406837298,0.009221311475409836,0.008456602120535756,0.0,0.00029929989260131995,0.0,0.00016656069193232752
H1986-22-A5,5733.0,0.0,0.0008840653945048612,ok,0.1986743415314844,0.23074920256279563,0.7413221698935984,0.6831279380571462,0.012035583464154892,0.02753098707680988,0.00034885749171463456,0.00024190327416944755,0.0231990231990232,0.02944780123715964,0.02442002442002442,0.026474054997091406,0.0,2.8968475091858565e-05,0.0,0.0015150789252310602,0.0,0.0008840653945048612
H1175-21-A10,10488.0,0.11355835240274599,0.10253819919159345,ok,0.0005720823798627002,0.0015478608084658044,0.007627765064836003,0.008448392668253958,0.13100686498855835,0.13807786469627442,0.005434782608695652,0.018666998122837137,0.06874523264683448,0.08145311268363661,0.6335812356979404,0.6027023048806455,0.003432494279176201,0.006610077493285601,0.036041189931350116,0.03995518945500756,0.11355835240274599,0.10253819919159345
H1552-22-5,6256.0,0.00015984654731457802,0.0005681945717514788,ok,0.03868286445012788,0.054967062964477606,0.08136189258312021,0.07423880144821621,0.03740409207161125,0.047069635981084004,0.00015984654731457802,0.0011381093046889923,0.06553708439897699,0.075967682096548,0.5933503836317136,0.5681419425805887,0.1815856777493606,0.17464260612240873,0.001758312020460358,0.0032659649302363434,0.00015984654731457802,0.0005681945717514788
H715-22-8-1,9186.0,0.0,0.0008783990686658098,ok,0.003810145874156325,0.009186345048375899,0.0007620291748312649,0.0012948729397348224,0.008926627476594819,0.015818416442096653,0.009253211408665361,0.011191384108002618,0.005769649466579578,0.01072031748098865,0.8884171565425648,0.8704460725898097,0.08175484432832571,0.0786059066087101,0.0013063357282821686,0.0018582857136159004,0.0,0.0008783990686658098
H1175-21-A15,5926.0,0.0,0.0003344878736245893,ok,0.023287208909888626,0.036478525531006695,0.0065811677354033074,0.009132241824339407,0.03223084711441107,0.03936509827168875,0.007424907188660142,0.009645268057439269,0.015862301721228485,0.027424902216606213,0.8779952750590617,0.8427969238156958,0.03661829227134661,0.03446073250771413,0.0,0.00036181990188511367,0.0,0.0003344878736245893
H-7677-A-GIEMSA,1237.0,0.0,0.0018963412942960823,ok,0.010509296685529508,0.047956044958104765,0.6127728375101051,0.5279430152372955,0.11398544866612773,0.14825296381758166,0.0016168148746968471,0.004193803960746314,0.007275666936135812,0.020271561473593002,0.12045270816491511,0.12172388212382156,0.1333872271624899,0.12771161745421597,0.0,5.0769680345261066e-05,0.0,0.0018963412942960823
H-712-22,936.0,0.0,0.0025810025028687312,ok,0.0,0.0015483398663934886,0.0010683760683760685,0.004965913484726118,0.2799145299145299,0.28566792366502025,0.009615384615384616,0.013072243171421563,0.0010683760683760685,0.004085215552917204,0.2264957264957265,0.23193511187644938,0.48183760683760685,0.4560581477858831,0.0,8.610209432023603e-05,0.0,0.0025810025028687312
H1440-21-35,11371.0,0.011784363732301469,0.014480232530755985,ok,0.007387213085920324,0.016975775679788578,0.005628352827367866,0.008251441723817138,0.08512883651393897,0.09691271480662944,0.0002638290387828687,0.0020207561892405545,0.029900624395391786,0.04698312421518813,0.7979069562923226,0.7478948627935318,0.058394160583941604,0.061011262982858756,0.003605663530032539,0.005469829078189499,0.011784363732301469,0.014480232530755985
H1269-21,1368.0,0.0021929824561403508,0.006142416917368637,ok,0.0007309941520467836,0.01178690561597513,0.027046783625730993,0.027901496730607656,0.029970760233918127,0.040128826510891724,0.0,0.0002831803657507652,0.04093567251461988,0.055033917601618756,0.3538011695906433,0.3428027077225596,0.5453216374269005,0.515775557544162,0.0,0.00014499099106551284,0.0021929824561403508,0.006142416917368637
H215-23-2,3779.0,0.0002646202699126753,0.0015238689245452163,ok,0.07753373908441387,0.11476247194787459,0.0,0.0006932472991945691,0.02328658375231543,0.026132814933683742,0.0,0.0008227524335615593,0.04948399047367028,0.05988212722373902,0.8491664461497751,0.7931822302535151,0.0002646202699126753,0.0022787511748728934,0.0,0.0007217358090133703,0.0002646202699126753,0.0015238689245452163
H82-23-1,3482.0,0.0,0.000261509450451136,ok,0.0,0.0008979801829328332,0.0,0.00044501897058274567,0.026708788052843192,0.03175305152248983,0.0,0.00021586621861432385,0.014359563469270534,0.022168215331805307,0.9589316484778863,0.9437064269494964,0.0,0.00048815121915374933,0.0,6.378015447374838e-05,0.0,0.000261509450451136
H1628-22-B10,14030.0,7.127583749109053e-05,0.0012891914194455146,ok,0.017320028510334998,0.043616634186415905,0.413399857448325,0.38389450134047565,0.48823948681397006,0.4534584035439793,0.0,0.0005506726421097905,0.016607270135424092,0.041525802828870216,0.06322166785459729,0.0696962654660267,0.0,0.0005878414910917756,0.0011404133998574484,0.005380687081585132,7.127583749109053e-05,0.0012891914194455146
H1986-22-A7,7206.0,0.0006938662225922842,0.001404576559646231,ok,0.005412156536219817,0.013363527456241812,0.06411323896752706,0.060756132061970274,0.030668887038578962,0.041801791377304796,0.011518179295031917,0.019901010106892488,0.039827921176797114,0.04556972420946148,0.8325006938662226,0.7959959247542325,0.014154870940882597,0.017504997029499206,0.0011101859561476548,0.0037023164447512,0.0006938662225922842,0.001404576559646231
H-1709-21-1,1211.0,0.0,0.001055284212732503,ok,0.0016515276630883566,0.005598261157639671,0.1635012386457473,0.17377201979931775,0.412056151940545,0.39651332504260767,0.00990916597853014,0.015856091047437272,0.028901734104046242,0.03212638278858359,0.38398018166804293,0.3744174225858677,0.0,0.00021486952287137718,0.0,0.00044634384294248836,0.0,0.001055284212732503
H742-22-10,8733.0,0.02736745677315928,0.03722189658883821,ok,0.0006870491240123669,0.004435982859703703,0.0004580327493415779,0.00449966466791705,0.3838314439482423,0.3726028825892815,0.0009160654986831558,0.0035428558396886946,0.002633688308714073,0.007801078829443154,0.5841062635978472,0.5685782824464845,0.0,0.0008069398104515351,0.0,0.0005104163681916694,0.02736745677315928,0.03722189658883821
H742-22-19,3182.0,0.010999371464487744,0.013706905704704881,ok,0.007228158390949088,0.015132936111584103,0.0,0.000525697687404074,0.42646134506599626,0.42984654508700787,0.0,0.0005205871566261656,0.0021998742928975488,0.0097135154616575,0.5509113764927719,0.5264888094130633,0.00031426775612822125,0.00040328949809115803,0.0018856065367693275,0.0036617138798608713,0.010999371464487744,0.013706905704704881
H1175-21-D7,249.0,0.0,0.00017537016340938124,ok,0.0,0.0046954129802274525,0.020080321285140562,0.03292885227593495,0.004016064257028112,0.01713654790705538,0.7108433734939759,0.63358729793366,0.004016064257028112,0.009173568805868886,0.2570281124497992,0.2897313307616696,0.004016064257028112,0.012415715574757867,0.0,0.00015590359741652547,0.0,0.00017537016340938124
H1217-22,1093.0,0.01646843549862763,0.019481933382752576,ok,0.0018298261665141812,0.006823094236879164,0.2012808783165599,0.20178504758503057,0.3879231473010064,0.35902246651543174,0.008234217749313814,0.015538610140002573,0.24611161939615736,0.2524483201753465,0.027447392497712716,0.03396559126062356,0.10338517840805124,0.08947533105667597,0.007319304666056725,0.021459605647257313,0.01646843549862763,0.019481933382752576
H1175-21-B10,4438.0,0.006309148264984227,0.008769297268650863,ok,0.01915277151870212,0.02700948485764003,0.025461919783686345,0.026944041629591187,0.05993690851735016,0.06175898704898512,0.011942316358720144,0.01558552645061963,0.047994592158630014,0.06088009075076342,0.428796755295178,0.4063586483628884,0.3990536277602524,0.38976140265606946,0.0013519603424966202,0.0029325209747919053,0.006309148264984227,0.008769297268650863
H742-22-16,3943.0,0.001521683996956632,0.007614896543746302,ok,0.0,0.0016943470383187628,0.000253613999492772,0.003049973397467298,0.2229267055541466,0.216606797195967,0.000760841998478316,0.0016877726628749304,0.003043367993913264,0.007830929656639462,0.622875982754248,0.6130703733386837,0.1486178037027644,0.1483841417984359,0.0,6.076836786650825e-05,0.001521683996956632,0.007614896543746302
H1175-21-B9,3959.0,0.0,0.0004924830350396009,ok,0.008082849204344532,0.029578842257793364,0.1338721899469563,0.14778163334730682,0.31068451629199295,0.29009330467634326,0.0055569588279868656,0.006427049291196596,0.1520586006567315,0.16753161517620666,0.38570346046981563,0.35240195687381326,0.00025258903763576663,0.000649914220758318,0.003788835564536499,0.005043201121542155,0.0,0.0004924830350396009
H970-23-11,7249.0,0.0009656504345426955,0.002310830992590757,ok,0.0005518002483101117,0.0027461783925503656,0.002207200993240447,0.004753040503651447,0.1393295626983032,0.15485313262807135,0.003448751551938198,0.00884932929812184,0.009794454407504483,0.022641591170583654,0.8428748792936956,0.7995430304873444,0.0006897503103876397,0.002323625271217326,0.00013795006207752792,0.0019792412558689654,0.0009656504345426955,0.002310830992590757
H1560-22-7,3718.0,0.10247444862829479,0.11205725439057732,ok,0.00914470145239376,0.01641440481585154,0.04249596557288865,0.04569032320741573,0.40021516944593866,0.3783571248790789,0.0029585798816568047,0.007544193926110276,0.01237224314147391,0.029692054059258084,0.42872512103281335,0.4059682951014846,0.0,0.0005986257311677252,0.0016137708445400753,0.003677723889055898,0.10247444862829479,0.11205725439057732
H744-22-18,10090.0,0.2713577799801784,0.26608378863809884,ok,0.0,0.00032321389704033165,9.910802775024777e-05,0.0009103195527054976,0.4578790882061447,0.4568191675594692,0.02715559960356789,0.03487616674057829,0.0016848364717542122,0.0046122554227618715,0.2406342913776016,0.23405317420659175,0.0011892963330029733,0.0020662374229629367,0.0,0.0002556765597913401,0.2713577799801784,0.26608378863809884
H1440-21-11,10077.0,0.2405477820779994,0.21812101442354107,ok,0.022228837947801925,0.031826788508152994,0.01845787436737124,0.02354090707427665,0.12523568522377693,0.13620609264816866,0.0010915947206509874,0.005543667108505998,0.07492309219013596,0.09791084768647358,0.4772253646918726,0.44602023927911666,0.03979358936191327,0.039212426917806575,0.0004961794184777216,0.001618016353957811,0.2405477820779994,0.21812101442354107
H1560-22-6,4199.0,0.0,0.0002838577554335116,ok,0.0,0.02572338229943437,0.10050011907597046,0.20896594991201722,0.8994998809240295,0.7355619402275204,0.0,0.0004992521670095603,0.0,0.00020339482928047182,0.0,0.023793366231353127,0.0,0.0031420826825997806,0.0,0.0018267738953515174,0.0,0.0002838577554335116
H742-22-25,767.0,0.0,0.002719686031825317,ok,0.0,0.0015550016172939162,0.007822685788787484,0.023984934404874553,0.7835723598435462,0.7567563141022248,0.0,0.002316066656225685,0.002607561929595828,0.00557944975728292,0.20599739243807041,0.20622728405545251,0.0,0.0008369996054111987,0.0,2.4263769408994766e-05,0.0,0.002719686031825317
H970-23-8,4676.0,0.0014970059880239522,0.0033809978739027325,ok,0.0,0.0029399160254195626,0.00106928999144568,0.0032871769868451175,0.10992301112061591,0.11563423517249291,0.0,0.000552648323253771,0.00427715996578272,0.014166758960003328,0.8832335329341318,0.8591549295148536,0.0,0.000623649194842864,0.0,0.00025968794838614033,0.0014970059880239522,0.0033809978739027325
H715-22-12,11074.0,0.012732526638974173,0.01540620943729978,ok,0.0006321112515802782,0.004378271212783075,0.0002709048221058335,0.0006733620082679064,0.11034856420444283,0.1204320840773937,0.0007224128589488893,0.0030012704039232355,0.004424778761061947,0.010702193765847233,0.870417193426043,0.8431679704749228,0.00036120642947444465,0.0010009173522342993,9.030160736861116e-05,0.0012377212673278769,0.012732526638974173,0.01540620943729978
H1440-21-18,1818.0,0.0,0.00025634004107600824,ok,0.02145214521452145,0.032702317305849875,0.014301430143014302,0.015065503729758477,0.022552255225522552,0.027246230124733962,0.1331133113311331,0.1549025642824879,0.007150715071507151,0.01500380238059563,0.8014301430143014,0.7545548361926321,0.0,0.0001905077619527317,0.0,7.789818091324679e-05,0.0,0.00025634004107600824
H1440-21-32,5937.0,0.08017517264611757,0.08078383311393414,ok,0.006400538992757285,0.014954564591953207,0.01145359609230251,0.013235595931628165,0.1753410813542193,0.18264091896672352,0.00067374094660603,0.004946968730303504,0.046488125315816066,0.06415911640301085,0.5868283644938521,0.5469099362166437,0.09028128684520802,0.08816731823911447,0.002358093313121105,0.004201747806688335,0.08017517264611757,0.08078383311393414
H1079-22-19,1376.0,0.00436046511627907,0.009925499759605497,ok,0.0,0.0021279551200643607,0.0007267441860465116,0.0025729672583580093,0.7587209302325582,0.7397468300564064,0.010901162790697675,0.014834071697858204,0.028343023255813952,0.03257319810048183,0.19622093023255813,0.19553740213284135,0.0007267441860465116,0.002641701419487617,0.0,4.037445489667509e-05,0.00436046511627907,0.009925499759605497
H1079-22-13,5926.0,0.0013499831252109348,0.003881011364076091,ok,0.0,0.01586869149963136,0.47654404319946003,0.4106480090316194,0.1592980087748903,0.19564501799762996,0.0006749915626054674,0.0037164470466629815,0.028518393520081,0.045503086005837155,0.3229834627067162,0.3081885303838659,0.009787377657779277,0.013720558568835136,0.0008437394532568343,0.002828648101841987,0.0013499831252109348,0.003881011364076091
H-503-23-A8,,,,no_zarr,,,,,,,,,,,,,,,,,,
H-503-23-15A-1,4540.0,0.0,0.00015886597949198893,ok,0.003524229074889868,0.016659538807784615,0.0006607929515418502,0.0010247317945174855,0.03171806167400881,0.0367767188705365,0.0,0.0012304253173724133,0.0013215859030837004,0.005672425969762487,0.9623348017621145,0.9369459838019883,0.0004405286343612335,0.0010560619732027632,0.0,0.0004752474853435168,0.0,0.00015886597949198893
H-503-23-A2,2410.0,0.0024896265560165973,0.011682027386924731,ok,0.0,0.0011222315122711014,0.0004149377593360996,0.0016356709660934894,0.15726141078838174,0.16615668591248606,0.0012448132780082987,0.004383191962107364,0.0033195020746887966,0.00567978105579431,0.3921161825726141,0.39065716445130877,0.44107883817427385,0.41665153897129387,0.002074688796680498,0.0020317077817203232,0.0024896265560165973,0.011682027386924731
H742-22-39-1,1077.0,0.0,0.0008038095743710763,ok,0.02414113277623027,0.030877082244579353,0.005571030640668524,0.008109496568019655,0.10677808727948004,0.12755803382341002,0.0009285051067780873,0.00412901922971165,0.009285051067780872,0.01529688291984821,0.8328690807799443,0.7882962114543153,0.016713091922005572,0.020190922016391877,0.003714020427112349,0.004738542169352852,0.0,0.0008038095743710763
H742-22-28,932.0,0.0,0.0007335762590139127,ok,0.001072961373390558,0.0028107823580716907,0.0,0.0006008440468171981,0.6781115879828327,0.6530629644202137,0.04721030042918455,0.05684300126974842,0.0,0.0011406197894652536,0.27360515021459225,0.28448254156977254,0.0,0.00030930787598026097,0.0,1.636241091687204e-05,0.0,0.0007335762590139127
H1440-21-36,8852.0,0.14460009037505647,0.1361694264640679,ok,0.010732037957523723,0.021061932984720023,0.019543605964753727,0.021207101828505978,0.17046995029371895,0.17251286661579676,0.0024853140533212833,0.009024471699483755,0.049593312245820156,0.06283892672876734,0.508359692724808,0.4825367821273127,0.08698599186624492,0.0872143521707454,0.0072300045187528245,0.0074341393806002095,0.14460009037505647,0.1361694264640679
H118-22-A3,3440.0,0.0011627906976744186,0.0022364236079429785,ok,0.009593023255813954,0.013016652829894107,0.011918604651162791,0.012315632161227238,0.03430232558139535,0.040520060210316636,0.0017441860465116279,0.0022665743261344883,0.00029069767441860465,0.00415533231006252,0.7482558139534884,0.7373186281506479,0.19273255813953488,0.18774193355725652,0.0,0.0004287628465176574,0.0011627906976744186,0.0022364236079429785
H246-22-B,1574.0,0.009529860228716646,0.013236499868445108,ok,0.0,0.001694815280168511,0.0012706480304955528,0.0026741154423756725,0.3195679796696315,0.3291537667170321,0.0025412960609911056,0.008014305119962059,0.0,0.002082951980471523,0.45806861499364676,0.4197092757830102,0.20838627700127066,0.22277633699373156,0.0006353240152477764,0.0006579328148032281,0.009529860228716646,0.013236499868445108
H2097-22,911.0,0.03512623490669594,0.050705956167076724,ok,0.0,0.0014341041584954488,0.0043907793633369925,0.009965509324085119,0.24807903402854006,0.2155767327251215,0.01756311745334797,0.025903262958845225,0.05378704720087816,0.05881240330861126,0.12843029637760703,0.13010327642197567,0.5126234906695939,0.5073634893598263,0.0,0.00013526557596266005,0.03512623490669594,0.050705956167076724
H-350-3-22,6453.0,0.07763830776383078,0.07722732797144266,ok,0.0001549666821633349,0.003721620101221521,0.02293506896017356,0.026210353211942945,0.07438400743840075,0.07816361086011718,0.0006198667286533395,0.004369287936743087,0.010227801022780102,0.02058061750277556,0.2719665271966527,0.2836822237671614,0.5420734542073454,0.5059079223390783,0.0,0.00013703630951731363,0.07763830776383078,0.07722732797144266
H533-22-11,5747.0,0.0,0.001685969906241966,ok,0.0008700191404210892,0.003989388506755396,0.0003480076561684357,0.001095845648929234,0.1999303984687663,0.2053490657362493,0.03549678092918044,0.05482028183749802,0.021228467026274577,0.02985644502676682,0.7421263267791891,0.7029706681042045,0.0,0.00011592114439610478,0.0,0.00011641408895853649,0.0,0.001685969906241966
H-147-4-22,13849.0,0.0092425445880569,0.014626339537671175,ok,0.00043324427756516714,0.0016145322279879318,7.220737959419453e-05,0.00041864785354420197,0.2374900714853058,0.24861787893077855,0.00028882951837677813,0.0019554115582721596,0.008881507690085926,0.015003348814086558,0.7429417286446675,0.7148780853214188,0.00028882951837677813,0.0013522441762615874,0.0003610368979709726,0.0015335115799789405,0.0092425445880569,0.014626339537671175
H1175-21-CN,15335.0,0.00013042060645582,0.0011971935010105742,ok,0.0,0.002412031704527897,0.012259537006847081,0.014549874407546775,0.18284969025105965,0.18609113442777314,0.0022823606129768505,0.0077463150321019575,0.021649820671666122,0.03661312974295615,0.7218780567329638,0.6810800940260526,0.0028692533420280404,0.0045898101216292645,0.056080860776002606,0.06572041703640152,0.00013042060645582,0.0011971935010105742
H1175-21-A7,12336.0,0.032830739299610896,0.037320631868016665,ok,0.0029182879377431907,0.008153374969508785,0.0324254215304799,0.034673123655451686,0.2706712062256809,0.2698051610457308,0.00624189364461738,0.01312955465109177,0.1523184176394293,0.16358497936441646,0.4409046692607004,0.40328835916227473,0.0023508430609597924,0.004589307536490841,0.05933852140077821,0.06545550774701818,0.032830739299610896,0.037320631868016665
H617-23-1,1153.0,0.0008673026886383347,0.002873775511759915,ok,0.0,0.000631296630622379,0.003469210754553339,0.005271669778727425,0.12922810060711187,0.12889936472589836,0.0,0.0003274316215659768,0.011274934952298352,0.014234759824003594,0.1717259323503903,0.20531827833251148,0.6834345186470078,0.6423939162407828,0.0,4.9507334128062965e-05,0.0008673026886383347,0.002873775511759915
H1986-22-A4-1,3258.0,0.0,0.0005453446988960604,ok,0.6430325352977286,0.5581220411501149,0.2569060773480663,0.3064509116277133,0.011049723756906077,0.030931501151247293,0.0,0.00011066322145126804,0.024554941682013505,0.039018581260023125,0.061387354205033766,0.06039590447933731,0.003069367710251688,0.004134843853048326,0.0,0.0002902085581683802,0.0,0.0005453446988960604
H1913-22-10,8013.0,0.0,0.0016355909312252602,ok,0.09858979158866842,0.10094258002009802,0.3391988019468364,0.3194153795998543,0.05016847622613253,0.06928425791860177,0.004867090977162112,0.008132921707380013,0.1025833021340322,0.11484086908040396,0.34369150131037063,0.3249398378798463,0.05890428054411581,0.054509074383057125,0.001996755272681892,0.00629948847953328,0.0,0.0016355909312252602
H533-22-5-1,9444.0,0.10027530707327403,0.10213633884697265,ok,0.00010588733587462939,0.0021354929549335516,0.00010588733587462939,0.00107251910367198,0.5739093604404913,0.5561263472264066,0.006141465480728505,0.012219068389933117,0.04404913172384583,0.055555981988756206,0.27541296060991105,0.26999438652913693,0.0,0.00012292680111225965,0.0,0.000636938159076627,0.10027530707327403,0.10213633884697265
H-1628-B10-22,3555.0,0.0,0.0019850849481708533,ok,0.04725738396624472,0.07098693303572656,0.1319268635724332,0.1325172883821192,0.23628691983122363,0.22932815491431577,0.0008438818565400844,0.004704599882558555,0.03909985935302391,0.05901198803081629,0.5355836849507736,0.47990621437324227,0.008720112517580873,0.018223777110409817,0.00028129395218002813,0.0033359593226407,0.0,0.0019850849481708533
H561-23-1,806.0,0.1687344913151365,0.1690181157395083,ok,0.0,0.0005344333644084217,0.0,0.00010472389087429543,0.5421836228287841,0.5271210932739638,0.0,0.00016650180836466082,0.0,0.0017510579544256358,0.2890818858560794,0.30095070430654713,0.0,0.0002369783432388047,0.0,0.00011639131866890957,0.1687344913151365,0.1690181157395083
H1560-22-4,3521.0,0.0,0.00031051813934510313,ok,0.20959954558364102,0.2489036945945594,0.6929849474581085,0.6101069178213163,0.05879011644419199,0.07406495412302071,0.0,0.00016502062971414535,0.01760863391082079,0.0357879687950913,0.00937233740414655,0.018074288811616917,0.011644419199091167,0.011754714747331042,0.0,0.0008319223380050831,0.0,0.00031051813934510313
H503-23-A16,6445.0,0.0,0.0003820754121225866,ok,0.014119472459270753,0.036635839679353584,0.002017067494181536,0.00432433017385548,0.04034134988363072,0.04989818992900529,0.07680372381691233,0.07813610797635452,0.003568657874321179,0.006967758115726586,0.8628394103956556,0.8226901914069877,0.0001551590380139643,0.0007400769049707511,0.0001551590380139643,0.00022543040162338729,0.0,0.0003820754121225866
H742-22-5,6011.0,0.06288471136250208,0.07558653159656686,ok,0.00016636167027116953,0.0011298672136785674,0.0004990850108135085,0.004989084149317433,0.4999168191648644,0.4832924231928748,0.0018299783729828648,0.005331052273317659,0.002828148394609882,0.012490234941562888,0.43087672600232907,0.41389297356765814,0.00033272334054233906,0.0014376469853084447,0.0006654466810846781,0.0018501860797151856,0.06288471136250208,0.07558653159656686
H-1628-A2-22,7655.0,0.0002612671456564337,0.0017474311085244525,ok,0.00013063357282821686,0.002237901618346615,0.00418027433050294,0.008642719833317585,0.3365120836054866,0.33111098122759536,0.00013063357282821686,0.0008901666360809835,0.02821685173089484,0.038778254652799944,0.606662312214239,0.5750467319006348,0.0,0.00013434192777051586,0.023905943827563683,0.04141147109492964,0.0002612671456564337,0.0017474311085244525
H82-23-15,2959.0,0.03717472118959108,0.03668735061560021,ok,0.001013856032443393,0.004669368146572828,0.0,0.0001412864326641838,0.08178438661710037,0.0759368230450419,0.06995606623859411,0.08522358017547951,0.003041568097330179,0.004514104194730641,0.8060155457924975,0.7907001680575065,0.0003379520108144643,0.0010671500906773586,0.0006759040216289286,0.0010601692417268956,0.03717472118959108,0.03668735061560021
H1487-22-A10,1490.0,0.0,0.0005810824969625206,ok,0.003355704697986577,0.00916296568301031,0.05771812080536913,0.06399943710653692,0.0697986577181208,0.0875048229410077,0.5422818791946309,0.4712605472826281,0.005369127516778523,0.008133929700776409,0.3214765100671141,0.3585701404416409,0.0,0.0006415020747619733,0.0,0.00014557227267523128,0.0,0.0005810824969625206
H1901-21,2575.0,0.0,0.0023887143689058856,ok,0.006213592233009709,0.02564268916987237,0.08660194174757281,0.09549617413998386,0.10912621359223301,0.10799177589278991,0.0003883495145631068,0.003273353008759459,0.39300970873786406,0.36243964656151095,0.30718446601941746,0.29923271075056285,0.09747572815533981,0.10332812202414432,0.0,0.00020681408347039253,0.0,0.0023887143689058856
H742-22-32,3545.0,0.001692524682651622,0.006423201355085945,ok,0.015514809590973202,0.017033444199339318,0.0014104372355430183,0.004166707203677302,0.7354019746121297,0.7032353128960048,0.033568406205923836,0.04529299034676427,0.000846262341325811,0.0025534033599088585,0.21043723554301833,0.21930584918819837,0.0011283497884344146,0.0019325068409858782,0.0,5.658461003523307e-05,0.001692524682651622,0.006423201355085945
H1053-23-2,1497.0,0.006012024048096192,0.01162931108222978,ok,0.016700066800267203,0.022207460687605256,0.011356045424181697,0.02071860527308738,0.6459585838343354,0.608988316112091,0.13226452905811623,0.1340653403476411,0.04208416833667335,0.04557590907569779,0.11756847027388109,0.12047575120676354,0.028056112224448898,0.0362402381191829,0.0,9.90680957012269e-05,0.006012024048096192,0.01162931108222978
H684-22,3966.0,0.016137165910237016,0.02781220017407764,ok,0.0,0.004317824046388705,0.0015128593040847202,0.005170390746698805,0.6679273827534039,0.6406297858212906,0.0,0.0021790058176964612,0.0,0.0027981432399462555,0.31442259203227435,0.31165398662011184,0.0,0.004218193509534612,0.0,0.001220470024255221,0.016137165910237016,0.02781220017407764
H353-22-6,10355.0,0.0023177209077740223,0.006593881778290565,ok,0.0002897151134717528,0.0026021161726835144,0.0006760019314340898,0.0014275981429319926,0.12621921776919362,0.14768831537751287,0.0,0.0006188714975406735,0.005890873973925639,0.00850497257950223,0.8455818445195558,0.8132809572659121,0.0190246257846451,0.01926534706047426,0.0,1.7940125151605135e-05,0.0023177209077740223,0.006593881778290565
H1487-22-A7,3071.0,0.0,0.0009628585959492662,ok,0.4226636274829046,0.39852180257936726,0.4402474763920547,0.41617958367463664,0.03614457831325301,0.06397418508365893,0.0,5.495665869600979e-05,0.017583848909150115,0.03179500446924859,0.045587756431129924,0.053260291705952124,0.03777271247150765,0.03440648833908836,0.0,0.0008448288934028529,0.0,0.0009628585959492662
H742-22-27,1795.0,0.0005571030640668524,0.005303021550811456,ok,0.0022284122562674096,0.006268955398298133,0.024512534818941504,0.026083583849503583,0.5203342618384401,0.48661897564632645,0.09526462395543175,0.10777671438022031,0.0005571030640668524,0.0032265410748158817,0.3565459610027855,0.36189383596131186,0.0,0.002819448977668161,0.0,8.923161044134133e-06,0.0005571030640668524,0.005303021550811456
H970-23-EX4,2304.0,0.0008680555555555555,0.0028929890179065026,ok,0.014756944444444444,0.04445738836046246,0.0008680555555555555,0.0018481988112474643,0.02734375,0.03198781447901603,0.0,0.0013824015921133437,0.026909722222222224,0.03825599860274259,0.9292534722222222,0.8781802364165937,0.0,0.0008909239132575666,0.0,0.00010404880666035265,0.0008680555555555555,0.0028929890179065026
H-503-23-18A,4988.0,0.00020048115477145148,0.004373488435092365,ok,0.0010024057738572574,0.005668313343585734,0.0022052927024859663,0.0053726462909171775,0.2694466720128308,0.2602630181426691,0.16058540497193263,0.1667940136031259,0.0006014434643143544,0.004105962884094224,0.5651563753007217,0.5498371021479271,0.0008019246190858059,0.0033607843131590984,0.0,0.00022467083942934076,0.00020048115477145148,0.004373488435092365
H-269-22-1,534.0,0.0,0.000685488997084887,ok,0.003745318352059925,0.017402664965325047,0.08426966292134831,0.07730631919844733,0.34269662921348315,0.347987901603536,0.0,0.0015142907725420227,0.11423220973782772,0.11573636124523679,0.4307116104868914,0.4013942530224222,0.02247191011235955,0.03246852358104782,0.0018726591760299626,0.005504196614357961,0.0,0.000685488997084887
H1986-22-A8,8796.0,0.2688722146430196,0.24916705100084335,ok,0.002160072760345612,0.009282444023038454,0.3019554342883129,0.29748679874450723,0.02398817644383811,0.03800186920010637,0.013415188722146431,0.021171332067737924,0.03763074124602092,0.04718827711489684,0.0608231014097317,0.06034856312248047,0.2909276944065484,0.2770190412066292,0.00022737608003638017,0.00033462351976011986,0.2688722146430196,0.24916705100084335
H-1628-A3-22,8430.0,0.0007117437722419929,0.006423677855698821,ok,0.20652431791221826,0.20147868842758698,0.22823250296559905,0.21780878494526545,0.2549228944246738,0.2424742437676977,0.0,0.0013374238022756018,0.05765124555160142,0.0728173578855829,0.15373665480427046,0.15621335611171344,0.0,0.00014260667708650154,0.09822064056939502,0.10130386052709259,0.0007117437722419929,0.006423677855698821
H742-22-39-41,8882.0,0.018576897095248818,0.026074808712972637,ok,0.0012384598063499212,0.002330551059027616,0.0018013960819635217,0.002526572865668938,0.43818959693762666,0.425075116746784,0.03704120693537492,0.04595745396559286,0.00022517451024544022,0.002750711619243395,0.5019139833370863,0.492117106932063,0.001013285296104481,0.0029487945092039453,0.0,0.00021888358944352354,0.018576897095248818,0.026074808712972637
H-1628-A4-22,11725.0,8.528784648187633e-05,0.002349861149752559,ok,0.08341151385927505,0.08880859260146334,0.057569296375266525,0.06354711208070421,0.42140724946695096,0.3922202316762571,8.528784648187633e-05,0.001382415625594621,0.0255863539445629,0.04809771256350175,0.40136460554371,0.384528264180022,0.0,0.0002910037837440204,0.010490405117270788,0.01877480633896034,8.528784648187633e-05,0.002349861149752559
H1440-21-28,998.0,0.0,0.00027840047091698503,ok,0.12424849699398798,0.14647078561514187,0.20841683366733466,0.18493512002233847,0.0070140280561122245,0.02622026151314024,0.008016032064128256,0.009740734596446041,0.028056112224448898,0.06811287182761348,0.624248496993988,0.5630109568038714,0.0,0.00035928735597458376,0.0,0.0008715817945570015,0.0,0.00027840047091698503
H-503-23-B5-2,4620.0,0.033766233766233764,0.044307417969686916,ok,0.0,0.0006624001507883683,0.0,0.00018761483082197145,0.27186147186147186,0.29483632165184204,0.0,0.0015035252293146763,0.0,0.0003364399581627644,0.6943722943722944,0.6578245363305311,0.0,0.0003303942381934997,0.0,1.1349640658729978e-05,0.033766233766233764,0.044307417969686916
H742-22-22,983.0,0.001017293997965412,0.003630246280158008,ok,0.0,0.0008151786726891318,0.01017293997965412,0.0133240740313539,0.8026449643947101,0.7735141146133221,0.007121057985757884,0.015192289921889118,0.0,0.0001067953094545203,0.1790437436419125,0.19255034493537754,0.0,0.0008428330847728259,0.0,2.412315098267859e-05,0.001017293997965412,0.003630246280158008
H609-21-11,7616.0,0.0002626050420168067,0.0016435537303393596,ok,0.004595588235294118,0.008800611006918046,0.0034138655462184874,0.007039355171431935,0.06985294117647059,0.07897784110707544,0.07287289915966387,0.07291541322164005,0.0077468487394957986,0.014630683380131463,0.6797531512605042,0.6585715040084227,0.15953256302521007,0.15386065790716788,0.0019695378151260504,0.0035603804668731106,0.0002626050420168067,0.0016435537303393596
H1614-21-2-1,4445.0,0.0,0.0024662453359917303,ok,0.0044994375703037125,0.022953214774873453,0.0013498312710911137,0.011490572449795525,0.48638920134983127,0.4591073627151577,0.0002249718785151856,0.0013999297476189002,0.023847019122609673,0.0413710288581206,0.4827896512935883,0.45784359849987155,0.0008998875140607424,0.002802403654040607,0.0,0.0005656439645298813,0.0,0.0024662453359917303
H-503-23-20A,2519.0,0.0,0.00047740719211904176,ok,0.003969829297340214,0.008453099758964076,0.0,0.00030285338121118627,0.09726081778483525,0.09905292994357791,0.03056768558951965,0.04325048582943275,0.0,0.0025707100646070406,0.8658197697499007,0.8420616937677557,0.0015879317189360857,0.0026324336682247485,0.0007939658594680428,0.001198386394107532,0.0,0.00047740719211904176
H1560-22-3,680.0,0.0,0.0007252790839695258,ok,0.01764705882352941,0.027723024409787952,0.7279411764705882,0.7102326313450646,0.0014705882352941176,0.013472301902446733,0.0014705882352941176,0.002940059955466115,0.013235294117647059,0.018727141683008226,0.04852941176470588,0.04332330360027894,0.18823529411764706,0.1810909760363759,0.0014705882352941176,0.001765281983601994,0.0,0.0007252790839695258
H1440-21-14,4058.0,0.0,0.00039823175738541044,ok,0.052981764415968455,0.08130586690963895,0.26515524889107933,0.24281192920275996,0.14785608674223755,0.15981097855660037,0.0,0.0002927478586701757,0.13134549038935436,0.15156723605811281,0.4024149827501232,0.36033315834888163,0.0,0.0002965604825345581,0.0002464268112370626,0.003183290825416194,0.0,0.00039823175738541044
H1401-21,2081.0,0.002402691013935608,0.00438858968683386,ok,0.0004805382027871216,0.008304599872899252,0.05718404613166747,0.05640239090709322,0.19365689572321,0.18511287924235115,0.004324843825084094,0.007806378729860939,0.020182604517059107,0.036646580734949114,0.31475252282556465,0.31286550784620704,0.4055742431523306,0.3847585505487186,0.0014416146083613647,0.003714522431086753,0.002402691013935608,0.00438858968683386
H1175-21-D5,805.0,0.0,0.00032083817159134453,ok,0.12049689440993788,0.12907928628009485,0.16149068322981366,0.15814383218272335,0.0037267080745341614,0.019593621610431645,0.26583850931677017,0.25010921535635844,0.03229813664596273,0.047646703126158894,0.41490683229813663,0.39270238387579276,0.0,0.0007856943636967265,0.0012422360248447205,0.001618425033152018,0.0,0.00032083817159134453
H503-23-A12,11100.0,0.1036036036036036,0.11322484624579322,ok,0.0,0.0019468079705005706,0.008288288288288289,0.008263208689800383,0.3100900900900901,0.31227262617564083,0.0002702702702702703,0.0014839065061033128,0.002072072072072072,0.00570103733652644,0.5706306306306306,0.5508261317766076,0.005045045045045045,0.006212379229232696,0.0,6.905606979501072e-05,0.1036036036036036,0.11322484624579322
H1487-22-A14,3002.0,0.0,0.0005226304583908558,ok,0.03431045969353764,0.03873741832032492,0.3334443704197202,0.3277349188944399,0.22485009993337776,0.22570257292929935,0.040972684876748836,0.06345943379168298,0.01698867421718854,0.02649945807581309,0.34943371085942704,0.3161994162837052,0.0,0.0003827268577272069,0.0,0.0007614243886164638,0.0,0.0005226304583908558
H-1628-B15-22-A,13697.0,0.0018252172008469008,0.003132379413052859,ok,0.0008030955683726364,0.004414553898958332,0.00532963422647295,0.009149366915916238,0.12564795210630064,0.1246781168716534,0.00014601737606775207,0.0008989204820037173,0.03497116156822662,0.0494553724553036,0.8214207490691392,0.7962422226797565,0.005402642914506826,0.005252304180465593,0.004453529970066438,0.006776763102889572,0.0018252172008469008,0.003132379413052859
H1986-22-B3,5851.0,0.0003418219107844813,0.0008411658996917181,ok,0.03127670483678004,0.07448326043911767,0.6118612203042215,0.5446215673023509,0.013672876431379252,0.038712384512430566,0.008545547769612033,0.008904318684849897,0.013843787386771491,0.018617222725079794,0.06597162878140489,0.06378928648475489,0.2544864125790463,0.24947068280178442,0.0,0.0005601111499400228,0.0003418219107844813,0.0008411658996917181
H685-23,1465.0,0.06143344709897611,0.08524701581804883,ok,0.0,0.0008691516268134455,0.028668941979522185,0.030977785031379438,0.46006825938566553,0.4324244763470396,0.005460750853242321,0.009089011389468563,0.0013651877133105802,0.006069732405663622,0.3249146757679181,0.3183417585960546,0.11808873720136519,0.11683745223499571,0.0,0.00014361655053612748,0.06143344709897611,0.08524701581804883
H800-23-B2,5087.0,0.0007863180656575585,0.008397497944574141,ok,0.0,0.0026040578372513667,0.04658934539021034,0.0624475146964882,0.24729703164930214,0.26337238473969693,0.0,0.00033614236966126654,0.11578533516807549,0.1196817035832986,0.58934539021034,0.5386444038033557,0.0,0.0023678014970132002,0.00019657951641438963,0.0021484935286605928,0.0007863180656575585,0.008397497944574141
H1205-23-A-1,1353.0,0.1359940872135994,0.12940564770623803,ok,0.0,0.0031317218269603384,0.017738359201773836,0.01956348861436033,0.2668144863266814,0.26532974306581153,0.0014781966001478197,0.0049816168444683446,0.027346637102734665,0.03635568804534891,0.14634146341463414,0.15283505088116625,0.4042867701404287,0.3883154055171906,0.0,8.16374984556624e-05,0.1359940872135994,0.12940564770623803
H1487-22-A4,5286.0,0.05940219447597427,0.06293166204181294,ok,0.0011350737797956867,0.0063960281862441674,0.06261823685206205,0.07384788659972388,0.25387816874763525,0.24303490457658142,0.0,0.0021989856629800906,0.07415815361331819,0.08587896437024947,0.44740824820279984,0.42528419045504046,0.1012107453651154,0.09950179149033293,0.00018917896329928113,0.0009255866170345831,0.05940219447597427,0.06293166204181294
H970-23-5,7057.0,0.0,0.0006844372165667993,ok,0.00028340654669122857,0.0023183460142592056,0.0022672523735298286,0.0034296463111570187,0.050729771857729915,0.05790037385919147,0.0007085163667280714,0.0026430582633814575,0.006801757120589486,0.01547632306647656,0.9390675924613858,0.9159620790989874,0.00014170327334561429,0.0013141547096673267,0.0,0.00027158146031257377,0.0,0.0006844372165667993
H-720-22,2128.0,0.0,0.00018313925522352127,ok,0.0,0.0004897575555034226,0.004699248120300752,0.009249247556908525,0.03994360902255639,0.08394817708468848,0.0,1.694539064422773e-05,0.00046992481203007516,0.0008706611696679189,0.9548872180451128,0.9049314507390004,0.0,0.00022864467490933303,0.0,8.197657345415333e-05,0.0,0.00018313925522352127
H742-22-31,3263.0,0.009500459699662888,0.010740966809851898,ok,0.0055163959546429666,0.014673691691160172,0.0021452650934722646,0.003838288188611171,0.14036163040147104,0.14984191558478419,0.0,0.0004206609688898523,0.0030646644192460926,0.008248894677120172,0.8378792522218818,0.8096150146193415,0.00030646644192460924,0.0010414712119689795,0.001225865767698437,0.0015790962482720224,0.009500459699662888,0.010740966809851898
H970-23-7,8872.0,0.0,0.0005882206559057125,ok,0.0,0.0011321910842307472,0.0004508566275924256,0.0012781378454945899,0.03505410279531109,0.036936660234225274,0.0,0.00028232001945558837,0.0014652840396753833,0.007466750194279041,0.9630297565374211,0.9515140203681861,0.0,0.0006405193889020062,0.0,0.00016118020932095255,0.0,0.0005882206559057125
H1440-21-34,6900.0,0.10942028985507246,0.10717584702658996,ok,0.009130434782608696,0.01837241563553423,0.023768115942028985,0.024984924830856348,0.22159420289855072,0.21921305217316,0.0017391304347826088,0.00774795759701375,0.041594202898550724,0.06395678935718446,0.5044927536231885,0.4703672435749983,0.08695652173913043,0.08503578899141621,0.0013043478260869566,0.0031459808132466645,0.10942028985507246,0.10717584702658996
H1175-21-A11,13524.0,0.3109287193138125,0.27962848538737767,ok,7.394262052647145e-05,0.0019372876802116203,0.008429458740017746,0.009669781594419686,0.38642413487133986,0.3820802290017716,0.005545696539485359,0.015848331992237737,0.044439514936409345,0.06199874181139378,0.20607808340727596,0.20486297846810192,0.0370452528837622,0.04236897480378742,0.0010351966873706005,0.0016051892606986575,0.3109287193138125,0.27962848538737767
H884-22-1,250.0,0.008,0.020317524782058553,ok,0.028,0.044969290721153,0.112,0.10352064105961506,0.108,0.10890541905856509,0.336,0.3155312633992757,0.052,0.06277894285409578,0.356,0.3425622975765254,0.0,0.001389668510219557,0.0,2.4952038491900308e-05,0.008,0.020317524782058553
H-503-23-19A,7259.0,0.0,0.0001849303578202608,ok,0.0,0.02567754948492631,0.0351288056206089,0.15870702185152788,0.9647334343573495,0.7792557228809449,0.0,0.0005488683150055711,0.0,0.00019879191920930516,0.00013776002204160352,0.03343480003612587,0.0,0.0011711844318611296,0.0,0.0008211307225788367,0.0,0.0001849303578202608
H1566-22-1,8236.0,0.0,3.2959785544755174e-05,ok,0.054638173870811074,0.07436181332418479,0.37348227294803304,0.3502734872041866,0.0055852355512384655,0.012476693565610349,0.0,6.447728048656174e-05,0.013355998057309373,0.022004294560330068,0.5519669742593492,0.5389210641100747,0.0,0.00010219505889982747,0.0009713453132588635,0.0017630151106824152,0.0,3.2959785544755174e-05
H617-23,1293.0,0.0007733952049497294,0.0040151861256435325,ok,0.0,0.00029009844052024726,0.0,0.0022873712011248614,0.16937354988399073,0.16500059971463069,0.0,0.0002696751269647346,0.01082753286929621,0.01375962348843309,0.17865429234338748,0.20365204265490502,0.6403712296983759,0.6106521792773044,0.0,7.322397047343291e-05,0.0007733952049497294,0.0040151861256435325
H625-21-B,729.0,0.037037037037037035,0.07469639674330489,ok,0.0,0.0003726894220259105,0.0027434842249657062,0.0042186429196899135,0.7832647462277091,0.7041472843531523,0.0,0.0022431528866409403,0.0,0.0026538958392201546,0.1728395061728395,0.1968301075200518,0.00411522633744856,0.01481594844048039,0.0,2.1881875433716983e-05,0.037037037037037035,0.07469639674330489
H482-22,5251.0,0.0007617596648257475,0.004191198039924552,ok,0.009521995810321843,0.024781610965931507,0.0026661588268901163,0.006878820277402157,0.1182631879641973,0.11914719796792109,0.0007617596648257475,0.0013658477236181377,0.03713578366025519,0.05645662358198403,0.8297467149114455,0.7831744421059106,0.00019043991620643687,0.0009523873668121151,0.0009521995810321843,0.0030518719704959014,0.0007617596648257475,0.004191198039924552
H533-22-9,6736.0,0.0020783847980997625,0.0042662627862388195,ok,0.0,0.0017980521351449944,0.0001484560570071259,0.000832622529651456,0.10703681710213776,0.10757660425177203,0.0007422802850356294,0.0012822679140988731,0.020635391923990498,0.03219857311120873,0.7422802850356295,0.7273727711248823,0.12663301662707838,0.12385702913410902,0.0004453681710213777,0.0008158170128937882,0.0020783847980997625,0.0042662627862388195
H1205-23-A,1131.0,0.1962864721485411,0.19492558882392863,ok,0.0,0.0006632799032329763,0.0,0.002582162762799827,0.32272325375773653,0.3191853290187098,0.0,0.0037118228715648776,0.015915119363395226,0.020698800180697974,0.05305039787798409,0.06752537074638894,0.4120247568523431,0.3906459357353676,0.0,6.170995730948865e-05,0.1962864721485411,0.19492558882392863
H1175-21-C1,9360.0,0.031517094017094016,0.03180905228325022,ok,0.003098290598290598,0.006160324766367158,0.00608974358974359,0.0068157996250317755,0.0955128205128205,0.1188289851820038,0.0016025641025641025,0.008838154471929443,0.06068376068376068,0.07403717067482622,0.7597222222222222,0.704259166577027,0.0,0.0005685496497279692,0.04177350427350427,0.04868279676983638,0.031517094017094016,0.03180905228325022
H742-22-14,5231.0,0.0013381762569298413,0.004324408335489248,ok,0.003632192697380998,0.006651619327975484,0.0003823360734085261,0.004623242808663115,0.18275664308927547,0.1902832656364487,0.0,0.0013442694767615466,0.0011470082202255784,0.004656533783391758,0.629325176830434,0.6165841865382268,0.1810361307589371,0.17060121666543898,0.0003823360734085261,0.000931257427604352,0.0013381762569298413,0.004324408335489248
H742-22-8,8180.0,0.020904645476772617,0.030950325755564667,ok,0.007212713936430318,0.006812195002199602,0.052689486552567236,0.048449569766766176,0.4640586797066015,0.46283749827069304,0.0007334963325183374,0.004252581498274861,0.004767726161369193,0.010101353212160344,0.4482885085574572,0.4295528995950041,0.0013447432762836186,0.006603484580055617,0.0,0.0004400923192815359,0.020904645476772617,0.030950325755564667
H533-1-22,4143.0,0.000724112961622013,0.0025780487869456587,ok,0.0041033067825247405,0.018340141035575283,0.00313782283369539,0.0034132535433577748,0.05696355298093169,0.060025501962576625,0.0026550808592807145,0.005160820050035184,0.05406710113444364,0.06952883050598685,0.8781076514602945,0.8387800356611528,0.0,0.0009529866401147613,0.0002413709872073377,0.0012203818142550215,0.000724112961622013,0.0025780487869456587
H1175-21-B7,9650.0,0.1676683937823834,0.14729049005093656,ok,0.000310880829015544,0.0037299032853197766,0.0327461139896373,0.0319016126039371,0.20310880829015543,0.21490114284356301,0.0261139896373057,0.046439336026556664,0.07150259067357513,0.09076095915631904,0.474300518134715,0.4329872135718967,0.0011398963730569949,0.004110580762491328,0.02310880829015544,0.02787876169897987,0.1676683937823834,0.14729049005093656
H-1628-B18-22-A,6998.0,0.0,0.0007154561624890176,ok,0.005573020863103744,0.011560018926918934,0.012432123463846813,0.02047494117070674,0.43712489282652184,0.41717237541836216,0.0,0.0008493446392326435,0.00871677622177765,0.022559209868729096,0.5331523292369248,0.5196766572144293,0.0,0.0006345229967687088,0.003000857387825093,0.006357473602363261,0.0,0.0007154561624890176
H-503-23-2B1,8412.0,0.00047551117451260106,0.001965680842089956,ok,0.001783166904422254,0.012120199766825322,0.003566333808844508,0.004559356199934608,0.1121017593913457,0.11968690319728134,0.00011887779362815027,0.0009850772914741113,0.014621968616262483,0.01842827370972294,0.8411792677127913,0.8145322106141942,0.026034236804564907,0.02730322432934944,0.00011887779362815027,0.00041907404912808026,0.00047551117451260106,0.001965680842089956
H82-23-9,5229.0,0.07783515012430675,0.08368040618624262,ok,0.0011474469305794606,0.006027372660295722,0.00019124115509657678,0.00032620790213916823,0.19334480780263913,0.19437465785503263,0.0007649646203863071,0.006310860260736245,0.002677376171352075,0.011021663227108196,0.7238477720405432,0.6950682795520073,0.00019124115509657678,0.0016951209356145275,0.0,0.0014954314208235253,0.07783515012430675,0.08368040618624262
H715-22-14,10794.0,0.04039281082082639,0.04689037169870382,ok,0.0034278302760793033,0.007878126328363221,0.026866777839540487,0.02622010732352442,0.2644987956272003,0.2586108275325328,0.00027793218454697053,0.0018301966867640147,0.0392810820826385,0.04362198544909911,0.6214563646470261,0.607751022978186,0.0034278302760793033,0.005957090695466676,0.00037057624606262737,0.0012402713073600392,0.04039281082082639,0.04689037169870382
H742-22-21,3152.0,0.0,0.0014045013878306617,ok,0.0031725888324873096,0.005644206401479544,0.0038071065989847717,0.007131452415364436,0.7557106598984772,0.7384351651964889,0.009200507614213198,0.014689353331211831,0.0,0.000756905214704008,0.22779187817258884,0.23126333357759143,0.0,0.00026214832630890776,0.00031725888324873094,0.0004129341490204001,0.0,0.0014045013878306617
H1628-22-B1-1,3228.0,0.0,0.003528003104473849,ok,0.0027881040892193307,0.018413077577127825,0.18804213135068154,0.20471738009643464,0.6920693928128873,0.619199478905498,0.0,0.0019577509919488385,0.052664188351920695,0.07634680976479621,0.06412639405204461,0.07115575183754098,0.0,0.0016481788278523506,0.0003097893432465923,0.0030335688943272884,0.0,0.003528003104473849
H742-22-42,9740.0,0.0001026694045174538,0.002367428114881897,ok,0.003593429158110883,0.0061593268162619345,0.0001026694045174538,0.0009743939993838319,0.30513347022587267,0.32594348397368045,0.0,0.000767931211741435,0.0011293634496919917,0.0035054742064983308,0.6896303901437372,0.6576568965264336,0.0,0.0008828086209067802,0.0003080082135523614,0.0017422565302118002,0.0001026694045174538,0.002367428114881897
H715-22-11,6984.0,0.06056701030927835,0.06326475466674193,ok,0.000143184421534937,0.0015601019986142815,0.000143184421534937,0.0012998219327987328,0.22250859106529208,0.23982738712194127,0.011741122565864834,0.02299081986140301,0.011311569301260023,0.016603052880314134,0.6904352806414662,0.6486416055799936,0.003150057273768614,0.005122211340048039,0.0,0.000690244618144971,0.06056701030927835,0.06326475466674193
H748-23,681.0,0.039647577092511016,0.05155555661711961,ok,0.0,0.0003128214396153084,0.004405286343612335,0.0072270018663786965,0.8370044052863436,0.7900748757516864,0.0,0.0008081470405046031,0.005873715124816446,0.008159114664532115,0.10866372980910426,0.13375733516360458,0.004405286343612335,0.008076038098256381,0.0,2.9109358302259856e-05,0.039647577092511016,0.05155555661711961
H715-22-1,3718.0,0.0,0.0011985332911420127,ok,0.00026896180742334586,0.005553384098993529,0.03173749327595481,0.04923402944984565,0.1490048413125336,0.15549678282716853,0.07638515330823023,0.09620134325294377,0.0008068854222700376,0.0033618554570959427,0.7415277030661646,0.6855176917022305,0.00026896180742334586,0.0034017405801455365,0.0,3.463934043444945e-05,0.0,0.0011985332911420127
H1175-21-B1-1,2142.0,0.00046685340802987864,0.001316084463529506,ok,0.05648926237161531,0.06118579690829914,0.03734827264239029,0.042435731826807675,0.08403361344537816,0.09218082069193363,0.004668534080298786,0.004431828901580256,0.1311858076563959,0.1370070682821683,0.43744164332399627,0.41118254216713623,0.23716153127917833,0.2330734796174662,0.011204481792717087,0.017186647141079047,0.00046685340802987864,0.001316084463529506
H-7677-C-22-GIEMSA,655.0,0.0,0.003944879619355526,ok,0.0015267175572519084,0.0037556636449172123,0.32061068702290074,0.3360665135588809,0.6625954198473283,0.6179567969608388,0.0,0.0008891887520091951,0.013740458015267175,0.028937768527273033,0.0015267175572519084,0.0072808103624487355,0.0,0.0004535546256776203,0.0,0.0007148239485989482,0.0,0.003944879619355526
H970-23-EX1,4587.0,0.0008720296490080662,0.006940253188651462,ok,0.02485284499672989,0.03984761172539092,0.003706126008284282,0.009024205740600996,0.27665140614780903,0.2665212573249423,0.17331589274035317,0.16957709098679552,0.017004578155657292,0.024629730345468014,0.5031611074776542,0.4808651661866576,0.0004360148245040331,0.002253098204265019,0.0,0.0003415862972281641,0.0008720296490080662,0.006940253188651462
H970-23-13,5681.0,0.0001760253476500616,0.0013021346989574335,ok,0.0,0.0017880463385434382,0.002112304171800739,0.006414125413780695,0.24731561344833655,0.2552720298941346,0.0005280760429501848,0.003878964879385375,0.012673825030804435,0.026122130510421802,0.737194155958458,0.703898476803422,0.0,0.0009243133706282099,0.0,0.00039977809072645623,0.0001760253476500616,0.0013021346989574335
H1440-21-1,9519.0,0.001365689673285009,0.0022102526609072866,ok,0.02594810379241517,0.03900397563107122,0.01785901880449627,0.01954586459954891,0.007248660573589662,0.014971056370936145,0.006933501418216199,0.009239126617732407,0.04380712259691144,0.055936965006731544,0.7687782330076689,0.7382851852828795,0.1267990335119235,0.11923080100225979,0.0012606366214938543,0.0015767728279331397,0.001365689673285009,0.0022102526609072866
H-1641-A-22-B,966.0,0.011387163561076604,0.02473861159675917,ok,0.2204968944099379,0.21115787150084195,0.031055900621118012,0.06663503300566533,0.5538302277432712,0.45573616423531793,0.0,0.0007904707569290127,0.009316770186335404,0.03409937668021696,0.14389233954451347,0.16300627200590645,0.030020703933747412,0.04261787385433414,0.0,0.0012183263640290782,0.011387163561076604,0.02473861159675917
H1440-21-5,8455.0,0.0,0.00011009740711687729,ok,0.027202838557066823,0.046122826252125826,0.008988764044943821,0.012448905638629722,0.028030751034890597,0.028538653580082517,0.0,0.0008466146069762498,0.02495564754583087,0.03948062840454677,0.8630396215257244,0.8217742801522526,0.04707273802483737,0.04840109454135063,0.0007096392667060911,0.002276899416918796,0.0,0.00011009740711687729
H-503-23-14A-1,3581.0,0.0,0.000934515083213365,ok,0.006981290142418319,0.011274484842546832,0.003351019268360793,0.006561996746826471,0.3912314995811226,0.3913889849139333,0.0016755096341803965,0.0033843071782735665,0.0008377548170901983,0.0032358036763538065,0.5858698687517453,0.5697455098895913,0.01005305780508238,0.0118451700369837,0.0,0.001629227632277743,0.0,0.000934515083213365
H1910-21,2321.0,0.01852649719948298,0.020243142336946476,ok,0.002154243860404998,0.007836898678303911,0.056010340370529946,0.05341342493497072,0.17061611374407584,0.18035653254526093,0.003877638948728996,0.006479060851321182,0.034898750538560966,0.057284115332043424,0.3171046962516157,0.28110766362193046,0.3950883239982766,0.3897751749630946,0.0017233950883239983,0.003503986736128292,0.01852649719948298,0.020243142336946476
H742-22-18-1,469.0,0.0042643923240938165,0.0155405839346393,ok,0.0021321961620469083,0.003484118362845553,0.12153518123667377,0.13827174108366358,0.6268656716417911,0.5732450105968575,0.01279317697228145,0.02230803076661017,0.0,0.0024185188402291442,0.232409381663113,0.23907684588380892,0.0,0.005582543242358101,0.0,7.260728898770885e-05,0.0042643923240938165,0.0155405839346393
H-147-3-22,9794.0,0.004288339799877476,0.005516163218517585,ok,0.0010210332856851133,0.0045449854696012985,0.0016336532570961813,0.0028600500104623465,0.030937308556258935,0.041583129070013485,0.004798856442720032,0.007537942841485428,0.02001225239942822,0.02527881078592561,0.7606697978354094,0.73877046589323,0.17602613845211354,0.17253894533575725,0.000612619971411068,0.0013695073750069676,0.004288339799877476,0.005516163218517585
H1440-21-30,3212.0,0.001556662515566625,0.005152223027021841,ok,0.13542963885429637,0.15442346543504218,0.01774595267745953,0.023812844212533463,0.040473225404732256,0.04987957033937358,0.0,0.0003360200206452824,0.12702366127023662,0.1452490421927686,0.6161270236612703,0.5515757103090377,0.03767123287671233,0.03936130411154912,0.023972602739726026,0.0302098203520282,0.001556662515566625,0.005152223027021841
H-1628-B6-22,4462.0,0.0,0.0017154909172349317,ok,0.03003137606454505,0.05517445243568144,0.20596145226355894,0.1880696469967166,0.22209771402958314,0.2200468227507799,0.00022411474675033618,0.004050503200264564,0.025549081129538322,0.04801121598728395,0.5100851636037651,0.46697185545666453,0.0044822949350067235,0.011446270620247879,0.0015688032272523531,0.004513741635126181,0.0,0.0017154909172349317
H-1628-A1-22,10311.0,0.0002909514111143439,0.002429492376823516,ok,0.0047522063815342835,0.010365361979526281,0.004849190185239065,0.00835564076978389,0.23790127048782853,0.2357624035396511,0.0,0.001354387464267282,0.0326835418485113,0.0489813963397397,0.665599844825914,0.6229120569175368,0.0,0.0002333344112124622,0.0539229948598584,0.06960592620145892,0.0002909514111143439,0.002429492376823516
H82-23-18,2633.0,0.0,0.0001222337902337867,ok,0.00037979491074819596,0.007052371471926666,0.0,0.0004317553611246505,0.0018989745537409798,0.00499937040244909,0.006836308393467528,0.006949985327262838,0.0060767185719711354,0.012884568306241151,0.9840486137485758,0.9666373933960649,0.0,0.00015975472288258416,0.0007595898214963919,0.0007625672218143513,0.0,0.0001222337902337867
H1913-22-15,2933.0,0.0,9.700302177114819e-05,ok,0.06853051483123082,0.08056560912512184,0.3566314353903853,0.33483074434044724,0.03886805318786226,0.06987460368594096,0.1496760995567678,0.14702913265632814,0.008523695874531197,0.01558337435663108,0.37777020115922266,0.3506334686267885,0.0,0.0010690540859800309,0.0,0.0003170101009911037,0.0,9.700302177114819e-05
H1175-21-D4,2020.0,0.0,0.0014480325582963496,ok,0.0049504950495049506,0.012008586815669343,0.007920792079207921,0.011869869984003575,0.034653465346534656,0.04996991884991976,0.4207920792079208,0.3928735822927675,0.0029702970297029703,0.008624880231298754,0.5252475247524753,0.5142963518164698,0.0029702970297029703,0.008483984224978215,0.0004950495049504951,0.0004247932265966781,0.0,0.0014480325582963496
H1053-23-1-1,1535.0,0.003908794788273616,0.010862027200711959,ok,0.003908794788273616,0.007713947430706452,0.016938110749185668,0.02460613791938162,0.7420195439739413,0.6940943228204193,0.09576547231270359,0.09702342820232923,0.018241042345276872,0.025540507257993977,0.10162866449511401,0.12002028546211986,0.01758957654723127,0.01998243743904904,0.0,0.00015690626728866788,0.003908794788273616,0.010862027200711959
H884-22-2,664.0,0.0,0.00014360104471452577,ok,0.0030120481927710845,0.007825797196319095,0.0391566265060241,0.04393524719145372,0.0030120481927710845,0.006253004485043169,0.7289156626506024,0.661649630440225,0.0,0.0013295802193513007,0.22590361445783133,0.2778025100238725,0.0,0.0010395511015644236,0.0,2.107829745622498e-05,0.0,0.00014360104471452577
H1079-22-20,843.0,0.03914590747330961,0.057210577511619544,ok,0.0071174377224199285,0.022301350886623075,0.06761565836298933,0.077090966723805,0.10794780545670225,0.11644052697253818,0.09727164887307237,0.08808050610974912,0.27402135231316727,0.24452458848926215,0.38552787663107946,0.3621155448662321,0.021352313167259787,0.03194269223423702,0.0,0.0002932462059338001,0.03914590747330961,0.057210577511619544
H533-22-6,10237.0,0.05519195076682622,0.06434205130680296,ok,0.000683794080296962,0.00507598980655025,0.002637491452573996,0.006079580917019384,0.42531991794471036,0.4088863648700614,0.000683794080296962,0.002806853735692254,0.21793494187750317,0.2124461227080477,0.29627820650581227,0.2976804794570621,0.000683794080296962,0.0015594305086969564,0.0005861092116831103,0.0011231266900670349,0.05519195076682622,0.06434205130680296
H715-22-5,4794.0,0.0,0.000820669994458437,ok,0.0,0.001911490867115134,0.00020859407592824363,0.00355115008968113,0.22966207759699625,0.22704408328982495,0.03420942845223195,0.04290226587149954,0.0008343763037129745,0.002833041627696062,0.7350855235711306,0.7203069328941074,0.0,0.0005231902849293001,0.0,0.00010717508068803273,0.0,0.000820669994458437
H1487-22-A5,8802.0,0.0,0.00018769659812161978,ok,0.0,0.03307423740541646,0.11099750056805271,0.2342236703353971,0.8890024994319473,0.7099027339620484,0.0,0.00048486618464819943,0.0,0.00014859158124395645,0.0,0.019472819371931346,0.0,0.0015755863825305985,0.0,0.0009297981786623948,0.0,0.00018769659812161978
H1633-22-11,8349.0,0.0,0.00030089696104840827,ok,0.06982872200263504,0.08008324095749964,0.0477901545095221,0.05263739335095415,0.19092106839142411,0.1956310164986708,0.001437297879985627,0.0024835641867872486,0.01329500538986705,0.03330307716242422,0.6598395017367349,0.6155230679148551,0.01604982632650617,0.015918817595981894,0.0008384237633249491,0.004118925371778559,0.0,0.00030089696104840827
H-353-4-22,16704.0,0.017420977011494254,0.022018907585935166,ok,0.00035919540229885057,0.0027729752410344064,0.002454501915708812,0.002904421754638009,0.19570162835249041,0.20931928747777337,0.0011374521072796935,0.001983479018741234,0.0059865900383141765,0.008705460320981698,0.7733477011494253,0.7468083400035155,0.0026939655172413795,0.0037574793256285504,0.0008979885057471264,0.001729649271752121,0.017420977011494254,0.022018907585935166
H1633-22-13,8564.0,0.0,0.00014908434954808645,ok,0.005721625408687529,0.010062029451645397,0.011326482951891639,0.014740483462552696,0.047991592713685194,0.06830994581107479,0.3201774871555348,0.3157992695782859,0.007473143390938813,0.012242851239502051,0.6069593647828118,0.5770532894604555,0.00011676786548341896,0.0007439697867765002,0.00023353573096683791,0.0008990768601590506,0.0,0.00014908434954808645
H715-22-10,15063.0,0.0,0.0004969665524448896,ok,0.0007966540529774945,0.008266078662656868,0.005377414857598088,0.005395417429378256,0.05377414857598088,0.0809334485243546,0.0015269202682068645,0.006636617802333759,0.002721901347673106,0.0047114810234678735,0.9351390825200824,0.8904047667222648,6.638783774812455e-05,0.0009002468798640385,0.0005974905397331209,0.0022549764032350197,0.0,0.0004969665524448896
H1628-22-B6,292.0,0.0,0.0009019327994103897,ok,0.0410958904109589,0.06090091515659268,0.3527397260273973,0.32464382227271127,0.2363013698630137,0.2524162673834682,0.0,0.0002342835043138901,0.3561643835616438,0.31052423762831904,0.0136986301369863,0.04185001844637064,0.0,3.842888177228888e-05,0.0,0.008490093927041574,0.0,0.0009019327994103897
H1986-22-10,6186.0,0.00016165535079211123,0.000795105556230195,ok,0.13061752344002586,0.1812838474221543,0.7803103782735209,0.6930596401059957,0.07807953443258972,0.1011884571513915,0.00032331070158422246,0.000787571448588981,0.0033947623666343357,0.011890360824721488,0.007112835434852894,0.010127115406358262,0.0,8.859569177336976e-05,0.0,0.0007793063927860924,0.00016165535079211123,0.000795105556230195
H43-21-5,15801.0,0.0026580596164799694,0.008487671839538306,ok,0.00037972280235428136,0.0027353884155170436,0.00012657426745142712,0.0004416927487982029,0.287007151446111,0.28616600323702396,0.003164356686285678,0.010927795278558583,0.006708436174925637,0.009245399740309928,0.6195177520410101,0.5981927651550242,0.08043794696538194,0.08352028110936859,0.0,0.00028300247586117064,0.0026580596164799694,0.008487671839538306
H1175-21-A6,5620.0,0.0,0.0003112088900668335,ok,0.0012455516014234875,0.006305375833181922,0.04768683274021352,0.04296102520345944,0.02224199288256228,0.03276436815734408,0.006405693950177936,0.00814662924864051,0.027580071174377226,0.03240481150449992,0.3693950177935943,0.3556947699636504,0.5231316725978647,0.518284760416004,0.0023131672597864767,0.003127050783152921,0.0,0.0003112088900668335
H1440-21-31,6663.0,0.04577517634699085,0.04390217323502782,ok,0.028215518535194356,0.04610819671300679,0.020561308719795886,0.022497192449581146,0.055980789434188806,0.07010695008366068,0.00075041272699985,0.0037898799879006874,0.06348491670418731,0.07911818054706776,0.6785231877532643,0.627441072950734,0.10580819450697884,0.10550903539333825,0.0009004952723998199,0.0015273186396827243,0.04577517634699085,0.04390217323502782
H715-22-2,2827.0,0.0,0.0010149319489868851,ok,0.010965688008489564,0.02657894875282415,0.07994340290060134,0.10034840769447838,0.18217191368942343,0.18807644189516304,0.024761230986911922,0.04717814268935665,0.0007074637424831977,0.006926393426329923,0.7007428369296074,0.6274033615206522,0.0007074637424831977,0.002418173641603498,0.0,5.519843060528192e-05,0.0,0.0010149319489868851
H503-23-A19,24072.0,0.0,0.00041189771575124597,ok,0.0,0.0004854934313003964,0.013999667663675639,0.027310744071764995,0.9860003323363243,0.9410191840016202,0.0,0.00941112005430154,0.0,0.001949058484082608,0.0,0.01028275566450964,0.0,0.00782155960491946,0.0,0.001308186971750181,0.0,0.00041189771575124597
H1205-23-B-1,1166.0,0.04030874785591767,0.05643270087471175,ok,0.0,0.0021399896149819253,0.0,0.0027294607286736036,0.34476843910806176,0.320132551978047,0.0,0.004192463472290947,0.011149228130360206,0.015342336873146742,0.23241852487135506,0.237042799841287,0.3713550600343053,0.3619692035343995,0.0,1.84930824615411e-05,0.04030874785591767,0.05643270087471175
H-503-23-8B,13174.0,0.0334750265674814,0.03863351574322478,ok,0.0007590708972218005,0.00306485495845013,0.0003036283588887202,0.0007661130280882644,0.17291635038712616,0.17612165948813083,0.0021253985122210413,0.010048034096097589,0.0006072567177774404,0.002101938187635436,0.789661454379839,0.7681358461759782,0.0,0.0007647994584279982,0.0001518141794443601,0.0003632388639668428,0.0334750265674814,0.03863351574322478
H82-23-8,5517.0,0.3404023926046765,0.33046238938118183,ok,0.0,0.0012959200125441843,0.0,0.00020787740099465044,0.2909189777052746,0.2862080863561431,0.014319376472720682,0.026516775670237306,0.0034439006706543413,0.013850213745432516,0.29907558455682437,0.28605742806345075,0.051658510059815116,0.052859461289399765,0.00018125793003443902,0.0025418480806159013,0.3404023926046765,0.33046238938118183
H82-23-13,5299.0,0.003396867333459143,0.004229646201627601,ok,0.0,0.0006036972023389003,0.0,0.00013744118804053516,0.009624457444800906,0.010900748202243083,0.007171164370635969,0.00721181199757948,0.00585016040762408,0.006070047080239783,0.6053972447631628,0.6057068649330267,0.36856010568031705,0.3651225350886905,0.0,1.7208106213341198e-05,0.003396867333459143,0.004229646201627601
H-1628-B13-22,8813.0,0.0004538749574492227,0.002095833535085747,ok,0.006013843186202202,0.01568488592701412,0.023261091569272665,0.027287118359707138,0.11029161466016113,0.11365540050096673,0.0005673436968115284,0.002989001985996989,0.05435152615454442,0.06994160307484128,0.7990468625893566,0.7558787682514307,0.00034040621808691704,0.002705404451001716,0.005673436968115285,0.009761983913955476,0.0004538749574492227,0.002095833535085747
H1633-22-3,9389.0,0.0,0.0005226772726517619,ok,0.0033017360741293003,0.024557037497365545,0.3704334859942486,0.3609096806920297,0.5472361273831079,0.5136662192015226,0.0,0.0017548154554979786,0.01555011183299606,0.023268731317338153,0.05399936095430823,0.056835837899080185,0.005644903610608158,0.008399393418504845,0.003834274150601768,0.010085607246009286,0.0,0.0005226772726517619
H715-22-6,10533.0,0.00037975885312826357,0.0020099700506641107,ok,9.493971328206589e-05,0.0025754742338506284,0.0005696382796923954,0.0022749608260573136,0.013006740719643027,0.021280360579353744,0.0028481913984619764,0.003918646836567901,0.0075002373492832055,0.012281838950255164,0.8381277888540777,0.8251837553814901,0.1374727048324314,0.13037779736022959,0.0,9.719578153129012e-05,0.00037975885312826357,0.0020099700506641107
H-1137-21,1755.0,0.0017094017094017094,0.0074726190612795,ok,0.0,0.0009008668542626504,0.002849002849002849,0.0052317628215462295,0.3680911680911681,0.33810809860684604,0.019943019943019943,0.033034379179145604,0.022222222222222223,0.029290329689987994,0.24444444444444444,0.247232142729909,0.3367521367521368,0.33265887602261096,0.003988603988603989,0.006070925034411988,0.0017094017094017094,0.0074726190612795
H1079-22-17,479.0,0.0020876826722338203,0.013794841783444235,ok,0.0041753653444676405,0.01669554191554299,0.0,0.0015160587272896107,0.4759916492693111,0.4494500802328678,0.0041753653444676405,0.013810902150285779,0.020876826722338204,0.03853724841089662,0.49269311064718163,0.46170159308126946,0.0,0.004169832127981234,0.0,0.0003239015704222734,0.0020876826722338203,0.013794841783444235
H-160-B-21,4519.0,0.0165965921664085,0.019514371909262935,ok,0.0002212878955521133,0.0031476129074867365,0.0024341668510732464,0.007344635124546838,0.1661872095596371,0.16671047306728085,0.07036955078557203,0.06819100338322938,0.07811462712989599,0.09592784060549225,0.6187209559637088,0.5862056564230588,0.03230803275060854,0.032984630294495616,0.015047576897543704,0.019973776285146502,0.0165965921664085,0.019514371909262935
H742-22-9,6640.0,0.02319277108433735,0.031976625324220555,ok,0.0,0.0013818870274524794,0.0007530120481927711,0.003076942400641035,0.6704819277108434,0.6356372252280109,0.006174698795180723,0.009759028359931712,0.006325301204819277,0.012226870006922842,0.29262048192771084,0.30390934512040446,0.00045180722891566266,0.0013075284664613405,0.0,0.0007245480659547355,0.02319277108433735,0.031976625324220555
H744-22-11,6200.0,0.0016129032258064516,0.0029895955277316473,ok,0.002096774193548387,0.007227785169350576,0.0011290322580645162,0.002769014116278929,0.2503225806451613,0.26409229763061237,0.0,0.0003935141318179639,0.008709677419354838,0.015159273724200409,0.6414516129032258,0.6132873860050766,0.09451612903225806,0.09322241351703887,0.00016129032258064516,0.0008587201778926411,0.0016129032258064516,0.0029895955277316473
H800-23-A1,4506.0,0.032845095428317796,0.04771685896927426,ok,0.0004438526409232135,0.0019094894325392701,0.0004438526409232135,0.0017475727011179638,0.45206391478029295,0.4330512225651662,0.0,0.0012547918337067697,0.0028850421660008875,0.007082209405854465,0.5106524633821571,0.5048926543691492,0.0006657789613848203,0.0022180403811984345,0.0,0.000127160341993408,0.032845095428317796,0.04771685896927426
H1628-22-EX5,7520.0,0.0,0.0014119658349274699,ok,0.12327127659574467,0.1402344813541538,0.10359042553191489,0.11899887651551569,0.3094414893617021,0.2861994312210902,0.005186170212765957,0.006261663409659878,0.027526595744680853,0.0560334147259455,0.42938829787234045,0.3822134634690406,0.00039893617021276594,0.0030088532192285807,0.0011968085106382979,0.005637850250438267,0.0,0.0014119658349274699
H970-23-4,10073.0,9.927529038022436e-05,0.0008023575318670977,ok,9.927529038022436e-05,0.0012359274809133907,0.0022833316787451603,0.004594853265443346,0.02501737317581654,0.03102853208732956,0.0004963764519011219,0.0010531739567438566,0.006055792713193686,0.009652047249639065,0.8722327012806512,0.8592700762816065,0.0937158741189318,0.09216186709955929,0.0,0.00020116504689806765,9.927529038022436e-05,0.0008023575318670977
H742-22-15,4299.0,0.006047918120493138,0.008111096541958915,ok,0.005117469178878809,0.013020967277593781,0.007210979297511049,0.01297641318471219,0.11979530123284485,0.11837160297889096,0.0006978367062107466,0.002052531548135196,0.0046522447080716445,0.011519152133530313,0.742730867643638,0.7219621017467349,0.11049081181670156,0.10716270771117822,0.0032565712956501513,0.004823426877265554,0.006047918120493138,0.008111096541958915
H905-22-1,3203.0,0.12769278801123946,0.14747198054576816,ok,0.0,0.00027215566824136274,0.00561973150171714,0.016477286569818346,0.8389010302841087,0.7801914785715434,0.0,0.0011073383390775827,0.004370902279113331,0.018450012350173323,0.022791133312519512,0.032308485307333275,0.0006244146113019045,0.0033842893562375702,0.0,0.00033697329180693925,0.12769278801123946,0.14747198054576816
H800-23-B1,5722.0,0.0003495281370150297,0.002932616402649732,ok,0.10258650821391121,0.1284267506258807,0.020272631946871723,0.026830014446164764,0.10485844110450891,0.11054176031574409,0.0,0.00015710429840684844,0.014155889549108703,0.02276766510167763,0.7576022369800769,0.7070037027982662,0.00017476406850751484,0.0009569450359356818,0.0,0.0003834409752744103,0.0003495281370150297,0.002932616402649732
H-147-1-22,5839.0,0.0,0.0006745055995479757,ok,0.0053091282753896215,0.00847801178184752,0.016954958040760405,0.02020374186108889,0.03784894673745504,0.045989406497347285,0.0017126220243192328,0.0029775723718916338,0.010618256550779243,0.020836203503011696,0.4930638808015071,0.4897881600996345,0.4341496831649255,0.4100846779919569,0.0003425244048638465,0.000967720293673559,0.0,0.0006745055995479757
H1487-23-B2,3055.0,0.020621931260229133,0.025039604530100183,ok,0.019639934533551555,0.03210348762414046,0.036333878887070375,0.03331606374352085,0.04844517184942717,0.05631459888914361,0.0,0.0021174512864920603,0.018330605564648116,0.033356964107642495,0.7351882160392799,0.7040911770791066,0.12144026186579378,0.11339957893666829,0.0,0.0002610738031854453,0.020621931260229133,0.025039604530100183
H1175-21-D2,6485.0,0.0,0.0011283226816750096,ok,0.005242868157286045,0.00967905187439183,0.011410948342328451,0.022687598785574567,0.09329221279876639,0.11328532449041759,0.4979182729375482,0.4551849850212536,0.005242868157286045,0.007616543269239818,0.38627602158828067,0.3870385187416742,0.00015420200462606013,0.002316270576342049,0.0004626060138781804,0.0010633845594313841,0.0,0.0011283226816750096
H1641-22-B-1,1060.0,0.0,0.0010138329280878883,ok,0.11037735849056604,0.11922362284740004,0.0037735849056603774,0.01869352994678948,0.789622641509434,0.6913832809901151,0.0,2.9021785101755318e-05,0.0037735849056603774,0.011856339723327008,0.09150943396226414,0.15379862510440606,0.0009433962264150943,0.0038262883452650884,0.0,0.00017545832950764852,0.0,0.0010138329280878883
H1552-22-1,4747.0,0.0,0.00012550477792046795,ok,0.012218243100905836,0.023709260356929513,0.14472298293659153,0.13899998113312148,0.23214661891721086,0.22989247212655078,0.0012639561828523278,0.0033894027788469393,0.02928165156941226,0.04212254626970448,0.39793553823467454,0.38061916062066775,0.17653254687170844,0.1724503711639472,0.005898462186644196,0.008691300772311398,0.0,0.00012550477792046795
H1487-23-B2-1,2548.0,0.007849293563579277,0.009730342225315968,ok,0.44819466248037676,0.3996849567030031,0.2641287284144427,0.28477505086265226,0.08398744113029827,0.09797343927002385,0.0,0.00021904985273431407,0.03414442700156986,0.04999820019952667,0.11930926216640503,0.11921349643303343,0.04042386185243328,0.034610994692475666,0.0019623233908948193,0.0037944697612348043,0.007849293563579277,0.009730342225315968
H82-23-11,,,,no_zarr,,,,,,,,,,,,,,,,,,
H715-22-16,10454.0,0.01501817486129711,0.026561634245335305,ok,0.0,0.0033259041370749557,0.0,0.0010094169589162814,0.21082839104648937,0.19393147867169475,9.565716472163765e-05,0.000452668414686347,0.008896116319112302,0.0154141485854544,0.7581786875837,0.7504603760391396,0.006600344365792998,0.007963173815839233,0.0003826286588865506,0.0008811991318591866,0.01501817486129711,0.026561634245335305
H742-22-40,4466.0,0.0,0.002749087889207207,ok,0.0020152261531571876,0.003541611241336216,0.004030452306314375,0.012821275145423262,0.7270488132557098,0.6997053816928765,0.015002239140170175,0.019637998279031822,0.001567398119122257,0.0032750575255779783,0.2503358710255262,0.2568098233572984,0.0,0.0005015402714852291,0.0,0.0009582245977633302,0.0,0.002749087889207207
H715-22-8,10968.0,0.0002735229759299781,0.0008159616580410996,ok,0.0016411378555798686,0.005721272842268209,0.00036469730123997083,0.0011824209276600623,0.014040846097738877,0.02522990208544862,0.005561633843909555,0.007042123479999316,0.002735229759299781,0.007227969107011848,0.9110138584974471,0.8909205611145022,0.06427789934354486,0.06139973795826953,9.117432530999271e-05,0.00046005082679904865,0.0002735229759299781,0.0008159616580410996
H1628-22-B12,3320.0,0.0,0.002703354652194692,ok,0.20150602409638554,0.173915301808505,0.12078313253012048,0.1418690405588891,0.3177710843373494,0.30502987744647264,0.0,0.0002320485901527215,0.09819277108433735,0.11348665019160285,0.23433734939759035,0.2248002659365612,0.0,9.071527539306068e-05,0.027409638554216867,0.037872745540228805,0.0,0.002703354652194692
H1079-22-7,4288.0,0.009328358208955223,0.018837293136055457,ok,0.009794776119402986,0.029998179471580042,0.23134328358208955,0.21938105319151668,0.1466884328358209,0.1459814197085384,0.0,0.0047382571600820805,0.33908582089552236,0.30900632766214686,0.24953358208955223,0.2470419453013844,0.009328358208955223,0.01688585263599275,0.004897388059701493,0.008129671732703346,0.009328358208955223,0.018837293136055457
H-503-23-11B,2046.0,0.0,0.0007099350438349693,ok,0.023949169110459433,0.03240982143394876,0.23460410557184752,0.2019758149871422,0.1270772238514174,0.14909407771635877,0.07380254154447703,0.0786219610071148,0.0009775171065493646,0.014209179254590193,0.4760508308895406,0.45475487020034255,0.03812316715542522,0.04139521437012633,0.02541544477028348,0.026829125986541448,0.0,0.0007099350438349693
H1053-23-1,1543.0,0.005184705119896306,0.012118508026402757,ok,0.0038885288399222295,0.006685385192004679,0.011665586519766688,0.020045224302667412,0.7355800388852884,0.6923450068116954,0.11276733635774465,0.11789262940515009,0.023979261179520414,0.025588432915544704,0.09462086843810759,0.103577146031179,0.012313674659753726,0.021638811645027612,0.0,0.00010885567032822026,0.005184705119896306,0.012118508026402757
H36-22.pyramidal,5172.0,0.011794276875483373,0.018205528952126404,ok,0.00019334880123743234,0.00399706541711796,0.016821345707656612,0.03102990223770061,0.5837200309358082,0.5370936735199121,0.0,0.0015994253976072319,0.041956689868522815,0.055076159463358365,0.15641918020108275,0.17395872097426157,0.18851508120649652,0.17743419813693218,0.000580046403712297,0.0016053259009834984,0.011794276875483373,0.018205528952126404
H742-22-36A,2194.0,0.0013673655423883319,0.004911359595898362,ok,0.0,0.003625688057434092,0.005013673655423883,0.007028961486299366,0.6472196900638104,0.62525395574287,0.018687329079307202,0.029274956927269818,0.00045578851412944393,0.003091510612158235,0.3263445761166819,0.3242855747761928,0.0009115770282588879,0.002493152563604584,0.0,3.484023827270048e-05,0.0013673655423883319,0.004911359595898362
H118-23-B1,7969.0,0.00012548625925461163,0.0017380431289084845,ok,0.00037645877776383487,0.0015423889929357185,0.001003890074036893,0.0031844054516347955,0.1412975279206927,0.14721547490599093,0.00012548625925461163,0.00043706086993232265,0.011293763332915046,0.020067083030757337,0.8176684653030493,0.7930192876921442,0.02785794955452378,0.03216997812262303,0.00025097251850922326,0.0006262778050730892,0.00012548625925461163,0.0017380431289084845
H1079-22-21,2877.0,0.0010427528675703858,0.003296801254178718,ok,0.0020855057351407717,0.018235386392238165,0.01981230448383733,0.019065966143106516,0.03336809176225235,0.04073232170209232,0.0013903371567605145,0.00473809549500453,0.049356969064998264,0.06258908949633492,0.8842544316996872,0.8313398523104331,0.004171011470281543,0.010381443465203515,0.0045185957594716716,0.009621043741408243,0.0010427528675703858,0.003296801254178718
H1633-22-10,6468.0,0.0,0.0008261435471371614,ok,0.010358688930117502,0.015511758979085175,0.00927643784786642,0.015063617025328276,0.08101422387136673,0.08046046320338061,0.013141620284477427,0.013732141982115222,0.013760049474335189,0.021377653543318203,0.39672232529375384,0.3936813376434814,0.47526283240568956,0.45770826491521666,0.00046382189239332097,0.0016386191609373073,0.0,0.0008261435471371614
H-147-5-22,8947.0,0.10975746060131888,0.11347353569171285,ok,0.0,0.00024277819253979235,0.0003353079244439477,0.0012548975326942702,0.26712864647367834,0.2628432443620898,0.004470772325919302,0.013873909315684198,0.00435900301777132,0.010303387245004408,0.5598524645132447,0.5383045952969039,0.05085503520733207,0.054905499160819465,0.0032413099362914944,0.0047981532025514065,0.10975746060131888,0.11347353569171285
H82-23-14,1880.0,0.018617021276595744,0.018090296354994484,ok,0.0005319148936170213,0.00204799366998758,0.0,0.0039970165218820245,0.03829787234042553,0.04371434900888534,0.3558510638297872,0.346529547902841,0.0010638297872340426,0.0027026963741710237,0.5840425531914893,0.5805818359465112,0.0015957446808510637,0.0023078390197967657,0.0,2.8425200930649248e-05,0.018617021276595744,0.018090296354994484
H1440-21-33,11760.0,0.13681972789115646,0.13230315312817126,ok,0.0007653061224489796,0.0035049498011829688,0.07015306122448979,0.0666711107536366,0.36181972789115646,0.3472683735795458,0.006122448979591836,0.020248921155433423,0.11241496598639455,0.12279413980373913,0.2863945578231292,0.27409367694935793,0.018112244897959182,0.022063206629720646,0.00739795918367347,0.011052468199212136,0.13681972789115646,0.13230315312817126
H744-22-15,1524.0,0.007217847769028871,0.017646802207384467,ok,0.005905511811023622,0.01771193278433281,0.00853018372703412,0.00871929014917285,0.19291338582677164,0.186759189435164,0.0,0.002818301235127994,0.001968503937007874,0.008829382886615509,0.7834645669291339,0.753839805042746,0.0,0.003243726061010839,0.0,0.00043157019844554807,0.007217847769028871,0.017646802207384467
H1175-21-B10-1,4340.0,0.0009216589861751152,0.004486166532961384,ok,0.012672811059907835,0.020517431133242017,0.026728110599078342,0.029493687942781403,0.09470046082949309,0.09505120695420094,0.010599078341013824,0.012928275454188226,0.07188940092165899,0.08072546320393932,0.37004608294930874,0.3466430082604738,0.39953917050691246,0.38985254210866016,0.012903225806451613,0.020302218409552805,0.0009216589861751152,0.004486166532961384
H742-22-2,4551.0,0.0013183915622940012,0.003820260436429681,ok,0.0008789277081960009,0.002144779281198733,0.0,0.0020075872931483068,0.11887497253350912,0.12405084512387272,0.0024170511975390024,0.003546890337585379,0.0013183915622940012,0.004713225497399701,0.3926609536365634,0.38781434755561806,0.4807734563832125,0.4684076178134136,0.0017578554163920018,0.0034944466613337213,0.0013183915622940012,0.003820260436429681
H-353-2-22,8569.0,0.0011669973159061733,0.0031751324340734115,ok,0.00011669973159061734,0.0015855864018391736,0.00175049597385926,0.004355149430449958,0.0672190453961956,0.06706268945734278,0.00175049597385926,0.0025710075600689146,0.004434589800443459,0.009633467396835975,0.8187653168397713,0.8106906568482681,0.10479635896837437,0.10085783982729774,0.0,6.847064382388455e-05,0.0011669973159061733,0.0031751324340734115
H88-21-A2,8155.0,0.0004904966278356836,0.0017206784935716256,ok,0.0,0.00012704477120215982,0.00269773145309626,0.006215867108524952,0.5383200490496628,0.5275871402448454,0.0,0.0003796502775010656,0.0,0.000671394106129614,0.45849172286940526,0.46301336460866316,0.0,3.897325469263219e-05,0.0,0.0002458871348693829,0.0004904966278356836,0.0017206784935716256
H82-23-17,2331.0,0.06778206778206779,0.06290438425229797,ok,0.0,0.0006683700394035417,0.000429000429000429,0.002027459949037253,0.11840411840411841,0.12436536861521554,0.19133419133419133,0.1818307130816394,0.019734019734019732,0.028039512507009232,0.6023166023166023,0.5986714923297455,0.0,0.0011781354631065408,0.0,0.0003145637625450698,0.06778206778206779,0.06290438425229797
H742-22-24,627.0,0.001594896331738437,0.002824722956516075,ok,0.0,0.002740035351896114,0.0,0.002849898956196174,0.7464114832535885,0.74340159039819,0.0,0.0013923751272447975,0.0,0.001966515783714579,0.2503987240829346,0.2432784478686382,0.001594896331738437,0.0014537747117247869,0.0,9.263884587935766e-05,0.001594896331738437,0.002824722956516075
H1175-21-C4,11826.0,0.0,0.0009671003375769127,ok,0.0016911889058007779,0.006256846521896714,0.027820057500422796,0.02400151415538675,0.17055640115000845,0.18843599264551938,8.455944529003889e-05,0.0031555579993139734,0.019279553526128868,0.03622648731090557,0.7724505327245054,0.7225435339710179,0.0,0.00015099041547631038,0.008117706747843734,0.018261976642906463,0.0,0.0009671003375769127
H-1628-B14-22,6371.0,0.0,0.0014752738940381938,ok,0.007377177837074243,0.010558309247889594,0.003296185842097002,0.0069881915340937765,0.14283471982420343,0.13863643261412856,0.0,0.0009913618161769948,0.05069847747606341,0.06664548966465224,0.7882592999529117,0.7610066355233126,0.0,0.00017052604964138717,0.00753413906765029,0.013527779656066642,0.0,0.0014752738940381938
H1628-22-B7,4128.0,0.0,0.0014252160269414308,ok,0.025920542635658916,0.04690785824309872,0.12936046511627908,0.14216831813032224,0.5397286821705426,0.48431583917200477,0.001695736434108527,0.004958136940497112,0.022771317829457363,0.048309105164205425,0.27882751937984496,0.2626568606240012,0.001695736434108527,0.007684427141869568,0.0,0.0015742385570596087,0.0,0.0014252160269414308
H1560-22-9,2509.0,0.0,0.00021326910270269206,ok,0.0,0.023426457204739945,0.23953766440813073,0.31784016541822474,0.7604623355918693,0.6362733007255799,0.0,0.000694856497947758,0.0,0.000309028469907283,0.0,0.00875619017126055,0.0,0.009171548136478155,0.0,0.0033151842731588867,0.0,0.00021326910270269206
H800-23-A2,5544.0,0.011363636363636364,0.019256800902750264,ok,0.003787878787878788,0.00920050148019819,0.022005772005772004,0.02968614663934094,0.3566017316017316,0.3427419822358328,0.0,0.0016129763368836099,0.004509379509379509,0.01065300800924098,0.6013708513708513,0.5849838650656289,0.00036075036075036075,0.001160695615344732,0.0,0.0007040237147794987,0.011363636363636364,0.019256800902750264
H1401-21-1,2188.0,0.0031992687385740404,0.004558230788541698,ok,0.0009140767824497258,0.008794904589122172,0.07221206581352833,0.07342131165689675,0.1430530164533821,0.140389644302896,0.007769652650822669,0.010681918950716636,0.022851919561243144,0.03956530163006451,0.27925045703839124,0.27499108241882175,0.47074954296160876,0.44531063548322875,0.0,0.002286970179711737,0.0031992687385740404,0.004558230788541698
H1913-22-11,11173.0,0.0006265103374205674,0.002007067814815364,ok,0.0009845162445180345,0.00801538564376607,0.5976013604224469,0.5689995441638915,0.11393537993376891,0.13080830965008955,0.19547122527521704,0.17702376152008711,0.0077866284793699095,0.01640977352852443,0.0810883379575763,0.09071044571892044,0.0012530206748411349,0.004049791786688031,0.0012530206748411349,0.0019759201732174564,0.0006265103374205674,0.002007067814815364
H503-23-17A,9558.0,0.0,0.00022082077452016598,ok,0.00481272232684662,0.012103889843520614,0.0026156099602427287,0.009873269134299967,0.10347353002720235,0.11156057456472154,0.043209876543209874,0.057305511474940916,0.000732370788867964,0.0017784077959763554,0.8451558903536305,0.8065495682117833,0.0,0.0004345213168528219,0.0,0.0001734368833844375,0.0,0.00022082077452016598
H-1628-B8-22,2887.0,0.0,0.0030356680846814225,ok,0.06546588153792865,0.08043169818093947,0.1891236577762383,0.20707738209669224,0.6040872878420506,0.5311918534373771,0.0027710426047800486,0.004978681277791092,0.02182196051264288,0.04912423664465292,0.11673016972635954,0.12199715399086143,0.0,0.0012297627423389112,0.0,0.0009335635446654969,0.0,0.0030356680846814225
H-1628-B18-22,6308.0,0.0,0.001055374866835603,ok,0.015377298668357641,0.023867989832044727,0.007133798351299936,0.013842518996113641,0.4170894102726696,0.3976974569632565,0.0,0.0005565824421186117,0.018547875713379836,0.03807376530878076,0.5377298668357641,0.5165375404491955,0.0,0.000616112770916224,0.004121750158528852,0.00775265837073848,0.0,0.001055374866835603
H1440-21-12,8156.0,0.4248406081412457,0.38334864602023316,ok,0.00392349190779794,0.009509633307717412,0.01066699362432565,0.014103246806719243,0.13854830799411477,0.16783116031223852,0.0003678273663560569,0.004849147640289867,0.04377145659637077,0.06857156921983434,0.3766552231486023,0.3472870877970182,0.0004904364884747426,0.00293847570909665,0.0007356547327121138,0.0015610331868525186,0.4248406081412457,0.38334864602023316
H1537-22,918.0,0.027233115468409588,0.024323293521284994,ok,0.004357298474945534,0.018029644674579823,0.0664488017429194,0.0720623008242671,0.34967320261437906,0.3340572368050452,0.0032679738562091504,0.01188631648190304,0.013071895424836602,0.026482440144745555,0.19498910675381265,0.18088288175119815,0.33877995642701525,0.3287332473635687,0.002178649237472767,0.0035426384334074326,0.027233115468409588,0.024323293521284994
H82-23-7,7060.0,0.14603399433427763,0.14253771556606612,ok,0.00042492917847025496,0.0014202939112282862,0.0,0.00029303474250989245,0.20977337110481586,0.20842525341014675,0.0012747875354107649,0.007548058874807646,0.003824362606232295,0.00765112165442103,0.5490084985835694,0.54129354459506,0.08923512747875353,0.08957779601957966,0.00042492917847025496,0.0012531812261806243,0.14603399433427763,0.14253771556606612
H1175-21-D8,1502.0,0.0,0.00015664974682374304,ok,0.06790945406125166,0.07670472037605466,0.022636484687083888,0.026182130768768273,0.0525965379494008,0.0692206729091234,0.1904127829560586,0.19291737706386067,0.005326231691078562,0.01570609706068339,0.6611185086551264,0.6188847061692885,0.0,0.00019537796987408049,0.0,3.22679355232597e-05,0.0,0.00015664974682374304
H1560-22-8,5438.0,0.1439867598381758,0.15930795094841776,ok,0.0,0.0013189604927666923,0.0018389113644722325,0.008632262775861106,0.4714968738506804,0.43107249061441566,0.0009194556822361162,0.005378183284905065,0.008826774549466716,0.021134738070923996,0.305627068775285,0.3052954324619189,0.06730415593968371,0.06767021922331842,0.0,0.0001897621274724681,0.1439867598381758,0.15930795094841776
H1633-22-7,5888.0,0.0,0.0007568097030110916,ok,0.0022078804347826085,0.006966022254654392,0.02309782608695652,0.02239735013900332,0.05927309782608696,0.06993858512437841,0.03838315217391304,0.05825296403403745,0.020889945652173912,0.025415003972432283,0.6863111413043478,0.6575959753223215,0.16847826086956522,0.15668037181545835,0.001358695652173913,0.00199691763470321,0.0,0.0007568097030110916
H1356-21,1128.0,0.0,0.002458921450831153,ok,0.0008865248226950354,0.006789505796781599,0.0274822695035461,0.032895642321921804,0.16489361702127658,0.1599384957136289,0.0017730496453900709,0.004614477671106449,0.012411347517730497,0.022106538630451606,0.1320921985815603,0.1403728726127954,0.6595744680851063,0.6293891253307435,0.0008865248226950354,0.0014344204717395513,0.0,0.002458921450831153
H-217-B-23,825.0,0.16727272727272727,0.16816851337679117,ok,0.0,0.0013310770655942806,0.0,0.0032980686830175027,0.6896969696969697,0.6436720515051982,0.007272727272727273,0.014108485879130842,0.007272727272727273,0.017159857161903422,0.10666666666666667,0.11981137930541394,0.02181818181818182,0.028953661484941877,0.0,0.0034969055380086557,0.16727272727272727,0.16816851337679117
H742-22-26,2313.0,0.00043233895373973193,0.003891018292016027,ok,0.0008646779074794639,0.006326675927655663,0.0025940337224383916,0.009757246959202768,0.4638996973627324,0.4222159560880692,0.028534370946822308,0.05423267409695295,0.0030263726761781237,0.004860094682177795,0.5006485084306096,0.4961612887556361,0.0,0.0023924139000023265,0.0,0.00016263129828722873,0.00043233895373973193,0.003891018292016027
H742-22-3,2965.0,0.0006745362563237774,0.005076489176596722,ok,0.0,0.0018185084669767777,0.001011804384485666,0.004828145284395451,0.3062394603709949,0.2954195956544039,0.0003372681281618887,0.001923402842009861,0.004721753794266442,0.011202456699275897,0.5490725126475549,0.5407039304187192,0.13794266441821249,0.1384485186057542,0.0,0.0005789528518679531,0.0006745362563237774,0.005076489176596722
H1440-21-15,3839.0,0.0,3.360462918968416e-05,ok,0.013284709559781192,0.020664112272535843,0.04845011721802553,0.0527975907216776,0.007554050533993228,0.013294146679527878,0.18103672831466527,0.20455671393797065,0.00026048450117218026,0.0025038498695438747,0.7488929408700182,0.705449204543333,0.0,0.00014057260008677673,0.0005209690023443605,0.0005602047461346864,0.0,3.360462918968416e-05
H1205-23-B,1274.0,0.06593406593406594,0.07781380088742662,ok,0.0,0.0026836182245318246,0.003924646781789639,0.013084725288428896,0.32967032967032966,0.31483987712176775,0.0,0.0059569556216992,0.0282574568288854,0.03423692457969112,0.30612244897959184,0.3058182710231194,0.26609105180533754,0.24550808279544123,0.0,5.774445789385014e-05,0.06593406593406594,0.07781380088742662
H1633-22-6,11015.0,0.00018157058556513844,0.0016902592549082162,ok,0.0030866999546073537,0.011698603739912838,0.017793917385383568,0.02182052110185636,0.22405810258738085,0.2343464384733904,0.009078529278256923,0.02157075282518392,0.051838402178847026,0.060306034701637645,0.6699046754425783,0.6134985379694727,0.0009078529278256923,0.002026364927352056,0.02315024965955515,0.03304248700628581,0.00018157058556513844,0.0016902592549082162
H1487-22-A9,11665.0,0.0,0.0002841766423808274,ok,0.0,0.024782661646675502,0.11187312473210459,0.21562480778917384,0.8881268752678955,0.7317572521961446,0.0,0.00045826076910497653,0.0,0.00022443047702936462,0.0,0.023109777858113575,0.0,0.001971157827053684,0.0,0.0017874747943236987,0.0,0.0002841766423808274
H1487-22-A13,4772.0,0.0,0.0002672362999985,ok,0.0008382229673093043,0.0019065721326009429,0.002514668901927913,0.007132219099043924,0.10226320201173512,0.11519818722882211,0.3021793797150042,0.2880270063717719,0.002514668901927913,0.0030673672877115747,0.5896898575020956,0.5840584103522772,0.0,0.00030289758220369226,0.0,4.010364557005149e-05,0.0,0.0002672362999985
H-503-23-9B,12302.0,0.04592749146480247,0.04627871532451577,ok,0.0,0.0004602358756014693,0.00040643797756462365,0.0007491159542856504,0.08177532108600227,0.1080454311177042,8.128759551292472e-05,0.002532961102405179,0.0003251503820516989,0.0008792401606544023,0.8713217363030401,0.8404922970162789,8.128759551292472e-05,0.0004606009766494863,8.128759551292472e-05,0.00010140247190499734,0.04592749146480247,0.04627871532451577
H1306-22,589.0,0.10186757215619695,0.09725681535870377,ok,0.0050933786078098476,0.019226180779583067,0.023769100169779286,0.03343859147390911,0.534804753820034,0.4988202914061367,0.0,0.0012756691734252673,0.03395585738539898,0.05057481880104701,0.23769100169779286,0.22863940049666817,0.057724957555178265,0.056814742266169595,0.0050933786078098476,0.013953490244357295,0.10186757215619695,0.09725681535870377
H1633-22-4,8815.0,0.00011344299489506523,0.002286366594426207,ok,0.0012478729438457174,0.0041082020006055755,0.004310833806012479,0.006346960658980511,0.2437889960294952,0.2542154884357976,0.06591038003403289,0.08288113622406089,0.026545660805445265,0.03453507368424723,0.6415201361315939,0.5931438046101506,0.0009075439591605219,0.0037609849951777243,0.015655133295519003,0.01872198279655375,0.00011344299489506523,0.002286366594426207
H1641-22-B,1077.0,0.0,0.0006521015728636718,ok,0.0009285051067780873,0.0035680856166196554,0.0,0.0008566609780528102,0.1829155060352832,0.24017615448800034,0.0,0.0005630453215238541,0.004642525533890436,0.009469006822095834,0.7539461467038069,0.6863769143336393,0.057567316620241414,0.05822966828411191,0.0,0.00010836258309243548,0.0,0.0006521015728636718
H1633-22-12,6087.0,0.0,0.0016497626774113119,ok,0.03187120091999343,0.03961423623492874,0.24346968950221784,0.22476280002131382,0.16888450796780022,0.18990050636237957,0.05651388204369969,0.06793669797735104,0.020864136684737966,0.026531381686724722,0.4149827501232134,0.3851032426471844,0.056678166584524396,0.05427081149862387,0.006735666173813044,0.010230560894082572,0.0,0.0016497626774113119
H970-23-3,5320.0,0.002255639097744361,0.006939027065699336,ok,0.002255639097744361,0.009615488261338803,0.012593984962406015,0.020662988422944898,0.17274436090225564,0.16513858999166298,0.0005639097744360903,0.002282282471131933,0.018421052631578946,0.026518950339370653,0.6409774436090225,0.6192476194139231,0.15018796992481204,0.1494705838182006,0.0,0.00012447021572767024,0.002255639097744361,0.006939027065699336
H970-23-12,6350.0,0.00015748031496062991,0.0019822023556912184,ok,0.00031496062992125983,0.0034954241680258476,0.008188976377952756,0.011996316384955599,0.22566929133858268,0.23069586643086806,0.00031496062992125983,0.001180523309406597,0.01590551181102362,0.026929154005556278,0.7492913385826772,0.7220431086572889,0.00015748031496062991,0.000557542526413157,0.0,0.0011198621617942142,0.00015748031496062991,0.0019822023556912184
H970-23-9,5782.0,0.0,0.0004174650355048414,ok,0.0005188516084399862,0.0030618364422429606,0.0020754064337599448,0.0028048723798024147,0.031822898650985816,0.03729183463181911,0.007090971982013144,0.008310225099738328,0.008128675198893117,0.01170262451706992,0.8571428571428571,0.8438024131744359,0.09322033898305085,0.09247319794202982,0.0,0.00013553077735685746,0.0,0.0004174650355048414
H246-22-A,1375.0,0.0007272727272727272,0.0068865727336675465,ok,0.0,0.0008869466603892902,0.0014545454545454545,0.005051280274378587,0.6305454545454545,0.6148105740352668,0.005818181818181818,0.009145120221972473,0.009454545454545455,0.011279322348489051,0.16363636363636364,0.16145721591108775,0.18472727272727274,0.18602180083290165,0.0036363636363636364,0.004461166981846909,0.0007272727272727272,0.0068865727336675465
H1986-22-A11,4069.0,0.0,0.000380165011954992,ok,0.134185303514377,0.14894569458406082,0.37134431064143525,0.34709444468906536,0.05726222659130007,0.078435530501327,0.0,0.0014175485795657296,0.07225362496927992,0.09085346481370439,0.3634799705087245,0.3289997350742605,0.001228803145736053,0.002510906885286848,0.0002457606291472106,0.0013625098607743741,0.0,0.000380165011954992
H-503-23-7B,5957.0,0.01611549437636394,0.028305785591073475,ok,0.0,0.000153000429807772,0.0,0.00010942606420160217,0.3652845391975827,0.3611681491907112,0.0005036091992613732,0.0027173049328261464,0.00016786973308712439,0.00026573517032798914,0.6179284874937049,0.6065611778837975,0.0,0.00039212878410730805,0.0,0.00032729195314703017,0.01611549437636394,0.028305785591073475
H742-22-39,1230.0,0.0,0.0006174505867270814,ok,0.005691056910569106,0.02059586192244862,0.0,0.0026272057028589907,0.08130081300813008,0.0952021318257392,0.0016260162601626016,0.0013745188043508003,0.0,0.00284943043446736,0.9105691056910569,0.8731798342322229,0.0,0.0011605856770785892,0.0008130081300813008,0.0023929808141065134,0.0,0.0006174505867270814
H1079-22-1,6633.0,0.006181215136439017,0.016417276463000653,ok,0.0004522840343735866,0.00441883234485652,0.0007538067239559777,0.002580556549314939,0.14473089099954772,0.15124113666826083,0.0007538067239559777,0.003453579048035392,0.015679179858284337,0.030252752102136102,0.70239710538218,0.6596258586854095,0.12905171114126338,0.13183255579202494,0.0,0.0001774523469610068,0.006181215136439017,0.016417276463000653
H744-22-3,7335.0,0.0,0.0005054030887481251,ok,0.00954328561690525,0.025067559914354068,0.0013633265167007499,0.0018183945589055576,0.04280845262440355,0.05063161172112934,0.00027266530334015,0.0003781759119697092,0.00040899795501022495,0.0024205266346289892,0.9456032719836401,0.9182754321304678,0.0,0.00016604340324200876,0.0,0.0007368526365544208,0.0,0.0005054030887481251
H1079-22-12,3535.0,0.026874115983026876,0.03994352924477029,ok,0.0033946251768033945,0.01096132184651037,0.005091937765205092,0.015209802915345334,0.2376237623762376,0.23508080785917876,0.026591230551626592,0.0394225255680026,0.1340876944837341,0.14020154775352534,0.5476661951909476,0.4861942404864201,0.009900990099009901,0.014723490937319235,0.00876944837340877,0.01826273338892795,0.026874115983026876,0.03994352924477029
H1205-23-C-1,1325.0,0.23547169811320753,0.2373643534297828,ok,0.0,0.0007084040434513962,0.0015094339622641509,0.006106858539770021,0.2747169811320755,0.2699829707322523,0.0007547169811320754,0.001839192459200183,0.004528301886792453,0.007129623807463204,0.10867924528301887,0.11850182449211993,0.37433962264150944,0.35831329840160137,0.0,5.347409435874435e-05,0.23547169811320753,0.2373643534297828
H1986-22-A6,4765.0,0.05162644281217209,0.051344002629444566,ok,0.001888772298006296,0.0063639298433892785,0.019097586568730326,0.020908283001067708,0.08562434417628541,0.09531283541858898,0.03714585519412382,0.05122514735892362,0.16012591815320043,0.16025013465805238,0.5989506820566631,0.5669528373887299,0.0453305351521511,0.04598006736232042,0.0002098635886673662,0.0016627623394831017,0.05162644281217209,0.051344002629444566
H742-22-4,6208.0,0.0016108247422680412,0.011279248076295031,ok,0.00016108247422680412,0.0019869586806895087,0.001288659793814433,0.005214398742387285,0.2860824742268041,0.2779893369909428,0.0020940721649484535,0.004974421066092569,0.006926546391752577,0.011952171524473754,0.5906894329896907,0.568751805918889,0.11098582474226804,0.11733136995457681,0.00016108247422680412,0.0005202890456533468,0.0016108247422680412,0.011279248076295031
H742-22-12,3966.0,0.0,0.00029776258465500917,ok,0.0002521432173474534,0.0008815150083340102,0.0002521432173474534,0.0006678312235552885,0.07488653555219364,0.08654608150449372,0.0,0.00040588699528626703,0.0002521432173474534,0.003635553080775263,0.9238527483610691,0.9058406616241425,0.0,0.0003221771212769876,0.0005042864346949068,0.0014025308574810776,0.0,0.00029776258465500917
H334-23-EX1,1099.0,0.0,0.0013704399200570277,ok,0.0,7.260373562935442e-05,0.11555959963603275,0.11618436262223597,0.8789808917197452,0.8682608244258945,0.0018198362147406734,0.0036477075557839168,0.0,0.0007122981578158087,0.003639672429481347,0.009063618368288692,0.0,0.00021170828800461027,0.0,0.0004764369262901844,0.0,0.0013704399200570277
H1175-21-B6,13646.0,0.1354243001612194,0.12452109343743752,ok,0.0002931261908251502,0.0017693808440435266,0.015315843470614099,0.01560002971795935,0.2137622746592408,0.22748753187978252,0.02345009526601202,0.04241692887667934,0.017587571449509013,0.03435066945817688,0.5583321119742048,0.5103932698063663,0.002491572622013777,0.0054717286144395725,0.03334310420636084,0.03798936736511501,0.1354243001612194,0.12452109343743752
H-1628-B16-22,9096.0,0.0,0.0014292768464309051,ok,0.022537379067722074,0.03288195434502396,0.01835971855760774,0.028250769036341467,0.5314423922603342,0.4985212483467962,0.0,0.001184322956953721,0.018249780123131047,0.033965725631762755,0.40688214599824096,0.39652528297154943,0.00010993843447669306,0.0009874401927000393,0.002418645558487247,0.006253979672441513,0.0,0.0014292768464309051
H1079-22-2,6022.0,0.012952507472600464,0.020330476710630617,ok,0.0009963467286615742,0.003265323110074847,0.014613085353703089,0.01800040909309202,0.1924609764197941,0.19223518771891343,0.0,0.0010459591332957765,0.03985386914646297,0.05397280537289307,0.5933244769179674,0.573020919907242,0.1451345068083693,0.13655596627248814,0.0006642311524410495,0.0015729526813701067,0.012952507472600464,0.020330476710630617
H715-22-7,11544.0,0.0,0.000414443536165806,ok,0.0007796257796257797,0.0022266148929905643,0.0006063756063756063,0.0022152884663109783,0.006756756756756757,0.010325632836362458,0.0,0.0001399279452237707,0.002338877338877339,0.0040409930786178515,0.8275294525294525,0.8230683984875615,0.16138253638253638,0.15637084580252272,0.0006063756063756063,0.001197854954244359,0.0,0.000414443536165806
H1175-21-A5,5012.0,0.0,0.0003295541154929908,ok,0.028531524341580208,0.036756338028260456,0.019353551476456503,0.020827196037296002,0.02713487629688747,0.032100787474213424,0.0019952114924181963,0.004210269235123675,0.0640462889066241,0.07491611172245963,0.6638068635275339,0.6383702991512543,0.19453312051077415,0.19159263797136328,0.0005985634477254589,0.0008968062645363096,0.0,0.0003295541154929908
H1552-22-2,4957.0,0.00020173492031470649,0.00033795836491809354,ok,0.015533588864232398,0.028921041042102615,0.15170466007665928,0.14270147203989117,0.18176316320355054,0.19175790577878377,0.00040346984062941297,0.002706401812117128,0.015937058704861812,0.02564898984576975,0.41981036917490416,0.39825225084777016,0.2114181964898124,0.20450476363460537,0.0032277587250353038,0.005169216634041927,0.00020173492031470649,0.00033795836491809354
H-905V -3-22,2410.0,0.04896265560165975,0.06530478317587418,ok,0.0,0.001317468811646215,0.023651452282157676,0.0375476490150324,0.8477178423236514,0.7743112349541754,0.0,0.0009580079918500555,0.01991701244813278,0.038317142152229165,0.05394190871369295,0.0726550317282675,0.0037344398340248964,0.006756446733511847,0.002074688796680498,0.0028322354374132825,0.04896265560165975,0.06530478317587418
H1986-22-B1,2234.0,0.0,0.0004801162720797492,ok,0.007162041181736795,0.013187330852441663,0.02685765443151298,0.027510973981189075,0.005819158460161146,0.010512761621412446,0.01387645478961504,0.015207566744553374,0.03222918531781558,0.038206625219163966,0.26320501342882724,0.25925642343864336,0.6508504923903312,0.6351807853815626,0.0,0.0004574164889537845,0.0,0.0004801162720797492
H1440-21-17,840.0,0.0,1.5972613253167915e-05,ok,0.047619047619047616,0.06362691744739632,0.05714285714285714,0.05408342423977875,0.002380952380952381,0.008447409541358983,0.11190476190476191,0.12862904817584925,0.009523809523809525,0.018285766420123903,0.7714285714285715,0.7264113839685961,0.0,6.471920445017993e-05,0.0,0.00043535838919345004,0.0,1.5972613253167915e-05
H1175-21-D1,8028.0,0.0,0.0011855241986308506,ok,0.017812655705032387,0.02422827594762003,0.017314399601395115,0.022947411711901067,0.056178375685102144,0.07217513506861485,0.3816641753861485,0.35483087130800434,0.01283009466865969,0.01777649953220034,0.5113353263577479,0.5005319114535984,0.000996512207274539,0.0029726960692607043,0.0018684603886397607,0.003351674710169299,0.0,0.0011855241986308506
H1628-22-B9,2368.0,0.0,0.0007833086644147485,ok,0.23902027027027026,0.2855892736456587,0.6351351351351351,0.5475756269529513,0.11106418918918919,0.13509690348137604,0.0,1.946424777742271e-05,0.012246621621621621,0.022168392140438586,0.002533783783783784,0.006899819589462527,0.0,9.881639825950789e-05,0.0,0.0017683948796612453,0.0,0.0007833086644147485
H1175-21-C5,13592.0,0.00529723366686286,0.008281173951057486,ok,0.00014714537963507945,0.0017238067968783448,0.005959387875220718,0.005628492275814453,0.10719540906415538,0.11147492786386809,0.0005150088287227781,0.003187815978845168,0.02457327839905827,0.032399010814311624,0.8524131842260153,0.8298660381706923,0.0006621542083578575,0.001332962800168511,0.003237198351971748,0.006105771348364149,0.00529723366686286,0.008281173951057486
H742-22-25-1,740.0,0.0,0.001797090791689013,ok,0.0,0.0029657182513807864,0.012162162162162163,0.02429040704219666,0.7351351351351352,0.710659863980079,0.0,0.000796406213575475,0.0,0.004676770493230932,0.2527027027027027,0.25362554788711394,0.0,0.0010833146188076001,0.0,0.00010488072192658974,0.0,0.001797090791689013
H-503-23-11A,7673.0,0.0,0.000533489955792808,ok,0.0026065424214779098,0.008607101229114318,0.0011729440896650592,0.0034744510607600627,0.016812198618532517,0.022815577770033946,0.0,0.00042949721492598276,0.014726964681350188,0.017802551511501327,0.7826143620487424,0.7698957157257282,0.18206698814023198,0.17637424785445233,0.0,6.736767769102921e-05,0.0,0.000533489955792808
H742-22-6,7341.0,0.008854379512328021,0.01816029889320736,ok,0.0004086636697997548,0.0030806625834827956,0.0014984334559324344,0.005199544364808643,0.25991009399264403,0.26791004592477946,0.0013622122326658493,0.002489454003370508,0.003541751804931208,0.008140072737312692,0.7242882441084321,0.6926485158127895,0.00013622122326658494,0.0009414849808513352,0.0,0.0014299206993975912,0.008854379512328021,0.01816029889320736
H-503-23-A9,,,,no_zarr,,,,,,,,,,,,,,,,,,
H1175-21-B8,12003.0,0.02790968924435558,0.0304186563347131,ok,8.331250520703157e-05,0.003463956449703187,0.03899025243689078,0.04235176508618146,0.2023660751478797,0.2076501368660621,0.02382737648921103,0.043722071500609055,0.04890444055652753,0.06364374731576589,0.6441722902607682,0.5801592567220393,0.00041656252603515786,0.0035564212277432667,0.013330000833125051,0.02503398849718262,0.02790968924435558,0.0304186563347131
H1614-21-1,3138.0,0.0022307202039515616,0.008093426725571912,ok,0.007966857871255577,0.019102939306193716,0.0,0.0018621296730616996,0.32536647546207775,0.3265893199497093,0.0,0.001446087473083167,0.07998725302740599,0.09774005233057938,0.5838113448056087,0.5418523834955079,0.0006373486297004461,0.002887680218581775,0.0,0.00042598082771109954,0.0022307202039515616,0.008093426725571912
H1175-21-B5,9067.0,0.038270651814271535,0.033462828854442316,ok,0.0069482739605161575,0.014668202995543687,0.02095511194441381,0.023237630622378935,0.04179993382596228,0.05523790900553611,0.03805007168854086,0.04989481278438564,0.10598875041358774,0.11297978309422753,0.6656005293923017,0.6278260974076393,0.05547590162126392,0.05331893346861602,0.02691077533914194,0.0293738017672305,0.038270651814271535,0.033462828854442316
H715-22-4,8257.0,0.0018166404263049534,0.006656936510534804,ok,0.001089984255782972,0.005149548231450546,0.008477655322756449,0.02347108222496274,0.1857817609301199,0.17602666996421626,0.06539905534697832,0.07801206513843227,0.00012110936175366356,0.0020995537104171835,0.7369504662710428,0.7062444553202433,0.00036332808526099065,0.002068200011488756,0.0,0.00027148888825416603,0.0018166404263049534,0.006656936510534804
H160-21-A,5338.0,0.2010116148370176,0.17954554757012212,ok,0.004870738104158861,0.010899365040565434,0.010303484451105283,0.011754526162649711,0.12326714125140502,0.14035350842887437,0.041401273885350316,0.05307950601144908,0.032971150243536904,0.04375571069342817,0.5475833645560135,0.5138618795560546,0.03746721618583739,0.04449606301985759,0.0011240164855751218,0.002253893516998952,0.2010116148370176,0.17954554757012212
H742-22-34,2795.0,0.0,0.0024121695438990677,ok,0.005366726296958855,0.0065050375149633645,0.011806797853309481,0.01457446061152398,0.6096601073345259,0.5955359077326976,0.02110912343470483,0.02851757822780657,0.005366726296958855,0.01080163124030154,0.346690518783542,0.3408768628251031,0.0,0.0005355110875984989,0.0,0.00024084121610626786,0.0,0.0024121695438990677
H473-23-B,310.0,0.01935483870967742,0.04302521673462876,ok,0.0,0.008074174600905162,0.0,0.0013074547537307488,0.2903225806451613,0.3037778956929109,0.0,0.0005902838345425666,0.01935483870967742,0.03271652644903397,0.5419354838709678,0.4832672273021037,0.12903225806451613,0.12709787187420443,0.0,0.00014334875793969035,0.01935483870967742,0.04302521673462876
H-503-23-14A,7004.0,0.0,0.000441412566424237,ok,0.013706453455168474,0.02701945680794345,0.0009994288977727014,0.0028911933291906875,0.1337806967447173,0.133885924000383,0.00028555111364934324,0.0012913171819639484,0.002569960022844089,0.006596055229843999,0.8438035408338093,0.8208426909174862,0.0048543689320388345,0.0061277189934350685,0.0,0.0009042309733294857,0.0,0.000441412566424237
H1079-22-10,975.0,0.003076923076923077,0.003071032113638594,ok,0.0,0.0017429480615680038,0.003076923076923077,0.0041283064269270675,0.03076923076923077,0.03957075786728488,0.0010256410256410256,0.0013351840791146223,0.006153846153846154,0.014361263687941524,0.5969230769230769,0.5891533402335019,0.358974358974359,0.346605602902526,0.0,3.156462749738817e-05,0.003076923076923077,0.003071032113638594
H1655-21,991.0,0.0030272452068617556,0.011583500891741046,ok,0.004036326942482341,0.01544678906620889,0.018163471241170535,0.02199402976528244,0.07669021190716448,0.09142947108105991,0.0,0.0019714118701750646,0.03128153380423814,0.05023273268501157,0.48133198789101916,0.4495584496402307,0.3854692230070636,0.35754176821880707,0.0,0.0002418467814833811,0.0030272452068617556,0.011583500891741046
H970-23-EX2,3401.0,0.00029403116730373417,0.003871948722533684,ok,0.0008820935019112026,0.008105287749132556,0.004410467509556013,0.00792076764404018,0.07380182299323729,0.08192627936369971,0.3422522787415466,0.3181373560027292,0.0008820935019112026,0.004280185477745038,0.5771831814172302,0.5736652145954332,0.00029403116730373417,0.0019812815666385803,0.0,0.0001116788780478375,0.00029403116730373417,0.003871948722533684
H1552-22-7,3869.0,0.0,0.0006791484002233414,ok,0.0033600413543551306,0.016062579707157215,0.11656758852416645,0.1204249484207768,0.17859912121995347,0.18100198675175191,0.0,0.001235780309673993,0.06409925045231325,0.07787648456090528,0.4277591108813647,0.4005541663205809,0.2057379167743603,0.19681514719499044,0.003876970793486689,0.005349758333940071,0.0,0.0006791484002233414
H742-22-18,467.0,0.008565310492505354,0.025558497159817048,ok,0.0,0.004052697223203997,0.10706638115631692,0.12609934167666192,0.5910064239828694,0.5165803089775315,0.047109207708779445,0.07038356812396644,0.0,0.0005854886780932413,0.2462526766595289,0.24709143896057686,0.0,0.009633667752210431,0.0,1.4991447938661306e-05,0.008565310492505354,0.025558497159817048
H1966-22,2172.0,0.0,0.001991258142438709,ok,0.0032228360957642726,0.012109949772133203,0.02394106813996317,0.030555966062298583,0.1652854511970534,0.1717106367572451,0.0032228360957642726,0.008721619486409904,0.17725598526703498,0.1952398917049834,0.5418968692449355,0.4944948588157152,0.08425414364640885,0.08171257728651811,0.0009208103130755065,0.0034632419722577835,0.0,0.001991258142438709
H1560-22-2,6437.0,0.0034177411837812647,0.0037478643551160425,ok,0.030138263166071152,0.03588254772200118,0.04070219046139506,0.038274645360536715,0.01289420537517477,0.019585368714972573,0.002640981823830977,0.0037693121688242006,0.05219822898865931,0.05415923565455629,0.4926207860804723,0.4822181668170339,0.3646108435606649,0.36014247605922184,0.0007767593599502874,0.002220383147737249,0.0034177411837812647,0.0037478643551160425
H2097-22-1,926.0,0.0183585313174946,0.03420475853272319,ok,0.0,0.002818710499819238,0.04859611231101512,0.055444589038938626,0.275377969762419,0.24321700222798912,0.005399568034557235,0.009652255392579055,0.09611231101511879,0.09742943476719952,0.11231101511879049,0.12309259402053599,0.44384449244060475,0.43293269760891473,0.0,0.0012079579113005088,0.0183585313174946,0.03420475853272319
H82-23-10,5221.0,0.0,0.0004771294252796111,ok,0.0,0.0008217205505022104,0.000957670944263551,0.005353874154799917,0.03811530358168933,0.04967674396001572,0.0003830683777054204,0.0021498626735250927,0.012258188086573453,0.014353909915447147,0.8335567898869948,0.8116449004253136,0.1145374449339207,0.11459830194575203,0.0001915341888527102,0.0009235569493646205,0.0,0.0004771294252796111
H1374-21-1,2742.0,0.0040116703136396795,0.007494081324898184,ok,0.004741064916119621,0.015606948228435997,0.07804522246535375,0.08013489236370437,0.1911013858497447,0.18817029126021165,0.002552881108679796,0.005120958698243516,0.06601021152443472,0.08197700713176495,0.22064186725018234,0.20652218716297827,0.4325309992706054,0.4128127988135025,0.00036469730123997083,0.00216083501626052,0.0040116703136396795,0.007494081324898184
H1487-22-A2,4433.0,0.0,0.0006689624953827253,ok,0.0,0.008867460733836098,0.0376720054139409,0.07824959869683086,0.9621024137153169,0.848861181542268,0.0,0.0003509824486423249,0.0,0.00040442405360320436,0.00022558087074216106,0.05485192359885521,0.0,0.0010833107365986255,0.0,0.006662155693982946,0.0,0.0006689624953827253
H1175-21-A14,5071.0,0.00019719976336028398,0.00044387015169266745,ok,0.014987182015381581,0.021081570825106977,0.03391835929796884,0.03353851606739346,0.05442713468743837,0.0638912575761386,0.0015775981068822718,0.0037252127547218222,0.022086373496351803,0.03713710732746955,0.6363636363636364,0.6087899020158514,0.23466771839873793,0.22862778393543118,0.0017747978702425558,0.002764779346194291,0.00019719976336028398,0.00044387015169266745
H-7677-B-22-GIEMSA,211.0,0.0,0.0020073886581856164,ok,0.052132701421800945,0.0791047396390769,0.4834123222748815,0.46691746317725225,0.27488151658767773,0.2514565014974027,0.0,0.0033874376335104738,0.0,0.020938308673092088,0.15639810426540285,0.1421466792257415,0.03317535545023697,0.0340158152679922,0.0,2.566622774623126e-05,0.0,0.0020073886581856164
H1079-22-6,6549.0,0.05283249351045961,0.06496137189037549,ok,0.006565887921820125,0.015878584698710282,0.030233623453962438,0.045206418619951845,0.20018323408153918,0.19343560969351892,0.0007634753397465262,0.006554870583745361,0.3663154680103833,0.3285946624722386,0.21392579019697663,0.22057358176454242,0.12719499160177125,0.12139160804452839,0.001985035883340968,0.0034032922323886843,0.05283249351045961,0.06496137189037549
H1552-22-7-1,2126.0,0.0,0.0008377002931239881,ok,0.0028222013170272815,0.01044562150176973,0.10301034807149577,0.10217151415779785,0.22859830667920977,0.2304449548899437,0.0018814675446848542,0.002696789789210593,0.02492944496707432,0.04608746583818054,0.42897460018814676,0.4049928251390615,0.20884289746001883,0.20033179816538668,0.0009407337723424271,0.001991330225525427,0.0,0.0008377002931239881
H-350-1-22,4355.0,0.005970149253731343,0.006590888685187952,ok,0.0,0.0028138162527573196,0.013318025258323766,0.014661630387934513,0.09873708381171067,0.09774467806063314,0.0006888633754305396,0.0023384348316405467,0.013318025258323766,0.01782651904763954,0.5993111366245695,0.5928546200198572,0.26865671641791045,0.26492616723680235,0.0,0.00024324547754736562,0.005970149253731343,0.006590888685187952
H1175-21-A4,9722.0,0.00030857848179386956,0.001825043036315529,ok,0.0051429746965644925,0.010353210633380053,0.033429335527669204,0.037222579200203804,0.16889528903517795,0.17464707988423628,0.0004114379757251594,0.003264377720319629,0.07951038880888706,0.09758850188323961,0.7000617156963588,0.6567862450270583,0.00010285949393128986,0.001299016261937587,0.012137420283892203,0.01701394635330922,0.00030857848179386956,0.001825043036315529
H538-21,1231.0,0.0008123476848090983,0.0026277065657411545,ok,0.0,0.0024828143608240662,0.0,0.001793738695595141,0.5605199025182778,0.5341422169922267,0.012997562956945572,0.015359457562466282,0.00974817221770918,0.021034781670203367,0.20471161657189277,0.21253150291128886,0.21121039805036557,0.20965499657247544,0.0,0.00037278466917880105,0.0008123476848090983,0.0026277065657411545
H-1709-21,1178.0,0.0,0.0015643831250340835,ok,0.0,0.005455695702910538,0.2037351443123939,0.2029346271021065,0.399830220713073,0.3850004064134474,0.023769100169779286,0.030197239625871765,0.02631578947368421,0.03570386705917098,0.3463497453310696,0.33785556872321976,0.0,0.0007678511811522126,0.0,0.0005203610670867876,0.0,0.0015643831250340835
H1641-22-C,357.0,0.01680672268907563,0.02000043324671475,ok,0.17366946778711484,0.1638923820332888,0.03081232492997199,0.07029718175529943,0.6834733893557423,0.5914514958342759,0.0,6.191558807779981e-05,0.014005602240896359,0.02991166638522121,0.0784313725490196,0.118037547145033,0.0028011204481792717,0.005362574274905469,0.0,0.0009848037371836373,0.01680672268907563,0.02000043324671475
H1440-21-4,10869.0,0.0,0.0003194533272605108,ok,0.04830251173060999,0.0626903065848469,0.05041862176833195,0.05351689026309204,0.056950961449995396,0.0668575903582968,0.001472076547980495,0.0043032578374435915,0.16294047290459104,0.1511977339738571,0.5604011408593247,0.5377912385307425,0.10865765019781029,0.10569036806882169,0.01085656454135615,0.01763316105563886,0.0,0.0003194533272605108
H1552-22-A,3970.0,0.0,0.0001741327925538555,ok,0.019395465994962217,0.03338950751426807,0.15113350125944586,0.13982020996886374,0.07229219143576826,0.08309320778761148,0.0010075566750629723,0.0014463253126288662,0.039798488664987405,0.04718624624198541,0.5508816120906801,0.5294947766036856,0.16272040302267002,0.15916886896145746,0.0027707808564231737,0.006226724816945465,0.0,0.0001741327925538555
H1913-22-13,5754.0,0.0020855057351407717,0.004608757634650605,ok,0.03823427181091415,0.05368609402464454,0.19516857838025722,0.18315136316201333,0.12356621480709072,0.13794239965298324,0.27667709419534237,0.25390014879017847,0.04535974973931178,0.054930334989894025,0.31421619742787626,0.2999783092760829,0.001737921445950643,0.005490041124406591,0.002954466458116093,0.006312551345146265,0.0020855057351407717,0.004608757634650605
H742-22-23,849.0,0.0,0.0014817299124358432,ok,0.008244994110718492,0.025110070988120566,0.0,0.002885729135855519,0.41460541813898705,0.4206619631775306,0.0,0.0010181619597175108,0.012956419316843345,0.02102157437971212,0.5641931684334511,0.5252689612363702,0.0,0.002083921545226576,0.0,0.0004678876650311195,0.0,0.0014817299124358432
H1856-21,1617.0,0.036487322201607914,0.046450928778577996,ok,0.0006184291898577613,0.003143097498581475,0.004329004329004329,0.006455825002954057,0.2795299938157081,0.28677407134382593,0.0,0.0011513162408389635,0.021645021645021644,0.025490907420196125,0.4038342609771181,0.3831873163362325,0.2535559678416821,0.24729868526606208,0.0,4.7852112730892304e-05,0.036487322201607914,0.046450928778577996
H-503-23-15A,2783.0,0.0,0.0003122051391825002,ok,0.0007186489399928135,0.0076822103432719,0.006108515989938915,0.0049232362245325255,0.03090190441969098,0.03647343197160199,0.0010779734099892202,0.0025289547492092623,0.0,0.004423973016555571,0.9611929572403881,0.9426301813859969,0.0,0.0005837628644565167,0.0,0.0004420443051927902,0.0,0.0003122051391825002
H-269-22,530.0,0.0,0.0005233751581962487,ok,0.0,0.009373705167667274,0.0509433962264151,0.04722299703088821,0.3150943396226415,0.3115286233826838,0.0,0.002994185716496958,0.04716981132075472,0.06645373400140317,0.5452830188679245,0.5180341997873184,0.03207547169811321,0.033567216472941204,0.009433962264150943,0.010301963282404814,0.0,0.0005233751581962487
H-503-23-10B,13235.0,0.06754816773706082,0.07011012317127051,ok,0.0005289006422364941,0.002605156966753365,0.0001511144692104269,0.0003070829467597921,0.11144692104268984,0.12843209864685465,0.0015867019267094824,0.00649320892803267,0.0027200604457876844,0.004255463950450749,0.8157159047978844,0.7867086897065186,7.555723460521345e-05,0.0006164025922488218,0.00022667170381564036,0.00047177309111086726,0.06754816773706082,0.07011012317127051
H1633-22-2,8168.0,0.004040156709108717,0.004918894230708917,ok,0.06096963761018609,0.06311040658851011,0.03893241919686582,0.040623567464543084,0.045788442703232124,0.053788240049771174,0.005876591576885406,0.007471835779320353,0.018976493633692457,0.03273540415113525,0.615205680705191,0.5877547842946507,0.20617042115572967,0.20199738228668726,0.004040156709108717,0.007599485154673286,0.004040156709108717,0.004918894230708917
H-503-23-B5-1,8016.0,0.0029940119760479044,0.008723444252085719,ok,0.0,0.0005701904752072419,0.000124750499001996,0.00022057318698988872,0.09169161676646706,0.09781835760895649,0.0,0.0011602670960083837,0.0,0.0006254510104147524,0.9039421157684631,0.8886999850027807,0.00124750499001996,0.002118139564126505,0.0,6.359180343033106e-05,0.0029940119760479044,0.008723444252085719
H800-23-B3,,,,no_zarr,,,,,,,,,,,,,,,,,,
H1175-21-B4,5484.0,0.0,0.0010570295742881304,ok,0.03537563822027717,0.042227908176555716,0.023522975929978117,0.027433676127005376,0.051604668125455874,0.06498988475293609,0.007658643326039387,0.010359296093053102,0.06765134938001459,0.08435891760893381,0.6951130561633844,0.6527330246423071,0.11652078774617068,0.11127030360278274,0.002552881108679796,0.0055699594221379255,0.0,0.0010570295742881304
H79-21-A-1,1238.0,0.012116316639741519,0.016864123439884932,ok,0.0,0.0028757002315118662,0.0032310177705977385,0.008591458324388951,0.5775444264943457,0.5328650582896783,0.025040387722132473,0.03308330560381356,0.10177705977382875,0.11162006393862649,0.27463651050080773,0.27496710952936104,0.005654281098546042,0.0187483779940738,0.0,0.0003848026486609891,0.012116316639741519,0.016864123439884932
H473-23-A,1127.0,0.044365572315882874,0.061517179054561374,ok,0.0008873114463176575,0.008570038568990903,0.0,0.001853271676937573,0.5066548358473825,0.4821378981390079,0.0,0.0032337687574877597,0.007985803016858917,0.015305487801676381,0.3779946761313221,0.3636718311230246,0.062111801242236024,0.06348512495106944,0.0,0.0002253999272439938,0.044365572315882874,0.061517179054561374
H1487-23-A10,1372.0,0.0,0.00027593750858424197,ok,0.00510204081632653,0.014159979955662766,0.11588921282798834,0.11353116552603212,0.04154518950437318,0.05943220141184715,0.44096209912536444,0.3997899197482437,0.010932944606413994,0.01943370897277929,0.3848396501457726,0.3908247967593823,0.0,0.0016330462551002697,0.0007288629737609329,0.000919243862368245,0.0,0.00027593750858424197
H1913-22-12,6423.0,0.0,0.0011603766278200267,ok,0.03471897867040324,0.048459617477203586,0.09232445897555659,0.09486258853218806,0.26576366184026157,0.24846004864033733,0.020395453837770514,0.030574918397152682,0.05433598007161763,0.07455670872622354,0.5313716331932119,0.49761559406083794,0.0,0.000878955982037023,0.001089833411178577,0.0034311915561998758,0.0,0.0011603766278200267
H1175-21-A2,7901.0,0.00012656625743576763,0.0005263589366682913,ok,0.010378433109732944,0.01151920861027733,0.006075180356916846,0.007134676809720603,0.047968611568155926,0.053127611233723546,0.00025313251487153526,0.0007858660621868748,0.04682951525123402,0.0560496139232317,0.7966080243007214,0.7781938122091482,0.08897607897734464,0.08705109888731932,0.002784457663586888,0.005611753327724228,0.00012656625743576763,0.0005263589366682913
H1633-22-1,6004.0,0.0,0.00013472732273369297,ok,0.011159227181878747,0.017979050273449534,0.00882744836775483,0.009700900571548071,0.021985343104596936,0.028651812661764513,0.0,0.00022716858358489339,0.02748167888074617,0.03282926014293661,0.8567621585609594,0.8381378645103735,0.07361758827448368,0.07144371009639222,0.00016655562958027982,0.0008955058372170567,0.0,0.00013472732273369297
H1913-22-14,2905.0,0.0,0.0001008841727826096,ok,0.04750430292598967,0.07911491455826125,0.5356282271944922,0.49604343529604233,0.00963855421686747,0.028298438473080674,0.13666092943201377,0.1342095469470582,0.02512908777969019,0.03345390381854762,0.24543889845094666,0.2270594602341571,0.0,0.0011237296270517623,0.0,0.0005956868730184513,0.0,0.0001008841727826096
H742-22-1,3493.0,0.0,0.002937478364059474,ok,0.03492699685084455,0.04395127577206967,0.3942170054394503,0.4113149203791751,0.5344975665616948,0.4773702492262036,0.0,0.0005639323189583797,0.03635843114801031,0.0553277449189587,0.0,0.0048614662445270055,0.0,0.00016376002960151207,0.0,0.0035091727464465817,0.0,0.002937478364059474
H770-21,424.0,0.0,0.0011919590576772747,ok,0.0047169811320754715,0.011677603543822279,0.0,0.00299884393628615,0.01650943396226415,0.024134450091712924,0.0,0.0020661998215644774,0.1792452830188679,0.15331737629387604,0.10141509433962265,0.12054619155009776,0.6981132075471698,0.684047825388722,0.0,1.955031624109895e-05,0.0,0.0011919590576772747
H334-23,1187.0,0.0008424599831508003,0.003056171273483257,ok,0.0,0.0012402226436148069,0.009267059814658803,0.01585380740210243,0.8222409435551812,0.7716984684085343,0.0,0.003006215772422109,0.08340353833192923,0.09503101422465081,0.08340353833192923,0.10650041497929062,0.0008424599831508003,0.0030837408641572277,0.0,0.000529944431744481,0.0008424599831508003,0.003056171273483257
H-503-23-B1,8314.0,0.0004811161895597787,0.001426581372329557,ok,0.0028866971373586723,0.009288974441245707,0.0,0.00042795873011841813,0.0293480875631465,0.03625031011992245,0.0009622323791195574,0.001591490994598933,0.002285301900408949,0.00627162664882143,0.9275920134712533,0.9061815973882303,0.03632427231176329,0.03842539246559592,0.00012027904738994468,0.00013606783913723688,0.0004811161895597787,0.001426581372329557
H-503-23-3B,6339.0,0.0,0.00029064113710711257,ok,0.0,0.00011224820109676332,0.000946521533364884,0.0007826462506409423,0.23379081874112637,0.2764399069767503,0.0022085502445180626,0.006891430823152195,0.0,0.0003651663225975124,0.7630541094809907,0.7147560279682765,0.0,0.00031976063830229393,0.0,4.2171682076327134e-05,0.0,0.00029064113710711257
H742-22-20,460.0,0.0,0.0006947624134566746,ok,0.008695652173913044,0.014749519085961916,0.0,0.0025121653427315634,0.6543478260869565,0.6096191173854233,0.004347826086956522,0.01739314027186022,0.002173913043478261,0.00674949707730445,0.33043478260869563,0.347889289773997,0.0,0.0002860559152752825,0.0,0.00010645273398960438,0.0,0.0006947624134566746
H1440-21-25,417.0,0.0,9.233898910084178e-06,ok,0.004796163069544364,0.013023230629402771,0.03357314148681055,0.042723899241745945,0.0,0.003381388045084127,0.13189448441247004,0.16382515017945148,0.002398081534772182,0.002814819697212187,0.8273381294964028,0.7734318126802285,0.0,0.0007371159832803067,0.0,5.3349644684449434e-05,0.0,9.233898910084178e-06
H884-22-1A,233.0,0.004291845493562232,0.013564433289865625,ok,0.012875536480686695,0.014933018165965737,0.017167381974248927,0.022409882011304665,0.15879828326180256,0.15142921505781984,0.3261802575107296,0.3177333354979767,0.030042918454935622,0.04437717947458684,0.45064377682403434,0.4339440886877468,0.0,0.001587787346191107,0.0,2.1060468542682315e-05,0.004291845493562232,0.013564433289865625
H1440-21-21-1,668.0,0.0,1.6691508730036033e-05,ok,0.0029940119760479044,0.010569433560540216,0.029940119760479042,0.03327044811249047,0.0074850299401197605,0.007678368245087114,0.11077844311377245,0.14343003403278318,0.0,0.000833767238171928,0.8488023952095808,0.8040934161949704,0.0,6.022835145664557e-05,0.0,4.7612755769995236e-05,0.0,1.6691508730036033e-05
H742-22-30,807.0,0.0,0.0014574843527626303,ok,0.012391573729863693,0.018660679478133012,0.0024783147459727386,0.003309330193966821,0.4721189591078067,0.47308942530604425,0.0037174721189591076,0.005311891322640687,0.006195786864931847,0.014380613780270696,0.5018587360594795,0.48225158654857164,0.0012391573729863693,0.0014371671129697423,0.0,0.00010182190464053936,0.0,0.0014574843527626303
H744-22-2,6116.0,0.16742969260954874,0.18357470939333717,ok,0.0,0.0014150530963793432,0.0016350555918901242,0.0024445713587356237,0.6250817527795945,0.6007400943274672,0.00016350555918901244,0.003404655102938747,0.0003270111183780249,0.005778820950577979,0.20503597122302158,0.20088512669766564,0.0003270111183780249,0.0013470562095955392,0.0,0.0004099128633027804,0.16742969260954874,0.18357470939333717
H1487-22-A6,7121.0,0.016851565791321445,0.02248655739151583,ok,0.00758320460609465,0.014862456900852264,0.11810139025417779,0.12369495258993603,0.17188597107147874,0.16225560752507007,0.0004212891447830361,0.0021237520369296998,0.042550203623086646,0.054324211371933884,0.5368628001685156,0.5157856696480424,0.10574357534054206,0.1033722052470776,0.0,0.0010945872886422247,0.016851565791321445,0.02248655739151583
H1175-21-D3,8880.0,0.0,0.0014330733976072548,ok,0.013738738738738739,0.016749228713263554,0.013175675675675676,0.017117078066941845,0.09211711711711712,0.11588993457986965,0.41936936936936936,0.38302225270779394,0.018468468468468467,0.01993388395040789,0.4393018018018018,0.43674970486237435,0.0005630630630630631,0.004443061889758956,0.003265765765765766,0.004661781831982551,0.0,0.0014330733976072548
H1175-21-A8,8411.0,0.00011889192723814053,0.0008563529243744468,ok,0.003804541671620497,0.0072702098675518625,0.006063488289145167,0.007241840627317335,0.350255617643562,0.3557727918409909,0.005706812507430745,0.014394662011802251,0.021162763048389016,0.0306710988410494,0.595648555463084,0.5622853108148114,0.00023778385447628106,0.0013169279612327079,0.017001545595054096,0.020190805110869597,0.00011889192723814053,0.0008563529243744468
H1633-22-9,7396.0,0.00040562466197944835,0.0014420001086508055,ok,0.01987560843699297,0.026336963627577963,0.31097890751757706,0.28273531923528955,0.13304488912925905,0.14685830456631033,0.010951865873445106,0.016949237227211592,0.0319091400757166,0.042457368114565824,0.39467279610600325,0.38091536580275087,0.0905895078420768,0.08880359519037676,0.0075716603569497025,0.013501846127266346,0.00040562466197944835,0.0014420001086508055
H-1641-A-22,922.0,0.01193058568329718,0.02939564388819168,ok,0.10629067245119306,0.12259945151347207,0.1420824295010846,0.14970049758371023,0.579175704989154,0.4849082183625253,0.0,0.0003839898526087574,0.026030368763557483,0.05387234238936965,0.12581344902386118,0.14626410897375727,0.008676789587852495,0.011313434144223405,0.0,0.001562313292141642,0.01193058568329718,0.02939564388819168
H1566-22-3,8821.0,0.0,0.0002896554238816903,ok,0.004081169935381476,0.024355509292368634,0.4840721006688584,0.46479374627407877,0.40131504364584514,0.3874291225385258,0.00011336583153837434,0.0024614542387058577,0.001360389978460492,0.012757490907496047,0.09862827343838568,0.09172701506619896,0.01020292483845369,0.011377021798481343,0.00022673166307674868,0.004808984460262942,0.0,0.0002896554238816903
H1175-21-B1,2372.0,0.0008431703204047217,0.0018272692156762406,ok,0.08811129848229342,0.09278457979784985,0.03836424957841484,0.03884474470895718,0.01854974704890388,0.027730106090564973,0.002951096121416526,0.0040323955147568815,0.05396290050590219,0.07141722351305468,0.5569139966273187,0.5321234601324675,0.23988195615514335,0.2303847935229602,0.00042158516020236085,0.0008554275037124938,0.0008431703204047217,0.0018272692156762406
H-707-7-21,9127.0,0.0009860852415908843,0.0036957965759640593,ok,0.0021913005368686313,0.01245894690894538,0.23655089295496878,0.2306879220737049,0.1634710200503999,0.15790248131283746,0.06365728059603375,0.08675597965829407,0.11975457433987072,0.11503738955125513,0.4079105949380958,0.3796602395318888,0.005478251342171579,0.013652484754165061,0.0,0.00014875963294513008,0.0009860852415908843,0.0036957965759640593
H1628-B15-22,11506.0,0.00043455588388666784,0.0019551702585345093,ok,0.05953415609247349,0.05662604626197731,0.021119415956892058,0.030244201483489445,0.1147227533460803,0.11504643471660754,8.691117677733357e-05,0.0005099349225527372,0.0240743959673214,0.03830326789128291,0.772031983313054,0.7455150623819095,0.0036502694246480097,0.003618489757471981,0.004345558838866679,0.008181392326174177,0.00043455588388666784,0.0019551702585345093
H1628-B12-22,3303.0,0.0,0.0024190667586751627,ok,0.0018165304268846503,0.004255249183362417,0.025734181047532546,0.03222995726727155,0.3082046624280957,0.30202013752792695,0.0,0.0005776865651894817,0.036633363608840445,0.05623647139829703,0.5915834090221012,0.5539330273604268,0.0,0.0001516467786308478,0.036027853466545565,0.048176757160219734,0.0,0.0024190667586751627
H-1628-B3-22,4164.0,0.18011527377521613,0.17086609885187692,ok,0.008645533141210375,0.016901744118270876,0.031940441882804996,0.03560344382502467,0.2207012487992315,0.22127824419118464,0.011767531219980788,0.017288075744392253,0.021613832853025938,0.030447596322984737,0.30643611911623436,0.2858526785899726,0.21685878962536023,0.21669597270126348,0.0019212295869356388,0.005066145655029824,0.18011527377521613,0.17086609885187692
H742-22-13,5713.0,0.0031507089095046386,0.005942759360317925,ok,0.0,0.0005615484895592926,0.0005251181515841065,0.0019990753075127526,0.15018379135305443,0.15340049901941732,0.023280238053562052,0.026291795119501873,0.00017503938386136881,0.00224578925669331,0.5308944512515316,0.5290430966267917,0.2917906528969018,0.2804213969890158,0.0,9.403983118992147e-05,0.0031507089095046386,0.005942759360317925
H1986-22-A3,5054.0,0.000593589236248516,0.0024647016790700256,ok,0.005738029283735655,0.01476061461213663,0.046893549663632766,0.04762708156760611,0.014246141669964385,0.026441373704253538,0.00593589236248516,0.008237188654417004,0.06727344677483181,0.07092867850355586,0.3545706371191136,0.3428465630326691,0.5039572615749901,0.4853254133882028,0.0007914523149980214,0.0013683848580890929,0.000593589236248516,0.0024647016790700256
H-503-23-10A,9270.0,0.0002157497303128371,0.000794459789619041,ok,0.0209277238403452,0.030979819621892966,0.03160733549083063,0.03088023177537995,0.041531823085221145,0.04577791038325535,0.0025889967637540453,0.004016220700895911,0.012944983818770227,0.01853760294736785,0.6348435814455232,0.6149668919398775,0.2539374325782093,0.2515449946950568,0.0014023732470334412,0.0025018681466545158,0.0002157497303128371,0.000794459789619041
H1689-20-B,1724.0,0.001160092807424594,0.0035389281995854187,ok,0.000580046403712297,0.008092949457392503,0.03596287703016241,0.03389164230795809,0.1177494199535963,0.13945382886135124,0.000580046403712297,0.0041762494526918735,0.025522041763341066,0.02975684791447832,0.818445475638051,0.7777283258258505,0.0,0.0030785670562095873,0.0,0.00028266092448252727,0.001160092807424594,0.0035389281995854187
H-353-1-22,4999.0,0.00040008001600320064,0.0012811199721631647,ok,0.00020004000800160032,0.002442006452083365,0.000600120024004801,0.0021992326099057307,0.024004800960192037,0.03107758911184897,0.0028005601120224045,0.005109718756325959,0.000600120024004801,0.0034983002831878245,0.9127825565113022,0.8939312906224648,0.058611722344468896,0.06043955436095533,0.0,2.1187831064876848e-05,0.00040008001600320064,0.0012811199721631647
H970-23-10,9907.0,0.0,0.0011132640631322202,ok,0.0001009387301907742,0.0018229908363469765,0.0048450590491571615,0.008132956654790966,0.1775512264055718,0.19701866819568292,0.0011103260320985161,0.0053051937300308705,0.011809831432320582,0.02511169187194467,0.8043807408902796,0.7587686754207807,0.0002018774603815484,0.0016259498805703352,0.0,0.0011006093467202768,0.0,0.0011132640631322202
H1566-22-4,7211.0,0.0,0.00015500988321670792,ok,0.0006933851060879212,0.016152239173910413,0.4121481070586604,0.34959625013749007,0.07710442379697684,0.12233664090871169,0.0,0.0006897632978309628,0.00554708084870337,0.016423212900841165,0.5002080155318264,0.486667414238937,0.004021633615309943,0.00564708534012402,0.0002773540424351685,0.0023323841189380207,0.0,0.00015500988321670792
H-350-2-22,3599.0,0.0,0.0008431742430912424,ok,0.009724923589886079,0.021010107008700336,0.03056404556821339,0.03682340492801282,0.020561267018616283,0.027515308092190494,0.0,0.00035730863774316375,0.018060572381217006,0.028003472557962258,0.8360655737704918,0.7992641366732284,0.0847457627118644,0.08579614892783144,0.0002778549597110308,0.0003869389312398485,0.0,0.0008431742430912424
H-1628-B17-22,4137.0,0.0,0.0025607167559017294,ok,0.03190717911530094,0.04723044920477824,0.12376117959874305,0.13971935234010824,0.5813391346386271,0.5154959318834629,0.0,0.003273484963936499,0.03069857384578197,0.05505056137645406,0.2281846748851825,0.2261655987002078,0.0,0.0019202810325893503,0.004109257916364515,0.008583623742561202,0.0,0.0025607167559017294
H1440-21-13,1528.0,0.0,0.00030755569116129453,ok,0.1263089005235602,0.1310611607547879,0.4463350785340314,0.40588484604192016,0.19698952879581152,0.2147634430758548,0.0,0.0004811715739736325,0.047774869109947646,0.0650499139016841,0.17670157068062828,0.16774972040886535,0.003926701570680628,0.008279256748249534,0.001963350785340314,0.006422931803503137,0.0,0.00030755569116129453
H1079-22-11,4816.0,0.0016611295681063123,0.005027517125724023,ok,0.0031146179401993356,0.0075283134427347916,0.0,0.0024948272933090006,0.2288205980066445,0.23411226529192727,0.0033222591362126247,0.00920654890640475,0.012458471760797342,0.027118278638979722,0.7203073089700996,0.6797275126559672,0.0303156146179402,0.03355849174513492,0.0,0.0012262448998182514,0.0016611295681063123,0.005027517125724023
H744-22-19,3595.0,0.19388038942976357,0.2009125211627255,ok,0.0002781641168289291,0.0018253947604202423,0.0,0.0011742940884825086,0.525452016689847,0.5101366793524819,0.01223922114047288,0.015228434310127735,0.0025034770514603616,0.008540873395334582,0.2653685674547983,0.2592350443157065,0.0002781641168289291,0.0022940752217676906,0.0,0.0006526833929533348,0.19388038942976357,0.2009125211627255
H1175-21-B3,7701.0,0.0027269185820023374,0.0042126095809890025,ok,0.019477989871445268,0.028240995915815602,0.021425788858589794,0.022757825404719486,0.04116348526165433,0.0476158796182397,0.0027269185820023374,0.005173539100736591,0.034151408907934035,0.04656618800237064,0.6266718607972991,0.5938886928155315,0.24750032463316451,0.24501839006999654,0.004155304505908323,0.006525879491600963,0.0027269185820023374,0.0042126095809890025
H1628-22-B8,4568.0,0.0,0.0008947038447326966,ok,0.08296847635726795,0.10942530207653206,0.6552101576182137,0.5952129455272888,0.2040280210157618,0.21113919178884744,0.0,0.0002656368429352761,0.05516637478108581,0.07285655942150554,0.0024080560420315237,0.0072094718908547045,0.0,7.156408457396291e-05,0.00021891418563922942,0.0029246245227294784,0.0,0.0008947038447326966
H533-22-4,8758.0,0.09203014386846312,0.10126801962647278,ok,0.00148435715916876,0.005351223203434546,0.0010276318794245262,0.003117772185293272,0.5969399406257136,0.5756610692989595,0.0015985384791048184,0.004584828091118865,0.09762502854532998,0.10119958357950415,0.20906599680292304,0.2067512226110601,0.00011418131993605846,0.0011916127005559933,0.00011418131993605846,0.0008746687036007647,0.09203014386846312,0.10126801962647278
H1085-23,822.0,0.0,0.0009767214912921585,ok,0.0,0.000705922205849359,0.0024330900243309003,0.012742888866748396,0.6338199513381995,0.6012814785427351,0.0,0.005731336995427929,0.009732360097323601,0.018520353298543905,0.057177615571776155,0.07480957096926806,0.29683698296836986,0.2851862694126517,0.0,4.545821748342241e-05,0.0,0.0009767214912921585
H1079-22-27,3843.0,0.012750455373406194,0.029317246570266065,ok,0.012230028623471247,0.024332336730000563,0.04449648711943794,0.05229826236088938,0.4681238615664845,0.4271237339813724,0.13296903460837886,0.13777612148438534,0.10746812386156648,0.10744588994726666,0.20114493884985687,0.18634406609990578,0.004163413999479573,0.012117231097545351,0.016653655997918293,0.023245111728368482,0.012750455373406194,0.029317246570266065
H-503-23-B5,7786.0,0.003210891343436938,0.008273434181644269,ok,0.0,0.0005567244517875773,0.0,0.00016434122520740332,0.07230927305419985,0.0820276290288742,0.0,0.001989334897251969,0.0003853069612124326,0.000846304377539972,0.9224248651425636,0.9037357165097855,0.0016696634985872078,0.0023594287682499283,0.0,4.708655965915193e-05,0.003210891343436938,0.008273434181644269
H1487-22-B1,2758.0,0.012327773749093546,0.011866519015746467,ok,0.032632342277012324,0.056168472526369764,0.062001450326323426,0.05957645430283935,0.016316171138506162,0.027157344340384307,0.0018129079042784628,0.004798957707730999,0.014865844815083394,0.0326772488965739,0.6243654822335025,0.580537550622224,0.23459028281363306,0.22452542227348068,0.0010877447425670776,0.0026920303146504886,0.012327773749093546,0.011866519015746467
H1633-22-16,11741.0,0.0,0.0007634869431490025,ok,0.002810663486926156,0.007733489784750273,0.008006132356698748,0.013203788587997397,0.0775913465633251,0.09494291144678653,0.3451154075462056,0.33613143127056655,0.013371944468103228,0.018989078171356626,0.5524231326122137,0.5257835276786137,8.517162081594413e-05,0.0010397971800948486,0.0005962013457116088,0.0014124889366850257,0.0,0.0007634869431490025
H88-21-A1,10323.0,0.002131163421486002,0.00336787167093786,ok,0.00019374212922600018,0.0012855628929323323,0.004262326842972004,0.008356372780139775,0.4963673350770125,0.4786266217463229,0.0004843553230650005,0.000797546294521717,0.0008718395815170009,0.0021164312491500875,0.4937518163324615,0.5022488949737018,0.001937421292260002,0.0031050159158858342,0.0,9.568247640760242e-05,0.002131163421486002,0.00336787167093786
H82-23-3,4548.0,0.010554089709762533,0.011625342180074315,ok,0.0,0.001785397976078153,0.00021987686895338611,0.0008254620396105326,0.04221635883905013,0.04826472387691866,0.00043975373790677223,0.001826003781521651,0.013192612137203167,0.01660471781660208,0.9331574318381706,0.9172087152510862,0.0,0.0010973899920070044,0.00021987686895338611,0.0007622470861016101,0.010554089709762533,0.011625342180074315
H-503-23-B12-1,5246.0,0.003240564239420511,0.007164527557233195,ok,0.001715592832634388,0.011379442350181774,0.0009531071292413268,0.0020623040727004997,0.15040030499428136,0.16006084886778896,0.10579489134578726,0.10937233326983246,0.0024780785360274493,0.006865722454828219,0.7344643537933664,0.700201133640337,0.0009531071292413268,0.0028232710388273407,0.0,7.041674827066097e-05,0.003240564239420511,0.007164527557233195
H1633-22-17,7481.0,0.0,0.0003976986357108339,ok,0.0036091431626787862,0.007090885512744315,0.028605801363454083,0.03668729093769681,0.14730650982488971,0.15432845402641931,0.2967517711535891,0.29214348276388397,0.006148910573452747,0.011009368521527603,0.5173105199839594,0.4972348738015486,0.0,0.0007012978753521148,0.0002673439379762064,0.00040664792511638475,0.0,0.0003976986357108339
H1913-22-13-1,5140.0,0.0019455252918287938,0.006467554460980862,ok,0.052334630350194554,0.06062347341213832,0.08073929961089495,0.07910343599015507,0.07937743190661478,0.0877595973536114,0.30642023346303504,0.2911013227796676,0.040077821011673155,0.05016882412605114,0.43813229571984436,0.42157701022153926,0.0003891050583657588,0.0015452584415052803,0.0005836575875486381,0.001653523214351069,0.0019455252918287938,0.006467554460980862
H1175-21-A3,7007.0,0.0,0.000721144354485353,ok,0.0028542885685742827,0.008857271292133631,0.010275438846867418,0.013918243972784166,0.148280291137434,0.16757840628450746,0.0022834308548594262,0.011072656621994303,0.056943056943056944,0.06804757462448079,0.7595261880976166,0.6978359585342132,0.0002854288568574283,0.0015752949416229188,0.01955187669473384,0.030393449373778095,0.0,0.000721144354485353
H-7677-B-22,731.0,0.0,0.0005479007673876885,ok,0.0,0.000832831848680037,0.06292749658002736,0.06507958573574138,0.4692202462380301,0.44841192613360287,0.0,0.002069173326542561,0.0027359781121751026,0.005671803579071381,0.19835841313269495,0.22249360083458464,0.2667578659370725,0.2547055029365931,0.0,0.00018767483779638308,0.0,0.0005479007673876885
H744-22-17,2237.0,0.19222172552525704,0.20112608250288472,ok,0.0,0.00043436707288408495,0.0,0.0005687335607573681,0.38980777827447477,0.3832803837036316,0.038891372373714796,0.04298603463074343,0.0,0.0017055643659305163,0.3790791238265534,0.3683045380418562,0.0,0.0015408840236083132,0.0,5.34120977037023e-05,0.19222172552525704,0.20112608250288472
H160-21-B,4638.0,0.010996119016817595,0.014107040156841152,ok,0.026735661923242778,0.029850985137409063,0.004312203536006899,0.008254967470531144,0.09896507115135834,0.10264985796830792,0.035791289348857266,0.042552418790921885,0.12332902112979732,0.14220456230734632,0.674428633031479,0.628083874776661,0.018542475204829666,0.020836598930212613,0.0068995256576110395,0.011459694461768746,0.010996119016817595,0.014107040156841152
H-353-5-22,8235.0,0.00012143290831815422,0.00022370536588244507,ok,0.00012143290831815422,0.0011419302472353587,0.0,0.0006781671039477031,0.006557377049180328,0.0092445453562546,0.007164541590771099,0.008120954963018436,0.0008500303582270795,0.001602051740679485,0.8452944748026715,0.8449150698876238,0.13989071038251366,0.1340419342011267,0.0,3.164113423158143e-05,0.00012143290831815422,0.00022370536588244507
H1552-22-8,4373.0,0.0,6.168268978234799e-05,ok,0.007088954950834668,0.039205569185946226,0.8346672764692431,0.7520467114646452,0.11159387148410702,0.1443387873984017,0.004116167390807226,0.007529486872745239,0.000457351932311914,0.002836022940421983,0.04207637777269609,0.053291361807065715,0.0,3.959132421321454e-05,0.0,0.0006507863167784051,0.0,6.168268978234799e-05
H1175-21-A12,10245.0,0.09692532942898975,0.09024414320417316,ok,0.00019521717911176182,0.00278127998972876,0.00956564177647633,0.011627643336513636,0.1968765251342118,0.20079233902525698,0.010346510492923377,0.020146095788934223,0.0726207906295754,0.0865811483030603,0.5857491459248414,0.555814637531257,0.022157149829184968,0.023462661575538845,0.005563689604685213,0.008550051245537149,0.09692532942898975,0.09024414320417316
H473-23-B-1,318.0,0.015723270440251572,0.03210402308286631,ok,0.0,0.006701163775894937,0.0,0.0011727047166451754,0.3113207547169811,0.3157704112438302,0.0,0.0011672733371398236,0.0220125786163522,0.035378902661144206,0.5691823899371069,0.5185887516743176,0.08176100628930817,0.08859917234881003,0.0,0.0005175971593516485,0.015723270440251572,0.03210402308286631
H744-22-13,6365.0,0.00015710919088766692,0.0006764416008541317,ok,0.00015710919088766692,0.0021347213290843635,0.0009426551453260016,0.0011082424444304195,0.02702278083267871,0.031004778102171945,0.0009426551453260016,0.0014562300232288793,0.0050274941084053415,0.009320898121691212,0.8386488609583661,0.8277291919982125,0.1269442262372349,0.12608860939666383,0.00015710919088766692,0.0004808869836626673,0.00015710919088766692,0.0006764416008541317
H533-22-5,9470.0,0.08891235480464625,0.09237958216459068,ok,0.00010559662090813094,0.011200849473535479,0.2732840549102429,0.24985308310346968,0.4204857444561774,0.41106652017914985,0.0060190073917634635,0.012120594431286335,0.004963041182682154,0.016044119968921286,0.20285110876451953,0.20081911141226055,0.0014783526927138332,0.0036136667767376522,0.0019007391763463568,0.002902472490048438,0.08891235480464625,0.09237958216459068
H1641-22-C-1,337.0,0.026706231454005934,0.0318400774775297,ok,0.2818991097922849,0.23538281464626282,0.06231454005934718,0.1232076008495274,0.5370919881305638,0.47871319506933463,0.0,8.533341778927781e-05,0.0830860534124629,0.08266471398002091,0.008902077151335312,0.04372952212674061,0.0,0.0021853794673677013,0.0,0.002191362965427071,0.026706231454005934,0.0318400774775297
H1374-21,2705.0,0.002587800369685767,0.003912190277274835,ok,0.0,0.0073775977235773175,0.051386321626617375,0.05337829381251514,0.19038817005545286,0.19084077833182497,0.0014787430683918669,0.004083126277939931,0.034380776340110906,0.052154937271563256,0.25804066543438076,0.24178935219926548,0.4613678373382625,0.4430308058393432,0.0003696857670979667,0.0034329182666959245,0.002587800369685767,0.003912190277274835
H94-22,2067.0,0.09579100145137881,0.11765364774939455,ok,0.0,0.004549135552978147,0.011611030478955007,0.031802899952435855,0.5079825834542816,0.4418730194302658,0.0004837929366231253,0.005765895616523339,0.18093855829704886,0.16997441034807162,0.10740203193033382,0.12216525706162487,0.09579100145137881,0.10612027812168294,0.0,9.545616702291869e-05,0.09579100145137881,0.11765364774939455
H969-21-3,9628.0,0.0008309098462816784,0.0073285204384632785,ok,0.013086830078936436,0.038087090464211104,0.0013502285002077274,0.0028927543734819363,0.0264852513502285,0.034512060867440464,0.0015579559617781471,0.00867448077435574,0.2170751973410885,0.21546368492726214,0.6756335687577898,0.6095577757631022,0.06398005816368924,0.08342734407651359,0.0,5.628831516951655e-05,0.0008309098462816784,0.0073285204384632785
H748-23-1,549.0,0.07103825136612021,0.09323761102808951,ok,0.0,0.000343666374898074,0.0018214936247723133,0.004366358825445744,0.8561020036429873,0.8068920312365258,0.0,0.001095698195986819,0.00546448087431694,0.00665591992503224,0.060109289617486336,0.07687768810961104,0.00546448087431694,0.010513036983433132,0.0,1.7989320977801643e-05,0.07103825136612021,0.09323761102808951
H1440-21-29,3490.0,0.00028653295128939826,0.001794554124512816,ok,0.19541547277936963,0.2036200172114447,0.07392550143266476,0.07765095605542892,0.034670487106017195,0.047583257886897,0.0,0.00034345524005326177,0.1504297994269341,0.1560401871667624,0.5191977077363897,0.47874525624376546,0.006876790830945559,0.0106845359576004,0.019197707736389683,0.023537780113534967,0.00028653295128939826,0.001794554124512816
H-147-2-22,8372.0,0.0,0.0006999338810685081,ok,0.03260869565217391,0.047874017481944746,0.06127568084089823,0.06605735113409665,0.05303392259913999,0.07907434131408754,0.0,0.0001346673088591245,0.012900143334925944,0.030713262790602814,0.8343287147634973,0.7641680181596474,0.005852842809364548,0.010605260923686842,0.0,0.0006731470060063376,0.0,0.0006999338810685081
H970-23-8-A,4539.0,0.0006609385327164573,0.0019317136326786066,ok,0.0002203128442388191,0.0028732465819061356,0.005287508261731659,0.00787939541387826,0.07777043401630315,0.08766646287762855,0.0,0.00033920303057889196,0.020709407358449,0.02749036174734155,0.8940295219211281,0.8688353490256824,0.0,0.0006539681274056574,0.0013218770654329147,0.002330299562899976,0.0006609385327164573,0.0019317136326786066
H742-22-29,1224.0,0.0,0.0021937240875443327,ok,0.0,0.004497283745918711,0.0008169934640522876,0.0018280447408284258,0.7483660130718954,0.7316402024862068,0.0024509803921568627,0.0075216912225172265,0.0,0.0014129492683516403,0.24836601307189543,0.2500773226258737,0.0,0.0008167787443228182,0.0,1.2003078436468699e-05,0.0,0.0021937240875443327
H-1628-B2-22,3595.0,0.0,0.0021489994714786608,ok,0.037552155771905425,0.050455637639484054,0.10598052851182198,0.09865013293194926,0.15076495132127957,0.14957264670006415,0.005006954102920723,0.010256924543105802,0.06536856745479833,0.07331260715241295,0.43115438108484005,0.4060373728949622,0.17969401947148816,0.1812090131207026,0.02447844228094576,0.028356665545840366,0.0,0.0021489994714786608
H715-22-17,13723.0,0.0,0.00012298727555458492,ok,0.0002914814544924579,0.0024083989242210777,0.004372221817386869,0.0041396503381784695,0.01122203599795963,0.014885732012503958,7.287036362311447e-05,0.00011748329320205248,0.0007287036362311448,0.002344125608214579,0.9819281498214676,0.973789709834696,0.00021861109086934345,0.0007344171622686797,0.0011659258179698316,0.00145749555116065,0.0,0.00012298727555458492
H-1628-EX5-22,2451.0,0.0,0.0006036732572909218,ok,0.012239902080783354,0.033089703911732306,0.31701346389228885,0.28343029238178347,0.26601387188902487,0.2774251205965533,0.015503875968992248,0.01787703000370795,0.022031823745410038,0.040150153214759045,0.36474908200734396,0.3377891769456577,0.0016319869441044472,0.006506690851090966,0.0008159934720522236,0.003128158837424312,0.0,0.0006036732572909218
H905-22-4,3899.0,0.030777122339061297,0.051248323272629195,ok,0.0,0.0008178640077704431,0.01615798922800718,0.038107580712561095,0.9153629135675815,0.8327083563412269,0.0,0.0013357948988696412,0.019492177481405488,0.0419951765561174,0.015132085150038471,0.027489429725018603,0.0028212362144139523,0.005111026134656095,0.00025647601949217746,0.0011864483511506744,0.030777122339061297,0.051248323272629195
H1440-21-26,1301.0,0.0,5.775547487624132e-05,ok,0.013835511145272867,0.023540003758660548,0.023059185242121444,0.02654572717973694,0.012298232129131437,0.014908297615117486,0.31898539584934665,0.3309254319190463,0.0007686395080707148,0.004437545981199308,0.6302843966179862,0.597552571380593,0.0007686395080707148,0.0016031375788990922,0.0,0.0004295291118711325,0.0,5.775547487624132e-05
H1560-22-10,3569.0,0.0005603810591202018,0.0006615461690083748,ok,0.05884001120762118,0.0847248622437715,0.12356402353600449,0.11320689603616527,0.0316615298402914,0.042694120246356757,0.07340991874474642,0.07078523953342726,0.03502381619501261,0.046504032955478336,0.6766601288876436,0.6403857571150529,0.0002801905295601009,0.00048760447728146597,0.0,0.0005499412234581528,0.0005603810591202018,0.0006615461690083748
H-04-5-22,15289.0,0.2412191771862123,0.24154820339702854,ok,0.001177317025312316,0.004070807307569796,0.003270325070311989,0.004469497049382032,0.358689253711819,0.3487953341721739,0.007717967165936294,0.013537972198560193,0.0030741055660932696,0.006328395246239311,0.3369742952449474,0.3291650779475702,0.04787755902936752,0.052001061419858156,0.0,8.365126161780681e-05,0.2412191771862123,0.24154820339702854
H744-22-14,4754.0,0.0012620950778291964,0.0022581757044741776,ok,0.022086663862010938,0.03178895521407928,0.005469078670593185,0.0073442697587617015,0.07278081615481699,0.08054955781538288,0.00021034917963819942,0.0010431961912023388,0.029869583508624318,0.038583197867588646,0.7610433319310055,0.7322897737854043,0.1045435422801851,0.1014894711355338,0.0027345393352965924,0.004653402527572924,0.0012620950778291964,0.0022581757044741776
H742-22-35,7509.0,0.00039952057530962844,0.0034722166674187372,ok,0.0,0.00043814406113308184,0.0,0.0018539415169376951,0.20455453455852976,0.21716447141577833,0.0005326941004128379,0.0015485124208248424,0.0005326941004128379,0.0031757250520710583,0.7898521773871354,0.7614756845489081,0.00013317352510320947,0.00041486014478378926,0.003995205753096284,0.010456444172144301,0.00039952057530962844,0.0034722166674187372
H334-22-EX2,1047.0,0.0,0.0028394415622806815,ok,0.0,2.961780978292937e-05,0.0057306590257879654,0.0071439128556199365,0.9933142311365807,0.9832853162015424,0.0,0.000967618219183362,0.0,0.0003875726223758948,0.0009551098376313276,0.004743638681805176,0.0,0.00014477466465630733,0.0,0.0004581073827533424,0.0,0.0028394415622806815
H1633-22-15,14771.0,0.0,0.00015479290767496202,ok,0.02809559271545596,0.03745107698275323,0.018888362331595694,0.02006861257645884,0.08245887211427798,0.09130847624589618,0.033376210141493466,0.0381914114827949,0.02315347640647214,0.03610175275231412,0.8050910568004874,0.766380152127008,0.0035204116173583374,0.003191586204642936,0.005416017872858981,0.007152138720456853,0.0,0.00015479290767496202
H533-22-10,1475.0,0.0,0.0003338648758917692,ok,0.03525423728813559,0.04427415043844059,0.06576271186440678,0.0627082295394501,0.059661016949152545,0.07635414681623967,0.0711864406779661,0.09633360015621797,0.09220338983050848,0.09975517159344945,0.6711864406779661,0.6080609277592032,0.0006779661016949153,0.003129184092198461,0.004067796610169492,0.009050724728908735,0.0,0.0003338648758917692
H1440-21-16,6790.0,0.0,0.00012719787771101114,ok,0.019734904270986744,0.03322932461104246,0.07201767304860088,0.07033311718770494,0.014285714285714285,0.020970457583391566,0.33814432989690724,0.34237808398769215,0.0039764359351988215,0.008909245385881368,0.5491899852724595,0.520421514417898,0.0017673048600883653,0.002556162843731304,0.0008836524300441826,0.0010748961049472006,0.0,0.00012719787771101114
H1356-21-1,1125.0,0.0008888888888888889,0.002409255305398596,ok,0.0008888888888888889,0.006285400799836045,0.03111111111111111,0.03580535570249875,0.14222222222222222,0.14281970944100061,0.009777777777777778,0.010340630429420511,0.010666666666666666,0.02255839730928545,0.10755555555555556,0.1186462285472835,0.6968888888888889,0.6603283231429938,0.0,0.000806699322282729,0.0008888888888888889,0.002409255305398596
H1079-22-2-1,5625.0,0.009777777777777778,0.013372748596710284,ok,0.0,0.001253257174037099,0.009066666666666667,0.01165150972083582,0.2192,0.2178459503257429,0.0007111111111111111,0.0023025748492938513,0.022577777777777776,0.036489280086967765,0.5626666666666666,0.5484970755613113,0.1758222222222222,0.16707095541151545,0.00017777777777777779,0.0015166482735854572,0.009777777777777778,0.013372748596710284
H79-21-A,1239.0,0.012106537530266344,0.02051128604359557,ok,0.0,0.0019001254019867203,0.0,0.002937147849860825,0.5875706214689266,0.5471680952561087,0.0129136400322841,0.018918855971324654,0.07586763518966909,0.08311918783229139,0.30912025827280065,0.31242142182140653,0.002421307506053269,0.012706806261931661,0.0,0.0003170735614940504,0.012106537530266344,0.02051128604359557
H-1628-B5-22,,,,no_zarr,,,,,,,,,,,,,,,,,,
H715-22-3,4130.0,0.0,0.0018203467084743413,ok,0.0009685230024213075,0.0049606387077319285,0.015254237288135594,0.028747318706496414,0.14818401937046005,0.14905383138308947,0.13026634382566585,0.14771541815891878,0.0021791767554479417,0.0032747923436065337,0.7024213075060532,0.6629889079648766,0.0,0.0009496616733480093,0.0007263922518159806,0.0004890843534578722,0.0,0.0018203467084743413
H1363-21,2139.0,0.0,0.0019117942505163016,ok,0.001402524544179523,0.00912668127127546,0.0383356708742403,0.0472165033061289,0.4212248714352501,0.40229601134166554,0.0009350163627863488,0.006436826415701609,0.009350163627863487,0.024530419569548673,0.28892005610098176,0.2707690116757328,0.2370266479663394,0.2326832283928201,0.002805049088359046,0.005029523776610658,0.0,0.0019117942505163016
H1655-21-1,980.0,0.0,0.0024240048661108194,ok,0.0010204081632653062,0.005315009800257258,0.013265306122448979,0.017640016759462005,0.10714285714285714,0.11972330576275492,0.0020408163265306124,0.004447460449306471,0.04387755102040816,0.061055223871667764,0.33877551020408164,0.31889133048004176,0.49081632653061225,0.464150509995605,0.003061224489795918,0.0063531380147940535,0.0,0.0024240048661108194
H1440-21-19,2533.0,0.0,0.00011828514213783966,ok,0.020529016975917885,0.026499747415619272,0.007106198183971575,0.008273359796209245,0.011448874851954205,0.014920762268635103,0.017370706671930518,0.041146892153475265,0.0043426766679826295,0.007488629122422336,0.9392025266482432,0.901181758996667,0.0,5.9384192207745914e-05,0.0,0.00031118091262606173,0.0,0.00011828514213783966
H-503-23-A1,4043.0,0.0012367054167697256,0.0025713475679450238,ok,0.0014840465001236705,0.010251413496208603,0.0037101162503091764,0.004020561556235836,0.06381399950531784,0.0654039935578421,0.0012367054167697256,0.0020921582648808193,0.0004946821667078902,0.002782659617395925,0.8412070244867672,0.8264801878431608,0.08681672025723473,0.08635222271816505,0.0,4.5455378165799474e-05,0.0012367054167697256,0.0025713475679450238
H1440-21-9,12233.0,0.03531431374151884,0.042119495694769714,ok,0.012670644976702363,0.019076494524119587,0.01013651598136189,0.01841233368835854,0.14975884901495953,0.16587187329885794,0.00024523828987165863,0.0005736271592380824,0.04569606801275239,0.06815642115488978,0.7224720019619063,0.6609993140565487,0.023461129731055342,0.02398086940846555,0.00024523828987165863,0.0008095710147521206,0.03531431374151884,0.042119495694769714
H1175-21-A1,4139.0,0.0,0.0003532538049342119,ok,0.005315293549166465,0.006967794123435296,0.010147378593863252,0.012262736660574104,0.04010630587098333,0.044971701129371315,0.002899251026818072,0.004326148704354303,0.052911331239429815,0.061133056178191,0.7564629137472819,0.7330300011769283,0.11282918579366998,0.11212716820990562,0.019328340178787148,0.024828140012305898,0.0,0.0003532538049342119
H733-22-2,4330.0,0.0,0.0010347276321201657,ok,0.002771362586605081,0.005056625678415122,0.003926096997690531,0.010305517615223856,0.38475750577367207,0.3655605370828113,0.0,0.0009302264165353335,0.004849884526558892,0.010933721230573257,0.5972286374133949,0.5913330446178261,0.0,0.0006014165180558769,0.006466512702078522,0.014244183208438916,0.0,0.0010347276321201657
H1175-21-A9,11028.0,0.11062749365252085,0.11441917930376785,ok,0.00018135654697134566,0.0012907852507655234,0.04143997098295248,0.03954969605129519,0.38501994922016686,0.3794624924583637,0.010700036271309395,0.03275046186825328,0.005803409503083061,0.012705429263094724,0.43670656510700034,0.40321111963609835,0.0009067827348567283,0.003996770193476387,0.008614435981138919,0.012614065974884863,0.11062749365252085,0.11441917930376785
H742-22-29-1,1299.0,0.0,0.0011712755198068443,ok,0.0,0.0034543197774999147,0.0007698229407236335,0.0013900489897700676,0.7120862201693611,0.7055778211531217,0.0,0.000910274486927478,0.0007698229407236335,0.0038800498038170724,0.2863741339491917,0.2831642449744419,0.0,0.0004065690187410114,0.0,4.5396275873984576e-05,0.0,0.0011712755198068443
H82-23-2,4983.0,0.002006823198876179,0.003236273068124831,ok,0.0002006823198876179,0.0022190793544838087,0.0010034115994380895,0.0021485303572627264,0.020469596628537028,0.02361408287611195,0.001806140878988561,0.0032122848508079186,0.012642986152919929,0.015368169745073459,0.6568332329921734,0.6490215886025028,0.30443507926951635,0.30059573342020446,0.0006020469596628537,0.0005842577254280223,0.002006823198876179,0.003236273068124831
H905-22-2,2151.0,0.011622501162250116,0.02835743465118624,ok,0.0,0.0006387712328104509,0.019525801952580194,0.03945320065254507,0.8874941887494189,0.8145894333053219,0.0,0.0006383956682235083,0.006508600650860065,0.019768605004369416,0.07438400743840075,0.09395072380824666,0.00046490004649000463,0.0023849123419416255,0.0,0.0002185233353552211,0.011622501162250116,0.02835743465118624
H-350-4-22,2817.0,0.10543130990415335,0.10504790641122604,ok,0.0,0.0013535767462152998,0.008519701810436636,0.01096674195700871,0.03123890663826766,0.043939407716240865,0.002129925452609159,0.006616653004630018,0.004259850905218318,0.01421771978043534,0.08803691870784522,0.09944330673366147,0.7603833865814696,0.7183762709386485,0.0,3.841671193366719e-05,0.10543130990415335,0.10504790641122604
H79-21-B,944.0,0.1885593220338983,0.1933703251902994,ok,0.0,0.0008266227024016282,0.0,0.0016022120713842457,0.4417372881355932,0.3992647725582048,0.0,0.0016315096524830751,0.00423728813559322,0.00677078366240231,0.1461864406779661,0.17532825975028005,0.21927966101694915,0.22119686588548887,0.0,8.64852705560824e-06,0.1885593220338983,0.1933703251902994
TH675-23-1,988.0,0.008097165991902834,0.0194517714552264,ok,0.0,0.0013429204409151321,0.0,0.000481878601437568,0.34615384615384615,0.34954921912761183,0.0,0.0005779745604128749,0.0,0.00260172961945179,0.6153846153846154,0.589846756703149,0.030364372469635626,0.03588667966919483,0.0,0.00026106982260055755,0.008097165991902834,0.0194517714552264
H1055-21-R,3969.0,0.029982363315696647,0.04007463043347192,ok,0.0,0.0017091293795325302,0.001763668430335097,0.005848210492029684,0.12421264802217183,0.13903037978605146,0.0,0.0003699426829420348,0.007306626354245402,0.014940396494935625,0.5920886873267825,0.566939470042312,0.24464600655076846,0.23096572462313672,0.0,0.00012211606558805207,0.029982363315696647,0.04007463043347192
H1393-21-1,1865.0,0.0005361930294906167,0.004279666623592148,ok,0.0005361930294906167,0.0041324441660940976,0.00804289544235925,0.00956023474605005,0.19731903485254693,0.22313835195793325,0.0,0.0009158822188749107,0.006970509383378016,0.011748846367916762,0.6568364611260054,0.6196719096465106,0.1297587131367292,0.12646681748584276,0.0,8.584678718534221e-05,0.0005361930294906167,0.004279666623592148
TH499-21-4,12117.0,0.0164232070644549,0.020650247207889404,ok,0.0004126433935792688,0.006552282997698813,0.0,7.597463897409903e-05,0.024015845506313444,0.03449880302882474,8.252867871585376e-05,0.0017949776626380732,0.002145745646612198,0.008078524420741136,0.9560122142444499,0.9242999331557553,0.0007427581084426838,0.0036976001306159643,0.00016505735743170752,0.00035165675686248327,0.0164232070644549,0.020650247207889404
H672-21-1,4753.0,0.07700399747527877,0.0889817700355468,ok,0.0,0.00408259511959499,0.008626130864717021,0.010115600667379621,0.39385651167683566,0.3951826810323969,0.0,0.00041365743599515887,0.011150852093414685,0.01546188260857954,0.47506837786661055,0.45136700465090934,0.03429413002314328,0.034282907646534494,0.0,0.00011190080306316681,0.07700399747527877,0.0889817700355468
H672-21-2,3250.0,0.09784615384615385,0.103582493764936,ok,0.0,0.0012998051280412475,0.0073846153846153844,0.007347389638905923,0.3667692307692308,0.36325295626749476,0.0,0.000310029703663423,0.0015384615384615385,0.004803860551702451,0.4206153846153846,0.41658868467953364,0.10584615384615384,0.1026718049552234,0.0,0.00014297531049906273,0.09784615384615385,0.103582493764936
H700-22-1,5804.0,0.07133011716057891,0.07866399974843714,ok,0.0,0.00558988413373282,0.008787043418332184,0.010242646418470594,0.1607512060647829,0.1809269959963686,0.0,0.0014753890272001145,0.005341144038594073,0.01480470824916031,0.6330117160578911,0.5833233738806998,0.12077877325982081,0.12479473417849557,0.0,0.00017826836743506182,0.07133011716057891,0.07866399974843714
H-208-3-22,11966.0,0.001086411499247869,0.002076055052493705,ok,0.0,0.00017880994018710372,0.002757813805783052,0.0038373022885566195,0.6714858766505097,0.6754169383117747,0.00025071034598027743,0.0010699260040035884,0.0070198896874477685,0.010078424279461179,0.31572789570449605,0.3039595999972671,0.0,0.0002188599070573845,0.001671402306535183,0.0031640842191985683,0.001086411499247869,0.002076055052493705
H639-21-2,3064.0,0.0,0.0010872773555243972,ok,0.00032637075718015666,0.0033814630836922406,0.0032637075718015664,0.008415705919154604,0.6713446475195822,0.6551190004246626,0.0026109660574412533,0.004221813903705942,0.03590078328981723,0.03741486830339616,0.22193211488250653,0.2281677598302225,0.06462140992167102,0.06189770946009855,0.0,0.00029440171954297134,0.0,0.0010872773555243972
H772-22-1,1110.0,0.002702702702702703,0.008206458303810973,ok,0.0,0.0026168506982150296,0.013513513513513514,0.012493858408448001,0.27297297297297296,0.2684468395874269,0.0,0.00030151592654713435,0.007207207207207207,0.009631045513243947,0.5180180180180181,0.5149371610091362,0.18558558558558558,0.18328395331499214,0.0,8.231723817974407e-05,0.002702702702702703,0.008206458303810973
H-208-2-22,10839.0,0.006089122612787158,0.008241914075747963,ok,0.0,0.0003306560798096318,0.0018451886705415628,0.00273503826431796,0.6585478365162838,0.6622063164386512,0.007380754682166251,0.010627446943950156,0.0016606698034874066,0.005505208199093237,0.3224467201771381,0.3055569086121433,0.0005535566011624688,0.002430587628291057,0.0014761509364332502,0.0023659237579954097,0.006089122612787158,0.008241914075747963
TH554-23-2,745.0,0.0,0.0018621796189138143,ok,0.0,0.0007420576197983533,0.008053691275167786,0.007483965497212529,0.7785234899328859,0.7672687453605869,0.0,0.0002639517407696857,0.0,0.001646009773679387,0.15167785234899328,0.1598806827351757,0.06174496644295302,0.060063328293950106,0.0,0.0007890793599134872,0.0,0.0018621796189138143
T220_1-1,1403.0,0.0,0.005048301153994194,ok,0.0,0.005381602393229917,0.02565930149679259,0.042329330504379425,0.49109052031361367,0.4350060196972735,0.004989308624376337,0.0285888689398591,0.08267997148966501,0.10144702375212135,0.02851033499643621,0.05551000932219268,0.3670705630791162,0.3262136601160044,0.0,0.0004751841209455177,0.0,0.005048301153994194
T243_1-1,1889.0,0.0,0.0003052427809632773,ok,0.0031762837480148226,0.01624363282096406,0.008999470619375331,0.016667580563580038,0.23292747485442034,0.23006979694223106,0.0,0.003237482275542113,0.24139756484912653,0.24122220294645844,0.5092641609317099,0.4736405928598882,0.004235044997353097,0.017974663683766993,0.0,0.0006388051266058105,0.0,0.0003052427809632773
T276_1-1,1847.0,0.0,0.0004016577477975807,ok,0.0,0.0021821755930016636,0.005955603681645912,0.009804058917616324,0.32539252842447214,0.33109320838638534,0.0,0.00014429767297294323,0.046561992420140766,0.04727232480311353,0.6182999458581484,0.5996153725285791,0.003789929615592853,0.008382897895268901,0.0,0.0011040064552646038,0.0,0.0004016577477975807
T264_1-1,2861.0,0.0,4.285854143295561e-05,ok,0.0,1.3308780955733177e-05,0.0,0.00028175230138169604,0.9213561691716183,0.8965102516689206,0.0,2.8905092088345167e-05,0.0,0.00012378648127839628,0.07864383082838168,0.10070048415575285,0.0,8.519172491004342e-05,0.0,0.0022134612532793687,0.0,4.285854143295561e-05
T237_1-2,2349.0,0.0004257130693912303,0.00345494030794689,ok,0.002554278416347382,0.009077981754063625,0.02596849723286505,0.03746383594153441,0.6781609195402298,0.594012650288803,0.017454235845040442,0.03963035063445855,0.031077054065559814,0.04086503585171668,0.13026819923371646,0.14239670114959666,0.11409110259684972,0.13211612355021146,0.0,0.000982380521668676,0.0004257130693912303,0.00345494030794689
T213_1-1,1498.0,0.0053404539385847796,0.023576743427216783,ok,0.0006675567423230974,0.00310273047568407,0.016688918558077435,0.02869555856081202,0.4499332443257677,0.4176166200752976,0.008678237650200267,0.019826132849739133,0.38451268357810414,0.3281427425223126,0.05473965287049399,0.0680998159729002,0.0794392523364486,0.11065413112872612,0.0,0.0002855249873114819,0.0053404539385847796,0.023576743427216783
T229_1-1,5282.0,0.0,0.0002416654346592505,ok,0.002839833396440742,0.00650522802280944,0.029912911775842484,0.042967202354378314,0.8076486179477471,0.7516420609608596,0.0024611889435819764,0.008919663422600864,0.0005679666792881485,0.004373674289322453,0.1508898144642181,0.16160189967574845,0.0003786444528587656,0.0032268647829824296,0.005301022340022719,0.02052174105663916,0.0,0.0002416654346592505
T308_1-1,1654.0,0.0,0.00014227502714199723,ok,0.0,0.003398010006286686,0.005441354292623942,0.014498984695604246,0.25634824667472794,0.25926828292696624,0.0,0.002595917002125099,0.0592503022974607,0.0676093300870955,0.4969770253929867,0.4869997788450819,0.18198307134220074,0.16470689139773229,0.0,0.000780530011966046,0.0,0.00014227502714199723
T320_1-1,2049.0,0.0,0.0005735359664326917,ok,0.0,0.004779510661617615,0.0,0.00678150044267255,0.35334309419228893,0.3380710933384477,0.0,0.0028242427843171874,0.0854075158613958,0.09788332083311388,0.42947779404587605,0.4127647109612052,0.13177159590043924,0.13618042451527282,0.0,0.00014166049692027318,0.0,0.0005735359664326917
T285_1-1,3945.0,0.0,0.0018761176005014759,ok,0.0,0.0007105010940768006,0.0010139416983523447,0.0028754953369570834,0.6788339670468948,0.6581741368965398,0.00025348542458808617,0.002199231269840761,0.0020278833967046894,0.004948467758055506,0.308745247148289,0.3143038210060031,0.009125475285171103,0.01461389367137302,0.0,0.0002983353666523906,0.0,0.0018761176005014759
T319_1-1,670.0,0.019402985074626865,0.03868235020209325,ok,0.0,0.001401720188269758,0.0014925373134328358,0.004386128399612193,0.7582089552238805,0.6896862719126323,0.0014925373134328358,0.003302318097112584,0.06119402985074627,0.0634261573164741,0.1208955223880597,0.14056009652735735,0.03731343283582089,0.058490357721660426,0.0,6.45996347881013e-05,0.019402985074626865,0.03868235020209325
T226_1-1,1220.0,0.002459016393442623,0.010655564233503965,ok,0.0,0.0002342185574327401,0.01557377049180328,0.02355815960539943,0.9270491803278689,0.8917618742880967,0.0,0.005236183717078845,0.03114754098360656,0.03589742365213296,0.009016393442622951,0.01295285675336818,0.014754098360655738,0.01923605519171521,0.0,0.00046766400127183736,0.002459016393442623,0.010655564233503965
T304_1-1,1880.0,0.0031914893617021275,0.01222999419139354,ok,0.0,0.0016649503250660957,0.0010638297872340426,0.004726539154243093,0.3723404255319149,0.3611641485657426,0.0005319148936170213,0.001958893861472913,0.01276595744680851,0.019212861604045697,0.3228723404255319,0.33035766786025134,0.2872340425531915,0.26846841931961124,0.0,0.00021652511817348027,0.0031914893617021275,0.01222999419139354
T306_1-1,1462.0,0.0006839945280437756,0.001174310007088608,ok,0.0,0.00013149335863141902,0.0,0.00033565229075079804,0.9870041039671683,0.9751873992995147,0.0,6.316779060839846e-05,0.0047879616963064295,0.005384500470651101,0.005471956224350205,0.015750499329686304,0.002051983584131327,0.001957306754295471,0.0,1.5670698773163634e-05,0.0006839945280437756,0.001174310007088608
T290_1-1,6080.0,0.0001644736842105263,0.0025566505271796057,ok,0.000493421052631579,0.001740630126057404,0.0003289473684210526,0.0024469354134781162,0.7486842105263158,0.7288520164891871,0.0024671052631578946,0.006231714163595839,0.02450657894736842,0.026161656015085355,0.18519736842105264,0.1893932715859465,0.038157894736842106,0.042529533177528236,0.0,8.75925019419095e-05,0.0001644736842105263,0.0025566505271796057
T167_1-1,5174.0,0.0,0.0028651186404580514,ok,0.014495554696559722,0.031427525106748046,0.004831851565519907,0.014825419049141024,0.21627367607267103,0.20945682084382286,0.006571318129107074,0.02297190929530523,0.011789717819868574,0.028736434241842138,0.4054889833784306,0.3684572695888908,0.3405488983378431,0.3212349992200641,0.0,2.4504013727621346e-05,0.0,0.0028651186404580514
T294_1-1,1143.0,0.0,0.0013900004795013696,ok,0.0,0.00010534981644234671,0.0,0.0014613284715281312,0.9562554680664916,0.9202820892833078,0.0008748906386701663,0.0082386926038041,0.0,0.00043950428376465854,0.04199475065616798,0.06488354866060704,0.0008748906386701663,0.0030884827223165794,0.0,0.000111003678727902,0.0,0.0013900004795013696
T261_1-1,1031.0,0.0,0.0012592655497442554,ok,0.0,0.0003552149022701316,0.0,0.0026354160468542932,0.6323957322987391,0.5992029110857496,0.0,0.0007763583158683372,0.06498545101842872,0.06274584666413736,0.24830261881668284,0.27955064544839914,0.05431619786614937,0.05263624440862209,0.0,0.0008380975783547348,0.0,0.0012592655497442554
T242_1-1,2348.0,0.00042589437819420784,0.0012075111483745094,ok,0.002555366269165247,0.007869544497080726,0.05579216354344123,0.06513430495019111,0.643526405451448,0.5924728877893146,0.0,0.004872800396410772,0.062180579216354344,0.0672675450867646,0.21507666098807496,0.21120717580542492,0.019591141396933562,0.038573912351315645,0.0008517887563884157,0.011394317975123202,0.00042589437819420784,0.0012075111483745094
T207_1-1,3282.0,0.004875076173065204,0.007500732890887821,ok,0.0,0.0009351866620304024,0.02376599634369287,0.036689089831374665,0.8543570993296771,0.7437661518611746,0.009140767824497258,0.04209754136968896,0.0,0.0013680105753430937,0.0898842169408897,0.11314789317774557,0.01797684338817794,0.053348182494302156,0.0,0.0011472111374528585,0.004875076173065204,0.007500732890887821
T303_1-1,1456.0,0.0,0.001574542012564815,ok,0.0,0.00028348594812635335,0.003434065934065934,0.011513756239485482,0.6689560439560439,0.6368387327882634,0.0,0.0036326972141368687,0.0006868131868131869,0.0013011933013452799,0.3248626373626374,0.3380062257074111,0.0020604395604395605,0.006471833026441624,0.0,0.0003775337622249782,0.0,0.001574542012564815
T326_1-1,2990.0,0.0030100334448160534,0.01413910194294354,ok,0.0,0.0005203330638124595,0.00033444816053511704,0.0023990178087460044,0.7344481605351171,0.6951526246405462,0.0,0.0008281535834020599,0.0013377926421404682,0.004144063501353786,0.19899665551839466,0.21828211991273758,0.061872909698996656,0.0644818224006036,0.0,5.276314585489798e-05,0.0030100334448160534,0.01413910194294354
T331_1-1,2210.0,0.0,7.334151827371347e-05,ok,0.007692307692307693,0.029487528100669354,0.0018099547511312218,0.00599122277343248,0.18280542986425338,0.18546800247003317,0.0,0.002066380716252826,0.03484162895927602,0.0356401803192979,0.7638009049773755,0.7218072041756775,0.00904977375565611,0.014396210485975489,0.0,0.005069929440387537,0.0,7.334151827371347e-05
T237_1-1,1482.0,0.0,0.0006277121026312484,ok,0.0,0.013373423047256602,0.033063427800269905,0.05621117020353938,0.2611336032388664,0.23401311986927473,0.0033738191632928477,0.026876676773722945,0.1329284750337382,0.1485273009309562,0.24628879892037786,0.2453820708073805,0.3232118758434548,0.27472276178082455,0.0,0.0002657644844137793,0.0,0.0006277121026312484
T228_1-1,3549.0,0.0,6.830143690735594e-05,ok,0.0,0.0016673480202065432,0.08565793181177797,0.09627662893091077,0.5277542969850663,0.49109795465299844,0.0002817695125387433,0.008323347601753501,0.0,0.0011497351901230749,0.36770921386306,0.3624436260530918,0.0008453085376162299,0.0031997275045832713,0.01775147928994083,0.035773330609425245,0.0,6.830143690735594e-05
T277_1-1,6146.0,0.0,0.001459596145402066,ok,0.0003254149040026033,0.0017668555089254002,0.0,0.0021642323341802185,0.5642694435405141,0.5415548094016356,0.0030914415880247317,0.00477511489949771,0.03547022453628376,0.03726481948051479,0.196876016921575,0.2252457147788316,0.19996745850959974,0.18549297718680394,0.0,0.0002758802642086876,0.0,0.001459596145402066
T218_1-1,5136.0,0.0,0.000262805773908336,ok,0.0005841121495327102,0.0033167378199894203,0.014602803738317757,0.023491609550535923,0.1170171339563863,0.11637933423537676,0.008177570093457943,0.01434088387142196,0.0036993769470404984,0.008568615715148512,0.7517523364485982,0.7382961183088024,0.1037772585669782,0.0916117090790505,0.0003894080996884735,0.0037321856457662173,0.0,0.000262805773908336
T240_1-1,970.0,0.002061855670103093,0.004722244727246998,ok,0.0,0.010613986022887103,0.04536082474226804,0.05877862583850183,0.22061855670103092,0.2088143396511163,0.007216494845360825,0.0207021758766911,0.2721649484536082,0.2560804147839103,0.2288659793814433,0.21798301735835265,0.22371134020618558,0.221877188830628,0.0,0.00042800691066571047,0.002061855670103093,0.004722244727246998
T209_1-1,6819.0,0.00014664906877841325,0.002104404854427405,ok,0.0,0.0029667640334363862,0.009238891333040036,0.018798108138887312,0.2487168206481889,0.2460645043887367,0.00674585716380701,0.013188542755562837,0.013785012465170846,0.02044887938062142,0.5382020824167767,0.5259452606365873,0.18287138876668133,0.16895934421961645,0.0002932981375568265,0.0015241915921242577,0.00014664906877841325,0.002104404854427405
T200_1-1,3684.0,0.006243213897937025,0.02079541114874758,ok,0.0013572204125950054,0.003218632469242439,0.007871878393051032,0.017324872488083363,0.6164495114006515,0.5653419438815169,0.007328990228013029,0.01822575798805914,0.03718783930510315,0.04421259880712499,0.16965255157437567,0.17324856298770844,0.15390879478827363,0.1562902718594507,0.0,0.0013419483700664843,0.006243213897937025,0.02079541114874758
T230_1-1,7133.0,0.0,3.8441956440289686e-05,ok,0.0022430954717510164,0.0039491346785456875,0.033366045142296366,0.05131299626223414,0.799523342212253,0.751188375551153,0.0033646432076265245,0.005659300943434562,0.0007009673349221927,0.004785499398076048,0.15701668302257116,0.16400862522569512,0.0,0.0016261314107708935,0.00378522360857984,0.01743149457365017,0.0,3.8441956440289686e-05
T216_1-1,5668.0,0.0,0.00017178526378768314,ok,0.00017642907551164433,0.0013934664997539202,0.1182074805928017,0.12801727444424837,0.5153493295695131,0.4508741643287098,0.06951305575158787,0.10281708675264137,0.000529287226534933,0.004903454611578766,0.2928722653493296,0.2930175160639521,0.0029992942836979536,0.011307562708317214,0.00035285815102328866,0.0074976893270107155,0.0,0.00017178526378768314
T253_1-2,700.0,0.0,1.2238809567015112e-05,ok,0.0,0.0007206201667665365,0.002857142857142857,0.01043612430650947,0.10714285714285714,0.14096641446763192,0.0,0.0012924080853012427,0.04285714285714286,0.08044427276319085,0.8457142857142858,0.7444905884047167,0.0,0.00270214309085582,0.0014285714285714286,0.01893518990546044,0.0,1.2238809567015112e-05
T260_1-1,1856.0,0.0,0.0015098405836878788,ok,0.0,0.0003203681222976195,0.0,0.0006101800615497179,0.8706896551724138,0.8513891097978606,0.0,0.00011135341575106017,0.0,0.0019202200946434132,0.12823275862068967,0.14104742395789188,0.0010775862068965517,0.0025923987238015748,0.0,0.0004991052425161988,0.0,0.0015098405836878788
T250_1-1,5664.0,0.0,0.0009880174962867833,ok,0.0,0.0009349185570876715,0.006532485875706214,0.012819937994742523,0.6965042372881356,0.6626447327249381,0.005826271186440678,0.013828040831341423,0.0033545197740112993,0.00572774520211399,0.2422316384180791,0.2361908441176446,0.04307909604519774,0.05860448226415809,0.0024717514124293787,0.00826128081168672,0.0,0.0009880174962867833
T282_1-1,5145.0,0.0013605442176870747,0.0053374648114817335,ok,0.0,0.00039605270873563944,0.0007774538386783285,0.0034565563255669523,0.9696793002915451,0.9480973216064892,0.0,0.0013368464466031419,0.001749271137026239,0.002545975538887331,0.023517978620019437,0.031692278656995684,0.0029154518950437317,0.007088442489852722,0.0,4.9061415387503294e-05,0.0013605442176870747,0.0053374648114817335
T318_1-1,2377.0,0.0,0.00022086649222430825,ok,0.0,0.0006621733534865287,0.00042069835927639884,0.002652671965306488,0.7458981909970551,0.7198733349998491,0.0,0.0004790981149459408,0.027345393352965923,0.030435886966579288,0.16281026503996635,0.18157759603944565,0.06352545225073622,0.06389359862344285,0.0,0.00020477344471993384,0.0,0.00022086649222430825
T297_1-1,841.0,0.005945303210463734,0.012896706351932071,ok,0.0,5.2347237520146196e-05,0.0,0.00046989029465997463,0.9108204518430439,0.8711126450945821,0.0,0.0013165830974394333,0.0,0.00015225064378159654,0.08204518430439953,0.11027075361947994,0.0011890606420927466,0.003605211192492089,0.0,0.00012361246811269566,0.005945303210463734,0.012896706351932071
T232_1-1,529.0,0.0,0.0025982651836117146,ok,0.0,0.0006164966315390264,0.007561436672967864,0.013555437281032041,0.8922495274102079,0.7979489096623599,0.0,0.00781398338858428,0.001890359168241966,0.016334475455294924,0.054820415879017016,0.07915702435538985,0.043478260869565216,0.08189074878033244,0.0,8.465926185595503e-05,0.0,0.0025982651836117146
T254_1-1,5717.0,0.0,0.0006734642753799562,ok,0.0,0.0003071840393821502,0.0006996676578625153,0.003986959186093605,0.548539443764212,0.5438666437389528,0.0008745845723281442,0.0016461302976982695,0.03428371523526325,0.03293106724856804,0.39653664509358055,0.3909535961443024,0.015917439216372224,0.019102603484446458,0.003148504460381319,0.006532351585176213,0.0,0.0006734642753799562
T244_1-1,3196.0,0.0,4.3090468911682035e-05,ok,0.0,0.0004967395635577366,0.026282853566958697,0.03880912948812375,0.32196495619524407,0.325996641976419,0.00031289111389236547,0.0021501286029669544,0.0,0.0013714209307680862,0.6442428035043805,0.6007317895853914,0.0,0.0035721186144949666,0.0071964956195244055,0.02682894076936637,0.0,4.3090468911682035e-05
T269_1-1,2276.0,0.0,4.5345673237381344e-05,ok,0.0004393673110720562,0.000877326825912423,0.0026362038664323375,0.010820883780225827,0.9626537785588752,0.9408242994984009,0.0,0.0002748908388943255,0.0008787346221441124,0.0016378071359715962,0.033391915641476276,0.04274644736722082,0.0,0.0002895759560522697,0.0,0.0024834229240843016,0.0,4.5345673237381344e-05
T253_1-1,1075.0,0.0,0.00045834148824923994,ok,0.0,0.00032788566455888447,0.014883720930232559,0.024305582454360035,0.24,0.24719658893711985,0.0,0.0006973783495347558,0.010232558139534883,0.01165500712494168,0.695813953488372,0.6710895603703468,0.037209302325581395,0.03482361889776818,0.0018604651162790699,0.009446036713120526,0.0,0.00045834148824923994
T234_1-1,5985.0,0.0,0.00023312028073145557,ok,0.0,0.0014738547609683596,0.2173767752715121,0.2184055549995583,0.6564745196324143,0.6146424836567959,0.0048454469507101085,0.022924627051473252,0.0005012531328320802,0.002821206537969388,0.11829573934837093,0.12562559062605053,0.002506265664160401,0.009985340472643172,0.0,0.0038882216138097433,0.0,0.00023312028073145557
T270_1-1,4355.0,0.0,0.00038791485657660815,ok,0.0,0.0030855810038760176,0.0,0.0024858606622952016,0.3940298507462687,0.3939450409361161,0.0018369690011481056,0.0024282384588049603,0.07508610792192882,0.07858680121578374,0.4884041331802526,0.4696565655822382,0.04064293915040184,0.04895885723601753,0.0,0.0004651400482916549,0.0,0.00038791485657660815
T257_1-1,4231.0,0.0,0.000592413538486958,ok,0.004017962656582368,0.009440467337206162,0.0004727014890096904,0.001210337862403113,0.03994327582131884,0.0538135132763576,0.0004727014890096904,0.0006085047812866586,0.022926022216969984,0.026597635348615232,0.8227369416213661,0.7958741411597052,0.10943039470574333,0.11026342628512413,0.0,0.001599560410814855,0.0,0.000592413538486958
T321_1-1,1456.0,0.0,0.0005036942351508672,ok,0.0,0.002422994100526926,0.0006868131868131869,0.0023487994679690536,0.46703296703296704,0.45750940052781697,0.0,0.0013298042069152232,0.012362637362637362,0.018160867839078464,0.3276098901098901,0.33508406050241346,0.19230769230769232,0.18258607990135794,0.0,5.429921877099943e-05,0.0,0.0005036942351508672
T280_1-1,2512.0,0.0,0.00028942658118451595,ok,0.0,0.0005026640649656139,0.0,0.0005798524289171214,0.7870222929936306,0.7428400100500241,0.0003980891719745223,0.006200973286473389,0.0,0.002544381611230678,0.21218152866242038,0.24458732780546596,0.0003980891719745223,0.00101888681365495,0.0,0.0014364773580835453,0.0,0.00028942658118451595
T225_1-1,2740.0,0.0036496350364963502,0.005029122279838788,ok,0.00291970802919708,0.006033346458212411,0.029927007299270073,0.04299284851606622,0.8448905109489051,0.7542414240887967,0.009124087591240875,0.025765585162388464,0.007664233576642336,0.01593019311446663,0.09197080291970802,0.11016159960442022,0.009854014598540146,0.03642597850621476,0.0,0.003419902269595961,0.0036496350364963502,0.005029122279838788
T231_1-1,3521.0,0.0014200511218403862,0.008861790126753017,ok,0.0,0.0005224224568716445,0.04714569724510082,0.058344036734101476,0.8690712865663164,0.8045607844170555,0.0062482249360976995,0.027581786887009362,0.040897472309003126,0.04392528629119853,0.03322919625106504,0.04737818137513591,0.0019880715705765406,0.004956845235787953,0.0,0.00386886647608653,0.0014200511218403862,0.008861790126753017
T299_1-1,5538.0,0.0,0.0005020234846545331,ok,0.0012639942217407005,0.0027437095643432375,0.00036114120621162876,0.0011297464553189829,0.6784037558685446,0.6590858800138372,0.00018057060310581438,0.0008090196671588367,0.013001083423618635,0.016158845578005315,0.3062477428674612,0.3144781787584113,0.0005417118093174431,0.0029147595339987587,0.0,0.002177836944271917,0.0,0.0005020234846545331
T196_1-1,3191.0,0.0,0.00043865364505336744,ok,0.004387339392040113,0.013677238530766347,0.024443748041366342,0.03590759431964773,0.6765904105296145,0.6345649218804588,0.001880288310874334,0.007820212756020321,0.0015669069257286117,0.00982126049908458,0.288937637104356,0.2803134403409968,0.0021936696960200563,0.012297296656618781,0.0,0.005159381371353276,0.0,0.00043865364505336744
T287_1-1,4873.0,0.0014364867638005335,0.01387455627317034,ok,0.00020521239482864764,0.0032808735804835207,0.000615637184485943,0.003223269969733927,0.6174840960394008,0.5647357509983749,0.0,0.004110941118644053,0.04001641699158629,0.04902618475030973,0.13256720705930639,0.15447984365480175,0.2076749435665914,0.20725108034726744,0.0,1.749930721440792e-05,0.0014364867638005335,0.01387455627317034
T305_1-1,567.0,0.0,0.00010476213312055922,ok,0.0,0.00022345289128747155,0.0,0.0010016742853542523,0.8236331569664903,0.7791003269875463,0.0,0.00010999246360131897,0.014109347442680775,0.016788628859656173,0.16225749559082892,0.2002939337663394,0.0,0.002211635448167175,0.0,0.00016559316492733848,0.0,0.00010476213312055922
T313_1-1,9995.0,0.0,0.000636513782043329,ok,0.00010005002501250626,0.0020784896940088337,0.0030015007503751876,0.009017222112188741,0.4086043021510755,0.39646392063358493,0.013306653326663332,0.016670833289324054,0.07473736868434216,0.0751377225599637,0.2673336668334167,0.2713156373356268,0.23291645822911455,0.22809765085225323,0.0,0.0005820097410064267,0.0,0.000636513782043329
T245_1-1,1204.0,0.0,0.003305970618672832,ok,0.0,0.004633326455344876,0.15780730897009967,0.16220658788430703,0.41943521594684385,0.3884395191327084,0.014950166112956811,0.03104440904067711,0.276578073089701,0.2522511263452006,0.09634551495016612,0.10188866552279459,0.03488372093023256,0.05532093134009442,0.0,0.0009094636602001236,0.0,0.003305970618672832
T214_1-1,6958.0,0.0,0.0006868352971504031,ok,0.03233687841333716,0.05583891863955017,0.044696751940212706,0.05364141090421819,0.15219890773210693,0.14444448582749964,0.016671457315320496,0.02886411521130194,0.10836447254958322,0.11918077909695009,0.5206956021845358,0.4496477050349039,0.12489221040528888,0.14479693921819292,0.00014371945961483184,0.0028988107702327412,0.0,0.0006868352971504031
T205_1-1,6460.0,0.0,0.0008120834715551972,ok,0.0029411764705882353,0.005824253835748532,0.10603715170278638,0.12163655272610815,0.6947368421052632,0.627198973320127,0.00108359133126935,0.010680310473253393,0.00015479876160990713,0.0059432579874183844,0.18188854489164086,0.19083019187384345,0.013157894736842105,0.03295068462625057,0.0,0.004123691685695359,0.0,0.0008120834715551972
T327_1-1,97.0,0.0,0.0011144963634379871,ok,0.0,0.0024771352519524785,0.010309278350515464,0.0164976945911648,0.44329896907216493,0.41423892722422845,0.0,0.0014298091551121122,0.05154639175257732,0.0456840032744053,0.4948453608247423,0.4756966371510667,0.0,0.042853831222874915,0.0,7.465765757278821e-06,0.0,0.0011144963634379871
T238_1-1,3747.0,0.0,0.0005504243001825882,ok,0.0008006405124099279,0.004720470337228238,0.0010675206832132373,0.004666884198752099,0.36909527622097676,0.3776422470771349,0.0013344008540165466,0.0027102990979440064,0.0008006405124099279,0.002084660301180096,0.6236989591673339,0.5969755513166933,0.0026688017080330933,0.006098954294862606,0.0005337603416066186,0.004550509076022027,0.0,0.0005504243001825882
T246_1-1,2924.0,0.0,0.00020214103560651226,ok,0.008549931600547196,0.011086838556970765,0.06566347469220246,0.07128389205740053,0.5106019151846786,0.49295272135967455,0.008549931600547196,0.014464604275426634,0.0003419972640218878,0.0012119031067622608,0.40253077975376195,0.3894429934493646,0.0,0.0024354579633554846,0.003761969904240766,0.01691944819543875,0.0,0.00020214103560651226
T203_1-1,4641.0,0.0,0.0006754598216792893,ok,0.00021547080370609782,0.0018248696000682204,0.011635423400129283,0.02455965421648344,0.5802628743805215,0.5427094200680338,0.006033182503770739,0.011673711390332818,0.03576815341521224,0.03810854898643231,0.32212885154061627,0.3207504989870189,0.04395604395604396,0.05792285333640665,0.0,0.0017749835935446244,0.0,0.0006754598216792893
T284_1-1,4999.0,0.0,0.001156527400581407,ok,0.0,0.0014597768438670302,0.0010002000400080016,0.005696197267108564,0.6597319463892779,0.5893375797235223,0.00020004000800160032,0.00358792918092282,0.0054010802160432084,0.014259497088308511,0.14442888577715543,0.17058543148544386,0.1892378475695139,0.21330255384858599,0.0,0.0006145071616595447,0.0,0.001156527400581407
T293_1-1,3324.0,0.0,0.0009998625561936606,ok,0.0,4.3549446005578e-05,0.0006016847172081829,0.0011545646721345423,0.9518652226233454,0.9305556365895532,0.0,0.00045078789584415365,0.00030084235860409147,0.000901324524130282,0.04693140794223827,0.06389476971860408,0.00030084235860409147,0.0017689050851356443,0.0,0.00023059951239887277,0.0,0.0009998625561936606
T212_1-1,769.0,0.0,0.006526483909137931,ok,0.0,0.0006524883910568256,0.0013003901170351106,0.013494305967069894,0.9128738621586476,0.8806663842139706,0.0,0.003014833379765852,0.009102730819245773,0.016542412905172364,0.007802340702210663,0.013958619093440025,0.06892067620286085,0.06497770682634922,0.0,0.00016676531403737364,0.0,0.006526483909137931
T317_1-1,1107.0,0.011743450767841012,0.03276449570465484,ok,0.0036133694670280035,0.007457376025068728,0.0009033423667570009,0.007481516684758272,0.7533875338753387,0.6779082137655994,0.006323396567299007,0.010028866272712095,0.02710027100271003,0.03830334893090676,0.16079494128274616,0.17477060626924507,0.036133694670280034,0.0512088771273968,0.0,7.669921965799097e-05,0.011743450767841012,0.03276449570465484
T221_1-1,1109.0,0.0,0.00039913837390098136,ok,0.0,0.0003080557734034226,0.009918845807033363,0.019823319641358448,0.78809738503156,0.7573204699935148,0.0,0.003300603730307845,0.005410279531109108,0.007413653989363803,0.19657348963029755,0.2039900663037739,0.0,0.006060755302791561,0.0,0.0013839368915852398,0.0,0.00039913837390098136
T241_1-1,730.0,0.0,0.002287936273543782,ok,0.0,0.0003981463699890613,0.005479452054794521,0.012346607661633868,0.9616438356164384,0.9203032604264115,0.0013698630136986301,0.005106631262650711,0.009589041095890411,0.013811224821119869,0.019178082191780823,0.03197975453692798,0.0027397260273972603,0.013382585516654425,0.0,0.00038385313106878785,0.0,0.002287936273543782
T148_1-1,7464.0,0.0010718113612004287,0.008039972144646313,ok,0.005627009646302251,0.019579509055289632,0.0447481243301179,0.060859007579338396,0.527465166130761,0.47516499569216164,0.025455519828510183,0.043403269514660316,0.07408896034297964,0.0812377897153938,0.125,0.13074984838491469,0.19640943193997856,0.1788255251105173,0.0001339764201500536,0.002140082803077925,0.0010718113612004287,0.008039972144646313
T334_1-1,3541.0,0.0,5.340101155432599e-05,ok,0.008189776899181022,0.02476188029610321,0.0008472182999152782,0.002752567284239087,0.10872634848912736,0.1412878810904265,0.0002824060999717594,0.0030192265124672235,0.0,0.004007458564706193,0.8813894380118611,0.8161170091435365,0.0005648121999435188,0.004887981720152887,0.0,0.0031125943768140507,0.0,5.340101155432599e-05
T316_1-1,1628.0,0.0,0.0031235972502260136,ok,0.0,0.000785047263331474,0.0,0.003924280463889632,0.7156019656019657,0.6954215504232164,0.004914004914004914,0.013210542383642854,0.006756756756756757,0.013342437747250989,0.1726044226044226,0.1663868473689278,0.10012285012285012,0.1037929362663636,0.0,1.276083315119535e-05,0.0,0.0031235972502260136
T301_1-1,2140.0,0.0,0.0006383297019988842,ok,0.0,0.0037854966293692192,0.00794392523364486,0.017461786578647526,0.2766355140186916,0.27327732495004287,0.003738317757009346,0.006638980270828277,0.0602803738317757,0.08129676271673192,0.611214953271028,0.5557909005555519,0.04018691588785047,0.06077548292406562,0.0,0.00033493567276379895,0.0,0.0006383297019988842
T45_1-1,2849.0,0.0,0.0013013668714527337,ok,0.003159003159003159,0.025481241329592275,0.04282204282204282,0.05658670249019773,0.06423306423306423,0.07967652927523154,0.001755001755001755,0.008061517544855772,0.11969111969111969,0.14161052415474742,0.6998946998946999,0.5860393985731741,0.0680940680940681,0.0987720203045266,0.000351000351000351,0.0024706994562218062,0.0,0.0013013668714527337
T211_1-1,1128.0,0.0017730496453900709,0.009879884301582178,ok,0.0,0.002597370824203503,0.0026595744680851063,0.018386807231678123,0.8297872340425532,0.7704694762784942,0.0070921985815602835,0.019132826043375798,0.020390070921985817,0.027558285237006923,0.038120567375886524,0.05255460689045862,0.10017730496453901,0.0970120700344841,0.0,0.002408673158716613,0.0017730496453900709,0.009879884301582178
T328_1-1,5973.0,0.0,0.0006155015508530567,ok,0.0,0.0005111376071776746,0.0006696802276912774,0.002168506516407746,0.27975891511803114,0.27522466912224,0.0,0.0003462181301164413,0.03582789218148334,0.042219501833842,0.6693453875774318,0.6558019045231305,0.014398124895362465,0.02292519856134089,0.0,0.00018736215489172748,0.0,0.0006155015508530567
T332_1-1,1399.0,0.0,0.00017354049304168446,ok,0.0007147962830593281,0.0009897412909807095,0.0014295925661186562,0.002732080746486115,0.910650464617584,0.8852196886932107,0.0,9.617082726965872e-05,0.0,0.003207598126540296,0.0864903502501787,0.10646911243795026,0.0007147962830593281,0.0007887829888007608,0.0,0.0003232843957199613,0.0,0.00017354049304168446
T192_1-1,6233.0,0.0,0.0009661802154903285,ok,0.0,0.0006197117965764953,0.023744585271939674,0.03883741039092408,0.8669982351997433,0.8188990419566444,0.00016043638697256537,0.004195504792584556,0.0016043638697256538,0.008515347680784968,0.09818706882721001,0.10306308456281149,0.0083426921225734,0.019827367700916518,0.0009626183218353923,0.00507635090326712,0.0,0.0009661802154903285
T210_1-1,3895.0,0.0,0.00044463236303256157,ok,0.0028241335044929395,0.013379940411752165,0.1637997432605905,0.17211821663277435,0.4056482670089859,0.3602749047776732,0.02772785622593068,0.046287637768993105,0.10526315789473684,0.10517896713091403,0.28498074454428757,0.2681690404769561,0.00975609756097561,0.03131347842608339,0.0,0.002833182011821116,0.0,0.00044463236303256157
T255_1-1,1447.0,0.0,0.0010461785829408961,ok,0.0,8.07856050687053e-05,0.0,0.002679322415103857,0.9405666897028334,0.9250617334685689,0.00138217000691085,0.00197252368578402,0.011748445058742226,0.012759976738845212,0.03178991015894955,0.041216901544000525,0.014512785072563926,0.015062643699510736,0.0,0.00011993426017702464,0.0,0.0010461785829408961
T170_1-1,3900.0,0.0,0.0017933495607844814,ok,0.0,0.003518902371926441,0.05282051282051282,0.0748396661169087,0.4817948717948718,0.4382101329621415,0.03564102564102564,0.05582007583037592,0.018461538461538463,0.02824236940904232,0.05897435897435897,0.0642892138307014,0.3523076923076923,0.3323146693496846,0.0,0.000971620568434632,0.0,0.0017933495607844814
T329_1-1,4756.0,0.0,0.0003639607163220755,ok,0.0,0.0008443867419800325,0.00021026072329688813,0.002373896602672711,0.6703111858704794,0.640369967304384,0.0010513036164844407,0.010150520472002891,0.00042052144659377626,0.0036215506864885694,0.3280067283431455,0.3391933592693902,0.0,0.0025385034987993166,0.0,0.0005438547079602966,0.0,0.0003639607163220755
T291_1-1,5085.0,0.0019665683382497543,0.006685623317596668,ok,0.0,0.0006850361612425229,0.00019665683382497542,0.0016065217487347759,0.4342182890855457,0.42550385414037273,0.005309734513274336,0.006967394898288991,0.009636184857423796,0.01196116887269323,0.2031465093411996,0.2145321683726006,0.34552605703048184,0.3316301496221127,0.0,0.00042808286635780953,0.0019665683382497543,0.006685623317596668
T309_1-1,3748.0,0.0,9.946494973447337e-05,ok,0.19583778014941303,0.19950114356737836,0.0,0.0007274454020003047,0.23772678762006402,0.2467176123699494,0.0,0.0012814974409430585,0.0010672358591248667,0.00431105907706266,0.5653681963713981,0.5460927490756002,0.0,0.0009587364404827481,0.0,0.00031029167684876267,0.0,9.946494973447337e-05
T254_1-2,3621.0,0.00027616680475006904,0.0021152534046712016,ok,0.0,7.115173413461659e-05,0.0,0.0019546592876510606,0.9259872963269815,0.902557898208314,0.0,0.0003956697402086275,0.0008285004142502071,0.0034897800943308028,0.07263186964926815,0.08589537319637569,0.00027616680475006904,0.0029453331003679675,0.0,0.0005748812339460416,0.00027616680475006904,0.0021152534046712016
T204_1-1,1135.0,0.000881057268722467,0.003118832100641736,ok,0.0,0.0076490983406963635,0.010572687224669603,0.027579126176083726,0.2599118942731278,0.25023331768415613,0.009691629955947136,0.017936369405086035,0.06343612334801763,0.08089119511855426,0.18061674008810572,0.1816588129210712,0.4748898678414097,0.43083264828705586,0.0,0.00010059996665462905,0.000881057268722467,0.003118832100641736
T251_1-1,4849.0,0.0,0.00065224207936029,ok,0.0,0.0011346352486002254,0.06124974221488967,0.08254289580394003,0.3740977521138379,0.35561836207041775,0.006393070736234275,0.018246542971650716,0.00350587750051557,0.004480335695368709,0.5506289956692102,0.5269052116304603,0.0041245617653124355,0.007927191866281954,0.0,0.002492582633919893,0.0,0.00065224207936029
T258_1-1,8316.0,0.00012025012025012025,0.001474008314097692,ok,0.0007215007215007215,0.0036282344259517835,0.006974506974506974,0.012617221520577506,0.39995189995189995,0.384840266170359,0.003367003367003367,0.004899921543758408,0.18746993746993748,0.18019572358324415,0.3560606060606061,0.3502528715165987,0.04497354497354497,0.05893049058541221,0.00036075036075036075,0.00316126234000056,0.00012025012025012025,0.001474008314097692
T197_1-1,881.0,0.0,0.009834197604450444,ok,0.0,0.0007277470246899495,0.009080590238365494,0.02102167143318067,0.5936435868331441,0.5469669651603947,0.0022701475595913734,0.006485031711490834,0.05561861520998865,0.06392732600188282,0.20204313280363223,0.210486380982704,0.1373439273552781,0.13983567296392987,0.0,0.0007150071172768497,0.0,0.009834197604450444
T311_1-1,1968.0,0.0005081300813008131,0.0055537885374550115,ok,0.0010162601626016261,0.006579842054126134,0.00508130081300813,0.014247993707062097,0.16971544715447154,0.1530173509651135,0.0005081300813008131,0.0011158545305090398,0.5614837398373984,0.49636793236040605,0.195630081300813,0.2091039809975827,0.06605691056910569,0.11387078090384621,0.0,0.0001424759438992211,0.0005081300813008131,0.0055537885374550115
T292_1-1,1032.0,0.0,0.002522492583185753,ok,0.0,0.00013949436613851771,0.0,0.0003408256437518858,0.9670542635658915,0.9344975031414636,0.0,0.0002466964327662032,0.0,0.00034091353467153495,0.030038759689922482,0.05174758943497414,0.0029069767441860465,0.010147365607579005,0.0,1.7119255469291426e-05,0.0,0.002522492583185753
T271_1-1,865.0,0.0,0.0008088523808405084,ok,0.0,0.0016320566440950327,0.0011560693641618498,0.005072870697897724,0.32947976878612717,0.3370142555230827,0.0,0.00010386613927659057,0.5352601156069364,0.4799333676660511,0.058959537572254334,0.07596349183316072,0.07514450867052024,0.09933315336216365,0.0,0.00013808575343198095,0.0,0.0008088523808405084
T236_1-1,5370.0,0.0013035381750465549,0.004641982640399154,ok,0.00186219739292365,0.007358678501546617,0.0888268156424581,0.09777859247284416,0.5657355679702049,0.5217111399978187,0.003538175046554935,0.01331990642147083,0.02532588454376164,0.036603921681931086,0.3016759776536313,0.29473352680017295,0.010242085661080074,0.015955247687207505,0.0014897579143389199,0.007897003796609006,0.0013035381750465549,0.004641982640399154
T268_1-1,931.0,0.0,0.001813792902196094,ok,0.0,4.2559912122882355e-05,0.0,0.0032807125497880817,0.9785177228786252,0.9569944876727715,0.0,9.231458997172688e-06,0.0,0.0009312816830540023,0.01933404940923738,0.034931019151913746,0.0021482277121374865,0.0019394854347086436,0.0,5.742923444796035e-05,0.0,0.001813792902196094
T323_1-1,5929.0,0.0,0.0003508158471972958,ok,0.0016866250632484399,0.005311056251563007,0.004722550177095631,0.004375482851096458,0.20155169505818857,0.20204364661979243,0.0021926125822229717,0.00537569880125274,0.0065778377466689155,0.008952462599543637,0.5803676842637882,0.5775947766312187,0.2029009951087873,0.19592135744513783,0.0,7.470295319784565e-05,0.0,0.0003508158471972958
T193_1-1,2448.0,0.0,0.007133505363498747,ok,0.0008169934640522876,0.007222921372941084,0.008986928104575163,0.02223286146258565,0.8574346405228758,0.77953773952317,0.0,0.0032419343125298216,0.032679738562091505,0.041319875230875575,0.05106209150326797,0.06671397395830808,0.049019607843137254,0.07247644107975948,0.0,0.00012074769633164125,0.0,0.007133505363498747
T274_1-1,5764.0,0.00017349063150589867,0.0006180608171643152,ok,0.0,0.002403279660832698,0.022033310201249132,0.029866734574379467,0.18199167244968772,0.18661713791923532,0.0,0.00042011021168603086,0.23889659958362247,0.21570804572966423,0.5499653018736989,0.5441319254416954,0.006245662734212352,0.015973788865385995,0.0006939625260235947,0.004260916779956579,0.00017349063150589867,0.0006180608171643152
T182_1-1,1391.0,0.0,0.005799468569140598,ok,0.0,0.0021138455065952753,0.020129403306973402,0.04243845169198297,0.8296189791516895,0.7728476535868538,0.011502516175413372,0.02703282323027618,0.007907979870596693,0.011477011340852323,0.11071171818835371,0.11203875974535407,0.020129403306973402,0.025451157102402575,0.0,0.0008008292265422087,0.0,0.005799468569140598
T323-1-1-3,5750.0,0.0,0.0030190209059300743,ok,0.017391304347826087,0.019567376400027252,0.0006956521739130435,0.0013418339311315932,0.22643478260869565,0.2164754869866485,0.007478260869565217,0.013982050739821249,0.013043478260869565,0.018180827694384106,0.5269565217391304,0.523561752095788,0.208,0.20375423116182592,0.0,0.00011742008444332882,0.0,0.0030190209059300743
T238-1-1-USS,3663.0,0.001365001365001365,0.005176996040392377,ok,0.03931203931203931,0.04232135971823748,0.000273000273000273,0.0006200280973042826,0.28665028665028663,0.2915101872991097,0.002184002184002184,0.0048868661532476595,0.006825006825006825,0.011693281835921497,0.6622986622986623,0.6402598878549256,0.001092001092001092,0.0031801040510258415,0.0,0.00035128894983560524,0.001365001365001365,0.005176996040392377
T197-1-1-USS-2,893.0,0.004479283314669653,0.01761098101002438,ok,0.0022396416573348264,0.009467189325413327,0.004479283314669653,0.010687813209428621,0.4826427771556551,0.4516446878739271,0.0022396416573348264,0.015007522094630634,0.06942889137737962,0.07773311256962158,0.3505039193729003,0.33701572189066753,0.083986562150056,0.08071562410920022,0.0,0.00011734791708656554,0.004479283314669653,0.01761098101002438
T318-4,2236.0,0.0013416815742397137,0.004043281830195577,ok,0.0004472271914132379,0.004327397227244166,0.0,0.0007346622256157719,0.5447227191413238,0.5361317451872709,0.0004472271914132379,0.0014960680667338818,0.015652951699463326,0.021784532128340015,0.37119856887298747,0.36801694725155154,0.06618962432915922,0.06335902380621276,0.0,0.00010634227683540674,0.0013416815742397137,0.004043281830195577
T205-1-1-USS-2,6562.0,0.0,0.002380317144745806,ok,0.010362694300518135,0.014764046571100885,0.005790917403230723,0.011112568977551042,0.8006705272782688,0.7589634354167616,0.00030478512648582747,0.004723341977844723,0.003505028954587016,0.008604887207652756,0.17936604693690947,0.19780712660506758,0.0,0.0011906479639245886,0.0,0.0004536281353508664,0.0,0.002380317144745806
T234-1-1-USS-2,6045.0,0.0,0.0005393279439301262,ok,0.0004962779156327543,0.0015534977478434673,0.0,0.002112608324103912,0.8023159636062862,0.7818203618796006,0.0013234077750206782,0.003703000347608367,0.00016542597187758478,0.0026520964110323705,0.1956989247311828,0.20664132525931395,0.0,0.0002301094113212976,0.0,0.0007476726752458777,0.0,0.0005393279439301262
T321-1-1-3,1437.0,0.0020876826722338203,0.00676101304139413,ok,0.0,0.0028438856864107668,0.0006958942240779402,0.0010059387118585511,0.43702157272094644,0.41723772687211413,0.0013917884481558804,0.003028714730328084,0.013917884481558803,0.01744968386181207,0.3013221990257481,0.3238013085988133,0.24356297842727906,0.22782486720449552,0.0,4.6861292773415724e-05,0.0020876826722338203,0.00676101304139413
T218-1-1-USS,5382.0,0.0003716090672612412,0.002840810903844784,ok,0.0063173541434411,0.015968968649534142,0.0003716090672612412,0.0014536525037444016,0.11538461538461539,0.11525743478764978,0.004459308807134894,0.00962711574921931,0.00966183574879227,0.017294652701788784,0.813452248234857,0.7896421735022466,0.049981419546636936,0.04775223318104328,0.0,0.00016295802092882727,0.0003716090672612412,0.002840810903844784
T229-1-1-USS,5424.0,0.0,0.001215013788937439,ok,0.029498525073746312,0.0357746033044738,0.0003687315634218289,0.001013420812404218,0.7490781710914455,0.7223447338924474,0.0005530973451327434,0.005160408459230086,0.0011061946902654867,0.0054061271676281554,0.2192109144542773,0.22595719558510924,0.00018436578171091445,0.0005210829321725968,0.0,0.0026074140575970636,0.0,0.001215013788937439
T303-1-1-3,1442.0,0.0027739251040221915,0.007576743381461761,ok,0.0006934812760055479,0.0015422654022043455,0.0,0.0010424365244110097,0.463245492371706,0.4551351324342956,0.0020804438280166435,0.007129680343751536,0.0020804438280166435,0.00653341514605198,0.529126213592233,0.5191010974081991,0.0,0.0018399577968170868,0.0,9.927156280766484e-05,0.0027739251040221915,0.007576743381461761
T240-1-1-USS,951.0,0.004206098843322818,0.006833332066900294,ok,0.03785488958990536,0.06683155145123257,0.005257623554153523,0.013502945923820649,0.06519453207150368,0.08125615161090989,0.012618296529968454,0.02361926181020323,0.4668769716088328,0.42444042342865446,0.3953732912723449,0.3504082287157533,0.012618296529968454,0.03296320926378288,0.0,0.0001448957287427981,0.004206098843322818,0.006833332066900294
T292-1-1-4,1000.0,0.0,0.002727945780149401,ok,0.002,0.0037629721570992237,0.008,0.017821921100612117,0.917,0.8492743755766021,0.0,0.00013159981502770034,0.025,0.04102829080246988,0.048,0.0803032693530747,0.0,0.004577441747774522,0.0,0.0003721836671902362,0.0,0.002727945780149401
T213-1-1-USS,1492.0,0.021447721179624665,0.04153835096774171,ok,0.014075067024128687,0.03291490956248889,0.0020107238605898124,0.011684548730719847,0.3605898123324397,0.32901832405702863,0.0388739946380697,0.04728344455771107,0.32439678284182305,0.27961774378981974,0.2037533512064343,0.20418676562905624,0.03485254691689008,0.053657465696072694,0.0,9.844700936121382e-05,0.021447721179624665,0.04153835096774171
T192-1-1-USS-2,6117.0,0.00032695765898316167,0.003481910056797505,ok,0.0004904364884747426,0.0028559379260349907,0.00016347882949158083,0.001783333552246361,0.8388098741213013,0.8030655195901587,0.0008173941474579042,0.004440415219288163,0.007356547327121138,0.016589038821012543,0.15138139610920387,0.16399225967160513,0.0006539153179663233,0.0031357767122812187,0.0,0.0006558084505753451,0.00032695765898316167,0.003481910056797505
T225-1-1-USS-2,2744.0,0.00036443148688046647,0.007166339806131033,ok,0.014941690962099125,0.018941965110218686,0.0014577259475218659,0.003744461115566217,0.7638483965014577,0.6979928955519519,0.006924198250728863,0.021808689529200943,0.016034985422740525,0.028478785649970757,0.19424198250728864,0.21514980877041417,0.002186588921282799,0.006054315382751015,0.0,0.0006627390837952796,0.00036443148688046647,0.007166339806131033
T292-1-1-3,1020.0,0.013725490196078431,0.02724166989918492,ok,0.0,0.001977430263952755,0.0,0.00018637108294777458,0.8196078431372549,0.759818294962771,0.0,0.0004331516546675334,0.0,0.0006355766959755915,0.16666666666666666,0.2075703786906752,0.0,0.0021343872533204546,0.0,2.739496504863416e-06,0.013725490196078431,0.02724166989918492
T209-1-1-USS,6680.0,0.0004491017964071856,0.0016352071499366747,ok,0.0029940119760479044,0.008770386717070014,0.04281437125748503,0.059820165273894534,0.2248502994011976,0.22236480276211346,0.0,0.0006716909670758907,0.16227544910179642,0.15326222679033252,0.48667664670658684,0.4674071876354333,0.06452095808383233,0.0645451882364057,0.015419161676646706,0.021523144467737787,0.0004491017964071856,0.0016352071499366747
T323-1-1-4,5563.0,0.0005392773683264426,0.0025701990726571034,ok,0.023548445083587992,0.026967511840486666,0.0008987956138774043,0.002042295583052799,0.2020492539996405,0.19849945356831572,0.008268919647672119,0.014313720632445685,0.018694948768650008,0.022771141057638507,0.5504224339385224,0.5421487381734743,0.19557792557972317,0.19058614848496927,0.0,0.00010079158695997703,0.0005392773683264426,0.0025701990726571034
T316-1-1-4,1586.0,0.0037831021437578815,0.01515775970910157,ok,0.0,0.002156598027191304,0.0,0.0018337774091977132,0.5630517023959647,0.5316606941076957,0.015132408575031526,0.03212617985606525,0.03909205548549811,0.06320997965304946,0.2648171500630517,0.24065736147426978,0.11349306431273644,0.11227015969799026,0.0006305170239596469,0.0009274900654389322,0.0037831021437578815,0.01515775970910157
T246-1-1-USS-2,3017.0,0.0,0.0015745332093804881,ok,0.024196221411998675,0.025019399290779315,0.022538945972820683,0.021122302509215353,0.44912164401723564,0.43169645415693964,0.014252568776930727,0.026160482650709176,0.002320185614849188,0.006531239745455663,0.4875704342061651,0.48337874284004045,0.0,0.0008509888601248722,0.0,0.0036658567373549457,0.0,0.0015745332093804881
T197-1-1-USS-3,884.0,0.012443438914027148,0.023206983760625334,ok,0.0011312217194570137,0.010516090474396013,0.004524886877828055,0.009792172286893894,0.49095022624434387,0.44632585035853434,0.0011312217194570137,0.01413729520351358,0.07352941176470588,0.08327528263348412,0.3393665158371041,0.33384046013543417,0.07692307692307693,0.07882812137181766,0.0,7.774377530095303e-05,0.012443438914027148,0.023206983760625334
T313-1-1-4,10036.0,0.0005978477481068154,0.0035311012666373424,ok,0.0024910322837783977,0.007911033876379479,0.0027899561578318055,0.004111233541525153,0.35113591072140293,0.34171531791577414,0.019430051813471502,0.023565588348730907,0.10801115982463133,0.10395235274726665,0.2869669190912714,0.290073910175162,0.22857712235950578,0.22460976063002216,0.0,0.0005297014985021122,0.0005978477481068154,0.0035311012666373424
T237-1-1-USS-2,2384.0,0.010067114093959731,0.021784589271679648,ok,0.025587248322147652,0.03953804415247289,0.004614093959731544,0.006873828578546606,0.4786073825503356,0.4428611860058957,0.008808724832214765,0.022193690532534154,0.061241610738255035,0.07167685977438565,0.3926174496644295,0.36541258872253535,0.018456375838926176,0.029549949784752717,0.0,0.00010926317719730212,0.010067114093959731,0.021784589271679648
T245-1-1-USS,1195.0,0.0,0.006396456311425272,ok,0.026778242677824266,0.06152467059697947,0.03430962343096234,0.04509387691341883,0.2200836820083682,0.20994336102282485,0.03347280334728033,0.04360077794568332,0.45523012552301256,0.38608870278018176,0.22761506276150628,0.23801357636320583,0.002510460251046025,0.008793569506270554,0.0,0.0005450085600100506,0.0,0.006396456311425272
T207-1-1-USS,2804.0,0.0014265335235378032,0.004833405897129541,ok,0.0007132667617689016,0.004296524170196531,0.009985734664764621,0.01217657526898876,0.6654778887303852,0.6052150477735888,0.01783166904422254,0.037494631520721335,0.0010699001426533524,0.005377228975418558,0.2977888730385164,0.30784213152571216,0.005706134094151213,0.02268809206066964,0.0,7.636280757463455e-05,0.0014265335235378032,0.004833405897129541
T268-1-1-USS,939.0,0.003194888178913738,0.01110642844956147,ok,0.0,0.001158785716260753,0.0010649627263045794,0.003029680852393249,0.9179978700745474,0.8862577976689525,0.0,0.000515812110478629,0.003194888178913738,0.0056761369117075446,0.07028753993610223,0.08747710075715745,0.004259850905218318,0.004744317497105215,0.0,3.394003638323357e-05,0.003194888178913738,0.01110642844956147
T182-1-1-USS,1387.0,0.009372746935832732,0.01922523122554292,ok,0.0021629416005767843,0.005354328656312742,0.0014419610670511895,0.0019409816536373596,0.7390050468637347,0.7124683542095105,0.0007209805335255948,0.007358125471534476,0.012256669069935111,0.014831663440549737,0.22927180966113914,0.23045772786323734,0.005767844268204758,0.008237458259826896,0.0,0.0001261292198480448,0.009372746935832732,0.01922523122554292
T319-1-1-4-2,645.0,0.14573643410852713,0.1651093064418007,ok,0.0031007751937984496,0.008373997010820864,0.0,0.0014961174384214677,0.517829457364341,0.4701680140627158,0.0031007751937984496,0.005011922474990642,0.09457364341085271,0.10405875092716044,0.21395348837209302,0.21304612356260796,0.021705426356589147,0.03271528818085879,0.0,2.0479900623366627e-05,0.14573643410852713,0.1651093064418007
T261-1-1-USS-2,1021.0,0.0,0.004585543020224541,ok,0.0068560235063663075,0.028266024428556337,0.0019588638589618022,0.006370950885826957,0.20568070519098922,0.21815778439534222,0.010773751224289911,0.02175191676090916,0.08619000979431929,0.09679543661079489,0.6552399608227228,0.5868872484822802,0.03330068560235064,0.03652814332513097,0.0,0.0006569520909347899,0.0,0.004585543020224541
T253-1-1-USS-2,1084.0,0.0009225092250922509,0.005074901341670758,ok,0.0,0.0012107221634730506,0.0,0.001159344709121045,0.29704797047970477,0.29933070503964077,0.0,0.0009484607396974989,0.02859778597785978,0.03253272485776343,0.6429889298892989,0.6304766369323369,0.03044280442804428,0.028052469112980278,0.0,0.0012140351033163215,0.0009225092250922509,0.005074901341670758
T328-1-1-4,5595.0,0.0037533512064343165,0.008060277714729882,ok,0.0012511170688114387,0.010989498048334519,0.0005361930294906167,0.0028497885728040032,0.20089365504915102,0.20435960548550963,0.00017873100983020553,0.0034138873105891074,0.07649687220732797,0.08988584814393048,0.711349419124218,0.6664207342615373,0.005540661304736372,0.013865730857963268,0.0,0.00015462960460179732,0.0037533512064343165,0.008060277714729882
T212-1-1USS,757.0,0.01453104359313078,0.029067620021453883,ok,0.0,0.0009974842881361901,0.001321003963011889,0.0010470795608054186,0.8890356671070013,0.8623668568541124,0.0,0.0010867754445120473,0.015852047556142668,0.02010782876250192,0.062087186261558784,0.06207582026733301,0.017173051519154558,0.02323778149658182,0.0,1.2753304563297247e-05,0.01453104359313078,0.029067620021453883
T204-1-1-USS,1133.0,0.00264783759929391,0.007253651705560368,ok,0.00529567519858782,0.018113176128248882,0.00353045013239188,0.011261465641365098,0.17387466902030008,0.1650283533117697,0.00617828773168579,0.017505907679488463,0.07413945278022947,0.08081757087021069,0.35657546337157986,0.3299308790247753,0.37775816416593117,0.37006687802560195,0.0,2.211761297952939e-05,0.00264783759929391,0.007253651705560368
T304-1-1-4,1830.0,0.06284153005464481,0.07047068424642612,ok,0.001639344262295082,0.0051918654185776816,0.0,0.0010872842701550784,0.2748633879781421,0.26803010884321365,0.00273224043715847,0.0053360624004559825,0.015846994535519125,0.02326188105635082,0.3704918032786885,0.36612360482823353,0.2715846994535519,0.26039129823069784,0.0,0.00010721070588928248,0.06284153005464481,0.07047068424642612
T268-1-1USS,938.0,0.0031982942430703624,0.010759994138785051,ok,0.0,0.0007772500865759408,0.0,0.0009585028346128429,0.9168443496801706,0.8927670302318356,0.0,0.00020445190373002479,0.0042643923240938165,0.005558338901632057,0.07249466950959488,0.08575800225550892,0.0031982942430703624,0.003190076541993923,0.0,2.6353105325751196e-05,0.0031982942430703624,0.010759994138785051
T260-1-1-USS-2,1859.0,0.0010758472296933835,0.009397341555450685,ok,0.0010758472296933835,0.004681640975982142,0.0005379236148466917,0.0013654506456587492,0.7875201721355568,0.7384960475477645,0.0,0.002660643049320355,0.0053792361484669175,0.00965489730669177,0.20010758472296933,0.22690275412152502,0.004303388918773534,0.006701159824299308,0.0,0.00014006497330744874,0.0010758472296933835,0.009397341555450685
T237-1-1-USS,1643.0,0.0,0.001021539415243488,ok,0.04321363359707851,0.08419394705663047,0.018259281801582473,0.0294420626018269,0.036518563603164945,0.04288889483105175,0.007303712720632989,0.02283280832502924,0.29275715155203896,0.2734646047468023,0.5264759586122946,0.4464482044027938,0.07547169811320754,0.09966944913890216,0.0,3.848948171994908e-05,0.0,0.001021539415243488
T196-1-1-USS-2,3362.0,0.000297441998810232,0.0026798253387003233,ok,0.1023200475907198,0.10212628758833206,0.000297441998810232,0.0023850396054687496,0.5919095776323617,0.5754581291743648,0.000594883997620464,0.003314926005715521,0.0148720999405116,0.02340631730896349,0.28941106484235574,0.2879007275901416,0.000297441998810232,0.002153524260609215,0.0,0.0005752231277041356,0.000297441998810232,0.0026798253387003233
T209-1-1-USS-2,7035.0,0.0036958066808813078,0.00895759757678051,ok,0.004406538734896943,0.012411158980113936,0.0011371712864250178,0.002115576914892234,0.22061122956645346,0.21886393986011435,0.0029850746268656717,0.00940438270291345,0.02061122956645345,0.025064017329802835,0.6230277185501066,0.6074814646189186,0.12352523098791755,0.11556741416420326,0.0,0.00013444785226062814,0.0036958066808813078,0.00895759757678051
T317-1-1-3,1059.0,0.07837582625118036,0.10335948870165917,ok,0.0113314447592068,0.021637528232366678,0.0028328611898017,0.003995733152463233,0.5486307837582625,0.49900462146977903,0.009442870632672332,0.016689981561944896,0.05571293673276676,0.061772776574500456,0.279508970727101,0.2676603774927467,0.014164305949008499,0.025755908898542207,0.0,0.00012358391599757605,0.07837582625118036,0.10335948870165917
T293-1-1-4,3223.0,0.0012410797393732546,0.010825627371722208,ok,0.00031026993484331366,0.0017780463022694767,0.0,0.0005245670145710405,0.8656531182128452,0.8285828157325732,0.0015513496742165685,0.00695939653012445,0.0,0.002597882127684132,0.13124418243872168,0.14772678937320077,0.0,0.0009550885004602305,0.0,4.978704739447748e-05,0.0012410797393732546,0.010825627371722208
T334-1-1-3,3493.0,0.0,0.0005832015494286949,ok,0.04408817635270541,0.0696721496825109,0.00429430289149728,0.004751625825548862,0.20727168622960207,0.22668948739584263,0.0,0.0015846905630336689,0.0017177211565989122,0.008592991655324993,0.74205553965073,0.6853860823623225,0.000572573718866304,0.0012260348725428678,0.0,0.001513736093444863,0.0,0.0005832015494286949
T254-1-1-USS,5692.0,0.0017568517217146872,0.006457475426285754,ok,0.005094869992972593,0.009730220774350899,0.0028109627547434997,0.0071316879690673015,0.48945888966971185,0.4687603898449572,0.003865073787772312,0.01387402001468472,0.046380885453267746,0.0442827759181914,0.4291988756148981,0.4275706973506662,0.021433591004919185,0.021250613296996037,0.0,0.0009421194048004169,0.0017568517217146872,0.006457475426285754
T297-1-1-3,837.0,0.015531660692951015,0.029926003696836498,ok,0.0,0.0003993082448168342,0.0011947431302270011,0.001492098863135785,0.7264038231780168,0.698202390046918,0.0,0.006247575113744417,0.0011947431302270011,0.0015869713008998176,0.2532855436081243,0.25850634241202736,0.0023894862604540022,0.003592453486360012,0.0,4.685683526139228e-05,0.015531660692951015,0.029926003696836498
T148-1-1-USS-2,7571.0,0.017567032096156385,0.03595786290891692,ok,0.011623299432043323,0.02742770752183966,0.0017170783251882183,0.005904477034972695,0.4958393871351209,0.4638074895566387,0.007132479196935676,0.01610788325610954,0.11002509576013737,0.10379046634845923,0.2749966979262977,0.2606533572196296,0.08109893012812046,0.08613100530498008,0.0,0.00021975084845360677,0.017567032096156385,0.03595786290891692
T291-1-1-3,5045.0,0.01427155599603568,0.028549930980620145,ok,0.002973240832507433,0.0070889948057297,0.0,0.0006868836533336003,0.3962338949454906,0.38106167304510924,0.007730426164519326,0.010447665607864694,0.02001982160555005,0.02126230500272918,0.2305252725470763,0.23193669325877617,0.32824578790882064,0.3188187082310187,0.0,0.0001471454148184935,0.01427155599603568,0.028549930980620145
T304-1-1-4-2,1865.0,0.07828418230563003,0.08389946120072267,ok,0.0,0.002658357991354712,0.0,0.0009684763953184098,0.2541554959785523,0.24730581576657548,0.0037533512064343165,0.007108905687124143,0.010187667560321715,0.01945808325096166,0.34959785522788206,0.34555924378294134,0.3040214477211796,0.2928413633833667,0.0,0.00020029254163487814,0.07828418230563003,0.08389946120072267
T45-1-1-USS-2,2920.0,0.00034246575342465754,0.0011899105419516034,ok,0.06986301369863014,0.1074532292455085,0.024315068493150686,0.043380229995584337,0.0410958904109589,0.04321249247179218,0.0,0.0037342606826672987,0.44965753424657534,0.40571449145608257,0.40513698630136985,0.36442247795806043,0.009589041095890411,0.03076420680470528,0.0,0.0001287008436477069,0.00034246575342465754,0.0011899105419516034
T331-1-3,2012.0,0.0,0.0012725011997627804,ok,0.1058648111332008,0.11192649637859609,0.01739562624254473,0.01612392395953732,0.22564612326043737,0.22937702798721069,0.0,0.0026020208311813412,0.08200795228628231,0.0777085705291549,0.5680914512922465,0.5537520200204715,0.0009940357852882703,0.006363367829516211,0.0,0.0008740712645691571,0.0,0.0012725011997627804
T203-1-1-USS,4747.0,0.0012639561828523278,0.0037843617666204784,ok,0.0016852749104697704,0.006315055399703499,0.0016852749104697704,0.0031339851545518988,0.3187276174425953,0.3224376227676203,0.007162418369496524,0.010152481464392479,0.0583526437750158,0.06135182436472769,0.5921634716663156,0.5691577388392829,0.018959342742784917,0.023567745702308445,0.0,9.91845407922596e-05,0.0012639561828523278,0.0037843617666204784
T294-1-1-4,1108.0,0.0009025270758122744,0.0064764428946037355,ok,0.0,0.0010155855846500415,0.0,0.0005159016445232812,0.8574007220216606,0.8295024333877581,0.008122743682310469,0.01677545222135776,0.0009025270758122744,0.002303774913445682,0.13267148014440433,0.14178973885934132,0.0,0.0015757268119859261,0.0,4.494368233417884e-05,0.0009025270758122744,0.0064764428946037355
T200-1-1-USS-2,3660.0,0.05245901639344262,0.07508536179896874,ok,0.003551912568306011,0.010811630202484273,0.001912568306010929,0.0027754846970334535,0.5163934426229508,0.4776330776070014,0.001092896174863388,0.005627504886647103,0.06147540983606557,0.06233309095258016,0.32459016393442625,0.3220406954109785,0.038524590163934426,0.04361045805804925,0.0,8.269638625705954e-05,0.05245901639344262,0.07508536179896874
T245-1-1-USS-2,1217.0,0.0016433853738701725,0.00849736384952719,ok,0.03697617091207888,0.05902293271378503,0.0238290879211175,0.038564842185599336,0.2695152013147083,0.24370190225945937,0.04601479046836483,0.06272063679736643,0.3640098603122432,0.31844825993290277,0.25472473294987674,0.2563406698209592,0.003286770747740345,0.012112233439375715,0.0,0.0005911590010249755,0.0016433853738701725,0.00849736384952719
T210-1-1-USS,3779.0,0.0002646202699126753,0.0014266926619636276,ok,0.020375760783276,0.03435021457270278,0.0026462026991267533,0.009531873368806992,0.45514686424980155,0.43341554212094763,0.0026462026991267533,0.01258745371063109,0.04339772426567875,0.054372287167798815,0.47446414395342684,0.44969931185839657,0.0010584810796507012,0.004300464842438806,0.0,0.00031615969631370287,0.0002646202699126753,0.0014266926619636276
T207-1-1-USS-2,3275.0,0.004580152671755725,0.010379678947402474,ok,0.0,0.0015815160712728217,0.0003053435114503817,0.0017093806468227433,0.6717557251908397,0.625790610101086,0.01587786259541985,0.03314454739343558,0.0003053435114503817,0.0018368389861570778,0.3059541984732824,0.31456152991882175,0.0012213740458015267,0.010922000111441248,0.0,7.389782356030334e-05,0.004580152671755725,0.010379678947402474
T211-1-1-USS-2,1168.0,0.011986301369863013,0.02424483182139602,ok,0.0008561643835616438,0.008310303395116387,0.0017123287671232876,0.0025150037889016545,0.6934931506849316,0.6568260653749477,0.0008561643835616438,0.009788520363428612,0.02226027397260274,0.026230077214614386,0.22345890410958905,0.22431784029858953,0.045376712328767124,0.047653391957402425,0.0,0.00011396578560326561,0.011986301369863013,0.02424483182139602
T214-1-1-USS,7794.0,0.00012830382345393893,0.0019139102730851812,ok,0.17385168078008725,0.17380072775662747,0.026558891454965358,0.037782445121648744,0.1361303566846292,0.13409431262357033,0.007441621760328458,0.0166322862447305,0.19001796253528355,0.19181225387621414,0.46138054914036436,0.42291186472808484,0.004490633820887863,0.02068746172935088,0.0,0.0003647376466878999,0.00012830382345393893,0.0019139102730851812
T321-1-1-4,1377.0,0.002178649237472767,0.006977277517321312,ok,0.0007262164124909223,0.0030180993503476864,0.0007262164124909223,0.0009524638876066231,0.4066811909949165,0.39305457596795446,0.0007262164124909223,0.0028688972454120457,0.008714596949891068,0.01006346427882868,0.3333333333333333,0.3481649938010573,0.24691358024691357,0.2348681729717541,0.0,3.205497971770453e-05,0.002178649237472767,0.006977277517321312
T212-1-1-USS,766.0,0.01174934725848564,0.027135174420892597,ok,0.0013054830287206266,0.0023888352173804537,0.0,0.0006761763406126101,0.8851174934725848,0.8517004274643555,0.0,0.001506568855368154,0.005221932114882507,0.014475393611552406,0.08093994778067885,0.0804796778624084,0.015665796344647518,0.021620901665936196,0.0,1.6844561493766382e-05,0.01174934725848564,0.027135174420892597
T301-1-1-3,2107.0,0.00047460844803037496,0.00487200899586627,ok,0.009966777408637873,0.0382297899838055,0.009017560512577124,0.01384593447506339,0.12814428096820124,0.13158195792492217,0.013763644992880873,0.02000010709444372,0.2026578073089701,0.21918223286059169,0.6203132415757,0.5392710289289331,0.01566207878500237,0.03283667722020009,0.0,0.0001802625161739788,0.00047460844803037496,0.00487200899586627
T205-1-1-USS,6592.0,0.0006067961165048543,0.003874261760283486,ok,0.011529126213592233,0.015548341354650155,0.00212378640776699,0.005456829343478088,0.8081007281553398,0.7723154466278602,0.00015169902912621358,0.0023728350869954545,0.0016686893203883494,0.007251191817219068,0.17566747572815533,0.19196728240748126,0.00015169902912621358,0.0008493970801098417,0.0,0.0003644145219223597,0.0006067961165048543,0.003874261760283486
T269-1-1-USS-3,2536.0,0.0007886435331230284,0.001200085426628096,ok,0.011829652996845425,0.023798071618068014,0.013012618296529969,0.02005525785139495,0.7239747634069401,0.6619085403121592,0.004337539432176656,0.019981572265674097,0.01892744479495268,0.031720213877168155,0.22673501577287067,0.23734121529479063,0.0003943217665615142,0.002475944853945114,0.0,0.0015190985001717029,0.0007886435331230284,0.001200085426628096
T308-1-1-3,1637.0,0.0006108735491753207,0.0052191972641619875,ok,0.0006108735491753207,0.007740692566591996,0.0012217470983506415,0.003951233988086687,0.24923640806353084,0.25193446650999407,0.0030543677458766036,0.0073952426788388296,0.1148442272449603,0.12278965509053279,0.40317654245571166,0.40072499081268304,0.22663408674404398,0.199257599749902,0.0006108735491753207,0.0009869213392085555,0.0006108735491753207,0.0052191972641619875
T255-1-1-USS,1439.0,0.0006949270326615705,0.0066523851933280535,ok,0.015983321751216122,0.024917314423157262,0.0006949270326615705,0.004345918461165192,0.5343988881167477,0.5044898785977509,0.02571230020847811,0.035028529435141946,0.0236275191104934,0.034826080981074405,0.3856845031271717,0.37648315622251227,0.01320361362056984,0.01282723440474878,0.0,0.0004295022811212636,0.0006949270326615705,0.0066523851933280535
T327-1-1-4,94.0,0.0,0.006839412731699151,ok,0.0,0.002094693284859819,0.0,0.0044367057815317265,0.6063829787234043,0.5522857376782864,0.0,0.00697906267039065,0.02127659574468085,0.024250017617214396,0.35106382978723405,0.34355265881818114,0.02127659574468085,0.05954804365074542,0.0,1.3667767091360294e-05,0.0,0.006839412731699151
T290-1-1-4,5838.0,0.004967454607742378,0.01805084484505568,ok,0.0013703323055841042,0.006161462328729059,0.001199040767386091,0.0012027576820757247,0.6676944158958548,0.6369219773060417,0.0025693730729701952,0.005205965463671568,0.01593011305241521,0.020395338821910157,0.2954779033915725,0.29636780390909556,0.01079136690647482,0.01562501617060283,0.0,6.883347281773554e-05,0.004967454607742378,0.01805084484505568
T242-1-1USS,2300.0,0.0013043478260869566,0.005295749272830222,ok,0.017391304347826087,0.023420351707814886,0.0004347826086956522,0.0010152913794908862,0.5969565217391304,0.5687790800953165,0.0013043478260869566,0.0035122010990478233,0.06260869565217392,0.07681179809791736,0.31956521739130433,0.31288029323201744,0.0004347826086956522,0.005874803779352891,0.0,0.002410431336211893,0.0013043478260869566,0.005295749272830222
T264-1-1-USS-2,2825.0,0.0,0.000404428730405098,ok,0.0,0.00011144168064865092,0.0,8.967096253415413e-05,0.6704424778761062,0.6617977486581393,0.0,0.0012972101540732158,0.0,0.0021994791280366783,0.32955752212389383,0.33260628728224123,0.0,0.0002849584242675859,0.0,0.0012087749796540594,0.0,0.000404428730405098
T257-1-1-USS,4155.0,0.00024067388688327315,0.00090347188862168,ok,0.02286401925391095,0.040612147954583,0.02454873646209386,0.021568588109482464,0.012515042117930204,0.02036310252243347,0.0,0.0014917056440576363,0.019975932611311673,0.02718507096919051,0.8700361010830325,0.832088367307618,0.049819494584837545,0.05487041519295805,0.0,0.0009171304110551134,0.00024067388688327315,0.00090347188862168
T220-1-1-USS-2,1422.0,0.010548523206751054,0.02614118303724356,ok,0.004922644163150493,0.017191618359074977,0.0007032348804500703,0.002964545577003118,0.2369901547116737,0.2317307680504505,0.0007032348804500703,0.02186946779822048,0.11673699015471167,0.1278532623484187,0.4507735583684951,0.3971977210173971,0.17862165963431786,0.17503063975610572,0.0,2.0794056085729622e-05,0.010548523206751054,0.02614118303724356
T329-1-1-4,4099.0,0.0012198097096852891,0.004552069165694796,ok,0.005855086606489388,0.01027610660252133,0.0031715052451817514,0.006309050726906585,0.6194193705781899,0.5859763656432241,0.008050744083922909,0.0165427998613916,0.0021956574774335204,0.01046389187496398,0.35984386435716026,0.36365277410352753,0.00024396194193705782,0.0019699532349798754,0.0,0.00025698878679024844,0.0012198097096852891,0.004552069165694796
T213-1-1-USS-2,1562.0,0.023047375160051217,0.045764232289494895,ok,0.015364916773367477,0.03201195658769862,0.004481434058898848,0.01195266338636033,0.3380281690140845,0.30901083801290363,0.03777208706786172,0.04945362273805394,0.34571062740076824,0.29935403237234026,0.18886043533930857,0.19516442168688916,0.04673495518565941,0.05720172412463435,0.0,8.650880162486595e-05,0.023047375160051217,0.045764232289494895
T309-1-1-3,3814.0,0.00026219192448872575,0.001650128599434094,ok,0.24619821709491346,0.2502000448095432,0.00026219192448872575,0.0005735404116215359,0.1793392763502884,0.18400256313313848,0.00026219192448872575,0.0022736351382785375,0.01101206082852648,0.02239346002754839,0.5626638699528055,0.5376573277465737,0.0,0.0008352464018377598,0.0,0.0004140537320243335,0.00026219192448872575,0.001650128599434094
T200-1-1-USS,3671.0,0.04467447561972215,0.06560068945455337,ok,0.003813674748025061,0.01109629726363607,0.0016344320348678834,0.003303774223402702,0.5488967583764642,0.50661479788323,0.0019068373740125306,0.006395941386444083,0.055298283846363386,0.055936782691901575,0.2958321983110869,0.299451670560067,0.047943339689457916,0.05153169133984045,0.0,6.835519692477082e-05,0.04467447561972215,0.06560068945455337
T216-1-1-USS,5638.0,0.0,0.0008249018683180322,ok,0.0,0.0007377955458625233,0.0,0.002208760565157979,0.6667257892869812,0.6384537362970422,0.00656261085491309,0.01871313776615991,0.000709471443774388,0.0041826648318099135,0.3258247605533877,0.33337790701660447,0.000177367860943597,0.0008876206938890148,0.0,0.0006134754151561291,0.0,0.0008249018683180322
T326-1-1-3,2921.0,0.0609380349195481,0.08666113863510233,ok,0.002396439575487847,0.006309868278171898,0.0,0.0017835210834573813,0.6282095172885998,0.5857271286528564,0.00034234851078397807,0.003782718864163888,0.0027387880862718246,0.008882342137048473,0.23382403286545703,0.2320232619169767,0.07155083875385142,0.0748097280213267,0.0,2.0292410896302658e-05,0.0609380349195481,0.08666113863510233
T226-1-1-USS,1232.0,0.006493506493506494,0.02564900933741493,ok,0.0,0.0021128973438355168,0.0008116883116883117,0.004069565575948661,0.838474025974026,0.7794791013802402,0.0008116883116883117,0.005146970685749586,0.06818181818181818,0.07810825766273505,0.08198051948051949,0.09574689647769911,0.002435064935064935,0.00844594442688334,0.0008116883116883117,0.0012413571094935646,0.006493506493506494,0.02564900933741493
T313-1-1-4-2,9919.0,0.0,0.0007356641367130259,ok,0.0028228652081863093,0.013304695916589577,0.5575158786167961,0.5225570705860169,0.43048694424841216,0.4184226901043011,0.0,0.001277524771837767,0.004839197499747958,0.028846711000238157,0.004335114426857546,0.012724676417411361,0.0,0.00021422479900110218,0.0,0.0019167422678910936,0.0,0.0007356641367130259
T253-1-1-USS-1,705.0,0.0,0.0001450557718717947,ok,0.0014184397163120568,0.011579946478402442,0.0,0.0007780399388360699,0.04822695035460993,0.06860913606057155,0.0028368794326241137,0.008331444892451589,0.06808510638297872,0.09577911377491775,0.8794326241134752,0.8125245076355444,0.0,0.0011120508361982101,0.0,0.0011407046112062408,0.0,0.0001450557718717947
T243-1-1-USS,1751.0,0.0,0.0018115195203108698,ok,0.05311250713877784,0.07613793915938012,0.0,0.002592322648444743,0.1736150770988007,0.16756069685571626,0.0,0.0032881524827698756,0.2107367218732153,0.22936643136175022,0.5613934894346088,0.5118565716441273,0.001142204454597373,0.007256380924715006,0.0,0.00012998540278554016,0.0,0.0018115195203108698
T331-1-1-4,2101.0,0.00047596382674916705,0.0015184988974162469,ok,0.10138029509757258,0.11630900050104578,0.0014278914802475012,0.004185871548090849,0.193717277486911,0.18811380586524504,0.00047596382674916705,0.005481366437338288,0.05997144217039505,0.05894059667999354,0.638267491670633,0.6153044580397149,0.004283674440742504,0.00881571424468956,0.0,0.0013306877864658075,0.00047596382674916705,0.0015184988974162469
T268-1-1-USS-2,1027.0,0.0,0.0030177048472738474,ok,0.009737098344693282,0.02626628779236294,0.0038948393378773127,0.007934068738517444,0.2921129503407984,0.2968041249360753,0.0029211295034079843,0.012642363249087482,0.06621226874391431,0.07504665388683222,0.5842259006815969,0.5400246710385431,0.04089581304771178,0.03781743548828423,0.0,0.0004466900230233969,0.0,0.0030177048472738474
T192-1-1-USS,5336.0,0.0001874062968515742,0.004958740612796235,ok,0.0009370314842578711,0.005121822910517894,0.01555472263868066,0.02614037561782807,0.6607946026986506,0.6117146751558876,0.0009370314842578711,0.005624742318927838,0.1285607196401799,0.13435767590661044,0.14205397301349326,0.14486609984187773,0.010307346326836582,0.01840136435265142,0.040667166416791606,0.0488145032829028,0.0001874062968515742,0.004958740612796235
T240-1-2-USS,940.0,0.002127659574468085,0.006803970125642205,ok,0.02127659574468085,0.05769084789640435,0.010638297872340425,0.01568609164348581,0.06808510638297872,0.07704566279548374,0.02872340425531915,0.033875203797583464,0.4319148936170213,0.39981359788857046,0.42446808510638295,0.377107219732531,0.01276595744680851,0.031841383585342276,0.0,0.00013602253495677776,0.002127659574468085,0.006803970125642205
T328-1-1-3,5912.0,0.0015223274695534506,0.005784448908469138,ok,0.0010148849797023004,0.008603648560261521,0.00016914749661705008,0.001840051947897185,0.18623139377537212,0.19051327672084528,0.00016914749661705008,0.004465972184875627,0.06579837618403248,0.08246248521844413,0.7341001353179973,0.685853392311338,0.010994587280108254,0.020293278351980294,0.0,0.00018344579588881068,0.0015223274695534506,0.005784448908469138
T231-1-1-USS,3504.0,0.020833333333333332,0.030699012565497456,ok,0.0008561643835616438,0.003469742520595547,0.0,0.0010406272626101974,0.7902397260273972,0.7376884992515464,0.003424657534246575,0.01633003089932564,0.01598173515981735,0.022920858499316826,0.16866438356164384,0.18644401479360495,0.0,0.0006994347513129994,0.0,0.0007077794561899063,0.020833333333333332,0.030699012565497456
T320-1-1-3,2014.0,0.004468718967229395,0.011217093883001511,ok,0.008440913604766634,0.02202726692933095,0.0019860973187686196,0.004049299042463159,0.14945382323733863,0.16408450343605102,0.0024826216484607746,0.007142629790624561,0.18470705064548162,0.1970996458159551,0.5183714001986097,0.46859938560214587,0.1300893743793446,0.12572961253030718,0.0,5.05629701206842e-05,0.004468718967229395,0.011217093883001511
T255-1-1-USS-2,1452.0,0.0,0.006097709287601443,ok,0.008264462809917356,0.020551644738317137,0.002066115702479339,0.005475081715590121,0.5041322314049587,0.4807276141297937,0.013774104683195593,0.024660248389897138,0.024104683195592287,0.03254298380973251,0.4359504132231405,0.4168627664675881,0.011707988980716254,0.012814602300288058,0.0,0.0002673491611918262,0.0,0.006097709287601443
T221-1-1-USS-2,1111.0,0.0009000900090009,0.0020271360130329047,ok,0.0,0.0007085588414001328,0.0,0.001178071864503666,0.6201620162016201,0.6070710288975913,0.0018001800180018,0.003683202069630434,0.009900990099009901,0.014899330967609026,0.36723672367236726,0.36881543242836634,0.0,0.001515880598813931,0.0,0.00010135831905210585,0.0009000900090009,0.0020271360130329047
T250-1-1-USS-2,5692.0,0.0007027406886858749,0.007913329982467788,ok,0.0005270555165144061,0.0034610792269264648,0.00035137034434293746,0.0011520207635896359,0.6219255094869993,0.5901584578468709,0.0029866479269149682,0.01305746891769691,0.005797610681658468,0.010228785209473764,0.35927617709065357,0.35977614879788106,0.008432888264230498,0.013632569416068895,0.0,0.0006201398390244531,0.0007027406886858749,0.007913329982467788
T204-1-1-USS-2,1146.0,0.0017452006980802793,0.009932155783744538,ok,0.005235602094240838,0.02028983233473314,0.0,0.007000991234933791,0.15357766143106458,0.14454804629340728,0.008726003490401396,0.018688234127504772,0.09424083769633508,0.0997712493265571,0.393542757417103,0.3574598936213099,0.34293193717277487,0.3422916860636788,0.0,1.7911214130632254e-05,0.0017452006980802793,0.009932155783744538
T326-1-1-4,2929.0,0.04711505633321953,0.0767957156024915,ok,0.0020484807101399795,0.006213261708602543,0.0,0.001765259518580798,0.6507340389211335,0.5981923408483009,0.0003414134516899966,0.003993658502278809,0.003414134516899966,0.00931005354816142,0.2297712529873677,0.23420089739687178,0.06657562307954934,0.06936721340458983,0.0,0.0001615994701224556,0.04711505633321953,0.0767957156024915
T230-1-1-USS,7096.0,0.0,0.00047921102249727217,ok,0.0038049605411499435,0.0066543002271966445,0.002254791431792559,0.0056559730394990316,0.7089909808342728,0.6840152830962595,0.003945885005636978,0.007970041931080458,0.0016910935738444193,0.008074683173884328,0.2788895152198422,0.28416117250741973,0.00014092446448703494,0.0005674450875775304,0.0002818489289740699,0.0024218899145855093,0.0,0.00047921102249727217
T244-1-1-USS-2,3139.0,0.0,0.00041459893149378,ok,0.0,0.001884827559603396,0.001911436763300414,0.004133417559510647,0.22363810130614845,0.23519180432521905,0.002548582351067219,0.006946777257784691,0.0022300095571838167,0.007116464323179722,0.7696718700223001,0.7410827831483963,0.0,0.0005855332742996629,0.0,0.0026437936205126944,0.0,0.00041459893149378
T45-1-1-USS,2926.0,0.0003417634996582365,0.002821200577971363,ok,0.030416951469583047,0.06550027105540511,0.08270676691729323,0.09841392390688394,0.0177717019822283,0.02485874519052389,0.0,0.0014282383062185376,0.7207792207792207,0.6467850308581625,0.14149008885850992,0.1445992984766997,0.000683526999316473,0.008576747895079641,0.00580997949419002,0.007016543733055197,0.0003417634996582365,0.002821200577971363
T242-1-1-USS,2320.0,0.0008620689655172414,0.004460616260458774,ok,0.04870689655172414,0.06222764509498181,0.007758620689655172,0.009509005386435171,0.5375,0.5006414825868033,0.0021551724137931034,0.008666293808367294,0.06379310344827586,0.0732800751264083,0.33232758620689656,0.32805563464313275,0.00646551724137931,0.010175874179531842,0.0004310344827586207,0.002983372913880676,0.0008620689655172414,0.004460616260458774
T229-1-1-USS-2,5385.0,0.0,0.0010943373606864225,ok,0.03268337975858867,0.03551308886388742,0.00018570102135561745,0.0008697429200274021,0.7192200557103064,0.6943556790037702,0.0011142061281337048,0.003481785727279715,0.001671309192200557,0.005049161009607834,0.24493964716805944,0.2577004494190001,0.0,0.00023547964465530405,0.00018570102135561745,0.001700276051085774,0.0,0.0010943373606864225
T334-1-1-4,3433.0,0.0,0.0004566591435426853,ok,0.027090008738712496,0.04551402600105583,0.0,0.0005809845848217562,0.1878823186717157,0.20494775405871568,0.0005825808330905913,0.0027126932931909793,0.0011651616661811825,0.006581918769195558,0.7829886396737548,0.7355433587220659,0.00029129041654529564,0.001486284755447186,0.0,0.002176320671964396,0.0,0.0004566591435426853
T193-1-1-USS-2,2425.0,0.006185567010309278,0.021378937839012863,ok,0.010309278350515464,0.019261183850429246,0.0008247422680412372,0.004189501642018099,0.7550515463917525,0.7106549424699455,0.0,0.0011545297516655547,0.03505154639175258,0.039774807741298525,0.1888659793814433,0.19279556012703497,0.003711340206185567,0.010757079564056908,0.0,3.345701453827176e-05,0.006185567010309278,0.021378937839012863
T214-1-1-USS-2,7787.0,0.0,0.0015506166911227704,ok,0.13663798638756902,0.146568466464931,0.026325927828432003,0.037657941600566326,0.13458327982534996,0.13154680716020498,0.008347245409015025,0.01783090497751938,0.152947219725183,0.1586472060627642,0.5334531912161294,0.48240661128148277,0.007705149608321561,0.023414057449046975,0.0,0.000377388312361661,0.0,0.0015506166911227704
T301-1-4,2060.0,0.0014563106796116505,0.005449141207026542,ok,0.005825242718446602,0.029071945206195396,0.007766990291262136,0.01492357596045884,0.10922330097087378,0.11732392996942297,0.015048543689320388,0.02317597155523394,0.21019417475728155,0.20940465798449573,0.6218446601941747,0.5588427705584336,0.02815533980582524,0.04099273507626514,0.0004854368932038835,0.0008152724824678561,0.0014563106796116505,0.005449141207026542
T253-1-1-USS,1067.0,0.0009372071227741331,0.004038944859671182,ok,0.0,0.0016771168623131532,0.0018744142455482662,0.002626949200013909,0.24554826616682288,0.2459015534900286,0.0,0.0003983190660157131,0.01780693533270853,0.021904202031391182,0.7141518275538894,0.7030318689877466,0.019681349578256794,0.019429693162561396,0.0,0.0009913523402582509,0.0009372071227741331,0.004038944859671182
T210-1-1-USS-2,3839.0,0.0,0.00084473284083211,ok,0.013284709559781192,0.027155915477814242,0.0028653295128939827,0.007513449821860593,0.40583485282625686,0.397839288602619,0.0018233915082052619,0.008507241602684129,0.027090388121906745,0.039827485579275686,0.5483198749674394,0.5147670673709601,0.0007814535035165407,0.003226331977299454,0.0,0.0003184867266546341,0.0,0.00084473284083211
T264-1-1-USS,2821.0,0.0,0.00039184597783414556,ok,0.0,0.0006684498028679392,0.0007089684509039348,0.003223447902378888,0.7458348103509393,0.7192613948813964,0.001772421127259837,0.010172328065563707,0.0024813895781637717,0.007679292319612076,0.2488479262672811,0.25656550514616183,0.0003544842254519674,0.0014300427681193466,0.0,0.0006076931360656534,0.0,0.00039184597783414556
T254-1-1-USS-3,5703.0,0.0010520778537611783,0.00626961111130218,ok,0.00438365772400491,0.009027875174913994,0.0010520778537611783,0.0036581961625645897,0.466070489216202,0.44828221605257756,0.002279502016482553,0.010198767604698355,0.048220234964054004,0.04582860933491562,0.4567771348413116,0.45522817987142017,0.020164825530422585,0.020689728954662763,0.0,0.0008168157329447631,0.0010520778537611783,0.00626961111130218
T196-1-1-USS,3282.0,0.0,0.0026686366564555287,ok,0.06368068251066424,0.0697635862306974,0.0006093845216331506,0.0019646682745807177,0.6569165143205362,0.6374544682296552,0.0006093845216331506,0.0037717555530517853,0.010359536867763558,0.01965997119502936,0.2675198049969531,0.26272604840390906,0.0003046922608165753,0.0014885300754952193,0.0,0.000502335381125753,0.0,0.0026686366564555287
T244-1-1-USS,3115.0,0.0,0.0002839995286888399,ok,0.0,0.001570305042632937,0.0016051364365971107,0.0045961892898732665,0.23788121990369182,0.24601020801220813,0.0032102728731942215,0.013029921486531988,0.0028892455858747996,0.006436122274798006,0.7540930979133227,0.7252173120077979,0.00032102728731942215,0.0010259944804407446,0.0,0.0018299478770281393,0.0,0.0002839995286888399
T167-1-1-USS-2,5229.0,0.0,0.0005269029137773541,ok,0.002294893861158921,0.011831206809859393,0.0017211703958691911,0.008332994001100715,0.06808185121438133,0.10057921217357459,0.00019124115509657678,0.00404948163525689,0.0038248231019315355,0.012535168474961092,0.789443488238669,0.7074975574789111,0.13444253203289347,0.1546057960736796,0.0,4.168043887930659e-05,0.0,0.0005269029137773541
T251-1-1USS,4932.0,0.0018248175182481751,0.003669449853327849,ok,0.00020275750202757503,0.001822709192814762,0.0008110300081103001,0.0018832665998213954,0.3886861313868613,0.3850120891587945,0.00020275750202757503,0.0024403034549405544,0.024128142741281427,0.021831539386786735,0.5829278183292782,0.5807283630285004,0.0012165450121654502,0.0019792281661587985,0.0,0.0006330511588549813,0.0018248175182481751,0.003669449853327849
T308-1-1-4,1499.0,0.00133422281521014,0.006971341282511631,ok,0.00133422281521014,0.006049957318035238,0.0020013342228152103,0.0051694372043583365,0.25283522348232157,0.2529464103934161,0.00133422281521014,0.005936305006193192,0.09072715143428953,0.09900326200071548,0.45096731154102737,0.4393251331165102,0.19946631087391595,0.18435771734284995,0.0,0.0002404363354098428,0.00133422281521014,0.006971341282511631
T332-1-1-3,1379.0,0.0007251631617113851,0.002302415300869685,ok,0.0,0.0005165071279589333,0.002175489485134155,0.00425245809970159,0.8839738941261784,0.8605159131922179,0.0,0.0007764244341717382,0.007976794778825236,0.01170446528526644,0.10442349528643945,0.11728955563875613,0.0007251631617113851,0.0026019314489762156,0.0,4.032947208146407e-05,0.0007251631617113851,0.002302415300869685
T211-1-1-USS,1149.0,0.015665796344647518,0.026966451954193987,ok,0.0,0.008827942825183302,0.0008703220191470844,0.0017523874947417593,0.7032201914708442,0.6636626862824145,0.0008703220191470844,0.007456978577886166,0.014795474325500435,0.025254343691508026,0.22106179286335945,0.2192773551327021,0.04351610095735422,0.046720586661162106,0.0,8.126738020802393e-05,0.015665796344647518,0.026966451954193987
T170-1-1-USS,3887.0,0.0038590172369436584,0.01373585532957414,ok,0.002829945973758683,0.005916338398065427,0.0007718034473887317,0.003670849856997972,0.5749935683046051,0.5433542082280234,0.009776177000257269,0.017598156169098305,0.047851813738101365,0.05640882459652436,0.1113969642397736,0.12374134982615671,0.2485207100591716,0.23543630855055342,0.0,0.0001381090450063653,0.0038590172369436584,0.01373585532957414
T230-1-1-USS-2,7159.0,0.0,0.00031191127419341526,ok,0.0015365274479675933,0.004608109340038313,0.0030730548959351867,0.005206763997269251,0.6777482888671602,0.6576799090411234,0.008381058807095963,0.012536639118931958,0.0019555803883223913,0.006849338092821136,0.30632769939935744,0.3064659446080564,0.0001396843134515994,0.000628505970176069,0.0008381058807095963,0.005712878557390131,0.0,0.00031191127419341526
T237-1-1-USS-4,2379.0,0.007566204287515763,0.021177605593273682,ok,0.029424127784783524,0.04346270765518428,0.0029424127784783522,0.008298001913450244,0.5149222362337117,0.4697393150159365,0.012189995796553174,0.029792363517007772,0.08617065994115175,0.08768121750736031,0.3182009247583018,0.29870694748785115,0.028583438419503993,0.040932655478370265,0.0,0.0002091858315657312,0.007566204287515763,0.021177605593273682
T291-1-1-4,4933.0,0.0,0.0006263982215310149,ok,0.020068923575917292,0.04315703963055995,0.5278735049665518,0.4851037027375084,0.43604297587674845,0.4112697431704956,0.0,0.0006916483422415903,0.008716805189539835,0.03085689313265886,0.006892357591729171,0.026017097900165598,0.00040543279951348065,0.001421749796857078,0.0,0.0008557270679819288,0.0,0.0006263982215310149
T220-1-1-USS,1407.0,0.012082444918265814,0.030576987669359384,ok,0.0,0.012342247983620571,0.0014214641080312722,0.0038307088086211886,0.29850746268656714,0.27804109623407963,0.017768301350390904,0.03989931666414412,0.11727078891257996,0.1280562567475871,0.39872068230277186,0.35080502868250996,0.15422885572139303,0.1564248667139779,0.0,2.3490496100194142e-05,0.012082444918265814,0.030576987669359384
T250-1-1-USS,5685.0,0.0005277044854881266,0.008010173872279707,ok,0.0008795074758135445,0.0029888651762061185,0.00017590149516270889,0.0009397583946147893,0.5876868953386104,0.5658026311295891,0.005628847845206684,0.015390343347650432,0.003518029903254178,0.008742712670263652,0.3913808267370273,0.38405743997790304,0.010202286719437115,0.013608653059487535,0.0,0.0004594223720056779,0.0005277044854881266,0.008010173872279707
T241-1-1-USS,583.0,0.0,0.005380730368878953,ok,0.018867924528301886,0.03565545396361553,0.0017152658662092624,0.005896640485229325,0.5969125214408233,0.5751274566245108,0.00686106346483705,0.014395725386655045,0.05660377358490566,0.06118060597169814,0.3156089193825043,0.29730644732066797,0.003430531732418525,0.004894219979773296,0.0,0.00016271989897094908,0.0,0.005380730368878953
T148-1-1-USS,7601.0,0.016050519668464675,0.032018262216693294,ok,0.011445862386528088,0.024464806329172042,0.0015787396395211155,0.006255591562239174,0.4899355347980529,0.4567000331430454,0.00710432837784502,0.015534083688140793,0.11287988422575977,0.1115866935722721,0.26746480726220234,0.2564033236629572,0.09354032364162611,0.096853135228698,0.0,0.00018407059678194907,0.016050519668464675,0.032018262216693294
T167-1-1-USS,5198.0,0.00019238168526356292,0.003544652296049967,ok,0.008464794151596768,0.022821218637584025,0.0,0.00088653823487679,0.016160061562139283,0.031136748043177176,0.002116198537899192,0.00950915837384239,0.004040015390534821,0.013184756627922454,0.856098499422855,0.7974670461597928,0.11292804924971142,0.12144757706431816,0.0,2.3045624361871435e-06,0.00019238168526356292,0.003544652296049967
T253-1-1-USS-3,704.0,0.0,0.00012540078301857775,ok,0.0014204545454545455,0.015875619113571385,0.0,0.001395235834663549,0.05397727272727273,0.07535165196651945,0.0,0.005168715479288651,0.1278409090909091,0.1553896567375609,0.8153409090909091,0.7436071785898822,0.0014204545454545455,0.002086036545588629,0.0,0.0010005049499065897,0.0,0.00012540078301857775
T317-1-1-4,993.0,0.030211480362537766,0.04734985593946232,ok,0.002014098690835851,0.015330274380654095,0.004028197381671702,0.004832953525561302,0.5115810674723061,0.4722189169861606,0.005035246727089627,0.014028295341348479,0.025176233635448138,0.03452131216250519,0.4209466263846928,0.39767688911728366,0.0010070493454179255,0.01385583700896225,0.0,0.00018566553806213622,0.030211480362537766,0.04734985593946232
T299-1-1-4,5456.0,0.0005498533724340176,0.005176363806944142,ok,0.009530791788856305,0.019875073099023536,0.00018328445747800586,0.0011593473561962687,0.5384897360703812,0.52029917136004,0.004032258064516129,0.01004848719396975,0.053885630498533725,0.06410708052079751,0.39277859237536655,0.37388171811788695,0.0005498533724340176,0.00493057856694375,0.0,0.0005221799781980306,0.0005498533724340176,0.005176363806944142
T258-1-1-USS,8341.0,0.0015585661191703632,0.005681870565662344,ok,0.015705550893178277,0.03100579169947759,0.004196139551612517,0.011456525733526398,0.29924469488070976,0.28614508168136366,0.00539503656635895,0.008597915310129147,0.19769811773168686,0.18890571853683574,0.4241697638172881,0.40955179501927236,0.0520321304399952,0.05832178349082596,0.0,0.00033351796290674444,0.0015585661191703632,0.005681870565662344
T305-1-1-4,486.0,0.0,0.0014452205447513598,ok,0.0,0.005599698111232519,0.0,0.001600976839655794,0.5905349794238683,0.5734015427779655,0.0,0.0010604838411482885,0.018518518518518517,0.027298403366601245,0.39094650205761317,0.38836734132476275,0.0,0.0008869197674609416,0.0,0.00033941342642154206,0.0,0.0014452205447513598
T225-1-1-USS,2718.0,0.0007358351729212656,0.006935611206128989,ok,0.013612950699043414,0.01847435796752034,0.0,0.0034905276138729926,0.7523914643119941,0.6842558670253651,0.012509197939661517,0.03049013903131541,0.01545253863134658,0.02592248783989512,0.2016188373804268,0.22196880223151877,0.003679175864606328,0.007498355614554772,0.0,0.0009638514698284832,0.0007358351729212656,0.006935611206128989
T236-1-1-USS-2,5358.0,0.003919372900335946,0.01231137050992771,ok,0.014557670772676373,0.02043445823250828,0.011571481896229937,0.0227179291514253,0.4921612541993281,0.4566929223835294,0.0024262784621127288,0.009538848442671848,0.10544979469951475,0.11164791194311077,0.36114221724524076,0.3535238697445513,0.008771929824561403,0.011764561292856059,0.0,0.001368128299419346,0.003919372900335946,0.01231137050992771
T316-1-1-3,1612.0,0.004962779156327543,0.016311802959709108,ok,0.0,0.002109166819055745,0.0,0.0019541917411389853,0.5372208436724566,0.500326203432431,0.004962779156327543,0.018684264868578677,0.05521091811414392,0.07938389392000032,0.33312655086848636,0.30457485012576013,0.06389578163771713,0.07559517702080061,0.0006203473945409429,0.0010604491125254022,0.004962779156327543,0.016311802959709108
T237-1-1-USS-3,1656.0,0.0,0.001440643699588334,ok,0.022342995169082124,0.057211895463015375,0.018115942028985508,0.033377455469836906,0.04106280193236715,0.053966693201458575,0.004830917874396135,0.01760688115778853,0.303743961352657,0.272599190190839,0.5839371980676329,0.49476258574842913,0.025966183574879228,0.06898504975566212,0.0,4.960531338203627e-05,0.0,0.001440643699588334
T226-1-1-USS-2,1226.0,0.004893964110929853,0.01970250644526101,ok,0.0,0.0015781650662300497,0.0016313213703099511,0.007002924530517528,0.867047308319739,0.8177305453659921,0.0,0.003973317330675396,0.06606851549755302,0.07508424390357477,0.05301794453507341,0.06343454383514317,0.00734094616639478,0.011404490210022503,0.0,8.926331258344463e-05,0.004893964110929853,0.01970250644526101
T299-1-1-3,5471.0,0.0,0.0010596675792403155,ok,0.06781210016450374,0.0859780972234828,0.2524218607201609,0.27138430383258644,0.6645951380003655,0.5800311932362081,0.0,0.001549831071800992,0.007859623469201243,0.023464272700730638,0.007311277645768598,0.03315378707295824,0.0,0.00023021609304603251,0.0,0.003148631189946512,0.0,0.0010596675792403155
T193-1-1-USS,2431.0,0.004524886877828055,0.017872297217819588,ok,0.0106951871657754,0.022947662581844178,0.0020567667626491155,0.004309582186305834,0.7009461127108186,0.6525816798520901,0.0,0.000785577161184849,0.025915261209378856,0.03425080047987344,0.25215960510078156,0.2566451002609879,0.003702180172768408,0.0105784401707515,0.0,2.8860089142553197e-05,0.004524886877828055,0.017872297217819588
T257-1-1-USS-2,4132.0,0.0002420135527589545,0.0013727119343327013,ok,0.009922555663117135,0.027810721484021545,0.002420135527589545,0.004847417130079795,0.026621490803484995,0.0359623732415953,0.0012100677637947724,0.0040761268579595595,0.030251694094869313,0.039182443652587495,0.8678606001936109,0.818800609380004,0.06147144240077444,0.06633512296908306,0.0,0.0016124733503364854,0.0002420135527589545,0.0013727119343327013
T306-1-1-3,1478.0,0.004736129905277402,0.018988368996312847,ok,0.0020297699594046007,0.00612517666342519,0.0,0.0004173518331752051,0.557510148849797,0.5388921171269294,0.0,0.005411620227571498,0.006089309878213802,0.012439526780899155,0.42760487144790255,0.414759055576114,0.0020297699594046007,0.0029455183276668622,0.0,2.1264467905979196e-05,0.004736129905277402,0.018988368996312847
T221-1-1-USS,1128.0,0.0,0.0016193781716812234,ok,0.0,0.0003599650793218491,0.0,0.0005186599912773348,0.6170212765957447,0.6121790104060961,0.0,0.000727657884132897,0.01152482269503546,0.015411747939590369,0.37145390070921985,0.3684873135042976,0.0,0.0006305047799131108,0.0,6.576224368954837e-05,0.0,0.0016193781716812234
T290-1-1-3,5903.0,0.004912756225647976,0.017138999986988295,ok,0.00338810774182619,0.007335196037509662,0.000677621548365238,0.001247807528441814,0.6574623073013722,0.629502977283389,0.004404540064374047,0.00901794613934168,0.013891241741487379,0.01800692596482397,0.2979840758936134,0.29589779844508673,0.01727934948331357,0.021802731310573437,0.0,4.9617303845314844e-05,0.004912756225647976,0.017138999986988295
T258-1-1-USS-2,8262.0,0.002178649237472767,0.006086073142518352,ok,0.017429193899782137,0.031126155273533816,0.0205761316872428,0.03355263773993357,0.2701525054466231,0.25547761894866683,0.007504236262406197,0.012493012332002364,0.32958121520213024,0.30567066300152596,0.30137981118373275,0.2962552097288734,0.04841442749939482,0.0544971651344744,0.002783829581215202,0.004841464698471258,0.002178649237472767,0.006086073142518352
T319-1-1-4,633.0,0.15955766192733017,0.18602224819549548,ok,0.0,0.004033360125316569,0.001579778830963665,0.0016615704607154714,0.4518167456556082,0.41788055092715776,0.001579778830963665,0.002676923666401495,0.10900473933649289,0.10220552825969265,0.2638230647709321,0.2650257497033618,0.01263823064770932,0.020450217509232305,0.0,4.385115262649241e-05,0.15955766192733017,0.18602224819549548
T305-1-1-3,537.0,0.0,0.0012814358860267282,ok,0.0,0.0016693345253885135,0.0,0.00017924844236051683,0.6908752327746741,0.6250575413418198,0.0,0.0007397717785587904,0.01675977653631285,0.022126940662633456,0.29236499068901306,0.34791115717209287,0.0,0.0009927854472134383,0.0,4.178474390574879e-05,0.0,0.0012814358860267282
T293-1-1-3,3252.0,0.0018450184501845018,0.011681620481569538,ok,0.0003075030750307503,0.0018668484584175703,0.0,0.0003163849850863147,0.8803813038130381,0.8405611445025937,0.0003075030750307503,0.0033862034795079485,0.0012300123001230013,0.003909176517882031,0.11562115621156212,0.13704048928836549,0.0003075030750307503,0.0011857209019746778,0.0,5.241138460285456e-05,0.0018450184501845018,0.011681620481569538
T228-1-1-USS-2,3531.0,0.0,0.0002883751015208006,ok,0.0002832058906825262,0.004399492665673441,0.018691588785046728,0.02438867645437091,0.43557065986972526,0.4137772838639824,0.0022656471254602095,0.009282990279402928,0.0011328235627301047,0.005544855424710853,0.5420560747663551,0.5371282965784294,0.0,0.0006224656594587977,0.0,0.00456756397245056,0.0,0.0002883751015208006
T232-1-1-USS-2,524.0,0.007633587786259542,0.030694186938156256,ok,0.003816793893129771,0.017627436770373574,0.009541984732824428,0.015179596241416907,0.3816793893129771,0.3542717605114337,0.019083969465648856,0.03338880858079291,0.05534351145038168,0.07105768005395939,0.5152671755725191,0.45565096433405333,0.007633587786259542,0.022069262227216356,0.0,6.0304342597556584e-05,0.007633587786259542,0.030694186938156256
T228-1-1-USS,3501.0,0.0,0.00036223831750286295,ok,0.00028563267637817766,0.002166392401966308,0.003141959440159954,0.006269522523122903,0.5347043701799485,0.51180768871897,0.0,0.003522284350297484,0.0005712653527563553,0.003238409729382968,0.46129677235075695,0.46921930748741913,0.0,0.0002648161330624774,0.0,0.0031493403382759216,0.0,0.00036223831750286295
T232-1-1-USS,536.0,0.0037313432835820895,0.021931831479111655,ok,0.0018656716417910447,0.014188006699566935,0.014925373134328358,0.018488455187848998,0.30783582089552236,0.3037762112046134,0.03731343283582089,0.051607068068458044,0.08768656716417911,0.09516521089915243,0.5298507462686567,0.4663318431075415,0.016791044776119403,0.028376527361725554,0.0,0.00013484599198150426,0.0037313432835820895,0.021931831479111655
T320-1-1-4,1989.0,0.004524886877828055,0.011424828985858499,ok,0.006033182503770739,0.021475693439981656,0.0,0.0012802514630484995,0.14278531925590748,0.1577794896704357,0.0015082956259426848,0.0047098608714081745,0.17496229260935142,0.1770710662538906,0.5811965811965812,0.5317294776332222,0.0889894419306184,0.094439325064706,0.0,9.000661744866378e-05,0.004524886877828055,0.011424828985858499
T234-1-1-USS,6117.0,0.0,0.000662815018283901,ok,0.0008173941474579042,0.002073062979857063,0.0024521824423737125,0.004085440815968194,0.8121628249141736,0.785208444111531,0.0011443518064410659,0.004513062643047855,0.00032695765898316167,0.002596250880441518,0.18293281020107896,0.1984784723649834,0.0,0.00022154544709095575,0.00016347882949158083,0.0021609057387960407,0.0,0.000662815018283901
T297-1-1-4,809.0,0.0173053152039555,0.024512633426678043,ok,0.0,0.0004867202267111378,0.0,0.0002840472261277318,0.6341161928306551,0.6168964998466729,0.004944375772558714,0.008419751927159661,0.0,0.0013466580358518507,0.3411619283065513,0.34543747554906723,0.002472187886279357,0.002565762074210702,0.0,5.045168752065269e-05,0.0173053152039555,0.024512633426678043
T261-1-1-USS,1024.0,0.0,0.0034297310606853817,ok,0.0048828125,0.01650856229995938,0.0029296875,0.006318613603776432,0.185546875,0.2032771944518486,0.0126953125,0.024731515728886305,0.095703125,0.10473926863010675,0.662109375,0.6021505767277187,0.03515625,0.03676353106957772,0.0009765625,0.0020810064274408954,0.0,0.0034297310606853817
T236-1-1-USS,5362.0,0.005221932114882507,0.015136487311873817,ok,0.018276762402088774,0.022484371722382043,0.010257366654233494,0.020252763850874638,0.5255501678478179,0.4889510956750231,0.005408429690414025,0.012025638650976776,0.09399477806788512,0.10252013976075626,0.3330846698992913,0.3260056068926576,0.007832898172323759,0.010380038790108946,0.0003729951510630362,0.002243857345346841,0.005221932114882507,0.015136487311873817
T238-1-1-USS-2,3683.0,0.0010860711376595167,0.00471177497139338,ok,0.033939723051859896,0.03935427180655839,0.0,0.00034791165859930103,0.30328536519142,0.30955916409985895,0.0005430355688297583,0.0022743158747441485,0.005973391257127342,0.012998852603553566,0.6549008960086886,0.6290269058202476,0.00027151778441487917,0.0013635699374263312,0.0,0.0003632332276183334,0.0010860711376595167,0.00471177497139338
T329-1-1-3-2,4293.0,0.0,0.0007250328418138332,ok,0.03517353831819241,0.042580343136629034,0.45772187281621246,0.4497604202712229,0.4968553459119497,0.4616894490094119,0.0,0.0007645789834577361,0.006522245515956208,0.023312810555994053,0.0037269974376892617,0.01960754207917816,0.0,0.00012551710350412856,0.0,0.0014343060187882576,0.0,0.0007250328418138332
T231-1-1-USS-2,3550.0,0.008169014084507042,0.01699364247742475,ok,0.0,0.007274370871681299,0.30056338028169016,0.25765555737093765,0.5816901408450704,0.5787327950456878,0.0005633802816901409,0.010233165811904964,0.007042253521126761,0.014519283341233938,0.09887323943661971,0.10727354804400084,0.0025352112676056337,0.0053164169831159055,0.0005633802816901409,0.0020012200540129362,0.008169014084507042,0.01699364247742475
T294-1-1-3-1,1131.0,0.0017683465959328027,0.008691835227064777,ok,0.0,0.0009473504201793569,0.0,0.00043377984210294653,0.8859416445623343,0.849718293138242,0.004420866489832007,0.014494446077973814,0.0008841732979664014,0.001984582288488236,0.10698496905393456,0.1218330117029518,0.0,0.0018563593546692236,0.0,4.0341948327940974e-05,0.0017683465959328027,0.008691835227064777
T327-1-1-3,87.0,0.0,0.006349330438510335,ok,0.0,0.0015931028280681263,0.0,0.00484478844679934,0.632183908045977,0.5664477723623352,0.0,0.003001523215952429,0.034482758620689655,0.03156957815181435,0.3333333333333333,0.34963006178569284,0.0,0.036552741148090824,0.0,1.110162273655404e-05,0.0,0.006349330438510335
T251-1-1-USS,4951.0,0.0008079175924055746,0.0016884729213233305,ok,0.001211876388608362,0.003266830697324702,0.006261361341143203,0.009759727787485843,0.4302161179559685,0.4282044068458435,0.00020197939810139365,0.001972234384755948,0.006867299535447385,0.008359747512227076,0.5514037568168046,0.542929349182792,0.0030296909715209048,0.0035596626499858246,0.0,0.000259568018261919,0.0008079175924055746,0.0016884729213233305
T216-1-1-USS-2,5647.0,0.0,0.0007876266806069313,ok,0.00017708517797060386,0.0007885179015888903,0.0,0.0020043765002379496,0.6816008500088543,0.6555563021935691,0.004250044271294493,0.013177219604061605,0.0014166814237648309,0.004592190192955412,0.31255533911811584,0.3221959800207134,0.0,0.00041276806977063056,0.0,0.0004850188364961042,0.0,0.0007876266806069313
T243-1-1-USS1,1721.0,0.0005810575246949448,0.0038261687571597455,ok,0.0557815223707147,0.0755510110180305,0.0,0.0010089849039723211,0.1661824520627542,0.16587528907543814,0.0011621150493898896,0.0027926694833251948,0.32655432887855895,0.3182287071735582,0.4491574665891923,0.4266956925538325,0.0005810575246949448,0.005726181322578271,0.0,0.0002952957121051466,0.0005810575246949448,0.0038261687571597455
T203-1-1-USS-2,4775.0,0.000418848167539267,0.003035443215988766,ok,0.000837696335078534,0.00527634419847663,0.0006282722513089005,0.0020190491578081383,0.29340314136125656,0.300535333654826,0.005235602094240838,0.008926582122998687,0.059476439790575916,0.062416709170403505,0.6236649214659686,0.5971578580217028,0.016335078534031412,0.02050420325443301,0.0,0.00012847720336233635,0.000418848167539267,0.003035443215988766
T218-1-1-USS-2,5380.0,0.0009293680297397769,0.002885742291171287,ok,0.01133828996282528,0.018913250021163994,0.0001858736059479554,0.001150004894367305,0.1137546468401487,0.11449112699344861,0.004089219330855019,0.007932820761828621,0.013011152416356878,0.019056482436453633,0.8027881040892193,0.7850657616265688,0.05390334572490706,0.050301096155096744,0.0,0.0002037148199011623,0.0009293680297397769,0.002885742291171287
T246-1-1-USS,3125.0,0.00064,0.0020593228696761004,ok,0.03168,0.03319743225676897,0.016,0.01759687110550462,0.4176,0.40483023460992357,0.01536,0.025243267519694412,0.00288,0.006809303387728617,0.51552,0.5055173887848398,0.0,0.001082479375040345,0.00032,0.0036637000908236123,0.00064,0.0020593228696761004
T309-1-1-3-2,4077.0,0.0,0.0014878637806417876,ok,0.11086583272013735,0.15737450015400697,0.0,0.00011452566759950539,0.13048810399803779,0.14415440358052128,0.0,0.0007540305234771215,0.008584743684081433,0.014319297000023079,0.7500613195977435,0.6807794009946919,0.0,0.0005265283214605861,0.0,0.0004894499775777416,0.0,0.0014878637806417876
T182-1-1-USS-2,1364.0,0.001466275659824047,0.014922721457755672,ok,0.006598240469208211,0.009330923782094398,0.0021994134897360706,0.003100789224798319,0.7140762463343109,0.6893822300941084,0.0007331378299120235,0.005166910981345914,0.008064516129032258,0.013962267627546673,0.26392961876832843,0.2595577076906715,0.002932551319648094,0.004406540494819539,0.0,0.00016990864685958716,0.001466275659824047,0.014922721457755672
T254-1-1-USS-2,3665.0,0.0043656207366985,0.01909320387950429,ok,0.0,0.003480717626066248,0.0,0.001544250699088139,0.7492496589358799,0.6995597566654431,0.0019099590723055935,0.008255454840137361,0.006275579809004093,0.012703341322368434,0.23819918144611188,0.2519805345193924,0.0,0.0032132941899285384,0.0,0.00016944625807146298,0.0043656207366985,0.01909320387950429
T332-1-14,1367.0,0.0,0.0024898984360928124,ok,0.000731528895391368,0.001493354702019163,0.0043891733723482075,0.008442251499286988,0.8756400877834675,0.847122848527424,0.0,0.0012325423108531738,0.010241404535479151,0.01463145866146537,0.10899780541331383,0.12271871764712683,0.0,0.001767243644634876,0.0,0.00010168457109669562,0.0,0.0024898984360928124
T303-1-1-4,1439.0,0.0034746351633078527,0.010637684816599626,ok,0.0006949270326615705,0.0029516571947682444,0.0,0.002196655029876604,0.5406532314107019,0.5153799076726067,0.022237665045170257,0.033650262295512386,0.006254343293954135,0.009810202983035752,0.4266851980542043,0.4225208120966022,0.0,0.002568442058140717,0.0,0.0002843758528578416,0.0034746351633078527,0.010637684816599626
T254-1-1-USS-4,3599.0,0.005001389274798555,0.02103481055822522,ok,0.0,0.0020971035943997624,0.0,0.0010765398356967558,0.6876910252848013,0.6419706030310448,0.0013892747985551543,0.009515560606733569,0.009169213670464018,0.013391357356016943,0.29619338705195886,0.3055182831437467,0.0005557099194220616,0.005313920545479919,0.0,8.182132865620085e-05,0.005001389274798555,0.02103481055822522
T306-1-1-4,1395.0,0.005017921146953405,0.022006068736425424,ok,0.004301075268817204,0.012090269954828632,0.0,0.0014192395196516371,0.556989247311828,0.5309991427827183,0.004301075268817204,0.012200986912717699,0.00931899641577061,0.01574083833624217,0.41863799283154124,0.4026428563930955,0.0014336917562724014,0.0028429980666596277,0.0,5.7599297661005e-05,0.005017921146953405,0.022006068736425424
T260-1-1-USS,1867.0,0.002678093197643278,0.009796826005889122,ok,0.0005356186395286556,0.004488757280839364,0.0,0.001177538814471517,0.802356722013926,0.7626506141074483,0.0,0.0016687071497766643,0.004284949116229245,0.008300399548395735,0.18639528655597215,0.20638225867679633,0.003749330476700589,0.005456586767199239,0.0,7.831164918367832e-05,0.002678093197643278,0.009796826005889122
T269-1-1-USS,2780.0,0.00035971223021582735,0.0018827142043685815,ok,0.006115107913669065,0.0175505798074921,0.001079136690647482,0.00486669405860229,0.6845323741007194,0.6392191563801308,0.002517985611510791,0.012145737428814482,0.03705035971223022,0.051863601301468644,0.26834532374100717,0.2692589459171403,0.0,0.001797285272462885,0.0,0.0014152856295199185,0.00035971223021582735,0.0018827142043685815
T170-1-1-USS-2,3845.0,0.0007802340702210664,0.010505200907480205,ok,0.002860858257477243,0.0062072594760069245,0.0002600780234070221,0.0035876252652116995,0.5849154746423927,0.553405320476734,0.01482444733420026,0.026349817279343102,0.026267880364109233,0.03661960735679549,0.0894668400520156,0.10307068470174609,0.2806241872561768,0.26017633621503544,0.0,7.814832164713808e-05,0.0007802340702210664,0.010505200907480205
T318-3,2273.0,0.0013198416190057193,0.004720595907718238,ok,0.0004399472063352398,0.004119923029047131,0.0013198416190057193,0.00165367649768596,0.5626924769027717,0.5458376995492494,0.0017597888253409592,0.004593451963949076,0.02067751869775627,0.023420250650910357,0.3475582930048394,0.3503118263042018,0.06423229212494501,0.06522505735535343,0.0,0.00011751874188456597,0.0013198416190057193,0.004720595907718238
